0 0.1 0 0.5
0.01 0.0999999 -8.33333e-05 0.5
0.02 0.0999997 -0.000166666 0.5
0.03 0.0999993 -0.000249999 0.5
0.04 0.0999987 -0.000333332 0.5
0.05 0.0999979 -0.000416664 0.5
0.06 0.099997 -0.000499995 0.5
0.07 0.0999959 -0.000583326 0.500001
0.08 0.0999947 -0.000666655 0.500001
0.09 0.0999933 -0.000749984 0.500001
0.1 0.0999917 -0.000833311 0.500001
0.11 0.0999899 -0.000916637 0.500001
0.12 0.099988 -0.000999961 0.500001
0.13 0.0999859 -0.00108328 0.500002
0.14 0.0999837 -0.0011666 0.500002
0.15 0.0999813 -0.00124992 0.500002
0.16 0.0999787 -0.00133324 0.500003
0.17 0.0999759 -0.00141656 0.500003
0.18 0.099973 -0.00149987 0.500003
0.19 0.0999699 -0.00158318 0.500004
0.2 0.0999667 -0.00166649 0.500004
0.21 0.0999633 -0.00174979 0.500005
0.22 0.0999597 -0.00183309 0.500005
0.23 0.0999559 -0.00191639 0.500006
0.24 0.099952 -0.00199969 0.500006
0.25 0.0999479 -0.00208298 0.500007
0.26 0.0999437 -0.00216627 0.500007
0.27 0.0999393 -0.00224956 0.500008
0.28 0.0999347 -0.00233284 0.500008
0.29 0.0999299 -0.00241612 0.500009
0.3 0.099925 -0.00249939 0.500009
0.31 0.0999199 -0.00258266 0.50001
0.32 0.0999147 -0.00266593 0.500011
0.33 0.0999093 -0.00274919 0.500011
0.34 0.0999037 -0.00283245 0.500012
0.35 0.0998979 -0.0029157 0.500013
0.36 0.099892 -0.00299895 0.500013
0.37 0.0998859 -0.00308219 0.500014
0.38 0.0998797 -0.00316543 0.500015
0.39 0.0998733 -0.00324866 0.500016
0.4 0.0998667 -0.00333189 0.500017
0.41 0.0998599 -0.00341511 0.500017
0.42 0.099853 -0.00349833 0.500018
0.43 0.099846 -0.00358154 0.500019
0.44 0.0998387 -0.00366474 0.50002
0.45 0.0998313 -0.00374794 0.500021
0.46 0.0998237 -0.00383114 0.500022
0.47 0.099816 -0.00391432 0.500023
0.48 0.0998081 -0.0039975 0.500024
0.49 0.0998 -0.00408068 0.500025
0.5 0.0997917 -0.00416385 0.500026
0.51 0.0997833 -0.00424701 0.500027
0.52 0.0997747 -0.00433016 0.500028
0.53 0.099766 -0.00441331 0.500029
0.54 0.0997571 -0.00449645 0.50003
0.55 0.099748 -0.00457958 0.500031
0.56 0.0997388 -0.0046627 0.500033
0.57 0.0997294 -0.00474582 0.500034
0.58 0.0997198 -0.00482893 0.500035
0.59 0.09971 -0.00491203 0.500036
0.6 0.0997001 -0.00499513 0.500037
0.61 0.0996901 -0.00507821 0.500039
0.62 0.0996798 -0.00516129 0.50004
0.63 0.0996694 -0.00524436 0.500041
0.64 0.0996588 -0.00532742 0.500043
0.65 0.0996481 -0.00541047 0.500044
0.66 0.0996372 -0.00549351 0.500045
0.67 0.0996261 -0.00557655 0.500047
0.68 0.0996149 -0.00565957 0.500048
0.69 0.0996035 -0.00574259 0.500049
0.7 0.0995919 -0.00582559 0.500051
0.71 0.0995802 -0.00590859 0.500052
0.72 0.0995683 -0.00599158 0.500054
0.73 0.0995562 -0.00607456 0.500055
0.74 0.099544 -0.00615752 0.500057
0.75 0.0995316 -0.00624048 0.500058
0.76 0.099519 -0.00632343 0.50006
0.77 0.0995063 -0.00640637 0.500062
0.78 0.0994934 -0.00648929 0.500063
0.79 0.0994803 -0.00657221 0.500065
0.8 0.0994671 -0.00665512 0.500066
0.81 0.0994537 -0.00673801 0.500068
0.82 0.0994401 -0.00682089 0.50007
0.83 0.0994264 -0.00690377 0.500071
0.84 0.0994125 -0.00698663 0.500073
0.85 0.0993985 -0.00706948 0.500075
0.86 0.0993842 -0.00715232 0.500077
0.87 0.0993698 -0.00723514 0.500079
0.88 0.0993553 -0.00731796 0.50008
0.89 0.0993406 -0.00740076 0.500082
0.9 0.0993257 -0.00748355 0.500084
0.91 0.0993106 -0.00756633 0.500086
0.92 0.0992954 -0.0076491 0.500088
0.93 0.09928 -0.00773185 0.50009
0.94 0.0992645 -0.0078146 0.500092
0.95 0.0992488 -0.00789733 0.500094
0.96 0.0992329 -0.00798004 0.500096
0.97 0.0992168 -0.00806275 0.500098
0.98 0.0992006 -0.00814544 0.5001
0.99 0.0991843 -0.00822811 0.500102
1 0.0991677 -0.00831078 0.500104
1.01 0.099151 -0.00839343 0.500106
1.02 0.0991341 -0.00847606 0.500108
1.03 0.0991171 -0.00855869 0.50011
1.04 0.0990999 -0.00864129 0.500112
1.05 0.0990825 -0.00872389 0.500114
1.06 0.099065 -0.00880647 0.500116
1.07 0.0990473 -0.00888904 0.500119
1.08 0.0990294 -0.00897159 0.500121
1.09 0.0990114 -0.00905412 0.500123
1.1 0.0989932 -0.00913665 0.500125
1.11 0.0989748 -0.00921915 0.500127
1.12 0.0989563 -0.00930165 0.50013
1.13 0.0989376 -0.00938412 0.500132
1.14 0.0989188 -0.00946659 0.500134
1.15 0.0988997 -0.00954903 0.500137
1.16 0.0988806 -0.00963146 0.500139
1.17 0.0988612 -0.00971388 0.500142
1.18 0.0988417 -0.00979628 0.500144
1.19 0.098822 -0.00987866 0.500146
1.2 0.0988022 -0.00996103 0.500149
1.21 0.0987821 -0.0100434 0.500151
1.22 0.098762 -0.0101257 0.500154
1.23 0.0987416 -0.010208 0.500156
1.24 0.0987211 -0.0102903 0.500159
1.25 0.0987005 -0.0103726 0.500161
1.26 0.0986796 -0.0104549 0.500164
1.27 0.0986586 -0.0105371 0.500167
1.28 0.0986375 -0.0106194 0.500169
1.29 0.0986161 -0.0107016 0.500172
1.3 0.0985946 -0.0107838 0.500174
1.31 0.098573 -0.010866 0.500177
1.32 0.0985512 -0.0109481 0.50018
1.33 0.0985292 -0.0110303 0.500182
1.34 0.098507 -0.0111124 0.500185
1.35 0.0984847 -0.0111945 0.500188
1.36 0.0984622 -0.0112766 0.500191
1.37 0.0984396 -0.0113587 0.500193
1.38 0.0984168 -0.0114407 0.500196
1.39 0.0983938 -0.0115228 0.500199
1.4 0.0983707 -0.0116048 0.500202
1.41 0.0983474 -0.0116868 0.500205
1.42 0.0983239 -0.0117688 0.500208
1.43 0.0983003 -0.0118507 0.500211
1.44 0.0982765 -0.0119327 0.500214
1.45 0.0982525 -0.0120146 0.500216
1.46 0.0982284 -0.0120965 0.500219
1.47 0.0982041 -0.0121784 0.500222
1.48 0.0981797 -0.0122603 0.500225
1.49 0.0981551 -0.0123421 0.500228
1.5 0.0981303 -0.0124239 0.500231
1.51 0.0981053 -0.0125057 0.500235
1.52 0.0980802 -0.0125875 0.500238
1.53 0.098055 -0.0126693 0.500241
1.54 0.0980295 -0.012751 0.500244
1.55 0.0980039 -0.0128327 0.500247
1.56 0.0979782 -0.0129144 0.50025
1.57 0.0979522 -0.0129961 0.500253
1.58 0.0979262 -0.0130778 0.500256
1.59 0.0978999 -0.0131594 0.50026
1.6 0.0978735 -0.013241 0.500263
1.61 0.0978469 -0.0133226 0.500266
1.62 0.0978202 -0.0134042 0.500269
1.63 0.0977933 -0.0134857 0.500273
1.64 0.0977662 -0.0135673 0.500276
1.65 0.097739 -0.0136488 0.500279
1.66 0.0977116 -0.0137303 0.500283
1.67 0.097684 -0.0138117 0.500286
1.68 0.0976563 -0.0138932 0.500289
1.69 0.0976284 -0.0139746 0.500293
1.7 0.0976004 -0.014056 0.500296
1.71 0.0975722 -0.0141373 0.5003
1.72 0.0975438 -0.0142187 0.500303
1.73 0.0975152 -0.0143 0.500307
1.74 0.0974865 -0.0143813 0.50031
1.75 0.0974577 -0.0144626 0.500314
1.76 0.0974287 -0.0145438 0.500317
1.77 0.0973995 -0.0146251 0.500321
1.78 0.0973701 -0.0147063 0.500324
1.79 0.0973406 -0.0147875 0.500328
1.8 0.0973109 -0.0148686 0.500332
1.81 0.0972811 -0.0149497 0.500335
1.82 0.0972511 -0.0150309 0.500339
1.83 0.0972209 -0.0151119 0.500342
1.84 0.0971906 -0.015193 0.500346
1.85 0.0971601 -0.015274 0.50035
1.86 0.0971295 -0.015355 0.500354
1.87 0.0970987 -0.015436 0.500357
1.88 0.0970677 -0.015517 0.500361
1.89 0.0970365 -0.0155979 0.500365
1.9 0.0970052 -0.0156788 0.500369
1.91 0.0969738 -0.0157597 0.500372
1.92 0.0969422 -0.0158406 0.500376
1.93 0.0969104 -0.0159214 0.50038
1.94 0.0968784 -0.0160022 0.500384
1.95 0.0968463 -0.016083 0.500388
1.96 0.096814 -0.0161638 0.500392
1.97 0.0967816 -0.0162445 0.500396
1.98 0.096749 -0.0163252 0.5004
1.99 0.0967163 -0.0164059 0.500404
2 0.0966833 -0.0164865 0.500408
2.01 0.0966503 -0.0165671 0.500412
2.02 0.096617 -0.0166477 0.500416
2.03 0.0965836 -0.0167283 0.50042
2.04 0.09655 -0.0168088 0.500424
2.05 0.0965163 -0.0168894 0.500428
2.06 0.0964824 -0.0169698 0.500432
2.07 0.0964484 -0.0170503 0.500436
2.08 0.0964142 -0.0171307 0.50044
2.09 0.0963798 -0.0172111 0.500444
2.1 0.0963453 -0.0172915 0.500448
2.11 0.0963106 -0.0173718 0.500452
2.12 0.0962757 -0.0174522 0.500457
2.13 0.0962407 -0.0175325 0.500461
2.14 0.0962055 -0.0176127 0.500465
2.15 0.0961702 -0.0176929 0.500469
2.16 0.0961347 -0.0177731 0.500474
2.17 0.096099 -0.0178533 0.500478
2.18 0.0960632 -0.0179335 0.500482
2.19 0.0960272 -0.0180136 0.500486
2.2 0.0959911 -0.0180937 0.500491
2.21 0.0959548 -0.0181737 0.500495
2.22 0.0959183 -0.0182537 0.5005
2.23 0.0958817 -0.0183337 0.500504
2.24 0.0958449 -0.0184137 0.500508
2.25 0.095808 -0.0184936 0.500513
2.26 0.0957708 -0.0185736 0.500517
2.27 0.0957336 -0.0186534 0.500522
2.28 0.0956962 -0.0187333 0.500526
2.29 0.0956586 -0.0188131 0.500531
2.3 0.0956208 -0.0188929 0.500535
2.31 0.0955829 -0.0189726 0.50054
2.32 0.0955449 -0.0190524 0.500544
2.33 0.0955066 -0.019132 0.500549
2.34 0.0954682 -0.0192117 0.500553
2.35 0.0954297 -0.0192913 0.500558
2.36 0.095391 -0.0193709 0.500563
2.37 0.0953521 -0.0194505 0.500567
2.38 0.0953131 -0.01953 0.500572
2.39 0.0952739 -0.0196095 0.500576
2.4 0.0952346 -0.019689 0.500581
2.41 0.0951951 -0.0197684 0.500586
2.42 0.0951554 -0.0198479 0.500591
2.43 0.0951156 -0.0199272 0.500595
2.44 0.0950756 -0.0200066 0.5006
2.45 0.0950355 -0.0200859 0.500605
2.46 0.0949952 -0.0201652 0.50061
2.47 0.0949547 -0.0202444 0.500614
2.48 0.0949141 -0.0203236 0.500619
2.49 0.0948733 -0.0204028 0.500624
2.5 0.0948324 -0.0204819 0.500629
2.51 0.0947913 -0.020561 0.500634
2.52 0.09475 -0.0206401 0.500639
2.53 0.0947086 -0.0207191 0.500644
2.54 0.094667 -0.0207982 0.500648
2.55 0.0946253 -0.0208771 0.500653
2.56 0.0945834 -0.0209561 0.500658
2.57 0.0945414 -0.021035 0.500663
2.58 0.0944992 -0.0211139 0.500668
2.59 0.0944568 -0.0211927 0.500673
2.6 0.0944143 -0.0212715 0.500678
2.61 0.0943716 -0.0213503 0.500683
2.62 0.0943288 -0.021429 0.500688
2.63 0.0942858 -0.0215077 0.500693
2.64 0.0942426 -0.0215864 0.500698
2.65 0.0941993 -0.021665 0.500704
2.66 0.0941558 -0.0217436 0.500709
2.67 0.0941122 -0.0218221 0.500714
2.68 0.0940684 -0.0219007 0.500719
2.69 0.0940245 -0.0219791 0.500724
2.7 0.0939804 -0.0220576 0.500729
2.71 0.0939361 -0.022136 0.500734
2.72 0.0938917 -0.0222144 0.50074
2.73 0.0938471 -0.0222927 0.500745
2.74 0.0938024 -0.022371 0.50075
2.75 0.0937575 -0.0224493 0.500755
2.76 0.0937125 -0.0225275 0.500761
2.77 0.0936673 -0.0226057 0.500766
2.78 0.0936219 -0.0226839 0.500771
2.79 0.0935764 -0.022762 0.500777
2.8 0.0935307 -0.0228401 0.500782
2.81 0.0934849 -0.0229181 0.500787
2.82 0.0934389 -0.0229961 0.500793
2.83 0.0933928 -0.0230741 0.500798
2.84 0.0933465 -0.023152 0.500803
2.85 0.0933 -0.0232299 0.500809
2.86 0.0932534 -0.0233078 0.500814
2.87 0.0932066 -0.0233856 0.50082
2.88 0.0931597 -0.0234634 0.500825
2.89 0.0931126 -0.0235411 0.500831
2.9 0.0930654 -0.0236188 0.500836
2.91 0.093018 -0.0236965 0.500842
2.92 0.0929704 -0.0237741 0.500847
2.93 0.0929227 -0.0238517 0.500853
2.94 0.0928749 -0.0239293 0.500858
2.95 0.0928268 -0.0240068 0.500864
2.96 0.0927787 -0.0240842 0.500869
2.97 0.0927303 -0.0241617 0.500875
2.98 0.0926818 -0.024239 0.500881
2.99 0.0926332 -0.0243164 0.500886
3 0.0925844 -0.0243937 0.500892
3.01 0.0925355 -0.024471 0.500897
3.02 0.0924863 -0.0245482 0.500903
3.03 0.0924371 -0.0246254 0.500909
3.04 0.0923877 -0.0247026 0.500914
3.05 0.0923381 -0.0247797 0.50092
3.06 0.0922884 -0.0248567 0.500926
3.07 0.0922385 -0.0249338 0.500932
3.08 0.0921884 -0.0250108 0.500937
3.09 0.0921383 -0.0250877 0.500943
3.1 0.0920879 -0.0251646 0.500949
3.11 0.0920374 -0.0252415 0.500955
3.12 0.0919867 -0.0253183 0.500961
3.13 0.0919359 -0.0253951 0.500966
3.14 0.091885 -0.0254718 0.500972
3.15 0.0918338 -0.0255485 0.500978
3.16 0.0917826 -0.0256252 0.500984
3.17 0.0917311 -0.0257018 0.50099
3.18 0.0916796 -0.0257784 0.500996
3.19 0.0916278 -0.0258549 0.501002
3.2 0.0915759 -0.0259314 0.501008
3.21 0.0915239 -0.0260078 0.501014
3.22 0.0914717 -0.0260842 0.50102
3.23 0.0914193 -0.0261606 0.501026
3.24 0.0913668 -0.0262369 0.501031
3.25 0.0913142 -0.0263132 0.501037
3.26 0.0912614 -0.0263894 0.501044
3.27 0.0912084 -0.0264656 0.50105
3.28 0.0911553 -0.0265417 0.501056
3.29 0.091102 -0.0266178 0.501062
3.3 0.0910486 -0.0266939 0.501068
3.31 0.090995 -0.0267699 0.501074
3.32 0.0909413 -0.0268459 0.50108
3.33 0.0908874 -0.0269218 0.501086
3.34 0.0908334 -0.0269977 0.501092
3.35 0.0907792 -0.0270735 0.501098
3.36 0.0907248 -0.0271493 0.501104
3.37 0.0906703 -0.0272251 0.501111
3.38 0.0906157 -0.0273008 0.501117
3.39 0.0905609 -0.0273764 0.501123
3.4 0.0905059 -0.0274521 0.501129
3.41 0.0904508 -0.0275276 0.501135
3.42 0.0903956 -0.0276031 0.501142
3.43 0.0903402 -0.0276786 0.501148
3.44 0.0902846 -0.0277541 0.501154
3.45 0.0902289 -0.0278294 0.50116
3.46 0.090173 -0.0279048 0.501167
3.47 0.090117 -0.0279801 0.501173
3.48 0.0900608 -0.0280553 0.501179
3.49 0.0900045 -0.0281305 0.501186
3.5 0.0899481 -0.0282057 0.501192
3.51 0.0898914 -0.0282808 0.501198
3.52 0.0898347 -0.0283559 0.501205
3.53 0.0897777 -0.0284309 0.501211
3.54 0.0897207 -0.0285059 0.501217
3.55 0.0896634 -0.0285808 0.501224
3.56 0.0896061 -0.0286557 0.50123
3.57 0.0895485 -0.0287305 0.501237
3.58 0.0894908 -0.0288053 0.501243
3.59 0.089433 -0.02888 0.50125
3.6 0.089375 -0.0289547 0.501256
3.61 0.0893169 -0.0290294 0.501262
3.62 0.0892586 -0.029104 0.501269
3.63 0.0892002 -0.0291785 0.501275
3.64 0.0891416 -0.029253 0.501282
3.65 0.0890829 -0.0293275 0.501288
3.66 0.089024 -0.0294019 0.501295
3.67 0.088965 -0.0294762 0.501302
3.68 0.0889058 -0.0295505 0.501308
3.69 0.0888465 -0.0296248 0.501315
3.7 0.088787 -0.029699 0.501321
3.71 0.0887274 -0.0297731 0.501328
3.72 0.0886676 -0.0298473 0.501335
3.73 0.0886076 -0.0299213 0.501341
3.74 0.0885476 -0.0299953 0.501348
3.75 0.0884873 -0.0300693 0.501354
3.76 0.088427 -0.0301432 0.501361
3.77 0.0883664 -0.0302171 0.501368
3.78 0.0883058 -0.0302909 0.501374
3.79 0.0882449 -0.0303647 0.501381
3.8 0.088184 -0.0304384 0.501388
3.81 0.0881229 -0.030512 0.501395
3.82 0.0880616 -0.0305857 0.501401
3.83 0.0880002 -0.0306592 0.501408
3.84 0.0879386 -0.0307327 0.501415
3.85 0.0878769 -0.0308062 0.501422
3.86 0.087815 -0.0308796 0.501428
3.87 0.087753 -0.030953 0.501435
3.88 0.0876909 -0.0310263 0.501442
3.89 0.0876286 -0.0310995 0.501449
3.9 0.0875661 -0.0311728 0.501455
3.91 0.0875035 -0.0312459 0.501462
3.92 0.0874408 -0.031319 0.501469
3.93 0.0873779 -0.0313921 0.501476
3.94 0.0873148 -0.0314651 0.501483
3.95 0.0872516 -0.031538 0.50149
3.96 0.0871883 -0.0316109 0.501497
3.97 0.0871248 -0.0316838 0.501504
3.98 0.0870612 -0.0317566 0.50151
3.99 0.0869974 -0.0318293 0.501517
4 0.0869335 -0.031902 0.501524
4.01 0.0868694 -0.0319747 0.501531
4.02 0.0868052 -0.0320472 0.501538
4.03 0.0867408 -0.0321198 0.501545
4.04 0.0866763 -0.0321923 0.501552
4.05 0.0866116 -0.0322647 0.501559
4.06 0.0865468 -0.0323371 0.501566
4.07 0.0864819 -0.0324094 0.501573
4.08 0.0864168 -0.0324816 0.50158
4.09 0.0863516 -0.0325539 0.501587
4.1 0.0862862 -0.032626 0.501594
4.11 0.0862206 -0.0326981 0.501601
4.12 0.086155 -0.0327702 0.501608
4.13 0.0860891 -0.0328422 0.501615
4.14 0.0860232 -0.0329141 0.501622
4.15 0.085957 -0.032986 0.501629
4.16 0.0858908 -0.0330579 0.501637
4.17 0.0858244 -0.0331296 0.501644
4.18 0.0857578 -0.0332014 0.501651
4.19 0.0856911 -0.033273 0.501658
4.2 0.0856243 -0.0333447 0.501665
4.21 0.0855573 -0.0334162 0.501672
4.22 0.0854902 -0.0334877 0.501679
4.23 0.0854229 -0.0335592 0.501686
4.24 0.0853555 -0.0336306 0.501694
4.25 0.0852879 -0.0337019 0.501701
4.26 0.0852202 -0.0337732 0.501708
4.27 0.0851524 -0.0338444 0.501715
4.28 0.0850844 -0.0339156 0.501722
4.29 0.0850163 -0.0339867 0.50173
4.3 0.084948 -0.0340578 0.501737
4.31 0.0848795 -0.0341288 0.501744
4.32 0.084811 -0.0341998 0.501751
4.33 0.0847423 -0.0342707 0.501759
4.34 0.0846734 -0.0343415 0.501766
4.35 0.0846044 -0.0344123 0.501773
4.36 0.0845353 -0.034483 0.50178
4.37 0.084466 -0.0345537 0.501788
4.38 0.0843966 -0.0346243 0.501795
4.39 0.084327 -0.0346948 0.501802
4.4 0.0842573 -0.0347653 0.50181
4.41 0.0841874 -0.0348358 0.501817
4.42 0.0841174 -0.0349062 0.501824
4.43 0.0840473 -0.0349765 0.501832
4.44 0.083977 -0.0350468 0.501839
4.45 0.0839066 -0.035117 0.501846
4.46 0.083836 -0.0351871 0.501854
4.47 0.0837653 -0.0352572 0.501861
4.48 0.0836945 -0.0353272 0.501869
4.49 0.0836235 -0.0353972 0.501876
4.5 0.0835524 -0.0354671 0.501883
4.51 0.0834811 -0.035537 0.501891
4.52 0.0834097 -0.0356068 0.501898
4.53 0.0833381 -0.0356765 0.501906
4.54 0.0832664 -0.0357462 0.501913
4.55 0.0831946 -0.0358159 0.50192
4.56 0.0831226 -0.0358854 0.501928
4.57 0.0830505 -0.0359549 0.501935
4.58 0.0829782 -0.0360244 0.501943
4.59 0.0829058 -0.0360938 0.50195
4.6 0.0828333 -0.0361631 0.501958
4.61 0.0827606 -0.0362324 0.501965
4.62 0.0826878 -0.0363016 0.501973
4.63 0.0826148 -0.0363707 0.50198
4.64 0.0825417 -0.0364398 0.501988
4.65 0.0824685 -0.0365088 0.501995
4.66 0.0823951 -0.0365778 0.502003
4.67 0.0823216 -0.0366467 0.50201
4.68 0.0822479 -0.0367155 0.502018
4.69 0.0821741 -0.0367843 0.502026
4.7 0.0821002 -0.0368531 0.502033
4.71 0.0820261 -0.0369217 0.502041
4.72 0.0819519 -0.0369903 0.502048
4.73 0.0818776 -0.0370589 0.502056
4.74 0.0818031 -0.0371274 0.502063
4.75 0.0817284 -0.0371958 0.502071
4.76 0.0816537 -0.0372641 0.502079
4.77 0.0815788 -0.0373324 0.502086
4.78 0.0815037 -0.0374007 0.502094
4.79 0.0814285 -0.0374688 0.502101
4.8 0.0813532 -0.0375369 0.502109
4.81 0.0812778 -0.037605 0.502117
4.82 0.0812022 -0.037673 0.502124
4.83 0.0811264 -0.0377409 0.502132
4.84 0.0810506 -0.0378088 0.50214
4.85 0.0809745 -0.0378766 0.502147
4.86 0.0808984 -0.0379443 0.502155
4.87 0.0808221 -0.038012 0.502163
4.88 0.0807457 -0.0380796 0.50217
4.89 0.0806691 -0.0381471 0.502178
4.9 0.0805924 -0.0382146 0.502186
4.91 0.0805156 -0.0382821 0.502193
4.92 0.0804386 -0.0383494 0.502201
4.93 0.0803615 -0.0384167 0.502209
4.94 0.0802843 -0.0384839 0.502217
4.95 0.0802069 -0.0385511 0.502224
4.96 0.0801294 -0.0386182 0.502232
4.97 0.0800518 -0.0386853 0.50224
4.98 0.079974 -0.0387522 0.502248
4.99 0.079896 -0.0388191 0.502255
5 0.079818 -0.038886 0.502263
5.01 0.0797398 -0.0389528 0.502271
5.02 0.0796615 -0.0390195 0.502279
5.03 0.079583 -0.0390861 0.502286
5.04 0.0795044 -0.0391527 0.502294
5.05 0.0794257 -0.0392193 0.502302
5.06 0.0793468 -0.0392857 0.50231
5.07 0.0792678 -0.0393521 0.502318
5.08 0.0791887 -0.0394184 0.502325
5.09 0.0791094 -0.0394847 0.502333
5.1 0.07903 -0.0395509 0.502341
5.11 0.0789505 -0.039617 0.502349
5.12 0.0788708 -0.0396831 0.502357
5.13 0.078791 -0.0397491 0.502364
5.14 0.078711 -0.0398151 0.502372
5.15 0.078631 -0.0398809 0.50238
5.16 0.0785508 -0.0399467 0.502388
5.17 0.0784704 -0.0400125 0.502396
5.18 0.0783899 -0.0400781 0.502404
5.19 0.0783093 -0.0401437 0.502411
5.2 0.0782286 -0.0402093 0.502419
5.21 0.0781477 -0.0402748 0.502427
5.22 0.0780667 -0.0403402 0.502435
5.23 0.0779856 -0.0404055 0.502443
5.24 0.0779043 -0.0404708 0.502451
5.25 0.0778229 -0.040536 0.502459
5.26 0.0777414 -0.0406011 0.502467
5.27 0.0776597 -0.0406662 0.502474
5.28 0.0775779 -0.0407312 0.502482
5.29 0.077496 -0.0407961 0.50249
5.3 0.0774139 -0.040861 0.502498
5.31 0.0773317 -0.0409258 0.502506
5.32 0.0772494 -0.0409905 0.502514
5.33 0.0771669 -0.0410552 0.502522
5.34 0.0770843 -0.0411198 0.50253
5.35 0.0770016 -0.0411843 0.502538
5.36 0.0769187 -0.0412488 0.502546
5.37 0.0768358 -0.0413132 0.502554
5.38 0.0767526 -0.0413775 0.502562
5.39 0.0766694 -0.0414417 0.50257
5.4 0.076586 -0.0415059 0.502577
5.41 0.0765025 -0.04157 0.502585
5.42 0.0764189 -0.0416341 0.502593
5.43 0.0763351 -0.0416981 0.502601
5.44 0.0762512 -0.041762 0.502609
5.45 0.0761672 -0.0418258 0.502617
5.46 0.076083 -0.0418896 0.502625
5.47 0.0759988 -0.0419533 0.502633
5.48 0.0759144 -0.0420169 0.502641
5.49 0.0758298 -0.0420805 0.502649
5.5 0.0757451 -0.042144 0.502657
5.51 0.0756603 -0.0422074 0.502665
5.52 0.0755754 -0.0422707 0.502673
5.53 0.0754904 -0.042334 0.502681
5.54 0.0754052 -0.0423972 0.502689
5.55 0.0753199 -0.0424604 0.502697
5.56 0.0752344 -0.0425234 0.502705
5.57 0.0751488 -0.0425864 0.502713
5.58 0.0750631 -0.0426494 0.502721
5.59 0.0749773 -0.0427122 0.502729
5.6 0.0748914 -0.042775 0.502737
5.61 0.0748053 -0.0428377 0.502745
5.62 0.0747191 -0.0429004 0.502753
5.63 0.0746327 -0.0429629 0.502761
5.64 0.0745463 -0.0430255 0.502769
5.65 0.0744597 -0.0430879 0.502777
5.66 0.074373 -0.0431502 0.502785
5.67 0.0742861 -0.0432125 0.502793
5.68 0.0741991 -0.0432747 0.502801
5.69 0.074112 -0.0433369 0.502809
5.7 0.0740248 -0.043399 0.502817
5.71 0.0739375 -0.043461 0.502825
5.72 0.07385 -0.0435229 0.502833
5.73 0.0737624 -0.0435847 0.502841
5.74 0.0736747 -0.0436465 0.502849
5.75 0.0735868 -0.0437082 0.502857
5.76 0.0734988 -0.0437699 0.502865
5.77 0.0734107 -0.0438314 0.502874
5.78 0.0733225 -0.0438929 0.502882
5.79 0.0732341 -0.0439543 0.50289
5.8 0.0731457 -0.0440157 0.502898
5.81 0.0730571 -0.0440769 0.502906
5.82 0.0729683 -0.0441381 0.502914
5.83 0.0728795 -0.0441993 0.502922
5.84 0.0727905 -0.0442603 0.50293
5.85 0.0727014 -0.0443213 0.502938
5.86 0.0726122 -0.0443822 0.502946
5.87 0.0725228 -0.044443 0.502954
5.88 0.0724334 -0.0445038 0.502962
5.89 0.0723438 -0.0445645 0.50297
5.9 0.072254 -0.0446251 0.502978
5.91 0.0721642 -0.0446856 0.502986
5.92 0.0720742 -0.0447461 0.502994
5.93 0.0719841 -0.0448065 0.503002
5.94 0.0718939 -0.0448668 0.50301
5.95 0.0718036 -0.044927 0.503019
5.96 0.0717131 -0.0449872 0.503027
5.97 0.0716226 -0.0450472 0.503035
5.98 0.0715318 -0.0451073 0.503043
5.99 0.071441 -0.0451672 0.503051
6 0.0713501 -0.045227 0.503059
6.01 0.071259 -0.0452868 0.503067
6.02 0.0711678 -0.0453465 0.503075
6.03 0.0710765 -0.0454062 0.503083
6.04 0.0709851 -0.0454657 0.503091
6.05 0.0708935 -0.0455252 0.503099
6.06 0.0708018 -0.0455846 0.503107
6.07 0.07071 -0.045644 0.503115
6.08 0.0706181 -0.0457032 0.503123
6.09 0.0705261 -0.0457624 0.503131
6.1 0.0704339 -0.0458215 0.50314
6.11 0.0703417 -0.0458805 0.503148
6.12 0.0702493 -0.0459395 0.503156
6.13 0.0701567 -0.0459983 0.503164
6.14 0.0700641 -0.0460571 0.503172
6.15 0.0699713 -0.0461158 0.50318
6.16 0.0698785 -0.0461745 0.503188
6.17 0.0697855 -0.0462331 0.503196
6.18 0.0696923 -0.0462915 0.503204
6.19 0.0695991 -0.04635 0.503212
6.2 0.0695058 -0.0464083 0.50322
6.21 0.0694123 -0.0464665 0.503228
6.22 0.0693187 -0.0465247 0.503236
6.23 0.069225 -0.0465828 0.503244
6.24 0.0691312 -0.0466408 0.503252
6.25 0.0690372 -0.0466988 0.503261
6.26 0.0689431 -0.0467567 0.503269
6.27 0.068849 -0.0468144 0.503277
6.28 0.0687547 -0.0468722 0.503285
6.29 0.0686602 -0.0469298 0.503293
6.3 0.0685657 -0.0469873 0.503301
6.31 0.068471 -0.0470448 0.503309
6.32 0.0683763 -0.0471022 0.503317
6.33 0.0682814 -0.0471595 0.503325
6.34 0.0681864 -0.0472168 0.503333
6.35 0.0680913 -0.0472739 0.503341
6.36 0.067996 -0.047331 0.503349
6.37 0.0679007 -0.047388 0.503357
6.38 0.0678052 -0.0474449 0.503365
6.39 0.0677096 -0.0475018 0.503373
6.4 0.0676139 -0.0475586 0.503381
6.41 0.0675181 -0.0476152 0.503389
6.42 0.0674222 -0.0476719 0.503397
6.43 0.0673261 -0.0477284 0.503405
6.44 0.0672299 -0.0477848 0.503413
6.45 0.0671337 -0.0478412 0.503421
6.46 0.0670373 -0.0478975 0.503429
6.47 0.0669408 -0.0479537 0.503438
6.48 0.0668441 -0.0480098 0.503446
6.49 0.0667474 -0.0480659 0.503454
6.5 0.0666505 -0.0481218 0.503462
6.51 0.0665536 -0.0481777 0.50347
6.52 0.0664565 -0.0482335 0.503478
6.53 0.0663593 -0.0482892 0.503486
6.54 0.066262 -0.0483449 0.503494
6.55 0.0661646 -0.0484005 0.503502
6.56 0.066067 -0.0484559 0.50351
6.57 0.0659694 -0.0485113 0.503518
6.58 0.0658716 -0.0485667 0.503526
6.59 0.0657738 -0.0486219 0.503534
6.6 0.0656758 -0.0486771 0.503542
6.61 0.0655777 -0.0487321 0.50355
6.62 0.0654795 -0.0487871 0.503558
6.63 0.0653811 -0.048842 0.503566
6.64 0.0652827 -0.0488969 0.503574
6.65 0.0651841 -0.0489516 0.503582
6.66 0.0650855 -0.0490063 0.50359
6.67 0.0649867 -0.0490609 0.503598
6.68 0.0648878 -0.0491154 0.503605
6.69 0.0647888 -0.0491698 0.503613
6.7 0.0646897 -0.0492241 0.503621
6.71 0.0645905 -0.0492784 0.503629
6.72 0.0644912 -0.0493326 0.503637
6.73 0.0643917 -0.0493867 0.503645
6.74 0.0642922 -0.0494407 0.503653
6.75 0.0641925 -0.0494946 0.503661
6.76 0.0640928 -0.0495485 0.503669
6.77 0.0639929 -0.0496022 0.503677
6.78 0.0638929 -0.0496559 0.503685
6.79 0.0637928 -0.0497095 0.503693
6.8 0.0636926 -0.049763 0.503701
6.81 0.0635923 -0.0498164 0.503709
6.82 0.0634918 -0.0498698 0.503717
6.83 0.0633913 -0.049923 0.503725
6.84 0.0632907 -0.0499762 0.503733
6.85 0.0631899 -0.0500293 0.50374
6.86 0.0630891 -0.0500823 0.503748
6.87 0.0629881 -0.0501352 0.503756
6.88 0.062887 -0.0501881 0.503764
6.89 0.0627858 -0.0502408 0.503772
6.9 0.0626845 -0.0502935 0.50378
6.91 0.0625831 -0.0503461 0.503788
6.92 0.0624816 -0.0503986 0.503796
6.93 0.06238 -0.050451 0.503803
6.94 0.0622783 -0.0505034 0.503811
6.95 0.0621764 -0.0505556 0.503819
6.96 0.0620745 -0.0506078 0.503827
6.97 0.0619725 -0.0506599 0.503835
6.98 0.0618703 -0.0507119 0.503843
6.99 0.0617681 -0.0507638 0.503851
7 0.0616657 -0.0508156 0.503858
7.01 0.0615632 -0.0508673 0.503866
7.02 0.0614607 -0.050919 0.503874
7.03 0.061358 -0.0509706 0.503882
7.04 0.0612552 -0.0510221 0.50389
7.05 0.0611523 -0.0510735 0.503898
7.06 0.0610493 -0.0511248 0.503905
7.07 0.0609462 -0.051176 0.503913
7.08 0.060843 -0.0512271 0.503921
7.09 0.0607397 -0.0512782 0.503929
7.1 0.0606363 -0.0513292 0.503937
7.11 0.0605328 -0.0513801 0.503944
7.12 0.0604291 -0.0514309 0.503952
7.13 0.0603254 -0.0514816 0.50396
7.14 0.0602216 -0.0515322 0.503968
7.15 0.0601176 -0.0515827 0.503975
7.16 0.0600136 -0.0516332 0.503983
7.17 0.0599095 -0.0516836 0.503991
7.18 0.0598052 -0.0517338 0.503999
7.19 0.0597009 -0.051784 0.504006
7.2 0.0595964 -0.0518341 0.504014
7.21 0.0594919 -0.0518842 0.504022
7.22 0.0593872 -0.0519341 0.504029
7.23 0.0592825 -0.0519839 0.504037
7.24 0.0591776 -0.0520337 0.504045
7.25 0.0590726 -0.0520834 0.504053
7.26 0.0589676 -0.0521329 0.50406
7.27 0.0588624 -0.0521824 0.504068
7.28 0.0587572 -0.0522318 0.504076
7.29 0.0586518 -0.0522812 0.504083
7.3 0.0585463 -0.0523304 0.504091
7.31 0.0584408 -0.0523795 0.504099
7.32 0.0583351 -0.0524286 0.504106
7.33 0.0582293 -0.0524776 0.504114
7.34 0.0581234 -0.0525264 0.504122
7.35 0.0580175 -0.0525752 0.504129
7.36 0.0579114 -0.0526239 0.504137
7.37 0.0578052 -0.0526726 0.504144
7.38 0.057699 -0.0527211 0.504152
7.39 0.0575926 -0.0527695 0.50416
7.4 0.0574861 -0.0528179 0.504167
7.41 0.0573796 -0.0528661 0.504175
7.42 0.0572729 -0.0529143 0.504182
7.43 0.0571661 -0.0529624 0.50419
7.44 0.0570593 -0.0530104 0.504198
7.45 0.0569523 -0.0530583 0.504205
7.46 0.0568453 -0.0531061 0.504213
7.47 0.0567381 -0.0531538 0.50422
7.48 0.0566309 -0.0532014 0.504228
7.49 0.0565235 -0.053249 0.504235
7.5 0.0564161 -0.0532965 0.504243
7.51 0.0563085 -0.0533438 0.50425
7.52 0.0562009 -0.0533911 0.504258
7.53 0.0560931 -0.0534383 0.504265
7.54 0.0559853 -0.0534854 0.504273
7.55 0.0558774 -0.0535324 0.50428
7.56 0.0557693 -0.0535793 0.504288
7.57 0.0556612 -0.0536261 0.504295
7.58 0.055553 -0.0536729 0.504303
7.59 0.0554447 -0.0537195 0.50431
7.6 0.0553363 -0.0537661 0.504318
7.61 0.0552277 -0.0538125 0.504325
7.62 0.0551191 -0.0538589 0.504332
7.63 0.0550104 -0.0539052 0.50434
7.64 0.0549016 -0.0539514 0.504347
7.65 0.0547928 -0.0539975 0.504355
7.66 0.0546838 -0.0540435 0.504362
7.67 0.0545747 -0.0540894 0.504369
7.68 0.0544655 -0.0541353 0.504377
7.69 0.0543563 -0.054181 0.504384
7.7 0.0542469 -0.0542267 0.504392
7.71 0.0541375 -0.0542722 0.504399
7.72 0.0540279 -0.0543177 0.504406
7.73 0.0539183 -0.0543631 0.504414
7.74 0.0538085 -0.0544083 0.504421
7.75 0.0536987 -0.0544535 0.504428
7.76 0.0535888 -0.0544986 0.504435
7.77 0.0534788 -0.0545436 0.504443
7.78 0.0533687 -0.0545886 0.50445
7.79 0.0532585 -0.0546334 0.504457
7.8 0.0531482 -0.0546781 0.504465
7.81 0.0530378 -0.0547227 0.504472
7.82 0.0529273 -0.0547673 0.504479
7.83 0.0528168 -0.0548118 0.504486
7.84 0.0527061 -0.0548561 0.504494
7.85 0.0525954 -0.0549004 0.504501
7.86 0.0524846 -0.0549446 0.504508
7.87 0.0523736 -0.0549886 0.504515
7.88 0.0522626 -0.0550326 0.504522
7.89 0.0521515 -0.0550765 0.50453
7.9 0.0520403 -0.0551203 0.504537
7.91 0.051929 -0.0551641 0.504544
7.92 0.0518176 -0.0552077 0.504551
7.93 0.0517062 -0.0552512 0.504558
7.94 0.0515946 -0.0552946 0.504565
7.95 0.051483 -0.055338 0.504573
7.96 0.0513713 -0.0553812 0.50458
7.97 0.0512594 -0.0554244 0.504587
7.98 0.0511475 -0.0554674 0.504594
7.99 0.0510355 -0.0555104 0.504601
8 0.0509234 -0.0555533 0.504608
8.01 0.0508113 -0.0555961 0.504615
8.02 0.050699 -0.0556388 0.504622
8.03 0.0505867 -0.0556814 0.504629
8.04 0.0504742 -0.0557238 0.504636
8.05 0.0503617 -0.0557663 0.504643
8.06 0.0502491 -0.0558086 0.50465
8.07 0.0501364 -0.0558508 0.504657
8.08 0.0500236 -0.0558929 0.504664
8.09 0.0499107 -0.0559349 0.504671
8.1 0.0497978 -0.0559769 0.504678
8.11 0.0496847 -0.0560187 0.504685
8.12 0.0495716 -0.0560604 0.504692
8.13 0.0494584 -0.0561021 0.504699
8.14 0.0493451 -0.0561437 0.504706
8.15 0.0492317 -0.0561851 0.504713
8.16 0.0491182 -0.0562265 0.50472
8.17 0.0490047 -0.0562678 0.504727
8.18 0.048891 -0.0563089 0.504734
8.19 0.0487773 -0.05635 0.504741
8.2 0.0486635 -0.056391 0.504747
8.21 0.0485496 -0.0564319 0.504754
8.22 0.0484356 -0.0564727 0.504761
8.23 0.0483215 -0.0565134 0.504768
8.24 0.0482074 -0.056554 0.504775
8.25 0.0480932 -0.0565945 0.504782
8.26 0.0479789 -0.0566349 0.504788
8.27 0.0478645 -0.0566752 0.504795
8.28 0.04775 -0.0567154 0.504802
8.29 0.0476354 -0.0567556 0.504809
8.3 0.0475208 -0.0567956 0.504815
8.31 0.047406 -0.0568355 0.504822
8.32 0.0472912 -0.0568754 0.504829
8.33 0.0471763 -0.0569151 0.504836
8.34 0.0470614 -0.0569548 0.504842
8.35 0.0469463 -0.0569943 0.504849
8.36 0.0468312 -0.0570338 0.504856
8.37 0.046716 -0.0570731 0.504862
8.38 0.0466007 -0.0571124 0.504869
8.39 0.0464853 -0.0571515 0.504876
8.4 0.0463698 -0.0571906 0.504882
8.41 0.0462543 -0.0572296 0.504889
8.42 0.0461387 -0.0572685 0.504896
8.43 0.046023 -0.0573072 0.504902
8.44 0.0459072 -0.0573459 0.504909
8.45 0.0457913 -0.0573845 0.504915
8.46 0.0456754 -0.057423 0.504922
8.47 0.0455594 -0.0574614 0.504928
8.48 0.0454433 -0.0574997 0.504935
8.49 0.0453271 -0.0575379 0.504941
8.5 0.0452109 -0.057576 0.504948
8.51 0.0450945 -0.057614 0.504955
8.52 0.0449781 -0.0576519 0.504961
8.53 0.0448616 -0.0576897 0.504967
8.54 0.0447451 -0.0577274 0.504974
8.55 0.0446284 -0.057765 0.50498
8.56 0.0445117 -0.0578025 0.504987
8.57 0.0443949 -0.0578399 0.504993
8.58 0.0442781 -0.0578772 0.505
8.59 0.0441611 -0.0579144 0.505006
8.6 0.0440441 -0.0579516 0.505012
8.61 0.043927 -0.0579886 0.505019
8.62 0.0438098 -0.0580255 0.505025
8.63 0.0436925 -0.0580623 0.505032
8.64 0.0435752 -0.0580991 0.505038
8.65 0.0434578 -0.0581357 0.505044
8.66 0.0433403 -0.0581722 0.505051
8.67 0.0432228 -0.0582087 0.505057
8.68 0.0431051 -0.058245 0.505063
8.69 0.0429874 -0.0582812 0.505069
8.7 0.0428696 -0.0583174 0.505076
8.71 0.0427518 -0.0583534 0.505082
8.72 0.0426339 -0.0583893 0.505088
8.73 0.0425158 -0.0584252 0.505094
8.74 0.0423978 -0.0584609 0.505101
8.75 0.0422796 -0.0584966 0.505107
8.76 0.0421614 -0.0585321 0.505113
8.77 0.0420431 -0.0585675 0.505119
8.78 0.0419247 -0.0586029 0.505125
8.79 0.0418063 -0.0586381 0.505131
8.8 0.0416878 -0.0586733 0.505137
8.81 0.0415692 -0.0587083 0.505144
8.82 0.0414505 -0.0587433 0.50515
8.83 0.0413318 -0.0587781 0.505156
8.84 0.041213 -0.0588129 0.505162
8.85 0.0410941 -0.0588475 0.505168
8.86 0.0409752 -0.0588821 0.505174
8.87 0.0408561 -0.0589165 0.50518
8.88 0.0407371 -0.0589509 0.505186
8.89 0.0406179 -0.0589851 0.505192
8.9 0.0404987 -0.0590193 0.505198
8.91 0.0403794 -0.0590533 0.505204
8.92 0.04026 -0.0590873 0.50521
8.93 0.0401405 -0.0591211 0.505216
8.94 0.040021 -0.0591549 0.505222
8.95 0.0399015 -0.0591885 0.505228
8.96 0.0397818 -0.0592221 0.505233
8.97 0.0396621 -0.0592555 0.505239
8.98 0.0395423 -0.0592889 0.505245
8.99 0.0394224 -0.0593221 0.505251
9 0.0393025 -0.0593553 0.505257
9.01 0.0391825 -0.0593883 0.505263
9.02 0.0390625 -0.0594212 0.505269
9.03 0.0389423 -0.0594541 0.505274
9.04 0.0388221 -0.0594868 0.50528
9.05 0.0387019 -0.0595195 0.505286
9.06 0.0385815 -0.059552 0.505292
9.07 0.0384612 -0.0595845 0.505297
9.08 0.0383407 -0.0596168 0.505303
9.09 0.0382202 -0.059649 0.505309
9.1 0.0380996 -0.0596812 0.505315
9.11 0.0379789 -0.0597132 0.50532
9.12 0.0378582 -0.0597452 0.505326
9.13 0.0377374 -0.059777 0.505332
9.14 0.0376165 -0.0598087 0.505337
9.15 0.0374956 -0.0598403 0.505343
9.16 0.0373746 -0.0598719 0.505348
9.17 0.0372535 -0.0599033 0.505354
9.18 0.0371324 -0.0599346 0.50536
9.19 0.0370112 -0.0599659 0.505365
9.2 0.03689 -0.059997 0.505371
9.21 0.0367687 -0.060028 0.505376
9.22 0.0366473 -0.0600589 0.505382
9.23 0.0365258 -0.0600897 0.505387
9.24 0.0364043 -0.0601205 0.505393
9.25 0.0362828 -0.0601511 0.505398
9.26 0.0361611 -0.0601816 0.505404
9.27 0.0360394 -0.060212 0.505409
9.28 0.0359177 -0.0602423 0.505414
9.29 0.0357959 -0.0602725 0.50542
9.3 0.035674 -0.0603026 0.505425
9.31 0.035552 -0.0603326 0.505431
9.32 0.03543 -0.0603625 0.505436
9.33 0.0353079 -0.0603923 0.505441
9.34 0.0351858 -0.060422 0.505447
9.35 0.0350636 -0.0604516 0.505452
9.36 0.0349414 -0.0604811 0.505457
9.37 0.0348191 -0.0605104 0.505462
9.38 0.0346967 -0.0605397 0.505468
9.39 0.0345743 -0.0605689 0.505473
9.4 0.0344518 -0.060598 0.505478
9.41 0.0343292 -0.060627 0.505483
9.42 0.0342066 -0.0606558 0.505489
9.43 0.0340839 -0.0606846 0.505494
9.44 0.0339612 -0.0607133 0.505499
9.45 0.0338384 -0.0607418 0.505504
9.46 0.0337155 -0.0607703 0.505509
9.47 0.0335926 -0.0607986 0.505514
9.48 0.0334697 -0.0608269 0.505519
9.49 0.0333466 -0.060855 0.505524
9.5 0.0332236 -0.0608831 0.50553
9.51 0.0331004 -0.060911 0.505535
9.52 0.0329772 -0.0609388 0.50554
9.53 0.032854 -0.0609666 0.505545
9.54 0.0327307 -0.0609942 0.50555
9.55 0.0326073 -0.0610217 0.505555
9.56 0.0324839 -0.0610492 0.50556
9.57 0.0323604 -0.0610765 0.505565
9.58 0.0322368 -0.0611037 0.505569
9.59 0.0321132 -0.0611308 0.505574
9.6 0.0319896 -0.0611578 0.505579
9.61 0.0318659 -0.0611847 0.505584
9.62 0.0317421 -0.0612115 0.505589
9.63 0.0316183 -0.0612382 0.505594
9.64 0.0314944 -0.0612648 0.505599
9.65 0.0313705 -0.0612913 0.505604
9.66 0.0312465 -0.0613177 0.505608
9.67 0.0311225 -0.0613439 0.505613
9.68 0.0309984 -0.0613701 0.505618
9.69 0.0308742 -0.0613962 0.505623
9.7 0.03075 -0.0614222 0.505627
9.71 0.0306258 -0.061448 0.505632
9.72 0.0305015 -0.0614738 0.505637
9.73 0.0303771 -0.0614994 0.505641
9.74 0.0302527 -0.061525 0.505646
9.75 0.0301282 -0.0615504 0.505651
9.76 0.0300037 -0.0615758 0.505655
9.77 0.0298791 -0.061601 0.50566
9.78 0.0297545 -0.0616261 0.505665
9.79 0.0296298 -0.0616511 0.505669
9.8 0.0295051 -0.0616761 0.505674
9.81 0.0293803 -0.0617009 0.505678
9.82 0.0292555 -0.0617256 0.505683
9.83 0.0291306 -0.0617502 0.505687
9.84 0.0290057 -0.0617747 0.505692
9.85 0.0288807 -0.0617991 0.505696
9.86 0.0287557 -0.0618234 0.505701
9.87 0.0286306 -0.0618476 0.505705
9.88 0.0285055 -0.0618716 0.50571
9.89 0.0283803 -0.0618956 0.505714
9.9 0.0282551 -0.0619195 0.505718
9.91 0.0281298 -0.0619432 0.505723
9.92 0.0280045 -0.0619669 0.505727
9.93 0.0278791 -0.0619904 0.505731
9.94 0.0277536 -0.0620139 0.505736
9.95 0.0276282 -0.0620372 0.50574
9.96 0.0275026 -0.0620605 0.505744
9.97 0.0273771 -0.0620836 0.505749
9.98 0.0272515 -0.0621066 0.505753
9.99 0.0271258 -0.0621295 0.505757
10 0.0270001 -0.0621524 0.505761
10.01 0.0268743 -0.0621751 0.505765
10.02 0.0267485 -0.0621977 0.50577
10.03 0.0266227 -0.0622202 0.505774
10.04 0.0264968 -0.0622425 0.505778
10.05 0.0263708 -0.0622648 0.505782
10.06 0.0262448 -0.062287 0.505786
10.07 0.0261188 -0.0623091 0.50579
10.08 0.0259927 -0.062331 0.505794
10.09 0.0258666 -0.0623529 0.505798
10.1 0.0257404 -0.0623746 0.505802
10.11 0.0256142 -0.0623963 0.505806
10.12 0.0254879 -0.0624178 0.50581
10.13 0.0253616 -0.0624393 0.505814
10.14 0.0252352 -0.0624606 0.505818
10.15 0.0251089 -0.0624818 0.505822
10.16 0.0249824 -0.0625029 0.505826
10.17 0.0248559 -0.0625239 0.50583
10.18 0.0247294 -0.0625448 0.505834
10.19 0.0246028 -0.0625656 0.505838
10.2 0.0244762 -0.0625863 0.505841
10.21 0.0243496 -0.0626069 0.505845
10.22 0.0242229 -0.0626274 0.505849
10.23 0.0240961 -0.0626477 0.505853
10.24 0.0239693 -0.062668 0.505857
10.25 0.0238425 -0.0626882 0.50586
10.26 0.0237156 -0.0627082 0.505864
10.27 0.0235887 -0.0627282 0.505868
10.28 0.0234618 -0.062748 0.505871
10.29 0.0233348 -0.0627677 0.505875
10.3 0.0232078 -0.0627873 0.505879
10.31 0.0230807 -0.0628069 0.505882
10.32 0.0229536 -0.0628263 0.505886
10.33 0.0228264 -0.0628456 0.50589
10.34 0.0226992 -0.0628648 0.505893
10.35 0.022572 -0.0628838 0.505897
10.36 0.0224447 -0.0629028 0.5059
10.37 0.0223174 -0.0629217 0.505904
10.38 0.0221901 -0.0629404 0.505907
10.39 0.0220627 -0.0629591 0.505911
10.4 0.0219353 -0.0629777 0.505914
10.41 0.0218078 -0.0629961 0.505918
10.42 0.0216803 -0.0630144 0.505921
10.43 0.0215528 -0.0630327 0.505925
10.44 0.0214252 -0.0630508 0.505928
10.45 0.0212976 -0.0630688 0.505931
10.46 0.0211699 -0.0630867 0.505935
10.47 0.0210422 -0.0631045 0.505938
10.48 0.0209145 -0.0631222 0.505941
10.49 0.0207867 -0.0631398 0.505945
10.5 0.0206589 -0.0631572 0.505948
10.51 0.0205311 -0.0631746 0.505951
10.52 0.0204032 -0.0631919 0.505954
10.53 0.0202753 -0.063209 0.505958
10.54 0.0201474 -0.0632261 0.505961
10.55 0.0200194 -0.063243 0.505964
10.56 0.0198914 -0.0632598 0.505967
10.57 0.0197633 -0.0632765 0.50597
10.58 0.0196353 -0.0632932 0.505973
10.59 0.0195071 -0.0633097 0.505976
10.6 0.019379 -0.0633261 0.50598
10.61 0.0192508 -0.0633423 0.505983
10.62 0.0191226 -0.0633585 0.505986
10.63 0.0189943 -0.0633746 0.505989
10.64 0.0188661 -0.0633906 0.505992
10.65 0.0187377 -0.0634064 0.505995
10.66 0.0186094 -0.0634222 0.505998
10.67 0.018481 -0.0634378 0.506001
10.68 0.0183526 -0.0634533 0.506003
10.69 0.0182242 -0.0634688 0.506006
10.7 0.0180957 -0.0634841 0.506009
10.71 0.0179672 -0.0634993 0.506012
10.72 0.0178386 -0.0635144 0.506015
10.73 0.0177101 -0.0635294 0.506018
10.74 0.0175814 -0.0635443 0.506021
10.75 0.0174528 -0.063559 0.506023
10.76 0.0173241 -0.0635737 0.506026
10.77 0.0171955 -0.0635882 0.506029
10.78 0.0170667 -0.0636027 0.506032
10.79 0.016938 -0.063617 0.506034
10.8 0.0168092 -0.0636313 0.506037
10.81 0.0166804 -0.0636454 0.50604
10.82 0.0165515 -0.0636594 0.506042
10.83 0.0164227 -0.0636733 0.506045
10.84 0.0162938 -0.0636871 0.506047
10.85 0.0161648 -0.0637008 0.50605
10.86 0.0160359 -0.0637144 0.506053
10.87 0.0159069 -0.0637278 0.506055
10.88 0.0157779 -0.0637412 0.506058
10.89 0.0156488 -0.0637545 0.50606
10.9 0.0155198 -0.0637676 0.506063
10.91 0.0153907 -0.0637806 0.506065
10.92 0.0152616 -0.0637936 0.506068
10.93 0.0151324 -0.0638064 0.50607
10.94 0.0150032 -0.0638191 0.506072
10.95 0.014874 -0.0638317 0.506075
10.96 0.0147448 -0.0638442 0.506077
10.97 0.0146155 -0.0638566 0.50608
10.98 0.0144863 -0.0638688 0.506082
10.99 0.014357 -0.063881 0.506084
11 0.0142276 -0.0638931 0.506086
11.01 0.0140983 -0.063905 0.506089
11.02 0.0139689 -0.0639168 0.506091
11.03 0.0138395 -0.0639286 0.506093
11.04 0.0137101 -0.0639402 0.506095
11.05 0.0135806 -0.0639517 0.506098
11.06 0.0134511 -0.0639631 0.5061
11.07 0.0133216 -0.0639744 0.506102
11.08 0.0131921 -0.0639856 0.506104
11.09 0.0130626 -0.0639966 0.506106
11.1 0.012933 -0.0640076 0.506108
11.11 0.0128034 -0.0640185 0.50611
11.12 0.0126738 -0.0640292 0.506112
11.13 0.0125442 -0.0640398 0.506114
11.14 0.0124145 -0.0640504 0.506116
11.15 0.0122848 -0.0640608 0.506118
11.16 0.0121551 -0.0640711 0.50612
11.17 0.0120254 -0.0640813 0.506122
11.18 0.0118957 -0.0640914 0.506124
11.19 0.0117659 -0.0641014 0.506126
11.2 0.0116361 -0.0641112 0.506128
11.21 0.0115063 -0.064121 0.50613
11.22 0.0113765 -0.0641306 0.506132
11.23 0.0112467 -0.0641402 0.506133
11.24 0.0111168 -0.0641496 0.506135
11.25 0.0109869 -0.0641589 0.506137
11.26 0.010857 -0.0641682 0.506139
11.27 0.0107271 -0.0641773 0.50614
11.28 0.0105971 -0.0641863 0.506142
11.29 0.0104672 -0.0641951 0.506144
11.3 0.0103372 -0.0642039 0.506145
11.31 0.0102072 -0.0642126 0.506147
11.32 0.0100772 -0.0642211 0.506149
11.33 0.00994717 -0.0642296 0.50615
11.34 0.00981712 -0.0642379 0.506152
11.35 0.00968706 -0.0642461 0.506153
11.36 0.00955697 -0.0642543 0.506155
11.37 0.00942687 -0.0642623 0.506157
11.38 0.00929676 -0.0642702 0.506158
11.39 0.00916663 -0.064278 0.50616
11.4 0.00903648 -0.0642856 0.506161
11.41 0.00890632 -0.0642932 0.506162
11.42 0.00877614 -0.0643007 0.506164
11.43 0.00864594 -0.064308 0.506165
11.44 0.00851573 -0.0643152 0.506167
11.45 0.00838551 -0.0643224 0.506168
11.46 0.00825527 -0.0643294 0.506169
11.47 0.00812502 -0.0643363 0.506171
11.48 0.00799475 -0.0643431 0.506172
11.49 0.00786447 -0.0643498 0.506173
11.5 0.00773417 -0.0643564 0.506174
11.51 0.00760386 -0.0643628 0.506176
11.52 0.00747354 -0.0643692 0.506177
11.53 0.00734321 -0.0643755 0.506178
11.54 0.00721286 -0.0643816 0.506179
11.55 0.0070825 -0.0643876 0.50618
11.56 0.00695212 -0.0643935 0.506182
11.57 0.00682174 -0.0643994 0.506183
11.58 0.00669134 -0.0644051 0.506184
11.59 0.00656093 -0.0644106 0.506185
11.6 0.00643051 -0.0644161 0.506186
11.61 0.00630008 -0.0644215 0.506187
11.62 0.00616964 -0.0644268 0.506188
11.63 0.00603918 -0.0644319 0.506189
11.64 0.00590872 -0.0644369 0.50619
11.65 0.00577825 -0.0644419 0.506191
11.66 0.00564776 -0.0644467 0.506192
11.67 0.00551727 -0.0644514 0.506193
11.68 0.00538676 -0.064456 0.506194
11.69 0.00525625 -0.0644605 0.506194
11.7 0.00512573 -0.0644649 0.506195
11.71 0.00499519 -0.0644691 0.506196
11.72 0.00486465 -0.0644733 0.506197
11.73 0.00473411 -0.0644773 0.506198
11.74 0.00460355 -0.0644813 0.506198
11.75 0.00447298 -0.0644851 0.506199
11.76 0.00434241 -0.0644888 0.5062
11.77 0.00421183 -0.0644924 0.5062
11.78 0.00408124 -0.0644959 0.506201
11.79 0.00395065 -0.0644993 0.506202
11.8 0.00382004 -0.0645026 0.506202
11.81 0.00368943 -0.0645058 0.506203
11.82 0.00355882 -0.0645088 0.506204
11.83 0.0034282 -0.0645118 0.506204
11.84 0.00329757 -0.0645146 0.506205
11.85 0.00316694 -0.0645173 0.506205
11.86 0.0030363 -0.06452 0.506206
11.87 0.00290565 -0.0645225 0.506206
11.88 0.00277501 -0.0645249 0.506207
11.89 0.00264435 -0.0645271 0.506207
11.9 0.00251369 -0.0645293 0.506208
11.91 0.00238303 -0.0645314 0.506208
11.92 0.00225236 -0.0645333 0.506208
11.93 0.00212169 -0.0645352 0.506209
11.94 0.00199102 -0.0645369 0.506209
11.95 0.00186034 -0.0645386 0.506209
11.96 0.00172966 -0.0645401 0.50621
11.97 0.00159897 -0.0645415 0.50621
11.98 0.00146828 -0.0645428 0.50621
11.99 0.00133759 -0.0645439 0.50621
12 0.0012069 -0.064545 0.506211
12.01 0.00107621 -0.064546 0.506211
12.02 0.00094551 -0.0645468 0.506211
12.03 0.000814812 -0.0645476 0.506211
12.04 0.000684113 -0.0645482 0.506211
12.05 0.000553412 -0.0645487 0.506211
12.06 0.000422711 -0.0645491 0.506211
12.07 0.000292008 -0.0645494 0.506211
12.08 0.000161305 -0.0645496 0.506211
12.09 3.06023e-05 -0.0645497 0.506211
12.1 -0.000100101 -0.0645497 0.506211
12.11 -0.000230804 -0.0645496 0.506211
12.12 -0.000361507 -0.0645493 0.506211
12.13 -0.000492209 -0.0645489 0.506211
12.14 -0.00062291 -0.0645485 0.506211
12.15 -0.00075361 -0.0645479 0.506211
12.16 -0.000884309 -0.0645472 0.506211
12.17 -0.00101501 -0.0645464 0.506211
12.18 -0.0011457 -0.0645455 0.506211
12.19 -0.00127639 -0.0645445 0.50621
12.2 -0.00140709 -0.0645433 0.50621
12.21 -0.00153777 -0.0645421 0.50621
12.22 -0.00166846 -0.0645407 0.50621
12.23 -0.00179914 -0.0645393 0.506209
12.24 -0.00192982 -0.0645377 0.506209
12.25 -0.0020605 -0.064536 0.506209
12.26 -0.00219117 -0.0645342 0.506208
12.27 -0.00232184 -0.0645323 0.506208
12.28 -0.00245251 -0.0645303 0.506208
12.29 -0.00258317 -0.0645282 0.506207
12.3 -0.00271382 -0.0645259 0.506207
12.31 -0.00284448 -0.0645236 0.506206
12.32 -0.00297512 -0.0645211 0.506206
12.33 -0.00310576 -0.0645186 0.506205
12.34 -0.0032364 -0.0645159 0.506205
12.35 -0.00336703 -0.0645131 0.506204
12.36 -0.00349765 -0.0645102 0.506204
12.37 -0.00362827 -0.0645072 0.506203
12.38 -0.00375888 -0.0645041 0.506203
12.39 -0.00388949 -0.0645009 0.506202
12.4 -0.00402009 -0.0644975 0.506201
12.41 -0.00415068 -0.0644941 0.506201
12.42 -0.00428126 -0.0644905 0.5062
12.43 -0.00441184 -0.0644869 0.506199
12.44 -0.00454241 -0.0644831 0.506199
12.45 -0.00467297 -0.0644792 0.506198
12.46 -0.00480352 -0.0644752 0.506197
12.47 -0.00493407 -0.0644711 0.506196
12.48 -0.0050646 -0.0644669 0.506196
12.49 -0.00519513 -0.0644626 0.506195
12.5 -0.00532565 -0.0644581 0.506194
12.51 -0.00545616 -0.0644536 0.506193
12.52 -0.00558666 -0.0644489 0.506192
12.53 -0.00571714 -0.0644441 0.506191
12.54 -0.00584762 -0.0644393 0.50619
12.55 -0.00597809 -0.0644343 0.506189
12.56 -0.00610855 -0.0644292 0.506188
12.57 -0.006239 -0.064424 0.506187
12.58 -0.00636944 -0.0644187 0.506186
12.59 -0.00649986 -0.0644132 0.506185
12.6 -0.00663028 -0.0644077 0.506184
12.61 -0.00676068 -0.064402 0.506183
12.62 -0.00689107 -0.0643963 0.506182
12.63 -0.00702145 -0.0643904 0.506181
12.64 -0.00715182 -0.0643844 0.50618
12.65 -0.00728217 -0.0643783 0.506179
12.66 -0.00741251 -0.0643721 0.506177
12.67 -0.00754284 -0.0643658 0.506176
12.68 -0.00767315 -0.0643594 0.506175
12.69 -0.00780346 -0.0643529 0.506174
12.7 -0.00793374 -0.0643462 0.506173
12.71 -0.00806402 -0.0643395 0.506171
12.72 -0.00819428 -0.0643326 0.50617
12.73 -0.00832452 -0.0643257 0.506169
12.74 -0.00845476 -0.0643186 0.506167
12.75 -0.00858497 -0.0643114 0.506166
12.76 -0.00871517 -0.0643041 0.506165
12.77 -0.00884536 -0.0642967 0.506163
12.78 -0.00897553 -0.0642892 0.506162
12.79 -0.00910569 -0.0642816 0.50616
12.8 -0.00923582 -0.0642738 0.506159
12.81 -0.00936595 -0.064266 0.506157
12.82 -0.00949605 -0.064258 0.506156
12.83 -0.00962614 -0.06425 0.506154
12.84 -0.00975622 -0.0642418 0.506153
12.85 -0.00988627 -0.0642335 0.506151
12.86 -0.0100163 -0.0642251 0.506149
12.87 -0.0101463 -0.0642166 0.506148
12.88 -0.0102763 -0.064208 0.506146
12.89 -0.0104063 -0.0641993 0.506145
12.9 -0.0105363 -0.0641904 0.506143
12.91 -0.0106662 -0.0641815 0.506141
12.92 -0.0107962 -0.0641724 0.506139
12.93 -0.0109261 -0.0641633 0.506138
12.94 -0.011056 -0.064154 0.506136
12.95 -0.0111858 -0.0641446 0.506134
12.96 -0.0113157 -0.0641351 0.506132
12.97 -0.0114455 -0.0641255 0.506131
12.98 -0.0115753 -0.0641158 0.506129
12.99 -0.0117051 -0.064106 0.506127
13 -0.0118349 -0.0640961 0.506125
13.01 -0.0119647 -0.064086 0.506123
13.02 -0.0120944 -0.0640759 0.506121
13.03 -0.0122241 -0.0640656 0.506119
13.04 -0.0123538 -0.0640553 0.506117
13.05 -0.0124835 -0.0640448 0.506115
13.06 -0.0126131 -0.0640342 0.506113
13.07 -0.0127427 -0.0640235 0.506111
13.08 -0.0128723 -0.0640127 0.506109
13.09 -0.0130019 -0.0640018 0.506107
13.1 -0.0131315 -0.0639908 0.506105
13.11 -0.013261 -0.0639796 0.506103
13.12 -0.0133905 -0.0639684 0.506101
13.13 -0.01352 -0.063957 0.506099
13.14 -0.0136495 -0.0639456 0.506096
13.15 -0.0137789 -0.063934 0.506094
13.16 -0.0139083 -0.0639223 0.506092
13.17 -0.0140377 -0.0639106 0.50609
13.18 -0.0141671 -0.0638987 0.506088
13.19 -0.0142964 -0.0638867 0.506085
13.2 -0.0144257 -0.0638745 0.506083
13.21 -0.014555 -0.0638623 0.506081
13.22 -0.0146843 -0.06385 0.506078
13.23 -0.0148135 -0.0638376 0.506076
13.24 -0.0149427 -0.063825 0.506074
13.25 -0.0150719 -0.0638123 0.506071
13.26 -0.0152011 -0.0637996 0.506069
13.27 -0.0153302 -0.0637867 0.506066
13.28 -0.0154593 -0.0637737 0.506064
13.29 -0.0155884 -0.0637606 0.506061
13.3 -0.0157175 -0.0637474 0.506059
13.31 -0.0158465 -0.0637341 0.506056
13.32 -0.0159755 -0.0637207 0.506054
13.33 -0.0161044 -0.0637072 0.506051
13.34 -0.0162334 -0.0636935 0.506049
13.35 -0.0163623 -0.0636798 0.506046
13.36 -0.0164912 -0.0636659 0.506044
13.37 -0.01662 -0.063652 0.506041
13.38 -0.0167489 -0.0636379 0.506038
13.39 -0.0168777 -0.0636237 0.506036
13.4 -0.0170064 -0.0636094 0.506033
13.41 -0.0171352 -0.063595 0.50603
13.42 -0.0172639 -0.0635805 0.506027
13.43 -0.0173926 -0.0635659 0.506025
13.44 -0.0175212 -0.0635512 0.506022
13.45 -0.0176498 -0.0635364 0.506019
13.46 -0.0177784 -0.0635214 0.506016
13.47 -0.017907 -0.0635064 0.506013
13.48 -0.0180355 -0.0634912 0.506011
13.49 -0.018164 -0.0634759 0.506008
13.5 -0.0182925 -0.0634606 0.506005
13.51 -0.0184209 -0.0634451 0.506002
13.52 -0.0185493 -0.0634295 0.505999
13.53 -0.0186776 -0.0634138 0.505996
13.54 -0.018806 -0.063398 0.505993
13.55 -0.0189343 -0.0633821 0.50599
13.56 -0.0190625 -0.0633661 0.505987
13.57 -0.0191908 -0.0633499 0.505984
13.58 -0.019319 -0.0633337 0.505981
13.59 -0.0194471 -0.0633174 0.505978
13.6 -0.0195753 -0.0633009 0.505975
13.61 -0.0197034 -0.0632843 0.505972
13.62 -0.0198314 -0.0632677 0.505969
13.63 -0.0199595 -0.0632509 0.505965
13.64 -0.0200875 -0.063234 0.505962
13.65 -0.0202154 -0.063217 0.505959
13.66 -0.0203433 -0.0631999 0.505956
13.67 -0.0204712 -0.0631827 0.505953
13.68 -0.0205991 -0.0631654 0.505949
13.69 -0.0207269 -0.063148 0.505946
13.7 -0.0208547 -0.0631304 0.505943
13.71 -0.0209824 -0.0631128 0.50594
13.72 -0.0211101 -0.063095 0.505936
13.73 -0.0212378 -0.0630772 0.505933
13.74 -0.0213654 -0.0630592 0.50593
13.75 -0.021493 -0.0630412 0.505926
13.76 -0.0216206 -0.063023 0.505923
13.77 -0.0217481 -0.0630047 0.505919
13.78 -0.0218756 -0.0629863 0.505916
13.79 -0.022003 -0.0629678 0.505912
13.8 -0.0221304 -0.0629492 0.505909
13.81 -0.0222578 -0.0629305 0.505905
13.82 -0.0223851 -0.0629117 0.505902
13.83 -0.0225124 -0.0628927 0.505898
13.84 -0.0226397 -0.0628737 0.505895
13.85 -0.0227669 -0.0628546 0.505891
13.86 -0.022894 -0.0628353 0.505888
13.87 -0.0230212 -0.062816 0.505884
13.88 -0.0231483 -0.0627965 0.505881
13.89 -0.0232753 -0.0627769 0.505877
13.9 -0.0234023 -0.0627572 0.505873
13.91 -0.0235293 -0.0627375 0.50587
13.92 -0.0236562 -0.0627176 0.505866
13.93 -0.0237831 -0.0626976 0.505862
13.94 -0.02391 -0.0626775 0.505858
13.95 -0.0240368 -0.0626573 0.505855
13.96 -0.0241635 -0.0626369 0.505851
13.97 -0.0242902 -0.0626165 0.505847
13.98 -0.0244169 -0.062596 0.505843
13.99 -0.0245435 -0.0625753 0.505839
14 -0.0246701 -0.0625546 0.505836
14.01 -0.0247967 -0.0625337 0.505832
14.02 -0.0249232 -0.0625128 0.505828
14.03 -0.0250496 -0.0624917 0.505824
14.04 -0.0251761 -0.0624705 0.50582
14.05 -0.0253024 -0.0624493 0.505816
14.06 -0.0254288 -0.0624279 0.505812
14.07 -0.0255551 -0.0624064 0.505808
14.08 -0.0256813 -0.0623848 0.505804
14.09 -0.0258075 -0.0623631 0.5058
14.1 -0.0259336 -0.0623413 0.505796
14.11 -0.0260597 -0.0623194 0.505792
14.12 -0.0261858 -0.0622974 0.505788
14.13 -0.0263118 -0.0622752 0.505784
14.14 -0.0264378 -0.062253 0.50578
14.15 -0.0265637 -0.0622307 0.505776
14.16 -0.0266896 -0.0622082 0.505771
14.17 -0.0268154 -0.0621857 0.505767
14.18 -0.0269412 -0.062163 0.505763
14.19 -0.0270669 -0.0621402 0.505759
14.2 -0.0271926 -0.0621174 0.505755
14.21 -0.0273183 -0.0620944 0.505751
14.22 -0.0274439 -0.0620713 0.505746
14.23 -0.0275694 -0.0620481 0.505742
14.24 -0.0276949 -0.0620248 0.505738
14.25 -0.0278203 -0.0620014 0.505733
14.26 -0.0279457 -0.0619779 0.505729
14.27 -0.0280711 -0.0619543 0.505725
14.28 -0.0281964 -0.0619306 0.50572
14.29 -0.0283217 -0.0619068 0.505716
14.3 -0.0284469 -0.0618829 0.505712
14.31 -0.028572 -0.0618588 0.505707
14.32 -0.0286971 -0.0618347 0.505703
14.33 -0.0288222 -0.0618105 0.505698
14.34 -0.0289472 -0.0617861 0.505694
14.35 -0.0290721 -0.0617617 0.505689
14.36 -0.029197 -0.0617371 0.505685
14.37 -0.0293219 -0.0617125 0.50568
14.38 -0.0294467 -0.0616877 0.505676
14.39 -0.0295714 -0.0616628 0.505671
14.4 -0.0296961 -0.0616379 0.505667
14.41 -0.0298208 -0.0616128 0.505662
14.42 -0.0299454 -0.0615876 0.505658
14.43 -0.0300699 -0.0615623 0.505653
14.44 -0.0301944 -0.0615369 0.505648
14.45 -0.0303189 -0.0615114 0.505644
14.46 -0.0304432 -0.0614858 0.505639
14.47 -0.0305676 -0.0614601 0.505634
14.48 -0.0306918 -0.0614343 0.50563
14.49 -0.0308161 -0.0614084 0.505625
14.5 -0.0309402 -0.0613823 0.50562
14.51 -0.0310644 -0.0613562 0.505615
14.52 -0.0311884 -0.06133 0.505611
14.53 -0.0313124 -0.0613037 0.505606
14.54 -0.0314364 -0.0612772 0.505601
14.55 -0.0315603 -0.0612507 0.505596
14.56 -0.0316841 -0.061224 0.505591
14.57 -0.0318079 -0.0611973 0.505586
14.58 -0.0319317 -0.0611704 0.505582
14.59 -0.0320553 -0.0611435 0.505577
14.6 -0.032179 -0.0611164 0.505572
14.61 -0.0323025 -0.0610892 0.505567
14.62 -0.032426 -0.061062 0.505562
14.63 -0.0325495 -0.0610346 0.505557
14.64 -0.0326729 -0.0610071 0.505552
14.65 -0.0327962 -0.0609795 0.505547
14.66 -0.0329195 -0.0609518 0.505542
14.67 -0.0330427 -0.0609241 0.505537
14.68 -0.0331659 -0.0608962 0.505532
14.69 -0.033289 -0.0608682 0.505527
14.7 -0.0334121 -0.0608401 0.505522
14.71 -0.0335351 -0.0608119 0.505517
14.72 -0.033658 -0.0607836 0.505512
14.73 -0.0337809 -0.0607552 0.505506
14.74 -0.0339037 -0.0607266 0.505501
14.75 -0.0340265 -0.060698 0.505496
14.76 -0.0341492 -0.0606693 0.505491
14.77 -0.0342718 -0.0606405 0.505486
14.78 -0.0343944 -0.0606116 0.505481
14.79 -0.0345169 -0.0605825 0.505475
14.8 -0.0346394 -0.0605534 0.50547
14.81 -0.0347618 -0.0605242 0.505465
14.82 -0.0348841 -0.0604948 0.50546
14.83 -0.0350064 -0.0604654 0.505454
14.84 -0.0351286 -0.0604359 0.505449
14.85 -0.0352508 -0.0604062 0.505444
14.86 -0.0353729 -0.0603765 0.505438
14.87 -0.0354949 -0.0603466 0.505433
14.88 -0.0356169 -0.0603167 0.505428
14.89 -0.0357388 -0.0602866 0.505422
14.9 -0.0358606 -0.0602564 0.505417
14.91 -0.0359824 -0.0602262 0.505412
14.92 -0.0361041 -0.0601958 0.505406
14.93 -0.0362258 -0.0601654 0.505401
14.94 -0.0363474 -0.0601348 0.505395
14.95 -0.0364689 -0.0601041 0.50539
14.96 -0.0365904 -0.0600734 0.505384
14.97 -0.0367118 -0.0600425 0.505379
14.98 -0.0368332 -0.0600115 0.505373
14.99 -0.0369545 -0.0599804 0.505368
15 -0.0370757 -0.0599493 0.505362
15.01 -0.0371968 -0.059918 0.505357
15.02 -0.0373179 -0.0598866 0.505351
15.03 -0.0374389 -0.0598551 0.505345
15.04 -0.0375599 -0.0598235 0.50534
15.05 -0.0376808 -0.0597919 0.505334
15.06 -0.0378016 -0.0597601 0.505329
15.07 -0.0379224 -0.0597282 0.505323
15.08 -0.0380431 -0.0596962 0.505317
15.09 -0.0381637 -0.0596641 0.505311
15.1 -0.0382843 -0.0596319 0.505306
15.11 -0.0384047 -0.0595996 0.5053
15.12 -0.0385252 -0.0595672 0.505294
15.13 -0.0386455 -0.0595347 0.505289
15.14 -0.0387658 -0.0595021 0.505283
15.15 -0.0388861 -0.0594694 0.505277
15.16 -0.0390062 -0.0594366 0.505271
15.17 -0.0391263 -0.0594037 0.505265
15.18 -0.0392463 -0.0593707 0.50526
15.19 -0.0393663 -0.0593376 0.505254
15.2 -0.0394862 -0.0593044 0.505248
15.21 -0.039606 -0.0592711 0.505242
15.22 -0.0397258 -0.0592377 0.505236
15.23 -0.0398454 -0.0592042 0.50523
15.24 -0.0399651 -0.0591706 0.505224
15.25 -0.0400846 -0.0591369 0.505219
15.26 -0.0402041 -0.0591031 0.505213
15.27 -0.0403235 -0.0590692 0.505207
15.28 -0.0404428 -0.0590352 0.505201
15.29 -0.0405621 -0.0590011 0.505195
15.3 -0.0406813 -0.0589669 0.505189
15.31 -0.0408004 -0.0589326 0.505183
15.32 -0.0409194 -0.0588982 0.505177
15.33 -0.0410384 -0.0588637 0.505171
15.34 -0.0411573 -0.0588291 0.505165
15.35 -0.0412762 -0.0587944 0.505159
15.36 -0.0413949 -0.0587596 0.505152
15.37 -0.0415136 -0.0587247 0.505146
15.38 -0.0416322 -0.0586897 0.50514
15.39 -0.0417508 -0.0586546 0.505134
15.4 -0.0418693 -0.0586194 0.505128
15.41 -0.0419877 -0.0585841 0.505122
15.42 -0.042106 -0.0585487 0.505116
15.43 -0.0422243 -0.0585132 0.50511
15.44 -0.0423425 -0.0584776 0.505103
15.45 -0.0424606 -0.0584419 0.505097
15.46 -0.0425786 -0.0584061 0.505091
15.47 -0.0426966 -0.0583702 0.505085
15.48 -0.0428145 -0.0583342 0.505079
15.49 -0.0429323 -0.0582982 0.505072
15.5 -0.04305 -0.058262 0.505066
15.51 -0.0431677 -0.0582257 0.50506
15.52 -0.0432853 -0.0581893 0.505053
15.53 -0.0434028 -0.0581528 0.505047
15.54 -0.0435202 -0.0581162 0.505041
15.55 -0.0436376 -0.0580795 0.505035
15.56 -0.0437549 -0.0580428 0.505028
15.57 -0.0438721 -0.0580059 0.505022
15.58 -0.0439892 -0.0579689 0.505015
15.59 -0.0441063 -0.0579318 0.505009
15.6 -0.0442233 -0.0578947 0.505003
15.61 -0.0443402 -0.0578574 0.504996
15.62 -0.044457 -0.05782 0.50499
15.63 -0.0445738 -0.0577826 0.504983
15.64 -0.0446905 -0.057745 0.504977
15.65 -0.0448071 -0.0577073 0.50497
15.66 -0.0449236 -0.0576696 0.504964
15.67 -0.04504 -0.0576317 0.504958
15.68 -0.0451564 -0.0575938 0.504951
15.69 -0.0452727 -0.0575557 0.504945
15.7 -0.0453889 -0.0575176 0.504938
15.71 -0.045505 -0.0574793 0.504931
15.72 -0.0456211 -0.057441 0.504925
15.73 -0.0457371 -0.0574025 0.504918
15.74 -0.045853 -0.057364 0.504912
15.75 -0.0459688 -0.0573254 0.504905
15.76 -0.0460845 -0.0572866 0.504899
15.77 -0.0462002 -0.0572478 0.504892
15.78 -0.0463157 -0.0572089 0.504885
15.79 -0.0464312 -0.0571698 0.504879
15.8 -0.0465467 -0.0571307 0.504872
15.81 -0.046662 -0.0570915 0.504865
15.82 -0.0467772 -0.0570522 0.504859
15.83 -0.0468924 -0.0570128 0.504852
15.84 -0.0470075 -0.0569733 0.504845
15.85 -0.0471225 -0.0569337 0.504839
15.86 -0.0472374 -0.056894 0.504832
15.87 -0.0473523 -0.0568542 0.504825
15.88 -0.0474671 -0.0568143 0.504819
15.89 -0.0475817 -0.0567743 0.504812
15.9 -0.0476963 -0.0567342 0.504805
15.91 -0.0478109 -0.0566941 0.504798
15.92 -0.0479253 -0.0566538 0.504792
15.93 -0.0480396 -0.0566134 0.504785
15.94 -0.0481539 -0.056573 0.504778
15.95 -0.0482681 -0.0565324 0.504771
15.96 -0.0483822 -0.0564917 0.504764
15.97 -0.0484962 -0.056451 0.504757
15.98 -0.0486102 -0.0564102 0.504751
15.99 -0.048724 -0.0563692 0.504744
16 -0.0488378 -0.0563282 0.504737
16.01 -0.0489515 -0.056287 0.50473
16.02 -0.049065 -0.0562458 0.504723
16.03 -0.0491786 -0.0562045 0.504716
16.04 -0.049292 -0.0561631 0.504709
16.05 -0.0494053 -0.0561216 0.504702
16.06 -0.0495186 -0.05608 0.504695
16.07 -0.0496318 -0.0560383 0.504688
16.08 -0.0497448 -0.0559965 0.504681
16.09 -0.0498578 -0.0559546 0.504675
16.1 -0.0499707 -0.0559126 0.504668
16.11 -0.0500836 -0.0558705 0.504661
16.12 -0.0501963 -0.0558283 0.504654
16.13 -0.050309 -0.0557861 0.504647
16.14 -0.0504215 -0.0557437 0.50464
16.15 -0.050534 -0.0557013 0.504632
16.16 -0.0506464 -0.0556587 0.504625
16.17 -0.0507587 -0.0556161 0.504618
16.18 -0.0508709 -0.0555733 0.504611
16.19 -0.050983 -0.0555305 0.504604
16.2 -0.0510951 -0.0554876 0.504597
16.21 -0.051207 -0.0554446 0.50459
16.22 -0.0513189 -0.0554015 0.504583
16.23 -0.0514307 -0.0553582 0.504576
16.24 -0.0515424 -0.055315 0.504569
16.25 -0.051654 -0.0552716 0.504562
16.26 -0.0517655 -0.0552281 0.504554
16.27 -0.0518769 -0.0551845 0.504547
16.28 -0.0519882 -0.0551408 0.50454
16.29 -0.0520994 -0.0550971 0.504533
16.3 -0.0522106 -0.0550532 0.504526
16.31 -0.0523217 -0.0550093 0.504519
16.32 -0.0524326 -0.0549652 0.504511
16.33 -0.0525435 -0.0549211 0.504504
16.34 -0.0526543 -0.0548769 0.504497
16.35 -0.052765 -0.0548325 0.50449
16.36 -0.0528756 -0.0547881 0.504483
16.37 -0.0529861 -0.0547436 0.504475
16.38 -0.0530965 -0.054699 0.504468
16.39 -0.0532068 -0.0546543 0.504461
16.4 -0.0533171 -0.0546096 0.504453
16.41 -0.0534272 -0.0545647 0.504446
16.42 -0.0535373 -0.0545197 0.504439
16.43 -0.0536472 -0.0544747 0.504432
16.44 -0.0537571 -0.0544295 0.504424
16.45 -0.0538669 -0.0543843 0.504417
16.46 -0.0539766 -0.0543389 0.50441
16.47 -0.0540862 -0.0542935 0.504402
16.48 -0.0541957 -0.054248 0.504395
16.49 -0.0543051 -0.0542024 0.504388
16.5 -0.0544144 -0.0541567 0.50438
16.51 -0.0545236 -0.0541109 0.504373
16.52 -0.0546327 -0.054065 0.504365
16.53 -0.0547417 -0.0540191 0.504358
16.54 -0.0548507 -0.053973 0.504351
16.55 -0.0549595 -0.0539269 0.504343
16.56 -0.0550683 -0.0538806 0.504336
16.57 -0.0551769 -0.0538343 0.504328
16.58 -0.0552855 -0.0537879 0.504321
16.59 -0.0553939 -0.0537413 0.504314
16.6 -0.0555023 -0.0536947 0.504306
16.61 -0.0556105 -0.053648 0.504299
16.62 -0.0557187 -0.0536012 0.504291
16.63 -0.0558268 -0.0535544 0.504284
16.64 -0.0559348 -0.0535074 0.504276
16.65 -0.0560426 -0.0534604 0.504269
16.66 -0.0561504 -0.0534132 0.504261
16.67 -0.0562581 -0.053366 0.504254
16.68 -0.0563657 -0.0533186 0.504246
16.69 -0.0564732 -0.0532712 0.504239
16.7 -0.0565806 -0.0532237 0.504231
16.71 -0.0566879 -0.0531761 0.504224
16.72 -0.0567951 -0.0531284 0.504216
16.73 -0.0569022 -0.0530807 0.504209
16.74 -0.0570092 -0.0530328 0.504201
16.75 -0.0571161 -0.0529849 0.504194
16.76 -0.0572229 -0.0529368 0.504186
16.77 -0.0573296 -0.0528887 0.504178
16.78 -0.0574362 -0.0528405 0.504171
16.79 -0.0575428 -0.0527922 0.504163
16.8 -0.0576492 -0.0527438 0.504156
16.81 -0.0577555 -0.0526953 0.504148
16.82 -0.0578617 -0.0526467 0.50414
16.83 -0.0579678 -0.052598 0.504133
16.84 -0.0580738 -0.0525493 0.504125
16.85 -0.0581798 -0.0525005 0.504117
16.86 -0.0582856 -0.0524515 0.50411
16.87 -0.0583913 -0.0524025 0.504102
16.88 -0.0584969 -0.0523534 0.504095
16.89 -0.0586024 -0.0523042 0.504087
16.9 -0.0587078 -0.0522549 0.504079
16.91 -0.0588131 -0.0522056 0.504072
16.92 -0.0589183 -0.0521561 0.504064
16.93 -0.0590235 -0.0521066 0.504056
16.94 -0.0591285 -0.052057 0.504049
16.95 -0.0592334 -0.0520072 0.504041
16.96 -0.0593382 -0.0519574 0.504033
16.97 -0.0594429 -0.0519075 0.504025
16.98 -0.0595475 -0.0518576 0.504018
16.99 -0.059652 -0.0518075 0.50401
17 -0.0597564 -0.0517574 0.504002
17.01 -0.0598607 -0.0517071 0.503994
17.02 -0.0599648 -0.0516568 0.503987
17.03 -0.0600689 -0.0516064 0.503979
17.04 -0.0601729 -0.0515559 0.503971
17.05 -0.0602768 -0.0515053 0.503963
17.06 -0.0603806 -0.0514546 0.503956
17.07 -0.0604842 -0.0514039 0.503948
17.08 -0.0605878 -0.051353 0.50394
17.09 -0.0606913 -0.0513021 0.503932
17.1 -0.0607946 -0.0512511 0.503925
17.11 -0.0608979 -0.0512 0.503917
17.12 -0.061001 -0.0511488 0.503909
17.13 -0.0611041 -0.0510975 0.503901
17.14 -0.061207 -0.0510461 0.503893
17.15 -0.0613099 -0.0509947 0.503886
17.16 -0.0614126 -0.0509432 0.503878
17.17 -0.0615152 -0.0508915 0.50387
17.18 -0.0616177 -0.0508398 0.503862
17.19 -0.0617201 -0.0507881 0.503854
17.2 -0.0618224 -0.0507362 0.503846
17.21 -0.0619246 -0.0506842 0.503839
17.22 -0.0620267 -0.0506322 0.503831
17.23 -0.0621287 -0.0505801 0.503823
17.24 -0.0622306 -0.0505278 0.503815
17.25 -0.0623324 -0.0504755 0.503807
17.26 -0.062434 -0.0504232 0.503799
17.27 -0.0625356 -0.0503707 0.503791
17.28 -0.0626371 -0.0503182 0.503784
17.29 -0.0627384 -0.0502655 0.503776
17.3 -0.0628396 -0.0502128 0.503768
17.31 -0.0629408 -0.05016 0.50376
17.32 -0.0630418 -0.0501071 0.503752
17.33 -0.0631427 -0.0500541 0.503744
17.34 -0.0632435 -0.0500011 0.503736
17.35 -0.0633442 -0.0499479 0.503728
17.36 -0.0634448 -0.0498947 0.50372
17.37 -0.0635453 -0.0498414 0.503712
17.38 -0.0636456 -0.049788 0.503705
17.39 -0.0637459 -0.0497346 0.503697
17.4 -0.063846 -0.049681 0.503689
17.41 -0.0639461 -0.0496274 0.503681
17.42 -0.064046 -0.0495736 0.503673
17.43 -0.0641458 -0.0495198 0.503665
17.44 -0.0642455 -0.0494659 0.503657
17.45 -0.0643451 -0.049412 0.503649
17.46 -0.0644446 -0.0493579 0.503641
17.47 -0.064544 -0.0493038 0.503633
17.48 -0.0646433 -0.0492496 0.503625
17.49 -0.0647424 -0.0491953 0.503617
17.5 -0.0648415 -0.0491409 0.503609
17.51 -0.0649404 -0.0490864 0.503601
17.52 -0.0650392 -0.0490319 0.503593
17.53 -0.065138 -0.0489772 0.503585
17.54 -0.0652366 -0.0489225 0.503577
17.55 -0.065335 -0.0488677 0.503569
17.56 -0.0654334 -0.0488129 0.503561
17.57 -0.0655317 -0.0487579 0.503553
17.58 -0.0656298 -0.0487029 0.503545
17.59 -0.0657279 -0.0486477 0.503537
17.6 -0.0658258 -0.0485925 0.503529
17.61 -0.0659236 -0.0485373 0.503521
17.62 -0.0660213 -0.0484819 0.503513
17.63 -0.0661189 -0.0484264 0.503505
17.64 -0.0662164 -0.0483709 0.503497
17.65 -0.0663137 -0.0483153 0.503489
17.66 -0.066411 -0.0482596 0.503481
17.67 -0.0665081 -0.0482039 0.503473
17.68 -0.0666052 -0.048148 0.503465
17.69 -0.0667021 -0.0480921 0.503457
17.7 -0.0667989 -0.0480361 0.503449
17.71 -0.0668955 -0.04798 0.503441
17.72 -0.0669921 -0.0479238 0.503433
17.73 -0.0670885 -0.0478676 0.503425
17.74 -0.0671849 -0.0478112 0.503417
17.75 -0.0672811 -0.0477548 0.503409
17.76 -0.0673772 -0.0476983 0.503401
17.77 -0.0674732 -0.0476418 0.503393
17.78 -0.0675691 -0.0475851 0.503385
17.79 -0.0676648 -0.0475284 0.503377
17.8 -0.0677605 -0.0474716 0.503369
17.81 -0.067856 -0.0474147 0.503361
17.82 -0.0679514 -0.0473577 0.503353
17.83 -0.0680467 -0.0473007 0.503345
17.84 -0.0681419 -0.0472436 0.503337
17.85 -0.0682369 -0.0471863 0.503329
17.86 -0.0683319 -0.0471291 0.503321
17.87 -0.0684267 -0.0470717 0.503313
17.88 -0.0685214 -0.0470143 0.503305
17.89 -0.068616 -0.0469567 0.503297
17.9 -0.0687105 -0.0468992 0.503288
17.91 -0.0688048 -0.0468415 0.50328
17.92 -0.0688991 -0.0467837 0.503272
17.93 -0.0689932 -0.0467259 0.503264
17.94 -0.0690872 -0.046668 0.503256
17.95 -0.0691811 -0.04661 0.503248
17.96 -0.0692748 -0.0465519 0.50324
17.97 -0.0693685 -0.0464938 0.503232
17.98 -0.069462 -0.0464356 0.503224
17.99 -0.0695554 -0.0463773 0.503216
18 -0.0696487 -0.0463189 0.503208
18.01 -0.0697419 -0.0462605 0.5032
18.02 -0.0698349 -0.0462019 0.503192
18.03 -0.0699279 -0.0461433 0.503184
18.04 -0.0700207 -0.0460846 0.503176
18.05 -0.0701134 -0.0460259 0.503168
18.06 -0.0702059 -0.045967 0.503159
18.07 -0.0702984 -0.0459081 0.503151
18.08 -0.0703907 -0.0458491 0.503143
18.09 -0.070483 -0.0457901 0.503135
18.1 -0.070575 -0.0457309 0.503127
18.11 -0.070667 -0.0456717 0.503119
18.12 -0.0707589 -0.0456124 0.503111
18.13 -0.0708506 -0.045553 0.503103
18.14 -0.0709422 -0.0454936 0.503095
18.15 -0.0710337 -0.0454341 0.503087
18.16 -0.0711251 -0.0453745 0.503079
18.17 -0.0712163 -0.0453148 0.503071
18.18 -0.0713074 -0.0452551 0.503063
18.19 -0.0713985 -0.0451952 0.503055
18.2 -0.0714893 -0.0451353 0.503047
18.21 -0.0715801 -0.0450754 0.503038
18.22 -0.0716707 -0.0450153 0.50303
18.23 -0.0717612 -0.0449552 0.503022
18.24 -0.0718516 -0.044895 0.503014
18.25 -0.0719419 -0.0448347 0.503006
18.26 -0.0720321 -0.0447744 0.502998
18.27 -0.0721221 -0.0447139 0.50299
18.28 -0.072212 -0.0446534 0.502982
18.29 -0.0723018 -0.0445929 0.502974
18.3 -0.0723914 -0.0445322 0.502966
18.31 -0.0724809 -0.0444715 0.502958
18.32 -0.0725704 -0.0444107 0.50295
18.33 -0.0726596 -0.0443498 0.502942
18.34 -0.0727488 -0.0442889 0.502934
18.35 -0.0728378 -0.0442279 0.502926
18.36 -0.0729267 -0.0441668 0.502918
18.37 -0.0730155 -0.0441056 0.502909
18.38 -0.0731042 -0.0440444 0.502901
18.39 -0.0731927 -0.0439831 0.502893
18.4 -0.0732811 -0.0439217 0.502885
18.41 -0.0733694 -0.0438602 0.502877
18.42 -0.0734576 -0.0437987 0.502869
18.43 -0.0735456 -0.0437371 0.502861
18.44 -0.0736335 -0.0436754 0.502853
18.45 -0.0737213 -0.0436137 0.502845
18.46 -0.073809 -0.0435519 0.502837
18.47 -0.0738965 -0.04349 0.502829
18.48 -0.0739839 -0.043428 0.502821
18.49 -0.0740712 -0.043366 0.502813
18.5 -0.0741584 -0.0433038 0.502805
18.51 -0.0742454 -0.0432417 0.502797
18.52 -0.0743323 -0.0431794 0.502789
18.53 -0.0744191 -0.0431171 0.502781
18.54 -0.0745057 -0.0430547 0.502773
18.55 -0.0745923 -0.0429922 0.502765
18.56 -0.0746787 -0.0429297 0.502757
18.57 -0.0747649 -0.0428671 0.502749
18.58 -0.0748511 -0.0428044 0.502741
18.59 -0.0749371 -0.0427416 0.502733
18.6 -0.075023 -0.0426788 0.502725
18.61 -0.0751087 -0.0426159 0.502717
18.62 -0.0751944 -0.042553 0.502709
18.63 -0.0752799 -0.0424899 0.502701
18.64 -0.0753652 -0.0424268 0.502693
18.65 -0.0754505 -0.0423636 0.502685
18.66 -0.0755356 -0.0423004 0.502677
18.67 -0.0756206 -0.0422371 0.502669
18.68 -0.0757054 -0.0421737 0.502661
18.69 -0.0757902 -0.0421102 0.502653
18.7 -0.0758748 -0.0420467 0.502645
18.71 -0.0759593 -0.0419831 0.502637
18.72 -0.0760436 -0.0419194 0.502629
18.73 -0.0761278 -0.0418557 0.502621
18.74 -0.0762119 -0.0417919 0.502613
18.75 -0.0762959 -0.041728 0.502605
18.76 -0.0763797 -0.0416641 0.502597
18.77 -0.0764634 -0.0416 0.502589
18.78 -0.0765469 -0.041536 0.502581
18.79 -0.0766304 -0.0414718 0.502573
18.8 -0.0767137 -0.0414076 0.502565
18.81 -0.0767969 -0.0413433 0.502557
18.82 -0.0768799 -0.0412789 0.502549
18.83 -0.0769628 -0.0412145 0.502541
18.84 -0.0770456 -0.04115 0.502534
18.85 -0.0771282 -0.0410854 0.502526
18.86 -0.0772108 -0.0410208 0.502518
18.87 -0.0772932 -0.0409561 0.50251
18.88 -0.0773754 -0.0408913 0.502502
18.89 -0.0774575 -0.0408265 0.502494
18.9 -0.0775395 -0.0407616 0.502486
18.91 -0.0776214 -0.0406966 0.502478
18.92 -0.0777031 -0.0406316 0.50247
18.93 -0.0777847 -0.0405665 0.502462
18.94 -0.0778662 -0.0405013 0.502455
18.95 -0.0779475 -0.0404361 0.502447
18.96 -0.0780287 -0.0403708 0.502439
18.97 -0.0781098 -0.0403054 0.502431
18.98 -0.0781907 -0.04024 0.502423
18.99 -0.0782715 -0.0401744 0.502415
19 -0.0783522 -0.0401089 0.502407
19.01 -0.0784327 -0.0400432 0.502399
19.02 -0.0785132 -0.0399775 0.502392
19.03 -0.0785934 -0.0399117 0.502384
19.04 -0.0786736 -0.0398459 0.502376
19.05 -0.0787536 -0.03978 0.502368
19.06 -0.0788334 -0.039714 0.50236
19.07 -0.0789132 -0.039648 0.502352
19.08 -0.0789928 -0.0395819 0.502345
19.09 -0.0790722 -0.0395157 0.502337
19.1 -0.0791516 -0.0394495 0.502329
19.11 -0.0792308 -0.0393832 0.502321
19.12 -0.0793098 -0.0393168 0.502313
19.13 -0.0793888 -0.0392504 0.502306
19.14 -0.0794676 -0.0391839 0.502298
19.15 -0.0795462 -0.0391173 0.50229
19.16 -0.0796247 -0.0390507 0.502282
19.17 -0.0797031 -0.038984 0.502274
19.18 -0.0797814 -0.0389173 0.502267
19.19 -0.0798595 -0.0388505 0.502259
19.2 -0.0799375 -0.0387836 0.502251
19.21 -0.0800153 -0.0387166 0.502243
19.22 -0.0800931 -0.0386496 0.502236
19.23 -0.0801706 -0.0385825 0.502228
19.24 -0.0802481 -0.0385154 0.50222
19.25 -0.0803254 -0.0384482 0.502213
19.26 -0.0804026 -0.0383809 0.502205
19.27 -0.0804796 -0.0383136 0.502197
19.28 -0.0805565 -0.0382462 0.502189
19.29 -0.0806332 -0.0381788 0.502182
19.3 -0.0807099 -0.0381112 0.502174
19.31 -0.0807863 -0.0380437 0.502166
19.32 -0.0808627 -0.037976 0.502159
19.33 -0.0809389 -0.0379083 0.502151
19.34 -0.081015 -0.0378405 0.502143
19.35 -0.0810909 -0.0377727 0.502136
19.36 -0.0811667 -0.0377048 0.502128
19.37 -0.0812424 -0.0376368 0.50212
19.38 -0.0813179 -0.0375688 0.502113
19.39 -0.0813933 -0.0375007 0.502105
19.4 -0.0814685 -0.0374326 0.502097
19.41 -0.0815436 -0.0373644 0.50209
19.42 -0.0816186 -0.0372961 0.502082
19.43 -0.0816935 -0.0372278 0.502075
19.44 -0.0817681 -0.0371594 0.502067
19.45 -0.0818427 -0.0370909 0.502059
19.46 -0.0819171 -0.0370224 0.502052
19.47 -0.0819914 -0.0369539 0.502044
19.48 -0.0820655 -0.0368852 0.502037
19.49 -0.0821395 -0.0368165 0.502029
19.5 -0.0822134 -0.0367478 0.502022
19.51 -0.0822871 -0.0366789 0.502014
19.52 -0.0823607 -0.0366101 0.502006
19.53 -0.0824342 -0.0365411 0.501999
19.54 -0.0825075 -0.0364721 0.501991
19.55 -0.0825806 -0.0364031 0.501984
19.56 -0.0826536 -0.0363339 0.501976
19.57 -0.0827265 -0.0362648 0.501969
19.58 -0.0827993 -0.0361955 0.501961
19.59 -0.0828719 -0.0361262 0.501954
19.6 -0.0829443 -0.0360569 0.501946
19.61 -0.0830167 -0.0359875 0.501939
19.62 -0.0830889 -0.035918 0.501931
19.63 -0.0831609 -0.0358484 0.501924
19.64 -0.0832328 -0.0357788 0.501917
19.65 -0.0833046 -0.0357092 0.501909
19.66 -0.0833762 -0.0356395 0.501902
19.67 -0.0834477 -0.0355697 0.501894
19.68 -0.083519 -0.0354999 0.501887
19.69 -0.0835902 -0.03543 0.501879
19.7 -0.0836613 -0.03536 0.501872
19.71 -0.0837322 -0.03529 0.501865
19.72 -0.0838029 -0.0352199 0.501857
19.73 -0.0838736 -0.0351498 0.50185
19.74 -0.0839441 -0.0350796 0.501842
19.75 -0.0840144 -0.0350094 0.501835
19.76 -0.0840846 -0.0349391 0.501828
19.77 -0.0841547 -0.0348687 0.50182
19.78 -0.0842246 -0.0347983 0.501813
19.79 -0.0842944 -0.0347279 0.501806
19.8 -0.084364 -0.0346573 0.501798
19.81 -0.0844335 -0.0345868 0.501791
19.82 -0.0845029 -0.0345161 0.501784
19.83 -0.0845721 -0.0344454 0.501777
19.84 -0.0846411 -0.0343747 0.501769
19.85 -0.08471 -0.0343038 0.501762
19.86 -0.0847788 -0.034233 0.501755
19.87 -0.0848475 -0.034162 0.501748
19.88 -0.0849159 -0.0340911 0.50174
19.89 -0.0849843 -0.03402 0.501733
19.9 -0.0850525 -0.0339489 0.501726
19.91 -0.0851206 -0.0338778 0.501719
19.92 -0.0851885 -0.0338066 0.501711
19.93 -0.0852562 -0.0337353 0.501704
19.94 -0.0853239 -0.033664 0.501697
19.95 -0.0853914 -0.0335926 0.50169
19.96 -0.0854587 -0.0335212 0.501683
19.97 -0.0855259 -0.0334497 0.501676
19.98 -0.0855929 -0.0333782 0.501668
19.99 -0.0856599 -0.0333066 0.501661
20 -0.0857266 -0.0332349 0.501654
20.01 -0.0857932 -0.0331632 0.501647
20.02 -0.0858597 -0.0330915 0.50164
20.03 -0.085926 -0.0330197 0.501633
20.04 -0.0859922 -0.0329478 0.501626
20.05 -0.0860583 -0.0328759 0.501619
20.06 -0.0861241 -0.0328039 0.501612
20.07 -0.0861899 -0.0327319 0.501604
20.08 -0.0862555 -0.0326598 0.501597
20.09 -0.0863209 -0.0325877 0.50159
20.1 -0.0863863 -0.0325155 0.501583
20.11 -0.0864514 -0.0324432 0.501576
20.12 -0.0865164 -0.0323709 0.501569
20.13 -0.0865813 -0.0322986 0.501562
20.14 -0.086646 -0.0322262 0.501555
20.15 -0.0867106 -0.0321537 0.501548
20.16 -0.0867751 -0.0320812 0.501541
20.17 -0.0868393 -0.0320087 0.501534
20.18 -0.0869035 -0.031936 0.501528
20.19 -0.0869675 -0.0318634 0.501521
20.2 -0.0870313 -0.0317907 0.501514
20.21 -0.087095 -0.0317179 0.501507
20.22 -0.0871586 -0.0316451 0.5015
20.23 -0.087222 -0.0315722 0.501493
20.24 -0.0872852 -0.0314993 0.501486
20.25 -0.0873484 -0.0314263 0.501479
20.26 -0.0874113 -0.0313532 0.501472
20.27 -0.0874741 -0.0312802 0.501466
20.28 -0.0875368 -0.031207 0.501459
20.29 -0.0875993 -0.0311338 0.501452
20.3 -0.0876617 -0.0310606 0.501445
20.31 -0.0877239 -0.0309873 0.501438
20.32 -0.087786 -0.030914 0.501431
20.33 -0.0878479 -0.0308406 0.501425
20.34 -0.0879097 -0.0307671 0.501418
20.35 -0.0879714 -0.0306937 0.501411
20.36 -0.0880328 -0.0306201 0.501404
20.37 -0.0880942 -0.0305465 0.501398
20.38 -0.0881554 -0.0304729 0.501391
20.39 -0.0882164 -0.0303992 0.501384
20.4 -0.0882773 -0.0303254 0.501378
20.41 -0.088338 -0.0302516 0.501371
20.42 -0.0883986 -0.0301778 0.501364
20.43 -0.0884591 -0.0301039 0.501358
20.44 -0.0885194 -0.03003 0.501351
20.45 -0.0885795 -0.029956 0.501344
20.46 -0.0886395 -0.0298819 0.501338
20.47 -0.0886994 -0.0298079 0.501331
20.48 -0.0887591 -0.0297337 0.501324
20.49 -0.0888186 -0.0296595 0.501318
20.5 -0.088878 -0.0295853 0.501311
20.51 -0.0889373 -0.029511 0.501305
20.52 -0.0889964 -0.0294367 0.501298
20.53 -0.0890553 -0.0293623 0.501292
20.54 -0.0891141 -0.0292879 0.501285
20.55 -0.0891728 -0.0292134 0.501278
20.56 -0.0892313 -0.0291389 0.501272
20.57 -0.0892896 -0.0290643 0.501265
20.58 -0.0893478 -0.0289897 0.501259
20.59 -0.0894059 -0.028915 0.501253
20.6 -0.0894638 -0.0288403 0.501246
20.61 -0.0895215 -0.0287655 0.50124
20.62 -0.0895791 -0.0286907 0.501233
20.63 -0.0896366 -0.0286159 0.501227
20.64 -0.0896939 -0.028541 0.50122
20.65 -0.089751 -0.028466 0.501214
20.66 -0.089808 -0.028391 0.501208
20.67 -0.0898649 -0.028316 0.501201
20.68 -0.0899216 -0.0282409 0.501195
20.69 -0.0899781 -0.0281657 0.501189
20.7 -0.0900345 -0.0280906 0.501182
20.71 -0.0900907 -0.0280153 0.501176
20.72 -0.0901468 -0.0279401 0.50117
20.73 -0.0902027 -0.0278647 0.501163
20.74 -0.0902585 -0.0277894 0.501157
20.75 -0.0903142 -0.027714 0.501151
20.76 -0.0903696 -0.0276385 0.501145
20.77 -0.090425 -0.027563 0.501138
20.78 -0.0904801 -0.0274874 0.501132
20.79 -0.0905352 -0.0274119 0.501126
20.8 -0.09059 -0.0273362 0.50112
20.81 -0.0906448 -0.0272605 0.501113
20.82 -0.0906993 -0.0271848 0.501107
20.83 -0.0907537 -0.027109 0.501101
20.84 -0.090808 -0.0270332 0.501095
20.85 -0.0908621 -0.0269574 0.501089
20.86 -0.0909161 -0.0268814 0.501083
20.87 -0.0909699 -0.0268055 0.501077
20.88 -0.0910235 -0.0267295 0.501071
20.89 -0.091077 -0.0266535 0.501064
20.9 -0.0911304 -0.0265774 0.501058
20.91 -0.0911835 -0.0265013 0.501052
20.92 -0.0912366 -0.0264251 0.501046
20.93 -0.0912895 -0.0263489 0.50104
20.94 -0.0913422 -0.0262726 0.501034
20.95 -0.0913948 -0.0261963 0.501028
20.96 -0.0914472 -0.02612 0.501022
20.97 -0.0914995 -0.0260436 0.501016
20.98 -0.0915516 -0.0259672 0.50101
20.99 -0.0916035 -0.0258907 0.501004
21 -0.0916554 -0.0258142 0.500999
21.01 -0.091707 -0.0257377 0.500993
21.02 -0.0917585 -0.0256611 0.500987
21.03 -0.0918099 -0.0255844 0.500981
21.04 -0.0918611 -0.0255077 0.500975
21.05 -0.0919121 -0.025431 0.500969
21.06 -0.091963 -0.0253543 0.500963
21.07 -0.0920137 -0.0252775 0.500958
21.08 -0.0920643 -0.0252006 0.500952
21.09 -0.0921147 -0.0251237 0.500946
21.1 -0.092165 -0.0250468 0.50094
21.11 -0.0922151 -0.0249698 0.500934
21.12 -0.092265 -0.0248928 0.500929
21.13 -0.0923148 -0.0248158 0.500923
21.14 -0.0923645 -0.0247387 0.500917
21.15 -0.092414 -0.0246615 0.500911
21.16 -0.0924633 -0.0245844 0.500906
21.17 -0.0925125 -0.0245072 0.5009
21.18 -0.0925615 -0.0244299 0.500894
21.19 -0.0926104 -0.0243526 0.500889
21.2 -0.0926591 -0.0242753 0.500883
21.21 -0.0927076 -0.0241979 0.500878
21.22 -0.092756 -0.0241205 0.500872
21.23 -0.0928043 -0.024043 0.500866
21.24 -0.0928524 -0.0239656 0.500861
21.25 -0.0929003 -0.023888 0.500855
21.26 -0.0929481 -0.0238105 0.50085
21.27 -0.0929957 -0.0237328 0.500844
21.28 -0.0930432 -0.0236552 0.500839
21.29 -0.0930905 -0.0235775 0.500833
21.3 -0.0931377 -0.0234998 0.500828
21.31 -0.0931847 -0.023422 0.500822
21.32 -0.0932315 -0.0233442 0.500817
21.33 -0.0932782 -0.0232664 0.500811
21.34 -0.0933247 -0.0231885 0.500806
21.35 -0.0933711 -0.0231106 0.500801
21.36 -0.0934173 -0.0230326 0.500795
21.37 -0.0934634 -0.0229547 0.50079
21.38 -0.0935093 -0.0228766 0.500784
21.39 -0.093555 -0.0227986 0.500779
21.4 -0.0936006 -0.0227205 0.500774
21.41 -0.093646 -0.0226423 0.500768
21.42 -0.0936913 -0.0225641 0.500763
21.43 -0.0937364 -0.0224859 0.500758
21.44 -0.0937814 -0.0224077 0.500753
21.45 -0.0938262 -0.0223294 0.500747
21.46 -0.0938708 -0.0222511 0.500742
21.47 -0.0939153 -0.0221727 0.500737
21.48 -0.0939597 -0.0220943 0.500732
21.49 -0.0940038 -0.0220159 0.500727
21.5 -0.0940479 -0.0219374 0.500721
21.51 -0.0940917 -0.0218589 0.500716
21.52 -0.0941354 -0.0217804 0.500711
21.53 -0.094179 -0.0217018 0.500706
21.54 -0.0942224 -0.0216232 0.500701
21.55 -0.0942656 -0.0215445 0.500696
21.56 -0.0943087 -0.0214658 0.500691
21.57 -0.0943516 -0.0213871 0.500686
21.58 -0.0943943 -0.0213084 0.500681
21.59 -0.0944369 -0.0212296 0.500676
21.6 -0.0944793 -0.0211508 0.500671
21.61 -0.0945216 -0.0210719 0.500666
21.62 -0.0945637 -0.020993 0.500661
21.63 -0.0946057 -0.0209141 0.500656
21.64 -0.0946475 -0.0208351 0.500651
21.65 -0.0946892 -0.0207562 0.500646
21.66 -0.0947306 -0.0206771 0.500641
21.67 -0.094772 -0.0205981 0.500636
21.68 -0.0948131 -0.020519 0.500631
21.69 -0.0948542 -0.0204398 0.500626
21.7 -0.094895 -0.0203607 0.500621
21.71 -0.0949357 -0.0202815 0.500617
21.72 -0.0949762 -0.0202023 0.500612
21.73 -0.0950166 -0.020123 0.500607
21.74 -0.0950568 -0.0200437 0.500602
21.75 -0.0950969 -0.0199644 0.500598
21.76 -0.0951368 -0.019885 0.500593
21.77 -0.0951765 -0.0198056 0.500588
21.78 -0.0952161 -0.0197262 0.500583
21.79 -0.0952555 -0.0196468 0.500579
21.8 -0.0952948 -0.0195673 0.500574
21.81 -0.0953339 -0.0194877 0.500569
21.82 -0.0953728 -0.0194082 0.500565
21.83 -0.0954116 -0.0193286 0.50056
21.84 -0.0954502 -0.019249 0.500555
21.85 -0.0954887 -0.0191694 0.500551
21.86 -0.095527 -0.0190897 0.500546
21.87 -0.0955651 -0.01901 0.500542
21.88 -0.0956031 -0.0189302 0.500537
21.89 -0.0956409 -0.0188505 0.500533
21.9 -0.0956786 -0.0187707 0.500528
21.91 -0.0957161 -0.0186908 0.500524
21.92 -0.0957534 -0.018611 0.500519
21.93 -0.0957906 -0.0185311 0.500515
21.94 -0.0958276 -0.0184511 0.50051
21.95 -0.0958645 -0.0183712 0.500506
21.96 -0.0959012 -0.0182912 0.500502
21.97 -0.0959377 -0.0182112 0.500497
21.98 -0.0959741 -0.0181312 0.500493
21.99 -0.0960103 -0.0180511 0.500489
22 -0.0960464 -0.017971 0.500484
22.01 -0.0960823 -0.0178909 0.50048
22.02 -0.096118 -0.0178107 0.500476
22.03 -0.0961536 -0.0177305 0.500471
22.04 -0.096189 -0.0176503 0.500467
22.05 -0.0962242 -0.01757 0.500463
22.06 -0.0962593 -0.0174898 0.500459
22.07 -0.0962943 -0.0174095 0.500454
22.08 -0.096329 -0.0173291 0.50045
22.09 -0.0963636 -0.0172488 0.500446
22.1 -0.0963981 -0.0171684 0.500442
22.11 -0.0964324 -0.017088 0.500438
22.12 -0.0964665 -0.0170075 0.500434
22.13 -0.0965005 -0.016927 0.50043
22.14 -0.0965343 -0.0168465 0.500426
22.15 -0.0965679 -0.016766 0.500421
22.16 -0.0966014 -0.0166855 0.500417
22.17 -0.0966347 -0.0166049 0.500413
22.18 -0.0966679 -0.0165243 0.500409
22.19 -0.0967009 -0.0164436 0.500405
22.2 -0.0967337 -0.016363 0.500401
22.21 -0.0967664 -0.0162823 0.500398
22.22 -0.0967989 -0.0162016 0.500394
22.23 -0.0968312 -0.0161208 0.50039
22.24 -0.0968634 -0.0160401 0.500386
22.25 -0.0968954 -0.0159593 0.500382
22.26 -0.0969273 -0.0158784 0.500378
22.27 -0.096959 -0.0157976 0.500374
22.28 -0.0969905 -0.0157167 0.50037
22.29 -0.0970219 -0.0156358 0.500367
22.3 -0.0970531 -0.0155549 0.500363
22.31 -0.0970842 -0.015474 0.500359
22.32 -0.0971151 -0.015393 0.500355
22.33 -0.0971458 -0.015312 0.500352
22.34 -0.0971764 -0.015231 0.500348
22.35 -0.0972068 -0.0151499 0.500344
22.36 -0.097237 -0.0150688 0.50034
22.37 -0.0972671 -0.0149877 0.500337
22.38 -0.097297 -0.0149066 0.500333
22.39 -0.0973267 -0.0148255 0.50033
22.4 -0.0973563 -0.0147443 0.500326
22.41 -0.0973858 -0.0146631 0.500322
22.42 -0.097415 -0.0145819 0.500319
22.43 -0.0974441 -0.0145006 0.500315
22.44 -0.0974731 -0.0144194 0.500312
22.45 -0.0975018 -0.0143381 0.500308
22.46 -0.0975304 -0.0142568 0.500305
22.47 -0.0975589 -0.0141754 0.500301
22.48 -0.0975872 -0.0140941 0.500298
22.49 -0.0976153 -0.0140127 0.500294
22.5 -0.0976433 -0.0139313 0.500291
22.51 -0.0976711 -0.0138499 0.500288
22.52 -0.0976987 -0.0137684 0.500284
22.53 -0.0977262 -0.0136869 0.500281
22.54 -0.0977535 -0.0136054 0.500278
22.55 -0.0977806 -0.0135239 0.500274
22.56 -0.0978076 -0.0134424 0.500271
22.57 -0.0978344 -0.0133608 0.500268
22.58 -0.0978611 -0.0132792 0.500264
22.59 -0.0978876 -0.0131976 0.500261
22.6 -0.0979139 -0.013116 0.500258
22.61 -0.0979401 -0.0130344 0.500255
22.62 -0.0979661 -0.0129527 0.500252
22.63 -0.0979919 -0.012871 0.500248
22.64 -0.0980176 -0.0127893 0.500245
22.65 -0.0980431 -0.0127076 0.500242
22.66 -0.0980684 -0.0126258 0.500239
22.67 -0.0980936 -0.012544 0.500236
22.68 -0.0981186 -0.0124622 0.500233
22.69 -0.0981435 -0.0123804 0.50023
22.7 -0.0981682 -0.0122986 0.500227
22.71 -0.0981927 -0.0122167 0.500224
22.72 -0.098217 -0.0121349 0.500221
22.73 -0.0982412 -0.012053 0.500218
22.74 -0.0982653 -0.0119711 0.500215
22.75 -0.0982892 -0.0118891 0.500212
22.76 -0.0983129 -0.0118072 0.500209
22.77 -0.0983364 -0.0117252 0.500206
22.78 -0.0983598 -0.0116432 0.500203
22.79 -0.098383 -0.0115612 0.5002
22.8 -0.098406 -0.0114792 0.500198
22.81 -0.0984289 -0.0113971 0.500195
22.82 -0.0984516 -0.0113151 0.500192
22.83 -0.0984742 -0.011233 0.500189
22.84 -0.0984966 -0.0111509 0.500186
22.85 -0.0985188 -0.0110687 0.500184
22.86 -0.0985409 -0.0109866 0.500181
22.87 -0.0985628 -0.0109045 0.500178
22.88 -0.0985845 -0.0108223 0.500176
22.89 -0.0986061 -0.0107401 0.500173
22.9 -0.0986275 -0.0106579 0.50017
22.91 -0.0986487 -0.0105757 0.500168
22.92 -0.0986698 -0.0104934 0.500165
22.93 -0.0986907 -0.0104112 0.500163
22.94 -0.0987115 -0.0103289 0.50016
22.95 -0.0987321 -0.0102466 0.500157
22.96 -0.0987525 -0.0101643 0.500155
22.97 -0.0987727 -0.0100819 0.500152
22.98 -0.0987928 -0.0099996 0.50015
22.99 -0.0988127 -0.00991724 0.500148
23 -0.0988325 -0.00983486 0.500145
23.01 -0.0988521 -0.00975247 0.500143
23.02 -0.0988715 -0.00967006 0.50014
23.03 -0.0988908 -0.00958764 0.500138
23.04 -0.0989099 -0.0095052 0.500136
23.05 -0.0989288 -0.00942274 0.500133
23.06 -0.0989476 -0.00934027 0.500131
23.07 -0.0989662 -0.00925779 0.500129
23.08 -0.0989846 -0.00917528 0.500126
23.09 -0.0990029 -0.00909277 0.500124
23.1 -0.099021 -0.00901024 0.500122
23.11 -0.0990389 -0.00892769 0.50012
23.12 -0.0990567 -0.00884513 0.500117
23.13 -0.0990743 -0.00876256 0.500115
23.14 -0.0990918 -0.00867997 0.500113
23.15 -0.0991091 -0.00859737 0.500111
23.16 -0.0991262 -0.00851475 0.500109
23.17 -0.0991431 -0.00843212 0.500107
23.18 -0.0991599 -0.00834948 0.500105
23.19 -0.0991765 -0.00826682 0.500103
23.2 -0.099193 -0.00818415 0.5001
23.21 -0.0992093 -0.00810147 0.500098
23.22 -0.0992254 -0.00801877 0.500096
23.23 -0.0992413 -0.00793606 0.500094
23.24 -0.0992571 -0.00785334 0.500093
23.25 -0.0992728 -0.0077706 0.500091
23.26 -0.0992882 -0.00768785 0.500089
23.27 -0.0993035 -0.00760509 0.500087
23.28 -0.0993187 -0.00752232 0.500085
23.29 -0.0993336 -0.00743953 0.500083
23.3 -0.0993484 -0.00735674 0.500081
23.31 -0.0993631 -0.00727393 0.500079
23.32 -0.0993775 -0.0071911 0.500078
23.33 -0.0993918 -0.00710827 0.500076
23.34 -0.099406 -0.00702543 0.500074
23.35 -0.0994199 -0.00694257 0.500072
23.36 -0.0994337 -0.0068597 0.500071
23.37 -0.0994474 -0.00677682 0.500069
23.38 -0.0994608 -0.00669393 0.500067
23.39 -0.0994741 -0.00661103 0.500066
23.4 -0.0994873 -0.00652812 0.500064
23.41 -0.0995003 -0.0064452 0.500062
23.42 -0.0995131 -0.00636227 0.500061
23.43 -0.0995257 -0.00627932 0.500059
23.44 -0.0995382 -0.00619637 0.500058
23.45 -0.0995505 -0.00611341 0.500056
23.46 -0.0995626 -0.00603044 0.500055
23.47 -0.0995746 -0.00594745 0.500053
23.48 -0.0995864 -0.00586446 0.500052
23.49 -0.0995981 -0.00578146 0.50005
23.5 -0.0996096 -0.00569845 0.500049
23.51 -0.0996209 -0.00561543 0.500047
23.52 -0.099632 -0.0055324 0.500046
23.53 -0.099643 -0.00544936 0.500045
23.54 -0.0996538 -0.00536631 0.500043
23.55 -0.0996645 -0.00528325 0.500042
23.56 -0.099675 -0.00520019 0.500041
23.57 -0.0996853 -0.00511712 0.500039
23.58 -0.0996954 -0.00503403 0.500038
23.59 -0.0997054 -0.00495094 0.500037
23.6 -0.0997152 -0.00486785 0.500036
23.61 -0.0997249 -0.00478474 0.500034
23.62 -0.0997344 -0.00470163 0.500033
23.63 -0.0997437 -0.0046185 0.500032
23.64 -0.0997529 -0.00453538 0.500031
23.65 -0.0997618 -0.00445224 0.50003
23.66 -0.0997707 -0.0043691 0.500029
23.67 -0.0997793 -0.00428595 0.500028
23.68 -0.0997878 -0.00420279 0.500026
23.69 -0.0997961 -0.00411962 0.500025
23.7 -0.0998043 -0.00403645 0.500024
23.71 -0.0998123 -0.00395328 0.500023
23.72 -0.0998201 -0.00387009 0.500022
23.73 -0.0998278 -0.0037869 0.500022
23.74 -0.0998353 -0.0037037 0.500021
23.75 -0.0998426 -0.0036205 0.50002
23.76 -0.0998497 -0.00353729 0.500019
23.77 -0.0998567 -0.00345408 0.500018
23.78 -0.0998636 -0.00337086 0.500017
23.79 -0.0998702 -0.00328764 0.500016
23.8 -0.0998767 -0.0032044 0.500015
23.81 -0.099883 -0.00312117 0.500015
23.82 -0.0998892 -0.00303793 0.500014
23.83 -0.0998952 -0.00295468 0.500013
23.84 -0.099901 -0.00287143 0.500012
23.85 -0.0999067 -0.00278818 0.500012
23.86 -0.0999122 -0.00270492 0.500011
23.87 -0.0999175 -0.00262165 0.50001
23.88 -0.0999226 -0.00253838 0.50001
23.89 -0.0999276 -0.00245511 0.500009
23.9 -0.0999325 -0.00237184 0.500008
23.91 -0.0999371 -0.00228855 0.500008
23.92 -0.0999416 -0.00220527 0.500007
23.93 -0.099946 -0.00212198 0.500007
23.94 -0.0999501 -0.00203869 0.500006
23.95 -0.0999541 -0.0019554 0.500006
23.96 -0.0999579 -0.0018721 0.500005
23.97 -0.0999616 -0.0017888 0.500005
23.98 -0.0999651 -0.0017055 0.500004
23.99 -0.0999684 -0.00162219 0.500004
24 -0.0999716 -0.00153888 0.500004
24.01 -0.0999746 -0.00145557 0.500003
24.02 -0.0999774 -0.00137226 0.500003
24.03 -0.0999801 -0.00128894 0.500002
24.04 -0.0999826 -0.00120562 0.500002
24.05 -0.0999849 -0.0011223 0.500002
24.06 -0.099987 -0.00103898 0.500002
24.07 -0.099989 -0.000955655 0.500001
24.08 -0.0999909 -0.00087233 0.500001
24.09 -0.0999925 -0.000789003 0.500001
24.1 -0.099994 -0.000705676 0.500001
24.11 -0.0999954 -0.000622347 0.500001
24.12 -0.0999965 -0.000539016 0.5
24.13 -0.0999975 -0.000455686 0.5
24.14 -0.0999983 -0.000372354 0.5
24.15 -0.099999 -0.000289022 0.5
24.16 -0.0999995 -0.000205689 0.5
24.17 -0.0999998 -0.000122356 0.5
24.18 -0.1 -3.90226e-05 0.5
24.19 -0.1 4.43107e-05 0.5
24.2 -0.0999998 0.000127644 0.5
24.21 -0.0999995 0.000210977 0.5
24.22 -0.099999 0.00029431 0.5
24.23 -0.0999983 0.000377642 0.5
24.24 -0.0999975 0.000460974 0.5
24.25 -0.0999964 0.000544304 0.5
24.26 -0.0999953 0.000627634 0.500001
24.27 -0.0999939 0.000710963 0.500001
24.28 -0.0999924 0.000794291 0.500001
24.29 -0.0999908 0.000877618 0.500001
24.3 -0.0999889 0.000960943 0.500001
24.31 -0.0999869 0.00104427 0.500002
24.32 -0.0999847 0.00112759 0.500002
24.33 -0.0999824 0.00121091 0.500002
24.34 -0.0999799 0.00129423 0.500003
24.35 -0.0999772 0.00137754 0.500003
24.36 -0.0999744 0.00146086 0.500003
24.37 -0.0999714 0.00154417 0.500004
24.38 -0.0999682 0.00162748 0.500004
24.39 -0.0999649 0.00171078 0.500004
24.4 -0.0999614 0.00179409 0.500005
24.41 -0.0999577 0.00187739 0.500005
24.42 -0.0999539 0.00196068 0.500006
24.43 -0.0999499 0.00204398 0.500006
24.44 -0.0999457 0.00212727 0.500007
24.45 -0.0999413 0.00221056 0.500007
24.46 -0.0999368 0.00229384 0.500008
24.47 -0.0999322 0.00237712 0.500008
24.48 -0.0999273 0.0024604 0.500009
24.49 -0.0999223 0.00254367 0.50001
24.5 -0.0999172 0.00262694 0.50001
24.51 -0.0999118 0.0027102 0.500011
24.52 -0.0999063 0.00279346 0.500012
24.53 -0.0999006 0.00287671 0.500012
24.54 -0.0998948 0.00295997 0.500013
24.55 -0.0998888 0.00304321 0.500014
24.56 -0.0998826 0.00312645 0.500015
24.57 -0.0998763 0.00320969 0.500015
24.58 -0.0998698 0.00329292 0.500016
24.59 -0.0998631 0.00337614 0.500017
24.6 -0.0998563 0.00345936 0.500018
24.61 -0.0998493 0.00354257 0.500019
24.62 -0.0998421 0.00362578 0.50002
24.63 -0.0998348 0.00370898 0.500021
24.64 -0.0998273 0.00379218 0.500022
24.65 -0.0998196 0.00387537 0.500023
24.66 -0.0998118 0.00395855 0.500024
24.67 -0.0998038 0.00404173 0.500025
24.68 -0.0997956 0.0041249 0.500026
24.69 -0.0997873 0.00420807 0.500027
24.7 -0.0997788 0.00429122 0.500028
24.71 -0.0997701 0.00437437 0.500029
24.72 -0.0997613 0.00445752 0.50003
24.73 -0.0997523 0.00454065 0.500031
24.74 -0.0997431 0.00462378 0.500032
24.75 -0.0997338 0.0047069 0.500033
24.76 -0.0997243 0.00479001 0.500034
24.77 -0.0997146 0.00487312 0.500036
24.78 -0.0997048 0.00495622 0.500037
24.79 -0.0996948 0.00503931 0.500038
24.8 -0.0996846 0.00512239 0.500039
24.81 -0.0996743 0.00520546 0.500041
24.82 -0.0996638 0.00528852 0.500042
24.83 -0.0996532 0.00537158 0.500043
24.84 -0.0996423 0.00545463 0.500045
24.85 -0.0996313 0.00553767 0.500046
24.86 -0.0996202 0.00562069 0.500047
24.87 -0.0996088 0.00570371 0.500049
24.88 -0.0995974 0.00578673 0.50005
24.89 -0.0995857 0.00586973 0.500052
24.9 -0.0995739 0.00595272 0.500053
24.91 -0.0995619 0.0060357 0.500055
24.92 -0.0995497 0.00611867 0.500056
24.93 -0.0995374 0.00620164 0.500058
24.94 -0.0995249 0.00628459 0.500059
24.95 -0.0995123 0.00636753 0.500061
24.96 -0.0994994 0.00645046 0.500062
24.97 -0.0994865 0.00653338 0.500064
24.98 -0.0994733 0.00661629 0.500066
24.99 -0.09946 0.00669919 0.500067
25 -0.0994465 0.00678208 0.500069
25.01 -0.0994329 0.00686496 0.500071
25.02 -0.099419 0.00694783 0.500072
25.03 -0.0994051 0.00703068 0.500074
25.04 -0.0993909 0.00711353 0.500076
25.05 -0.0993766 0.00719636 0.500078
25.06 -0.0993621 0.00727918 0.500079
25.07 -0.0993475 0.00736199 0.500081
25.08 -0.0993327 0.00744479 0.500083
25.09 -0.0993177 0.00752757 0.500085
25.1 -0.0993026 0.00761034 0.500087
25.11 -0.0992873 0.0076931 0.500089
25.12 -0.0992718 0.00777585 0.500091
25.13 -0.0992561 0.00785859 0.500093
25.14 -0.0992403 0.00794131 0.500095
25.15 -0.0992244 0.00802402 0.500097
25.16 -0.0992082 0.00810672 0.500099
25.17 -0.0991919 0.0081894 0.500101
25.18 -0.0991755 0.00827207 0.500103
25.19 -0.0991588 0.00835473 0.500105
25.2 -0.099142 0.00843737 0.500107
25.21 -0.0991251 0.00852 0.500109
25.22 -0.099108 0.00860261 0.500111
25.23 -0.0990907 0.00868521 0.500113
25.24 -0.0990732 0.0087678 0.500115
25.25 -0.0990556 0.00885037 0.500117
25.26 -0.0990378 0.00893293 0.50012
25.27 -0.0990199 0.00901548 0.500122
25.28 -0.0990017 0.00909801 0.500124
25.29 -0.0989834 0.00918052 0.500126
25.3 -0.098965 0.00926302 0.500129
25.31 -0.0989464 0.0093455 0.500131
25.32 -0.0989276 0.00942797 0.500133
25.33 -0.0989087 0.00951043 0.500136
25.34 -0.0988896 0.00959287 0.500138
25.35 -0.0988703 0.00967529 0.50014
25.36 -0.0988508 0.0097577 0.500143
25.37 -0.0988312 0.00984009 0.500145
25.38 -0.0988115 0.00992246 0.500148
25.39 -0.0987915 0.0100048 0.50015
25.4 -0.0987714 0.0100872 0.500153
25.41 -0.0987512 0.0101695 0.500155
25.42 -0.0987308 0.0102518 0.500158
25.43 -0.0987102 0.0103341 0.50016
25.44 -0.0986894 0.0104164 0.500163
25.45 -0.0986685 0.0104986 0.500165
25.46 -0.0986474 0.0105809 0.500168
25.47 -0.0986261 0.0106631 0.500171
25.48 -0.0986047 0.0107453 0.500173
25.49 -0.0985831 0.0108275 0.500176
25.5 -0.0985614 0.0109097 0.500178
25.51 -0.0985395 0.0109918 0.500181
25.52 -0.0985174 0.011074 0.500184
25.53 -0.0984952 0.0111561 0.500187
25.54 -0.0984728 0.0112382 0.500189
25.55 -0.0984502 0.0113203 0.500192
25.56 -0.0984275 0.0114023 0.500195
25.57 -0.0984046 0.0114844 0.500198
25.58 -0.0983815 0.0115664 0.500201
25.59 -0.0983583 0.0116484 0.500203
25.6 -0.0983349 0.0117304 0.500206
25.61 -0.0983114 0.0118124 0.500209
25.62 -0.0982876 0.0118943 0.500212
25.63 -0.0982638 0.0119762 0.500215
25.64 -0.0982397 0.0120582 0.500218
25.65 -0.0982155 0.0121401 0.500221
25.66 -0.0981911 0.0122219 0.500224
25.67 -0.0981666 0.0123038 0.500227
25.68 -0.0981419 0.0123856 0.50023
25.69 -0.098117 0.0124674 0.500233
25.7 -0.098092 0.0125492 0.500236
25.71 -0.0980668 0.012631 0.500239
25.72 -0.0980415 0.0127127 0.500242
25.73 -0.0980159 0.0127945 0.500245
25.74 -0.0979903 0.0128762 0.500249
25.75 -0.0979644 0.0129579 0.500252
25.76 -0.0979384 0.0130395 0.500255
25.77 -0.0979122 0.0131212 0.500258
25.78 -0.0978859 0.0132028 0.500261
25.79 -0.0978594 0.0132844 0.500265
25.8 -0.0978327 0.013366 0.500268
25.81 -0.0978059 0.0134476 0.500271
25.82 -0.0977789 0.0135291 0.500274
25.83 -0.0977517 0.0136106 0.500278
25.84 -0.0977244 0.0136921 0.500281
25.85 -0.0976969 0.0137736 0.500284
25.86 -0.0976693 0.013855 0.500288
25.87 -0.0976415 0.0139364 0.500291
25.88 -0.0976135 0.0140179 0.500295
25.89 -0.0975854 0.0140992 0.500298
25.9 -0.0975571 0.0141806 0.500302
25.91 -0.0975286 0.0142619 0.500305
25.92 -0.0975 0.0143432 0.500308
25.93 -0.0974712 0.0144245 0.500312
25.94 -0.0974423 0.0145058 0.500316
25.95 -0.0974132 0.014587 0.500319
25.96 -0.0973839 0.0146682 0.500323
25.97 -0.0973545 0.0147494 0.500326
25.98 -0.0973249 0.0148306 0.50033
25.99 -0.0972951 0.0149118 0.500333
26 -0.0972652 0.0149929 0.500337
26.01 -0.0972351 0.015074 0.500341
26.02 -0.0972048 0.015155 0.500344
26.03 -0.0971744 0.0152361 0.500348
26.04 -0.0971438 0.0153171 0.500352
26.05 -0.0971131 0.0153981 0.500356
26.06 -0.0970822 0.0154791 0.500359
26.07 -0.0970511 0.01556 0.500363
26.08 -0.0970199 0.015641 0.500367
26.09 -0.0969885 0.0157219 0.500371
26.1 -0.096957 0.0158027 0.500374
26.11 -0.0969253 0.0158836 0.500378
26.12 -0.0968934 0.0159644 0.500382
26.13 -0.0968614 0.0160452 0.500386
26.14 -0.0968292 0.0161259 0.50039
26.15 -0.0967968 0.0162067 0.500394
26.16 -0.0967643 0.0162874 0.500398
26.17 -0.0967316 0.0163681 0.500402
26.18 -0.0966988 0.0164488 0.500406
26.19 -0.0966658 0.0165294 0.50041
26.2 -0.0966326 0.01661 0.500414
26.21 -0.0965993 0.0166906 0.500418
26.22 -0.0965658 0.0167711 0.500422
26.23 -0.0965321 0.0168517 0.500426
26.24 -0.0964983 0.0169322 0.50043
26.25 -0.0964643 0.0170126 0.500434
26.26 -0.0964302 0.0170931 0.500438
26.27 -0.0963959 0.0171735 0.500442
26.28 -0.0963615 0.0172539 0.500446
26.29 -0.0963268 0.0173342 0.500451
26.3 -0.0962921 0.0174146 0.500455
26.31 -0.0962571 0.0174949 0.500459
26.32 -0.096222 0.0175751 0.500463
26.33 -0.0961867 0.0176554 0.500467
26.34 -0.0961513 0.0177356 0.500472
26.35 -0.0961157 0.0178158 0.500476
26.36 -0.09608 0.0178959 0.50048
26.37 -0.0960441 0.0179761 0.500484
26.38 -0.096008 0.0180562 0.500489
26.39 -0.0959718 0.0181362 0.500493
26.4 -0.0959354 0.0182163 0.500498
26.41 -0.0958989 0.0182963 0.500502
26.42 -0.0958621 0.0183763 0.500506
26.43 -0.0958253 0.0184562 0.500511
26.44 -0.0957882 0.0185361 0.500515
26.45 -0.0957511 0.018616 0.50052
26.46 -0.0957137 0.0186959 0.500524
26.47 -0.0956762 0.0187757 0.500529
26.48 -0.0956385 0.0188555 0.500533
26.49 -0.0956007 0.0189353 0.500538
26.5 -0.0955627 0.019015 0.500542
26.51 -0.0955245 0.0190947 0.500547
26.52 -0.0954862 0.0191744 0.500551
26.53 -0.0954478 0.0192541 0.500556
26.54 -0.0954091 0.0193337 0.50056
26.55 -0.0953703 0.0194132 0.500565
26.56 -0.0953314 0.0194928 0.50057
26.57 -0.0952923 0.0195723 0.500574
26.58 -0.095253 0.0196518 0.500579
26.59 -0.0952136 0.0197313 0.500584
26.6 -0.095174 0.0198107 0.500588
26.61 -0.0951342 0.0198901 0.500593
26.62 -0.0950943 0.0199694 0.500598
26.63 -0.0950543 0.0200487 0.500603
26.64 -0.095014 0.020128 0.500607
26.65 -0.0949737 0.0202073 0.500612
26.66 -0.0949331 0.0202865 0.500617
26.67 -0.0948924 0.0203657 0.500622
26.68 -0.0948516 0.0204449 0.500627
26.69 -0.0948105 0.020524 0.500631
26.7 -0.0947694 0.0206031 0.500636
26.71 -0.094728 0.0206821 0.500641
26.72 -0.0946865 0.0207612 0.500646
26.73 -0.0946449 0.0208402 0.500651
26.74 -0.0946031 0.0209191 0.500656
26.75 -0.0945611 0.020998 0.500661
26.76 -0.094519 0.0210769 0.500666
26.77 -0.0944767 0.0211558 0.500671
26.78 -0.0944342 0.0212346 0.500676
26.79 -0.0943916 0.0213134 0.500681
26.8 -0.0943488 0.0213921 0.500686
26.81 -0.0943059 0.0214708 0.500691
26.82 -0.0942628 0.0215495 0.500696
26.83 -0.0942196 0.0216282 0.500701
26.84 -0.0941762 0.0217068 0.500706
26.85 -0.0941327 0.0217853 0.500711
26.86 -0.0940889 0.0218639 0.500717
26.87 -0.0940451 0.0219424 0.500722
26.88 -0.094001 0.0220209 0.500727
26.89 -0.0939569 0.0220993 0.500732
26.9 -0.0939125 0.0221777 0.500737
26.91 -0.093868 0.022256 0.500742
26.92 -0.0938234 0.0223344 0.500748
26.93 -0.0937785 0.0224126 0.500753
26.94 -0.0937336 0.0224909 0.500758
26.95 -0.0936885 0.0225691 0.500763
26.96 -0.0936432 0.0226473 0.500769
26.97 -0.0935977 0.0227254 0.500774
26.98 -0.0935521 0.0228035 0.500779
26.99 -0.0935064 0.0228816 0.500785
27 -0.0934605 0.0229596 0.50079
27.01 -0.0934144 0.0230376 0.500795
27.02 -0.0933682 0.0231155 0.500801
27.03 -0.0933218 0.0231935 0.500806
27.04 -0.0932752 0.0232713 0.500812
27.05 -0.0932285 0.0233492 0.500817
27.06 -0.0931817 0.023427 0.500823
27.07 -0.0931347 0.0235047 0.500828
27.08 -0.0930875 0.0235824 0.500834
27.09 -0.0930402 0.0236601 0.500839
27.1 -0.0929927 0.0237378 0.500845
27.11 -0.0929451 0.0238154 0.50085
27.12 -0.0928973 0.0238929 0.500856
27.13 -0.0928493 0.0239705 0.500861
27.14 -0.0928012 0.024048 0.500867
27.15 -0.092753 0.0241254 0.500872
27.16 -0.0927046 0.0242028 0.500878
27.17 -0.092656 0.0242802 0.500884
27.18 -0.0926073 0.0243575 0.500889
27.19 -0.0925584 0.0244348 0.500895
27.2 -0.0925094 0.0245121 0.5009
27.21 -0.0924602 0.0245893 0.500906
27.22 -0.0924108 0.0246664 0.500912
27.23 -0.0923613 0.0247436 0.500918
27.24 -0.0923117 0.0248207 0.500923
27.25 -0.0922619 0.0248977 0.500929
27.26 -0.0922119 0.0249747 0.500935
27.27 -0.0921618 0.0250517 0.50094
27.28 -0.0921115 0.0251286 0.500946
27.29 -0.0920611 0.0252055 0.500952
27.3 -0.0920105 0.0252823 0.500958
27.31 -0.0919597 0.0253591 0.500964
27.32 -0.0919089 0.0254359 0.50097
27.33 -0.0918578 0.0255126 0.500975
27.34 -0.0918066 0.0255893 0.500981
27.35 -0.0917552 0.0256659 0.500987
27.36 -0.0917037 0.0257425 0.500993
27.37 -0.0916521 0.0258191 0.500999
27.38 -0.0916003 0.0258956 0.501005
27.39 -0.0915483 0.025972 0.501011
27.4 -0.0914962 0.0260485 0.501017
27.41 -0.0914439 0.0261248 0.501023
27.42 -0.0913914 0.0262012 0.501029
27.43 -0.0913389 0.0262775 0.501035
27.44 -0.0912861 0.0263537 0.501041
27.45 -0.0912332 0.0264299 0.501047
27.46 -0.0911802 0.0265061 0.501053
27.47 -0.091127 0.0265822 0.501059
27.48 -0.0910736 0.0266583 0.501065
27.49 -0.0910201 0.0267343 0.501071
27.5 -0.0909665 0.0268103 0.501077
27.51 -0.0909126 0.0268863 0.501083
27.52 -0.0908587 0.0269622 0.501089
27.53 -0.0908046 0.027038 0.501095
27.54 -0.0907503 0.0271138 0.501102
27.55 -0.0906959 0.0271896 0.501108
27.56 -0.0906413 0.0272653 0.501114
27.57 -0.0905866 0.027341 0.50112
27.58 -0.0905317 0.0274167 0.501126
27.59 -0.0904766 0.0274922 0.501132
27.6 -0.0904215 0.0275678 0.501139
27.61 -0.0903661 0.0276433 0.501145
27.62 -0.0903106 0.0277187 0.501151
27.63 -0.090255 0.0277942 0.501157
27.64 -0.0901992 0.0278695 0.501164
27.65 -0.0901433 0.0279448 0.50117
27.66 -0.0900872 0.0280201 0.501176
27.67 -0.0900309 0.0280953 0.501183
27.68 -0.0899745 0.0281705 0.501189
27.69 -0.089918 0.0282456 0.501195
27.7 -0.0898613 0.0283207 0.501202
27.71 -0.0898044 0.0283958 0.501208
27.72 -0.0897474 0.0284708 0.501214
27.73 -0.0896902 0.0285457 0.501221
27.74 -0.0896329 0.0286206 0.501227
27.75 -0.0895755 0.0286955 0.501234
27.76 -0.0895179 0.0287703 0.50124
27.77 -0.0894601 0.028845 0.501247
27.78 -0.0894022 0.0289198 0.501253
27.79 -0.0893441 0.0289944 0.501259
27.8 -0.0892859 0.029069 0.501266
27.81 -0.0892276 0.0291436 0.501272
27.82 -0.0891691 0.0292181 0.501279
27.83 -0.0891104 0.0292926 0.501285
27.84 -0.0890516 0.029367 0.501292
27.85 -0.0889926 0.0294414 0.501299
27.86 -0.0889335 0.0295157 0.501305
27.87 -0.0888743 0.02959 0.501312
27.88 -0.0888149 0.0296642 0.501318
27.89 -0.0887553 0.0297384 0.501325
27.9 -0.0886956 0.0298126 0.501331
27.91 -0.0886357 0.0298866 0.501338
27.92 -0.0885757 0.0299607 0.501345
27.93 -0.0885156 0.0300347 0.501351
27.94 -0.0884553 0.0301086 0.501358
27.95 -0.0883948 0.0301825 0.501365
27.96 -0.0883342 0.0302563 0.501371
27.97 -0.0882734 0.0303301 0.501378
27.98 -0.0882125 0.0304039 0.501385
27.99 -0.0881515 0.0304776 0.501391
28 -0.0880903 0.0305512 0.501398
28.01 -0.0880289 0.0306248 0.501405
28.02 -0.0879674 0.0306983 0.501412
28.03 -0.0879058 0.0307718 0.501418
28.04 -0.087844 0.0308452 0.501425
28.05 -0.0877821 0.0309186 0.501432
28.06 -0.08772 0.030992 0.501439
28.07 -0.0876577 0.0310652 0.501445
28.08 -0.0875954 0.0311385 0.501452
28.09 -0.0875328 0.0312117 0.501459
28.1 -0.0874702 0.0312848 0.501466
28.11 -0.0874073 0.0313579 0.501473
28.12 -0.0873444 0.0314309 0.50148
28.13 -0.0872812 0.0315039 0.501487
28.14 -0.087218 0.0315768 0.501493
28.15 -0.0871545 0.0316497 0.5015
28.16 -0.087091 0.0317225 0.501507
28.17 -0.0870273 0.0317953 0.501514
28.18 -0.0869634 0.031868 0.501521
28.19 -0.0868994 0.0319406 0.501528
28.2 -0.0868353 0.0320133 0.501535
28.21 -0.086771 0.0320858 0.501542
28.22 -0.0867065 0.0321583 0.501549
28.23 -0.0866419 0.0322308 0.501556
28.24 -0.0865772 0.0323032 0.501563
28.25 -0.0865123 0.0323755 0.50157
28.26 -0.0864473 0.0324478 0.501577
28.27 -0.0863821 0.0325201 0.501584
28.28 -0.0863168 0.0325922 0.501591
28.29 -0.0862513 0.0326644 0.501598
28.3 -0.0861857 0.0327365 0.501605
28.31 -0.08612 0.0328085 0.501612
28.32 -0.0860541 0.0328804 0.501619
28.33 -0.085988 0.0329524 0.501626
28.34 -0.0859218 0.0330242 0.501633
28.35 -0.0858555 0.033096 0.50164
28.36 -0.085789 0.0331678 0.501647
28.37 -0.0857224 0.0332395 0.501655
28.38 -0.0856556 0.0333111 0.501662
28.39 -0.0855887 0.0333827 0.501669
28.4 -0.0855216 0.0334543 0.501676
28.41 -0.0854544 0.0335257 0.501683
28.42 -0.0853871 0.0335972 0.50169
28.43 -0.0853196 0.0336685 0.501697
28.44 -0.085252 0.0337398 0.501705
28.45 -0.0851842 0.0338111 0.501712
28.46 -0.0851162 0.0338823 0.501719
28.47 -0.0850482 0.0339534 0.501726
28.48 -0.08498 0.0340245 0.501733
28.49 -0.0849116 0.0340956 0.501741
28.5 -0.0848431 0.0341666 0.501748
28.51 -0.0847745 0.0342375 0.501755
28.52 -0.0847057 0.0343083 0.501762
28.53 -0.0846367 0.0343791 0.50177
28.54 -0.0845677 0.0344499 0.501777
28.55 -0.0844985 0.0345206 0.501784
28.56 -0.0844291 0.0345912 0.501792
28.57 -0.0843596 0.0346618 0.501799
28.58 -0.0842899 0.0347323 0.501806
28.59 -0.0842202 0.0348028 0.501814
28.6 -0.0841502 0.0348732 0.501821
28.61 -0.0840802 0.0349436 0.501828
28.62 -0.0840099 0.0350139 0.501836
28.63 -0.0839396 0.0350841 0.501843
28.64 -0.0838691 0.0351543 0.50185
28.65 -0.0837985 0.0352244 0.501858
28.66 -0.0837277 0.0352945 0.501865
28.67 -0.0836568 0.0353645 0.501872
28.68 -0.0835857 0.0354344 0.50188
28.69 -0.0835145 0.0355043 0.501887
28.7 -0.0834431 0.0355741 0.501895
28.71 -0.0833716 0.0356439 0.501902
28.72 -0.0833 0.0357136 0.50191
28.73 -0.0832282 0.0357833 0.501917
28.74 -0.0831563 0.0358528 0.501924
28.75 -0.0830843 0.0359224 0.501932
28.76 -0.0830121 0.0359919 0.501939
28.77 -0.0829398 0.0360613 0.501947
28.78 -0.0828673 0.0361306 0.501954
28.79 -0.0827947 0.0361999 0.501962
28.8 -0.0827219 0.0362692 0.501969
28.81 -0.082649 0.0363383 0.501977
28.82 -0.082576 0.0364075 0.501984
28.83 -0.0825028 0.0364765 0.501992
28.84 -0.0824295 0.0365455 0.501999
28.85 -0.082356 0.0366144 0.502007
28.86 -0.0822825 0.0366833 0.502014
28.87 -0.0822087 0.0367521 0.502022
28.88 -0.0821349 0.0368209 0.50203
28.89 -0.0820608 0.0368896 0.502037
28.9 -0.0819867 0.0369582 0.502045
28.91 -0.0819124 0.0370268 0.502052
28.92 -0.081838 0.0370953 0.50206
28.93 -0.0817634 0.0371637 0.502067
28.94 -0.0816887 0.0372321 0.502075
28.95 -0.0816139 0.0373005 0.502083
28.96 -0.0815389 0.0373687 0.50209
28.97 -0.0814638 0.0374369 0.502098
28.98 -0.0813885 0.0375051 0.502106
28.99 -0.0813131 0.0375731 0.502113
29 -0.0812376 0.0376412 0.502121
29.01 -0.0811619 0.0377091 0.502128
29.02 -0.0810861 0.037777 0.502136
29.03 -0.0810102 0.0378448 0.502144
29.04 -0.0809341 0.0379126 0.502151
29.05 -0.0808579 0.0379803 0.502159
29.06 -0.0807815 0.0380479 0.502167
29.07 -0.080705 0.0381155 0.502174
29.08 -0.0806284 0.038183 0.502182
29.09 -0.0805516 0.0382505 0.50219
29.1 -0.0804747 0.0383179 0.502198
29.11 -0.0803977 0.0383852 0.502205
29.12 -0.0803205 0.0384525 0.502213
29.13 -0.0802432 0.0385197 0.502221
29.14 -0.0801657 0.0385868 0.502228
29.15 -0.0800881 0.0386539 0.502236
29.16 -0.0800104 0.0387209 0.502244
29.17 -0.0799326 0.0387878 0.502252
29.18 -0.0798546 0.0388547 0.502259
29.19 -0.0797764 0.0389215 0.502267
29.2 -0.0796982 0.0389883 0.502275
29.21 -0.0796198 0.0390549 0.502283
29.22 -0.0795412 0.0391216 0.50229
29.23 -0.0794626 0.0391881 0.502298
29.24 -0.0793838 0.0392546 0.502306
29.25 -0.0793048 0.039321 0.502314
29.26 -0.0792258 0.0393874 0.502322
29.27 -0.0791465 0.0394537 0.502329
29.28 -0.0790672 0.0395199 0.502337
29.29 -0.0789877 0.0395861 0.502345
29.3 -0.0789081 0.0396522 0.502353
29.31 -0.0788284 0.0397182 0.502361
29.32 -0.0787485 0.0397842 0.502369
29.33 -0.0786685 0.0398501 0.502376
29.34 -0.0785883 0.0399159 0.502384
29.35 -0.0785081 0.0399817 0.502392
29.36 -0.0784276 0.0400474 0.5024
29.37 -0.0783471 0.040113 0.502408
29.38 -0.0782664 0.0401786 0.502416
29.39 -0.0781856 0.0402441 0.502424
29.4 -0.0781047 0.0403095 0.502431
29.41 -0.0780236 0.0403749 0.502439
29.42 -0.0779424 0.0404402 0.502447
29.43 -0.077861 0.0405055 0.502455
29.44 -0.0777796 0.0405706 0.502463
29.45 -0.0776979 0.0406357 0.502471
29.46 -0.0776162 0.0407008 0.502479
29.47 -0.0775343 0.0407657 0.502487
29.48 -0.0774523 0.0408306 0.502494
29.49 -0.0773702 0.0408955 0.502502
29.5 -0.0772879 0.0409602 0.50251
29.51 -0.0772055 0.0410249 0.502518
29.52 -0.077123 0.0410895 0.502526
29.53 -0.0770403 0.0411541 0.502534
29.54 -0.0769576 0.0412186 0.502542
29.55 -0.0768746 0.041283 0.50255
29.56 -0.0767916 0.0413474 0.502558
29.57 -0.0767084 0.0414117 0.502566
29.58 -0.0766251 0.0414759 0.502574
29.59 -0.0765416 0.04154 0.502582
29.6 -0.0764581 0.0416041 0.50259
29.61 -0.0763744 0.0416681 0.502598
29.62 -0.0762905 0.0417321 0.502606
29.63 -0.0762066 0.0417959 0.502614
29.64 -0.0761225 0.0418597 0.502621
29.65 -0.0760382 0.0419235 0.502629
29.66 -0.0759539 0.0419871 0.502637
29.67 -0.0758694 0.0420507 0.502645
29.68 -0.0757848 0.0421142 0.502653
29.69 -0.0757001 0.0421777 0.502661
29.7 -0.0756152 0.0422411 0.502669
29.71 -0.0755302 0.0423044 0.502677
29.72 -0.0754451 0.0423676 0.502685
29.73 -0.0753598 0.0424308 0.502693
29.74 -0.0752744 0.0424939 0.502701
29.75 -0.0751889 0.042557 0.502709
29.76 -0.0751033 0.0426199 0.502717
29.77 -0.0750175 0.0426828 0.502725
29.78 -0.0749316 0.0427456 0.502733
29.79 -0.0748456 0.0428084 0.502741
29.8 -0.0747595 0.042871 0.502749
29.81 -0.0746732 0.0429337 0.502757
29.82 -0.0745868 0.0429962 0.502765
29.83 -0.0745002 0.0430587 0.502773
29.84 -0.0744136 0.043121 0.502781
29.85 -0.0743268 0.0431834 0.502789
29.86 -0.0742399 0.0432456 0.502797
29.87 -0.0741528 0.0433078 0.502805
29.88 -0.0740657 0.0433699 0.502814
29.89 -0.0739784 0.0434319 0.502822
29.9 -0.073891 0.0434939 0.50283
29.91 -0.0738034 0.0435558 0.502838
29.92 -0.0737158 0.0436176 0.502846
29.93 -0.073628 0.0436793 0.502854
29.94 -0.07354 0.043741 0.502862
29.95 -0.073452 0.0438026 0.50287
29.96 -0.0733638 0.0438641 0.502878
29.97 -0.0732755 0.0439256 0.502886
29.98 -0.0731871 0.043987 0.502894
29.99 -0.0730986 0.0440483 0.502902
30 -0.0730099 0.0441095 0.50291
30.01 -0.0729211 0.0441707 0.502918
30.02 -0.0728322 0.0442317 0.502926
30.03 -0.0727431 0.0442928 0.502934
30.04 -0.072654 0.0443537 0.502942
30.05 -0.0725647 0.0444146 0.50295
30.06 -0.0724753 0.0444753 0.502958
30.07 -0.0723857 0.0445361 0.502966
30.08 -0.0722961 0.0445967 0.502974
30.09 -0.0722063 0.0446573 0.502983
30.1 -0.0721164 0.0447178 0.502991
30.11 -0.0720263 0.0447782 0.502999
30.12 -0.0719362 0.0448385 0.503007
30.13 -0.0718459 0.0448988 0.503015
30.14 -0.0717555 0.044959 0.503023
30.15 -0.071665 0.0450191 0.503031
30.16 -0.0715743 0.0450792 0.503039
30.17 -0.0714836 0.0451391 0.503047
30.18 -0.0713927 0.045199 0.503055
30.19 -0.0713017 0.0452588 0.503063
30.2 -0.0712105 0.0453186 0.503071
30.21 -0.0711193 0.0453783 0.503079
30.22 -0.0710279 0.0454379 0.503087
30.23 -0.0709364 0.0454974 0.503095
30.24 -0.0708448 0.0455568 0.503104
30.25 -0.070753 0.0456162 0.503112
30.26 -0.0706612 0.0456755 0.50312
30.27 -0.0705692 0.0457347 0.503128
30.28 -0.0704771 0.0457938 0.503136
30.29 -0.0703849 0.0458529 0.503144
30.3 -0.0702925 0.0459119 0.503152
30.31 -0.0702001 0.0459708 0.50316
30.32 -0.0701075 0.0460296 0.503168
30.33 -0.0700148 0.0460884 0.503176
30.34 -0.069922 0.046147 0.503184
30.35 -0.069829 0.0462056 0.503192
30.36 -0.069736 0.0462642 0.5032
30.37 -0.0696428 0.0463226 0.503208
30.38 -0.0695495 0.046381 0.503216
30.39 -0.0694561 0.0464393 0.503225
30.4 -0.0693625 0.0464975 0.503233
30.41 -0.0692689 0.0465556 0.503241
30.42 -0.0691751 0.0466137 0.503249
30.43 -0.0690812 0.0466717 0.503257
30.44 -0.0689872 0.0467296 0.503265
30.45 -0.0688931 0.0467874 0.503273
30.46 -0.0687988 0.0468451 0.503281
30.47 -0.0687045 0.0469028 0.503289
30.48 -0.06861 0.0469604 0.503297
30.49 -0.0685154 0.0470179 0.503305
30.5 -0.0684207 0.0470753 0.503313
30.51 -0.0683258 0.0471327 0.503321
30.52 -0.0682309 0.04719 0.503329
30.53 -0.0681358 0.0472472 0.503337
30.54 -0.0680406 0.0473043 0.503345
30.55 -0.0679453 0.0473613 0.503353
30.56 -0.0678499 0.0474183 0.503361
30.57 -0.0677544 0.0474752 0.503369
30.58 -0.0676587 0.047532 0.503378
30.59 -0.067563 0.0475887 0.503386
30.6 -0.0674671 0.0476454 0.503394
30.61 -0.0673711 0.0477019 0.503402
30.62 -0.067275 0.0477584 0.50341
30.63 -0.0671788 0.0478148 0.503418
30.64 -0.0670824 0.0478711 0.503426
30.65 -0.066986 0.0479274 0.503434
30.66 -0.0668894 0.0479835 0.503442
30.67 -0.0667927 0.0480396 0.50345
30.68 -0.0666959 0.0480956 0.503458
30.69 -0.066599 0.0481516 0.503466
30.7 -0.066502 0.0482074 0.503474
30.71 -0.0664048 0.0482632 0.503482
30.72 -0.0663076 0.0483188 0.50349
30.73 -0.0662102 0.0483744 0.503498
30.74 -0.0661127 0.04843 0.503506
30.75 -0.0660151 0.0484854 0.503514
30.76 -0.0659174 0.0485408 0.503522
30.77 -0.0658196 0.048596 0.50353
30.78 -0.0657217 0.0486512 0.503538
30.79 -0.0656236 0.0487064 0.503546
30.8 -0.0655255 0.0487614 0.503554
30.81 -0.0654272 0.0488163 0.503562
30.82 -0.0653288 0.0488712 0.50357
30.83 -0.0652303 0.048926 0.503578
30.84 -0.0651317 0.0489807 0.503586
30.85 -0.065033 0.0490353 0.503594
30.86 -0.0649341 0.0490899 0.503602
30.87 -0.0648352 0.0491443 0.50361
30.88 -0.0647361 0.0491987 0.503618
30.89 -0.064637 0.049253 0.503626
30.9 -0.0645377 0.0493072 0.503634
30.91 -0.0644383 0.0493614 0.503642
30.92 -0.0643388 0.0494154 0.50365
30.93 -0.0642392 0.0494694 0.503657
30.94 -0.0641395 0.0495232 0.503665
30.95 -0.0640397 0.049577 0.503673
30.96 -0.0639397 0.0496308 0.503681
30.97 -0.0638397 0.0496844 0.503689
30.98 -0.0637395 0.0497379 0.503697
30.99 -0.0636393 0.0497914 0.503705
31 -0.0635389 0.0498448 0.503713
31.01 -0.0634384 0.0498981 0.503721
31.02 -0.0633378 0.0499513 0.503729
31.03 -0.0632371 0.0500045 0.503737
31.04 -0.0631363 0.0500575 0.503745
31.05 -0.0630354 0.0501105 0.503753
31.06 -0.0629344 0.0501633 0.50376
31.07 -0.0628332 0.0502161 0.503768
31.08 -0.062732 0.0502689 0.503776
31.09 -0.0626306 0.0503215 0.503784
31.1 -0.0625292 0.050374 0.503792
31.11 -0.0624276 0.0504265 0.5038
31.12 -0.0623259 0.0504789 0.503808
31.13 -0.0622241 0.0505312 0.503816
31.14 -0.0621223 0.0505834 0.503823
31.15 -0.0620203 0.0506355 0.503831
31.16 -0.0619182 0.0506875 0.503839
31.17 -0.061816 0.0507395 0.503847
31.18 -0.0617136 0.0507913 0.503855
31.19 -0.0616112 0.0508431 0.503863
31.2 -0.0615087 0.0508948 0.50387
31.21 -0.0614061 0.0509464 0.503878
31.22 -0.0613033 0.050998 0.503886
31.23 -0.0612005 0.0510494 0.503894
31.24 -0.0610975 0.0511008 0.503902
31.25 -0.0609945 0.051152 0.50391
31.26 -0.0608913 0.0512032 0.503917
31.27 -0.0607881 0.0512543 0.503925
31.28 -0.0606847 0.0513053 0.503933
31.29 -0.0605812 0.0513562 0.503941
31.3 -0.0604777 0.0514071 0.503948
31.31 -0.060374 0.0514578 0.503956
31.32 -0.0602702 0.0515085 0.503964
31.33 -0.0601663 0.0515591 0.503972
31.34 -0.0600623 0.0516096 0.503979
31.35 -0.0599582 0.05166 0.503987
31.36 -0.059854 0.0517103 0.503995
31.37 -0.0597497 0.0517605 0.504003
31.38 -0.0596453 0.0518107 0.50401
31.39 -0.0595408 0.0518607 0.504018
31.4 -0.0594362 0.0519107 0.504026
31.41 -0.0593315 0.0519606 0.504034
31.42 -0.0592267 0.0520104 0.504041
31.43 -0.0591218 0.0520601 0.504049
31.44 -0.0590168 0.0521097 0.504057
31.45 -0.0589117 0.0521593 0.504064
31.46 -0.0588065 0.0522087 0.504072
31.47 -0.0587011 0.0522581 0.50408
31.48 -0.0585957 0.0523074 0.504087
31.49 -0.0584902 0.0523565 0.504095
31.5 -0.0583846 0.0524056 0.504103
31.51 -0.0582789 0.0524546 0.50411
31.52 -0.058173 0.0525036 0.504118
31.53 -0.0580671 0.0525524 0.504126
31.54 -0.0579611 0.0526011 0.504133
31.55 -0.057855 0.0526498 0.504141
31.56 -0.0577487 0.0526984 0.504148
31.57 -0.0576424 0.0527468 0.504156
31.58 -0.057536 0.0527952 0.504164
31.59 -0.0574295 0.0528435 0.504171
31.6 -0.0573229 0.0528917 0.504179
31.61 -0.0572162 0.0529399 0.504186
31.62 -0.0571093 0.0529879 0.504194
31.63 -0.0570024 0.0530359 0.504202
31.64 -0.0568954 0.0530837 0.504209
31.65 -0.0567883 0.0531315 0.504217
31.66 -0.0566811 0.0531792 0.504224
31.67 -0.0565738 0.0532267 0.504232
31.68 -0.0564664 0.0532742 0.504239
31.69 -0.0563589 0.0533217 0.504247
31.7 -0.0562513 0.053369 0.504254
31.71 -0.0561436 0.0534162 0.504262
31.72 -0.0560358 0.0534633 0.504269
31.73 -0.0559279 0.0535104 0.504277
31.74 -0.0558199 0.0535574 0.504284
31.75 -0.0557118 0.0536042 0.504292
31.76 -0.0556037 0.053651 0.504299
31.77 -0.0554954 0.0536977 0.504307
31.78 -0.055387 0.0537443 0.504314
31.79 -0.0552786 0.0537908 0.504321
31.8 -0.05517 0.0538372 0.504329
31.81 -0.0550614 0.0538835 0.504336
31.82 -0.0549526 0.0539298 0.504344
31.83 -0.0548438 0.0539759 0.504351
31.84 -0.0547348 0.054022 0.504359
31.85 -0.0546258 0.0540679 0.504366
31.86 -0.0545167 0.0541138 0.504373
31.87 -0.0544074 0.0541596 0.504381
31.88 -0.0542981 0.0542053 0.504388
31.89 -0.0541887 0.0542509 0.504395
31.9 -0.0540792 0.0542964 0.504403
31.91 -0.0539696 0.0543418 0.50441
31.92 -0.0538599 0.0543871 0.504417
31.93 -0.0537501 0.0544324 0.504425
31.94 -0.0536403 0.0544775 0.504432
31.95 -0.0535303 0.0545226 0.504439
31.96 -0.0534202 0.0545675 0.504447
31.97 -0.0533101 0.0546124 0.504454
31.98 -0.0531999 0.0546572 0.504461
31.99 -0.0530895 0.0547019 0.504468
32 -0.0529791 0.0547464 0.504476
32.01 -0.0528686 0.0547909 0.504483
32.02 -0.052758 0.0548354 0.50449
32.03 -0.0526473 0.0548797 0.504497
32.04 -0.0525365 0.0549239 0.504505
32.05 -0.0524256 0.054968 0.504512
32.06 -0.0523146 0.0550121 0.504519
32.07 -0.0522035 0.055056 0.504526
32.08 -0.0520924 0.0550998 0.504533
32.09 -0.0519811 0.0551436 0.504541
32.1 -0.0518698 0.0551873 0.504548
32.11 -0.0517584 0.0552308 0.504555
32.12 -0.0516469 0.0552743 0.504562
32.13 -0.0515353 0.0553177 0.504569
32.14 -0.0514236 0.055361 0.504576
32.15 -0.0513118 0.0554042 0.504583
32.16 -0.0511999 0.0554473 0.504591
32.17 -0.051088 0.0554903 0.504598
32.18 -0.0509759 0.0555332 0.504605
32.19 -0.0508638 0.0555761 0.504612
32.2 -0.0507516 0.0556188 0.504619
32.21 -0.0506393 0.0556614 0.504626
32.22 -0.0505269 0.055704 0.504633
32.23 -0.0504144 0.0557464 0.50464
32.24 -0.0503018 0.0557888 0.504647
32.25 -0.0501892 0.055831 0.504654
32.26 -0.0500764 0.0558732 0.504661
32.27 -0.0499636 0.0559153 0.504668
32.28 -0.0498507 0.0559572 0.504675
32.29 -0.0497377 0.0559991 0.504682
32.3 -0.0496246 0.0560409 0.504689
32.31 -0.0495114 0.0560826 0.504696
32.32 -0.0493981 0.0561242 0.504703
32.33 -0.0492848 0.0561657 0.50471
32.34 -0.0491714 0.0562071 0.504717
32.35 -0.0490578 0.0562484 0.504724
32.36 -0.0489442 0.0562897 0.50473
32.37 -0.0488306 0.0563308 0.504737
32.38 -0.0487168 0.0563718 0.504744
32.39 -0.0486029 0.0564127 0.504751
32.4 -0.048489 0.0564536 0.504758
32.41 -0.048375 0.0564943 0.504765
32.42 -0.0482609 0.056535 0.504772
32.43 -0.0481467 0.0565755 0.504778
32.44 -0.0480324 0.056616 0.504785
32.45 -0.047918 0.0566564 0.504792
32.46 -0.0478036 0.0566966 0.504799
32.47 -0.0476891 0.0567368 0.504806
32.48 -0.0475745 0.0567769 0.504812
32.49 -0.0474598 0.0568168 0.504819
32.5 -0.047345 0.0568567 0.504826
32.51 -0.0472302 0.0568965 0.504832
32.52 -0.0471152 0.0569362 0.504839
32.53 -0.0470002 0.0569758 0.504846
32.54 -0.0468851 0.0570153 0.504853
32.55 -0.0467699 0.0570547 0.504859
32.56 -0.0466547 0.057094 0.504866
32.57 -0.0465393 0.0571332 0.504873
32.58 -0.0464239 0.0571723 0.504879
32.59 -0.0463084 0.0572113 0.504886
32.6 -0.0461928 0.0572503 0.504892
32.61 -0.0460772 0.0572891 0.504899
32.62 -0.0459614 0.0573278 0.504906
32.63 -0.0458456 0.0573664 0.504912
32.64 -0.0457297 0.057405 0.504919
32.65 -0.0456137 0.0574434 0.504925
32.66 -0.0454977 0.0574817 0.504932
32.67 -0.0453815 0.05752 0.504938
32.68 -0.0452653 0.0575581 0.504945
32.69 -0.045149 0.0575962 0.504951
32.7 -0.0450327 0.0576341 0.504958
32.71 -0.0449162 0.057672 0.504964
32.72 -0.0447997 0.0577097 0.504971
32.73 -0.0446831 0.0577474 0.504977
32.74 -0.0445664 0.0577849 0.504984
32.75 -0.0444496 0.0578224 0.50499
32.76 -0.0443328 0.0578598 0.504997
32.77 -0.0442159 0.057897 0.505003
32.78 -0.0440989 0.0579342 0.505009
32.79 -0.0439818 0.0579713 0.505016
32.8 -0.0438647 0.0580082 0.505022
32.81 -0.0437475 0.0580451 0.505029
32.82 -0.0436302 0.0580819 0.505035
32.83 -0.0435128 0.0581185 0.505041
32.84 -0.0433953 0.0581551 0.505048
32.85 -0.0432778 0.0581916 0.505054
32.86 -0.0431602 0.058228 0.50506
32.87 -0.0430425 0.0582643 0.505066
32.88 -0.0429248 0.0583004 0.505073
32.89 -0.042807 0.0583365 0.505079
32.9 -0.0426891 0.0583725 0.505085
32.91 -0.0425711 0.0584084 0.505091
32.92 -0.0424531 0.0584442 0.505098
32.93 -0.042335 0.0584799 0.505104
32.94 -0.0422168 0.0585155 0.50511
32.95 -0.0420985 0.058551 0.505116
32.96 -0.0419802 0.0585864 0.505122
32.97 -0.0418618 0.0586216 0.505128
32.98 -0.0417433 0.0586568 0.505135
32.99 -0.0416247 0.0586919 0.505141
33 -0.0415061 0.0587269 0.505147
33.01 -0.0413874 0.0587618 0.505153
33.02 -0.0412686 0.0587966 0.505159
33.03 -0.0411498 0.0588313 0.505165
33.04 -0.0410309 0.0588659 0.505171
33.05 -0.0409119 0.0589004 0.505177
33.06 -0.0407928 0.0589348 0.505183
33.07 -0.0406737 0.0589691 0.505189
33.08 -0.0405545 0.0590033 0.505195
33.09 -0.0404352 0.0590374 0.505201
33.1 -0.0403159 0.0590714 0.505207
33.11 -0.0401965 0.0591053 0.505213
33.12 -0.040077 0.0591391 0.505219
33.13 -0.0399575 0.0591728 0.505225
33.14 -0.0398378 0.0592064 0.505231
33.15 -0.0397182 0.0592399 0.505237
33.16 -0.0395984 0.0592733 0.505242
33.17 -0.0394786 0.0593066 0.505248
33.18 -0.0393587 0.0593397 0.505254
33.19 -0.0392387 0.0593728 0.50526
33.2 -0.0391187 0.0594058 0.505266
33.21 -0.0389986 0.0594387 0.505272
33.22 -0.0388784 0.0594715 0.505277
33.23 -0.0387582 0.0595042 0.505283
33.24 -0.0386379 0.0595368 0.505289
33.25 -0.0385175 0.0595693 0.505295
33.26 -0.0383971 0.0596017 0.5053
33.27 -0.0382766 0.059634 0.505306
33.28 -0.038156 0.0596661 0.505312
33.29 -0.0380354 0.0596982 0.505318
33.3 -0.0379147 0.0597302 0.505323
33.31 -0.0377939 0.0597621 0.505329
33.32 -0.0376731 0.0597939 0.505335
33.33 -0.0375522 0.0598255 0.50534
33.34 -0.0374313 0.0598571 0.505346
33.35 -0.0373102 0.0598886 0.505351
33.36 -0.0371891 0.05992 0.505357
33.37 -0.037068 0.0599512 0.505362
33.38 -0.0369468 0.0599824 0.505368
33.39 -0.0368255 0.0600135 0.505374
33.4 -0.0367041 0.0600445 0.505379
33.41 -0.0365827 0.0600753 0.505385
33.42 -0.0364612 0.0601061 0.50539
33.43 -0.0363397 0.0601367 0.505396
33.44 -0.0362181 0.0601673 0.505401
33.45 -0.0360964 0.0601978 0.505406
33.46 -0.0359747 0.0602281 0.505412
33.47 -0.0358529 0.0602584 0.505417
33.48 -0.0357311 0.0602885 0.505423
33.49 -0.0356091 0.0603186 0.505428
33.5 -0.0354872 0.0603485 0.505433
33.51 -0.0353651 0.0603784 0.505439
33.52 -0.035243 0.0604081 0.505444
33.53 -0.0351209 0.0604377 0.505449
33.54 -0.0349986 0.0604673 0.505455
33.55 -0.0348763 0.0604967 0.50546
33.56 -0.034754 0.060526 0.505465
33.57 -0.0346316 0.0605553 0.50547
33.58 -0.0345091 0.0605844 0.505476
33.59 -0.0343866 0.0606134 0.505481
33.6 -0.034264 0.0606423 0.505486
33.61 -0.0341414 0.0606711 0.505491
33.62 -0.0340187 0.0606998 0.505496
33.63 -0.0338959 0.0607285 0.505502
33.64 -0.0337731 0.060757 0.505507
33.65 -0.0336502 0.0607854 0.505512
33.66 -0.0335273 0.0608137 0.505517
33.67 -0.0334043 0.0608419 0.505522
33.68 -0.0332812 0.0608699 0.505527
33.69 -0.0331581 0.0608979 0.505532
33.7 -0.0330349 0.0609258 0.505537
33.71 -0.0329117 0.0609536 0.505542
33.72 -0.0327884 0.0609813 0.505547
33.73 -0.0326651 0.0610089 0.505552
33.74 -0.0325417 0.0610363 0.505557
33.75 -0.0324182 0.0610637 0.505562
33.76 -0.0322947 0.061091 0.505567
33.77 -0.0321711 0.0611181 0.505572
33.78 -0.0320475 0.0611452 0.505577
33.79 -0.0319238 0.0611721 0.505582
33.8 -0.0318001 0.061199 0.505587
33.81 -0.0316763 0.0612257 0.505592
33.82 -0.0315524 0.0612524 0.505596
33.83 -0.0314285 0.0612789 0.505601
33.84 -0.0313046 0.0613053 0.505606
33.85 -0.0311806 0.0613317 0.505611
33.86 -0.0310565 0.0613579 0.505616
33.87 -0.0309324 0.061384 0.50562
33.88 -0.0308082 0.06141 0.505625
33.89 -0.030684 0.0614359 0.50563
33.9 -0.0305597 0.0614617 0.505635
33.91 -0.0304353 0.0614874 0.505639
33.92 -0.030311 0.061513 0.505644
33.93 -0.0301865 0.0615385 0.505649
33.94 -0.030062 0.0615639 0.505653
33.95 -0.0299375 0.0615892 0.505658
33.96 -0.0298129 0.0616144 0.505662
33.97 -0.0296882 0.0616394 0.505667
33.98 -0.0295635 0.0616644 0.505672
33.99 -0.0294388 0.0616893 0.505676
34 -0.029314 0.061714 0.505681
34.01 -0.0291891 0.0617387 0.505685
34.02 -0.0290642 0.0617632 0.50569
34.03 -0.0289392 0.0617877 0.505694
34.04 -0.0288142 0.061812 0.505699
34.05 -0.0286892 0.0618362 0.505703
34.06 -0.0285641 0.0618604 0.505707
34.07 -0.0284389 0.0618844 0.505712
34.08 -0.0283137 0.0619083 0.505716
34.09 -0.0281885 0.0619321 0.505721
34.1 -0.0280631 0.0619558 0.505725
34.11 -0.0279378 0.0619794 0.505729
34.12 -0.0278124 0.0620029 0.505734
34.13 -0.0276869 0.0620263 0.505738
34.14 -0.0275614 0.0620496 0.505742
34.15 -0.0274359 0.0620728 0.505747
34.16 -0.0273103 0.0620959 0.505751
34.17 -0.0271846 0.0621188 0.505755
34.18 -0.027059 0.0621417 0.505759
34.19 -0.0269332 0.0621644 0.505763
34.2 -0.0268074 0.0621871 0.505768
34.21 -0.0266816 0.0622096 0.505772
34.22 -0.0265557 0.0622321 0.505776
34.23 -0.0264298 0.0622544 0.50578
34.24 -0.0263038 0.0622766 0.505784
34.25 -0.0261778 0.0622988 0.505788
34.26 -0.0260517 0.0623208 0.505792
34.27 -0.0259256 0.0623427 0.505796
34.28 -0.0257995 0.0623645 0.5058
34.29 -0.0256733 0.0623862 0.505804
34.3 -0.025547 0.0624078 0.505808
34.31 -0.0254208 0.0624292 0.505812
34.32 -0.0252944 0.0624506 0.505816
34.33 -0.025168 0.0624719 0.50582
34.34 -0.0250416 0.0624931 0.505824
34.35 -0.0249152 0.0625141 0.505828
34.36 -0.0247887 0.0625351 0.505832
34.37 -0.0246621 0.0625559 0.505836
34.38 -0.0245355 0.0625766 0.50584
34.39 -0.0244089 0.0625973 0.505843
34.4 -0.0242822 0.0626178 0.505847
34.41 -0.0241555 0.0626382 0.505851
34.42 -0.0240287 0.0626585 0.505855
34.43 -0.0239019 0.0626787 0.505859
34.44 -0.0237751 0.0626988 0.505862
34.45 -0.0236482 0.0627188 0.505866
34.46 -0.0235212 0.0627387 0.50587
34.47 -0.0233943 0.0627585 0.505873
34.48 -0.0232673 0.0627782 0.505877
34.49 -0.0231402 0.0627977 0.505881
34.5 -0.0230131 0.0628172 0.505884
34.51 -0.022886 0.0628365 0.505888
34.52 -0.0227588 0.0628558 0.505892
34.53 -0.0226316 0.0628749 0.505895
34.54 -0.0225043 0.0628939 0.505899
34.55 -0.022377 0.0629129 0.505902
34.56 -0.0222497 0.0629317 0.505906
34.57 -0.0221223 0.0629504 0.505909
34.58 -0.0219949 0.062969 0.505913
34.59 -0.0218675 0.0629875 0.505916
34.6 -0.02174 0.0630059 0.50592
34.61 -0.0216125 0.0630241 0.505923
34.62 -0.0214849 0.0630423 0.505926
34.63 -0.0213573 0.0630604 0.50593
34.64 -0.0212297 0.0630783 0.505933
34.65 -0.021102 0.0630962 0.505936
34.66 -0.0209743 0.0631139 0.50594
34.67 -0.0208466 0.0631315 0.505943
34.68 -0.0207188 0.0631491 0.505946
34.69 -0.020591 0.0631665 0.50595
34.7 -0.0204631 0.0631838 0.505953
34.71 -0.0203352 0.063201 0.505956
34.72 -0.0202073 0.0632181 0.505959
34.73 -0.0200793 0.0632351 0.505962
34.74 -0.0199513 0.063252 0.505966
34.75 -0.0198233 0.0632687 0.505969
34.76 -0.0196952 0.0632854 0.505972
34.77 -0.0195671 0.0633019 0.505975
34.78 -0.019439 0.0633184 0.505978
34.79 -0.0193108 0.0633347 0.505981
34.8 -0.0191826 0.063351 0.505984
34.81 -0.0190544 0.0633671 0.505987
34.82 -0.0189261 0.0633831 0.50599
34.83 -0.0187978 0.063399 0.505993
34.84 -0.0186695 0.0634148 0.505996
34.85 -0.0185411 0.0634305 0.505999
34.86 -0.0184127 0.0634461 0.506002
34.87 -0.0182843 0.0634616 0.506005
34.88 -0.0181558 0.0634769 0.506008
34.89 -0.0180273 0.0634922 0.506011
34.9 -0.0178988 0.0635073 0.506014
34.91 -0.0177703 0.0635224 0.506016
34.92 -0.0176417 0.0635373 0.506019
34.93 -0.0175131 0.0635521 0.506022
34.94 -0.0173844 0.0635668 0.506025
34.95 -0.0172557 0.0635814 0.506028
34.96 -0.017127 0.0635959 0.50603
34.97 -0.0169983 0.0636103 0.506033
34.98 -0.0168695 0.0636246 0.506036
34.99 -0.0167407 0.0636388 0.506038
35 -0.0166119 0.0636529 0.506041
35.01 -0.016483 0.0636668 0.506044
35.02 -0.0163541 0.0636807 0.506046
35.03 -0.0162252 0.0636944 0.506049
35.04 -0.0160963 0.063708 0.506051
35.05 -0.0159673 0.0637215 0.506054
35.06 -0.0158383 0.063735 0.506057
35.07 -0.0157093 0.0637483 0.506059
35.08 -0.0155802 0.0637615 0.506062
35.09 -0.0154511 0.0637745 0.506064
35.1 -0.015322 0.0637875 0.506066
35.11 -0.0151929 0.0638004 0.506069
35.12 -0.0150637 0.0638132 0.506071
35.13 -0.0149345 0.0638258 0.506074
35.14 -0.0148053 0.0638383 0.506076
35.15 -0.0146761 0.0638508 0.506078
35.16 -0.0145468 0.0638631 0.506081
35.17 -0.0144175 0.0638753 0.506083
35.18 -0.0142882 0.0638874 0.506085
35.19 -0.0141589 0.0638994 0.506088
35.2 -0.0140295 0.0639113 0.50609
35.21 -0.0139001 0.0639231 0.506092
35.22 -0.0137707 0.0639348 0.506094
35.23 -0.0136412 0.0639463 0.506097
35.24 -0.0135118 0.0639578 0.506099
35.25 -0.0133823 0.0639691 0.506101
35.26 -0.0132528 0.0639803 0.506103
35.27 -0.0131232 0.0639915 0.506105
35.28 -0.0129937 0.0640025 0.506107
35.29 -0.0128641 0.0640134 0.506109
35.3 -0.0127345 0.0640242 0.506111
35.31 -0.0126049 0.0640349 0.506113
35.32 -0.0124752 0.0640455 0.506115
35.33 -0.0123456 0.0640559 0.506117
35.34 -0.0122159 0.0640663 0.506119
35.35 -0.0120862 0.0640765 0.506121
35.36 -0.0119564 0.0640867 0.506123
35.37 -0.0118267 0.0640967 0.506125
35.38 -0.0116969 0.0641066 0.506127
35.39 -0.0115671 0.0641164 0.506129
35.4 -0.0114373 0.0641261 0.506131
35.41 -0.0113075 0.0641357 0.506132
35.42 -0.0111776 0.0641452 0.506134
35.43 -0.0110477 0.0641546 0.506136
35.44 -0.0109178 0.0641639 0.506138
35.45 -0.0107879 0.064173 0.50614
35.46 -0.010658 0.0641821 0.506141
35.47 -0.010528 0.064191 0.506143
35.48 -0.0103981 0.0641998 0.506145
35.49 -0.0102681 0.0642085 0.506146
35.5 -0.0101381 0.0642171 0.506148
35.51 -0.0100081 0.0642256 0.50615
35.52 -0.00987802 0.064234 0.506151
35.53 -0.00974796 0.0642423 0.506153
35.54 -0.00961789 0.0642505 0.506154
35.55 -0.0094878 0.0642585 0.506156
35.56 -0.00935769 0.0642665 0.506157
35.57 -0.00922757 0.0642743 0.506159
35.58 -0.00909743 0.0642821 0.50616
35.59 -0.00896727 0.0642897 0.506162
35.6 -0.0088371 0.0642972 0.506163
35.61 -0.00870691 0.0643046 0.506165
35.62 -0.00857671 0.0643119 0.506166
35.63 -0.00844649 0.0643191 0.506167
35.64 -0.00831626 0.0643261 0.506169
35.65 -0.00818601 0.0643331 0.50617
35.66 -0.00805575 0.0643399 0.506171
35.67 -0.00792548 0.0643467 0.506173
35.68 -0.00779519 0.0643533 0.506174
35.69 -0.00766489 0.0643598 0.506175
35.7 -0.00753457 0.0643662 0.506176
35.71 -0.00740424 0.0643725 0.506178
35.72 -0.0072739 0.0643787 0.506179
35.73 -0.00714354 0.0643848 0.50618
35.74 -0.00701318 0.0643908 0.506181
35.75 -0.0068828 0.0643966 0.506182
35.76 -0.0067524 0.0644024 0.506183
35.77 -0.006622 0.064408 0.506184
35.78 -0.00649159 0.0644136 0.506185
35.79 -0.00636116 0.064419 0.506186
35.8 -0.00623072 0.0644243 0.506187
35.81 -0.00610027 0.0644295 0.506188
35.82 -0.00596981 0.0644346 0.506189
35.83 -0.00583934 0.0644396 0.50619
35.84 -0.00570886 0.0644444 0.506191
35.85 -0.00557837 0.0644492 0.506192
35.86 -0.00544787 0.0644539 0.506193
35.87 -0.00531737 0.0644584 0.506194
35.88 -0.00518685 0.0644628 0.506195
35.89 -0.00505632 0.0644672 0.506196
35.9 -0.00492578 0.0644714 0.506196
35.91 -0.00479524 0.0644755 0.506197
35.92 -0.00466469 0.0644795 0.506198
35.93 -0.00453412 0.0644833 0.506199
35.94 -0.00440355 0.0644871 0.506199
35.95 -0.00427298 0.0644908 0.5062
35.96 -0.00414239 0.0644943 0.506201
35.97 -0.0040118 0.0644978 0.506201
35.98 -0.0038812 0.0645011 0.506202
35.99 -0.0037506 0.0645043 0.506203
36 -0.00361998 0.0645074 0.506203
36.01 -0.00348936 0.0645104 0.506204
36.02 -0.00335874 0.0645133 0.506204
36.03 -0.00322811 0.0645161 0.506205
36.04 -0.00309747 0.0645187 0.506205
36.05 -0.00296683 0.0645213 0.506206
36.06 -0.00283618 0.0645238 0.506206
36.07 -0.00270553 0.0645261 0.506207
36.08 -0.00257488 0.0645283 0.506207
36.09 -0.00244422 0.0645304 0.506208
36.1 -0.00231355 0.0645324 0.506208
36.11 -0.00218288 0.0645343 0.506208
36.12 -0.00205221 0.0645361 0.506209
36.13 -0.00192153 0.0645378 0.506209
36.14 -0.00179085 0.0645394 0.506209
36.15 -0.00166017 0.0645408 0.50621
36.16 -0.00152948 0.0645422 0.50621
36.17 -0.00139879 0.0645434 0.50621
36.18 -0.0012681 0.0645445 0.50621
36.19 -0.00113741 0.0645455 0.506211
36.2 -0.00100671 0.0645465 0.506211
36.21 -0.000876015 0.0645472 0.506211
36.22 -0.000745316 0.0645479 0.506211
36.23 -0.000614616 0.0645485 0.506211
36.24 -0.000483915 0.064549 0.506211
36.25 -0.000353212 0.0645493 0.506211
36.26 -0.00022251 0.0645496 0.506211
36.27 -9.18068e-05 0.0645497 0.506211
36.28 3.88964e-05 0.0645497 0.506211
36.29 0.0001696 0.0645496 0.506211
36.3 0.000300302 0.0645494 0.506211
36.31 0.000431005 0.0645491 0.506211
36.32 0.000561706 0.0645487 0.506211
36.33 0.000692407 0.0645482 0.506211
36.34 0.000823106 0.0645475 0.506211
36.35 0.000953804 0.0645468 0.506211
36.36 0.0010845 0.0645459 0.506211
36.37 0.00121519 0.064545 0.506211
36.38 0.00134589 0.0645439 0.50621
36.39 0.00147658 0.0645427 0.50621
36.4 0.00160726 0.0645414 0.50621
36.41 0.00173795 0.06454 0.50621
36.42 0.00186863 0.0645385 0.506209
36.43 0.00199931 0.0645368 0.506209
36.44 0.00212998 0.0645351 0.506209
36.45 0.00226065 0.0645332 0.506208
36.46 0.00239132 0.0645313 0.506208
36.47 0.00252198 0.0645292 0.506207
36.48 0.00265264 0.064527 0.506207
36.49 0.0027833 0.0645247 0.506207
36.5 0.00291394 0.0645223 0.506206
36.51 0.00304459 0.0645198 0.506206
36.52 0.00317523 0.0645172 0.506205
36.53 0.00330586 0.0645144 0.506205
36.54 0.00343649 0.0645116 0.506204
36.55 0.00356711 0.0645086 0.506204
36.56 0.00369772 0.0645056 0.506203
36.57 0.00382833 0.0645024 0.506202
36.58 0.00395893 0.0644991 0.506202
36.59 0.00408953 0.0644957 0.506201
36.6 0.00422012 0.0644922 0.5062
36.61 0.0043507 0.0644886 0.5062
36.62 0.00448127 0.0644849 0.506199
36.63 0.00461183 0.064481 0.506198
36.64 0.00474239 0.0644771 0.506198
36.65 0.00487294 0.064473 0.506197
36.66 0.00500348 0.0644689 0.506196
36.67 0.00513401 0.0644646 0.506195
36.68 0.00526453 0.0644602 0.506194
36.69 0.00539504 0.0644557 0.506193
36.7 0.00552555 0.0644511 0.506193
36.71 0.00565604 0.0644464 0.506192
36.72 0.00578653 0.0644416 0.506191
36.73 0.005917 0.0644366 0.50619
36.74 0.00604746 0.0644316 0.506189
36.75 0.00617792 0.0644264 0.506188
36.76 0.00630836 0.0644212 0.506187
36.77 0.00643879 0.0644158 0.506186
36.78 0.00656921 0.0644103 0.506185
36.79 0.00669962 0.0644047 0.506184
36.8 0.00683001 0.064399 0.506183
36.81 0.0069604 0.0643932 0.506182
36.82 0.00709077 0.0643872 0.50618
36.83 0.00722113 0.0643812 0.506179
36.84 0.00735148 0.0643751 0.506178
36.85 0.00748181 0.0643688 0.506177
36.86 0.00761213 0.0643624 0.506176
36.87 0.00774244 0.064356 0.506174
36.88 0.00787274 0.0643494 0.506173
36.89 0.00800302 0.0643427 0.506172
36.9 0.00813328 0.0643359 0.506171
36.91 0.00826354 0.064329 0.506169
36.92 0.00839377 0.0643219 0.506168
36.93 0.008524 0.0643148 0.506167
36.94 0.00865421 0.0643075 0.506165
36.95 0.0087844 0.0643002 0.506164
36.96 0.00891458 0.0642927 0.506162
36.97 0.00904474 0.0642851 0.506161
36.98 0.00917489 0.0642775 0.506159
36.99 0.00930502 0.0642697 0.506158
37 0.00943513 0.0642618 0.506156
37.01 0.00956523 0.0642537 0.506155
37.02 0.00969531 0.0642456 0.506153
37.03 0.00982537 0.0642374 0.506152
37.04 0.00995542 0.064229 0.50615
37.05 0.0100855 0.0642206 0.506149
37.06 0.0102155 0.064212 0.506147
37.07 0.0103455 0.0642034 0.506145
37.08 0.0104754 0.0641946 0.506144
37.09 0.0106054 0.0641857 0.506142
37.1 0.0107353 0.0641767 0.50614
37.11 0.0108652 0.0641676 0.506139
37.12 0.0109951 0.0641584 0.506137
37.13 0.011125 0.064149 0.506135
37.14 0.0112549 0.0641396 0.506133
37.15 0.0113847 0.06413 0.506131
37.16 0.0115146 0.0641204 0.50613
37.17 0.0116444 0.0641106 0.506128
37.18 0.0117741 0.0641007 0.506126
37.19 0.0119039 0.0640907 0.506124
37.2 0.0120336 0.0640807 0.506122
37.21 0.0121634 0.0640704 0.50612
37.22 0.0122931 0.0640601 0.506118
37.23 0.0124227 0.0640497 0.506116
37.24 0.0125524 0.0640392 0.506114
37.25 0.012682 0.0640285 0.506112
37.26 0.0128116 0.0640178 0.50611
37.27 0.0129412 0.0640069 0.506108
37.28 0.0130708 0.0639959 0.506106
37.29 0.0132003 0.0639849 0.506104
37.3 0.0133299 0.0639737 0.506102
37.31 0.0134594 0.0639624 0.5061
37.32 0.0135888 0.063951 0.506097
37.33 0.0137183 0.0639395 0.506095
37.34 0.0138477 0.0639278 0.506093
37.35 0.0139771 0.0639161 0.506091
37.36 0.0141065 0.0639042 0.506089
37.37 0.0142358 0.0638923 0.506086
37.38 0.0143652 0.0638802 0.506084
37.39 0.0144945 0.0638681 0.506082
37.4 0.0146237 0.0638558 0.506079
37.41 0.014753 0.0638434 0.506077
37.42 0.0148822 0.0638309 0.506075
37.43 0.0150114 0.0638183 0.506072
37.44 0.0151406 0.0638056 0.50607
37.45 0.0152697 0.0637927 0.506067
37.46 0.0153989 0.0637798 0.506065
37.47 0.015528 0.0637668 0.506063
37.48 0.015657 0.0637536 0.50606
37.49 0.0157861 0.0637404 0.506058
37.5 0.0159151 0.063727 0.506055
37.51 0.0160441 0.0637135 0.506052
37.52 0.016173 0.0636999 0.50605
37.53 0.0163019 0.0636862 0.506047
37.54 0.0164308 0.0636724 0.506045
37.55 0.0165597 0.0636585 0.506042
37.56 0.0166886 0.0636445 0.506039
37.57 0.0168174 0.0636304 0.506037
37.58 0.0169461 0.0636161 0.506034
37.59 0.0170749 0.0636018 0.506031
37.6 0.0172036 0.0635873 0.506029
37.61 0.0173323 0.0635728 0.506026
37.62 0.017461 0.0635581 0.506023
37.63 0.0175896 0.0635433 0.50602
37.64 0.0177182 0.0635284 0.506018
37.65 0.0178468 0.0635134 0.506015
37.66 0.0179753 0.0634983 0.506012
37.67 0.0181038 0.0634831 0.506009
37.68 0.0182323 0.0634678 0.506006
37.69 0.0183607 0.0634524 0.506003
37.7 0.0184892 0.0634368 0.506
37.71 0.0186175 0.0634212 0.505997
37.72 0.0187459 0.0634054 0.505994
37.73 0.0188742 0.0633896 0.505991
37.74 0.0190025 0.0633736 0.505988
37.75 0.0191307 0.0633575 0.505985
37.76 0.0192589 0.0633413 0.505982
37.77 0.0193871 0.063325 0.505979
37.78 0.0195153 0.0633086 0.505976
37.79 0.0196434 0.0632921 0.505973
37.8 0.0197715 0.0632755 0.50597
37.81 0.0198995 0.0632588 0.505967
37.82 0.0200275 0.0632419 0.505964
37.83 0.0201555 0.063225 0.505961
37.84 0.0202834 0.0632079 0.505957
37.85 0.0204113 0.0631908 0.505954
37.86 0.0205392 0.0631735 0.505951
37.87 0.020667 0.0631561 0.505948
37.88 0.0207948 0.0631387 0.505944
37.89 0.0209226 0.0631211 0.505941
37.9 0.0210503 0.0631034 0.505938
37.91 0.021178 0.0630856 0.505934
37.92 0.0213057 0.0630677 0.505931
37.93 0.0214333 0.0630496 0.505928
37.94 0.0215609 0.0630315 0.505924
37.95 0.0216884 0.0630133 0.505921
37.96 0.0218159 0.0629949 0.505918
37.97 0.0219434 0.0629765 0.505914
37.98 0.0220708 0.0629579 0.505911
37.99 0.0221982 0.0629393 0.505907
38 0.0223255 0.0629205 0.505904
38.01 0.0224528 0.0629016 0.5059
38.02 0.0225801 0.0628826 0.505897
38.03 0.0227073 0.0628635 0.505893
38.04 0.0228345 0.0628443 0.505889
38.05 0.0229616 0.062825 0.505886
38.06 0.0230888 0.0628056 0.505882
38.07 0.0232158 0.0627861 0.505879
38.08 0.0233429 0.0627665 0.505875
38.09 0.0234698 0.0627467 0.505871
38.1 0.0235968 0.0627269 0.505868
38.11 0.0237237 0.0627069 0.505864
38.12 0.0238506 0.0626869 0.50586
38.13 0.0239774 0.0626667 0.505856
38.14 0.0241042 0.0626465 0.505853
38.15 0.0242309 0.0626261 0.505849
38.16 0.0243576 0.0626056 0.505845
38.17 0.0244843 0.062585 0.505841
38.18 0.0246109 0.0625643 0.505837
38.19 0.0247374 0.0625435 0.505834
38.2 0.024864 0.0625226 0.50583
38.21 0.0249904 0.0625016 0.505826
38.22 0.0251169 0.0624805 0.505822
38.23 0.0252433 0.0624592 0.505818
38.24 0.0253696 0.0624379 0.505814
38.25 0.0254959 0.0624165 0.50581
38.26 0.0256222 0.0623949 0.505806
38.27 0.0257484 0.0623733 0.505802
38.28 0.0258746 0.0623515 0.505798
38.29 0.0260007 0.0623296 0.505794
38.3 0.0261268 0.0623077 0.50579
38.31 0.0262528 0.0622856 0.505786
38.32 0.0263788 0.0622634 0.505782
38.33 0.0265047 0.0622411 0.505778
38.34 0.0266306 0.0622187 0.505773
38.35 0.0267565 0.0621962 0.505769
38.36 0.0268823 0.0621736 0.505765
38.37 0.0270081 0.0621509 0.505761
38.38 0.0271338 0.0621281 0.505757
38.39 0.0272594 0.0621052 0.505752
38.4 0.027385 0.0620821 0.505748
38.41 0.0275106 0.062059 0.505744
38.42 0.0276361 0.0620358 0.50574
38.43 0.0277616 0.0620124 0.505735
38.44 0.027887 0.061989 0.505731
38.45 0.0280124 0.0619654 0.505727
38.46 0.0281377 0.0619417 0.505722
38.47 0.028263 0.061918 0.505718
38.48 0.0283882 0.0618941 0.505714
38.49 0.0285134 0.0618701 0.505709
38.5 0.0286385 0.061846 0.505705
38.51 0.0287636 0.0618218 0.5057
38.52 0.0288886 0.0617975 0.505696
38.53 0.0290136 0.0617731 0.505691
38.54 0.0291386 0.0617486 0.505687
38.55 0.0292634 0.061724 0.505682
38.56 0.0293883 0.0616993 0.505678
38.57 0.029513 0.0616745 0.505673
38.58 0.0296378 0.0616496 0.505669
38.59 0.0297624 0.0616245 0.505664
38.6 0.029887 0.0615994 0.50566
38.61 0.0300116 0.0615742 0.505655
38.62 0.0301361 0.0615488 0.50565
38.63 0.0302606 0.0615234 0.505646
38.64 0.030385 0.0614978 0.505641
38.65 0.0305094 0.0614721 0.505636
38.66 0.0306337 0.0614464 0.505632
38.67 0.0307579 0.0614205 0.505627
38.68 0.0308821 0.0613945 0.505622
38.69 0.0310062 0.0613685 0.505618
38.7 0.0311303 0.0613423 0.505613
38.71 0.0312544 0.061316 0.505608
38.72 0.0313784 0.0612896 0.505603
38.73 0.0315023 0.0612631 0.505598
38.74 0.0316261 0.0612365 0.505594
38.75 0.03175 0.0612098 0.505589
38.76 0.0318737 0.061183 0.505584
38.77 0.0319974 0.0611561 0.505579
38.78 0.0321211 0.0611291 0.505574
38.79 0.0322447 0.061102 0.505569
38.8 0.0323682 0.0610747 0.505564
38.81 0.0324917 0.0610474 0.505559
38.82 0.0326151 0.06102 0.505554
38.83 0.0327385 0.0609925 0.505549
38.84 0.0328618 0.0609648 0.505544
38.85 0.032985 0.0609371 0.505539
38.86 0.0331082 0.0609092 0.505534
38.87 0.0332314 0.0608813 0.505529
38.88 0.0333545 0.0608532 0.505524
38.89 0.0334775 0.0608251 0.505519
38.9 0.0336004 0.0607968 0.505514
38.91 0.0337233 0.0607685 0.505509
38.92 0.0338462 0.06074 0.505504
38.93 0.033969 0.0607114 0.505499
38.94 0.0340917 0.0606828 0.505493
38.95 0.0342144 0.060654 0.505488
38.96 0.034337 0.0606251 0.505483
38.97 0.0344595 0.0605961 0.505478
38.98 0.034582 0.0605671 0.505473
38.99 0.0347045 0.0605379 0.505467
39 0.0348268 0.0605086 0.505462
39.01 0.0349491 0.0604792 0.505457
39.02 0.0350714 0.0604497 0.505452
39.03 0.0351936 0.0604201 0.505446
39.04 0.0353157 0.0603904 0.505441
39.05 0.0354378 0.0603606 0.505436
39.06 0.0355598 0.0603307 0.50543
39.07 0.0356817 0.0603007 0.505425
39.08 0.0358036 0.0602706 0.505419
39.09 0.0359254 0.0602404 0.505414
39.1 0.0360472 0.0602101 0.505409
39.11 0.0361688 0.0601796 0.505403
39.12 0.0362905 0.0601491 0.505398
39.13 0.036412 0.0601185 0.505392
39.14 0.0365335 0.0600878 0.505387
39.15 0.036655 0.060057 0.505381
39.16 0.0367764 0.060026 0.505376
39.17 0.0368977 0.059995 0.50537
39.18 0.0370189 0.0599639 0.505365
39.19 0.0371401 0.0599326 0.505359
39.2 0.0372612 0.0599013 0.505354
39.21 0.0373823 0.0598699 0.505348
39.22 0.0375033 0.0598383 0.505342
39.23 0.0376242 0.0598067 0.505337
39.24 0.037745 0.059775 0.505331
39.25 0.0378658 0.0597431 0.505326
39.26 0.0379866 0.0597112 0.50532
39.27 0.0381072 0.0596791 0.505314
39.28 0.0382278 0.059647 0.505308
39.29 0.0383483 0.0596148 0.505303
39.3 0.0384688 0.0595824 0.505297
39.31 0.0385892 0.05955 0.505291
39.32 0.0387095 0.0595174 0.505286
39.33 0.0388298 0.0594848 0.50528
39.34 0.03895 0.059452 0.505274
39.35 0.0390701 0.0594192 0.505268
39.36 0.0391901 0.0593862 0.505262
39.37 0.0393101 0.0593532 0.505257
39.38 0.0394301 0.05932 0.505251
39.39 0.0395499 0.0592867 0.505245
39.4 0.0396697 0.0592534 0.505239
39.41 0.0397894 0.0592199 0.505233
39.42 0.039909 0.0591864 0.505227
39.43 0.0400286 0.0591527 0.505221
39.44 0.0401481 0.059119 0.505215
39.45 0.0402676 0.0590851 0.505209
39.46 0.0403869 0.0590512 0.505203
39.47 0.0405062 0.0590171 0.505198
39.48 0.0406255 0.058983 0.505192
39.49 0.0407446 0.0589487 0.505186
39.5 0.0408637 0.0589143 0.50518
39.51 0.0409827 0.0588799 0.505173
39.52 0.0411017 0.0588453 0.505167
39.53 0.0412205 0.0588107 0.505161
39.54 0.0413393 0.0587759 0.505155
39.55 0.0414581 0.0587411 0.505149
39.56 0.0415767 0.0587061 0.505143
39.57 0.0416953 0.0586711 0.505137
39.58 0.0418138 0.0586359 0.505131
39.59 0.0419322 0.0586007 0.505125
39.6 0.0420506 0.0585653 0.505119
39.61 0.0421689 0.0585298 0.505112
39.62 0.0422871 0.0584943 0.505106
39.63 0.0424053 0.0584587 0.5051
39.64 0.0425233 0.0584229 0.505094
39.65 0.0426413 0.0583871 0.505088
39.66 0.0427593 0.0583511 0.505081
39.67 0.0428771 0.0583151 0.505075
39.68 0.0429949 0.0582789 0.505069
39.69 0.0431126 0.0582427 0.505063
39.7 0.0432302 0.0582063 0.505056
39.71 0.0433478 0.0581699 0.50505
39.72 0.0434653 0.0581334 0.505044
39.73 0.0435827 0.0580967 0.505037
39.74 0.0437 0.05806 0.505031
39.75 0.0438172 0.0580232 0.505025
39.76 0.0439344 0.0579862 0.505018
39.77 0.0440515 0.0579492 0.505012
39.78 0.0441685 0.0579121 0.505006
39.79 0.0442855 0.0578749 0.504999
39.8 0.0444023 0.0578375 0.504993
39.81 0.0445191 0.0578001 0.504986
39.82 0.0446358 0.0577626 0.50498
39.83 0.0447525 0.057725 0.504974
39.84 0.044869 0.0576873 0.504967
39.85 0.0449855 0.0576495 0.504961
39.86 0.0451019 0.0576115 0.504954
39.87 0.0452183 0.0575735 0.504948
39.88 0.0453345 0.0575354 0.504941
39.89 0.0454507 0.0574972 0.504935
39.9 0.0455668 0.0574589 0.504928
39.91 0.0456828 0.0574205 0.504921
39.92 0.0457987 0.057382 0.504915
39.93 0.0459146 0.0573435 0.504908
39.94 0.0460303 0.0573048 0.504902
39.95 0.046146 0.057266 0.504895
39.96 0.0462616 0.0572271 0.504889
39.97 0.0463772 0.0571881 0.504882
39.98 0.0464926 0.0571491 0.504875
39.99 0.046608 0.0571099 0.504869
40 0.0467233 0.0570706 0.504862
40.01 0.0468385 0.0570313 0.504855
40.02 0.0469536 0.0569918 0.504849
40.03 0.0470687 0.0569522 0.504842
40.04 0.0471836 0.0569126 0.504835
40.05 0.0472985 0.0568728 0.504828
40.06 0.0474133 0.056833 0.504822
40.07 0.047528 0.0567931 0.504815
40.08 0.0476427 0.056753 0.504808
40.09 0.0477572 0.0567129 0.504801
40.1 0.0478717 0.0566727 0.504795
40.11 0.0479861 0.0566323 0.504788
40.12 0.0481004 0.0565919 0.504781
40.13 0.0482146 0.0565514 0.504774
40.14 0.0483288 0.0565108 0.504767
40.15 0.0484428 0.0564701 0.504761
40.16 0.0485568 0.0564293 0.504754
40.17 0.0486707 0.0563884 0.504747
40.18 0.0487845 0.0563474 0.50474
40.19 0.0488982 0.0563063 0.504733
40.2 0.0490119 0.0562651 0.504726
40.21 0.0491254 0.0562239 0.504719
40.22 0.0492389 0.0561825 0.504713
40.23 0.0493523 0.056141 0.504706
40.24 0.0494656 0.0560995 0.504699
40.25 0.0495788 0.0560578 0.504692
40.26 0.0496919 0.0560161 0.504685
40.27 0.0498049 0.0559742 0.504678
40.28 0.0499179 0.0559323 0.504671
40.29 0.0500308 0.0558902 0.504664
40.3 0.0501435 0.0558481 0.504657
40.31 0.0502562 0.0558059 0.50465
40.32 0.0503688 0.0557636 0.504643
40.33 0.0504814 0.0557212 0.504636
40.34 0.0505938 0.0556787 0.504629
40.35 0.0507061 0.0556361 0.504622
40.36 0.0508184 0.0555934 0.504615
40.37 0.0509306 0.0555506 0.504608
40.38 0.0510426 0.0555077 0.5046
40.39 0.0511546 0.0554647 0.504593
40.4 0.0512665 0.0554217 0.504586
40.41 0.0513783 0.0553785 0.504579
40.42 0.0514901 0.0553352 0.504572
40.43 0.0516017 0.0552919 0.504565
40.44 0.0517133 0.0552484 0.504558
40.45 0.0518247 0.0552049 0.504551
40.46 0.0519361 0.0551613 0.504544
40.47 0.0520474 0.0551176 0.504536
40.48 0.0521586 0.0550738 0.504529
40.49 0.0522697 0.0550299 0.504522
40.5 0.0523807 0.0549859 0.504515
40.51 0.0524916 0.0549418 0.504508
40.52 0.0526024 0.0548976 0.5045
40.53 0.0527132 0.0548533 0.504493
40.54 0.0528238 0.0548089 0.504486
40.55 0.0529344 0.0547645 0.504479
40.56 0.0530448 0.0547199 0.504471
40.57 0.0531552 0.0546753 0.504464
40.58 0.0532655 0.0546305 0.504457
40.59 0.0533757 0.0545857 0.50445
40.6 0.0534858 0.0545408 0.504442
40.61 0.0535958 0.0544958 0.504435
40.62 0.0537057 0.0544507 0.504428
40.63 0.0538155 0.0544055 0.50442
40.64 0.0539252 0.0543602 0.504413
40.65 0.0540349 0.0543148 0.504406
40.66 0.0541444 0.0542693 0.504398
40.67 0.0542538 0.0542238 0.504391
40.68 0.0543632 0.0541781 0.504384
40.69 0.0544725 0.0541324 0.504376
40.7 0.0545816 0.0540865 0.504369
40.71 0.0546907 0.0540406 0.504362
40.72 0.0547997 0.0539946 0.504354
40.73 0.0549086 0.0539485 0.504347
40.74 0.0550173 0.0539023 0.504339
40.75 0.055126 0.053856 0.504332
40.76 0.0552346 0.0538096 0.504325
40.77 0.0553431 0.0537631 0.504317
40.78 0.0554515 0.0537166 0.50431
40.79 0.0555599 0.0536699 0.504302
40.8 0.0556681 0.0536232 0.504295
40.81 0.0557762 0.0535763 0.504287
40.82 0.0558842 0.0535294 0.50428
40.83 0.0559921 0.0534824 0.504272
40.84 0.0561 0.0534353 0.504265
40.85 0.0562077 0.0533881 0.504257
40.86 0.0563153 0.0533408 0.50425
40.87 0.0564229 0.0532934 0.504242
40.88 0.0565303 0.053246 0.504235
40.89 0.0566377 0.0531984 0.504227
40.9 0.0567449 0.0531508 0.50422
40.91 0.0568521 0.0531031 0.504212
40.92 0.0569591 0.0530552 0.504205
40.93 0.0570661 0.0530073 0.504197
40.94 0.0571729 0.0529593 0.504189
40.95 0.0572797 0.0529112 0.504182
40.96 0.0573863 0.0528631 0.504174
40.97 0.0574929 0.0528148 0.504167
40.98 0.0575994 0.0527664 0.504159
40.99 0.0577057 0.052718 0.504152
41 0.057812 0.0526695 0.504144
41.01 0.0579181 0.0526208 0.504136
41.02 0.0580242 0.0525721 0.504129
41.03 0.0581302 0.0525233 0.504121
41.04 0.058236 0.0524745 0.504113
41.05 0.0583418 0.0524255 0.504106
41.06 0.0584475 0.0523764 0.504098
41.07 0.058553 0.0523273 0.50409
41.08 0.0586585 0.052278 0.504083
41.09 0.0587638 0.0522287 0.504075
41.1 0.0588691 0.0521793 0.504067
41.11 0.0589743 0.0521298 0.50406
41.12 0.0590793 0.0520802 0.504052
41.13 0.0591843 0.0520305 0.504044
41.14 0.0592891 0.0519808 0.504037
41.15 0.0593939 0.0519309 0.504029
41.16 0.0594985 0.051881 0.504021
41.17 0.0596031 0.051831 0.504014
41.18 0.0597075 0.0517808 0.504006
41.19 0.0598118 0.0517306 0.503998
41.2 0.0599161 0.0516804 0.50399
41.21 0.0600202 0.05163 0.503983
41.22 0.0601242 0.0515795 0.503975
41.23 0.0602282 0.051529 0.503967
41.24 0.060332 0.0514784 0.503959
41.25 0.0604357 0.0514276 0.503952
41.26 0.0605393 0.0513768 0.503944
41.27 0.0606428 0.0513259 0.503936
41.28 0.0607462 0.051275 0.503928
41.29 0.0608495 0.0512239 0.50392
41.3 0.0609527 0.0511728 0.503913
41.31 0.0610558 0.0511215 0.503905
41.32 0.0611588 0.0510702 0.503897
41.33 0.0612617 0.0510188 0.503889
41.34 0.0613645 0.0509673 0.503881
41.35 0.0614672 0.0509157 0.503874
41.36 0.0615697 0.0508641 0.503866
41.37 0.0616722 0.0508123 0.503858
41.38 0.0617746 0.0507605 0.50385
41.39 0.0618768 0.0507086 0.503842
41.4 0.0619789 0.0506566 0.503834
41.41 0.062081 0.0506045 0.503827
41.42 0.0621829 0.0505523 0.503819
41.43 0.0622847 0.0505 0.503811
41.44 0.0623865 0.0504477 0.503803
41.45 0.0624881 0.0503953 0.503795
41.46 0.0625896 0.0503428 0.503787
41.47 0.062691 0.0502902 0.503779
41.48 0.0627922 0.0502375 0.503771
41.49 0.0628934 0.0501847 0.503764
41.5 0.0629945 0.0501319 0.503756
41.51 0.0630955 0.050079 0.503748
41.52 0.0631963 0.0500259 0.50374
41.53 0.0632971 0.0499728 0.503732
41.54 0.0633977 0.0499197 0.503724
41.55 0.0634982 0.0498664 0.503716
41.56 0.0635986 0.049813 0.503708
41.57 0.063699 0.0497596 0.5037
41.58 0.0637992 0.0497061 0.503692
41.59 0.0638992 0.0496525 0.503684
41.6 0.0639992 0.0495988 0.503677
41.61 0.0640991 0.049545 0.503669
41.62 0.0641989 0.0494912 0.503661
41.63 0.0642985 0.0494373 0.503653
41.64 0.0643981 0.0493832 0.503645
41.65 0.0644975 0.0493291 0.503637
41.66 0.0645968 0.049275 0.503629
41.67 0.064696 0.0492207 0.503621
41.68 0.0647951 0.0491664 0.503613
41.69 0.0648941 0.0491119 0.503605
41.7 0.064993 0.0490574 0.503597
41.71 0.0650917 0.0490028 0.503589
41.72 0.0651904 0.0489482 0.503581
41.73 0.0652889 0.0488934 0.503573
41.74 0.0653874 0.0488386 0.503565
41.75 0.0654857 0.0487836 0.503557
41.76 0.0655839 0.0487286 0.503549
41.77 0.065682 0.0486736 0.503541
41.78 0.06578 0.0486184 0.503533
41.79 0.0658778 0.0485632 0.503525
41.8 0.0659756 0.0485078 0.503517
41.81 0.0660732 0.0484524 0.503509
41.82 0.0661708 0.0483969 0.503501
41.83 0.0662682 0.0483414 0.503493
41.84 0.0663655 0.0482857 0.503485
41.85 0.0664627 0.04823 0.503477
41.86 0.0665597 0.0481742 0.503469
41.87 0.0666567 0.0481183 0.503461
41.88 0.0667535 0.0480623 0.503453
41.89 0.0668503 0.0480063 0.503445
41.9 0.0669469 0.0479501 0.503437
41.91 0.0670434 0.0478939 0.503429
41.92 0.0671398 0.0478376 0.503421
41.93 0.067236 0.0477812 0.503413
41.94 0.0673322 0.0477248 0.503405
41.95 0.0674282 0.0476683 0.503397
41.96 0.0675242 0.0476116 0.503389
41.97 0.06762 0.047555 0.503381
41.98 0.0677157 0.0474982 0.503373
41.99 0.0678113 0.0474413 0.503365
42 0.0679067 0.0473844 0.503357
42.01 0.0680021 0.0473274 0.503349
42.02 0.0680973 0.0472703 0.503341
42.03 0.0681924 0.0472131 0.503333
42.04 0.0682874 0.0471559 0.503324
42.05 0.0683823 0.0470986 0.503316
42.06 0.0684771 0.0470412 0.503308
42.07 0.0685717 0.0469837 0.5033
42.08 0.0686662 0.0469261 0.503292
42.09 0.0687606 0.0468685 0.503284
42.1 0.0688549 0.0468108 0.503276
42.11 0.0689491 0.046753 0.503268
42.12 0.0690432 0.0466951 0.50326
42.13 0.0691371 0.0466372 0.503252
42.14 0.0692309 0.0465791 0.503244
42.15 0.0693246 0.046521 0.503236
42.16 0.0694182 0.0464628 0.503228
42.17 0.0695117 0.0464046 0.50322
42.18 0.069605 0.0463462 0.503212
42.19 0.0696983 0.0462878 0.503204
42.2 0.0697914 0.0462293 0.503196
42.21 0.0698844 0.0461708 0.503187
42.22 0.0699772 0.0461121 0.503179
42.23 0.07007 0.0460534 0.503171
42.24 0.0701626 0.0459946 0.503163
42.25 0.0702551 0.0459357 0.503155
42.26 0.0703475 0.0458768 0.503147
42.27 0.0704398 0.0458177 0.503139
42.28 0.0705319 0.0457586 0.503131
42.29 0.070624 0.0456994 0.503123
42.3 0.0707159 0.0456402 0.503115
42.31 0.0708077 0.0455809 0.503107
42.32 0.0708993 0.0455214 0.503099
42.33 0.0709909 0.045462 0.503091
42.34 0.0710823 0.0454024 0.503083
42.35 0.0711736 0.0453428 0.503074
42.36 0.0712648 0.045283 0.503066
42.37 0.0713559 0.0452233 0.503058
42.38 0.0714468 0.0451634 0.50305
42.39 0.0715376 0.0451034 0.503042
42.4 0.0716283 0.0450434 0.503034
42.41 0.0717189 0.0449833 0.503026
42.42 0.0718093 0.0449232 0.503018
42.43 0.0718997 0.0448629 0.50301
42.44 0.0719899 0.0448026 0.503002
42.45 0.0720799 0.0447422 0.502994
42.46 0.0721699 0.0446818 0.502986
42.47 0.0722597 0.0446212 0.502978
42.48 0.0723494 0.0445606 0.50297
42.49 0.072439 0.0444999 0.502962
42.5 0.0725285 0.0444392 0.502954
42.51 0.0726178 0.0443783 0.502945
42.52 0.0727071 0.0443174 0.502937
42.53 0.0727962 0.0442565 0.502929
42.54 0.0728851 0.0441954 0.502921
42.55 0.072974 0.0441343 0.502913
42.56 0.0730627 0.0440731 0.502905
42.57 0.0731513 0.0440118 0.502897
42.58 0.0732398 0.0439504 0.502889
42.59 0.0733281 0.043889 0.502881
42.6 0.0734163 0.0438275 0.502873
42.61 0.0735044 0.043766 0.502865
42.62 0.0735924 0.0437043 0.502857
42.63 0.0736802 0.0436426 0.502849
42.64 0.073768 0.0435808 0.502841
42.65 0.0738555 0.043519 0.502833
42.66 0.073943 0.043457 0.502825
42.67 0.0740304 0.043395 0.502817
42.68 0.0741176 0.0433329 0.502809
42.69 0.0742047 0.0432708 0.502801
42.7 0.0742916 0.0432086 0.502793
42.71 0.0743785 0.0431463 0.502785
42.72 0.0744652 0.0430839 0.502777
42.73 0.0745518 0.0430215 0.502769
42.74 0.0746382 0.042959 0.502761
42.75 0.0747245 0.0428964 0.502753
42.76 0.0748107 0.0428338 0.502745
42.77 0.0748968 0.042771 0.502737
42.78 0.0749828 0.0427082 0.502729
42.79 0.0750686 0.0426454 0.502721
42.8 0.0751543 0.0425824 0.502713
42.81 0.0752398 0.0425194 0.502705
42.82 0.0753253 0.0424564 0.502697
42.83 0.0754106 0.0423932 0.502689
42.84 0.0754958 0.04233 0.502681
42.85 0.0755808 0.0422667 0.502673
42.86 0.0756657 0.0422034 0.502665
42.87 0.0757505 0.0421399 0.502657
42.88 0.0758352 0.0420764 0.502649
42.89 0.0759197 0.0420129 0.502641
42.9 0.0760041 0.0419492 0.502633
42.91 0.0760884 0.0418855 0.502625
42.92 0.0761725 0.0418218 0.502617
42.93 0.0762566 0.0417579 0.502609
42.94 0.0763404 0.041694 0.502601
42.95 0.0764242 0.04163 0.502593
42.96 0.0765078 0.041566 0.502585
42.97 0.0765913 0.0415019 0.502577
42.98 0.0766747 0.0414377 0.502569
42.99 0.0767579 0.0413734 0.502561
43 0.076841 0.0413091 0.502553
43.01 0.076924 0.0412447 0.502545
43.02 0.0770068 0.0411802 0.502537
43.03 0.0770896 0.0411157 0.502529
43.04 0.0771721 0.0410511 0.502521
43.05 0.0772546 0.0409864 0.502514
43.06 0.0773369 0.0409217 0.502506
43.07 0.0774191 0.0408569 0.502498
43.08 0.0775012 0.040792 0.50249
43.09 0.0775831 0.0407271 0.502482
43.1 0.0776649 0.0406621 0.502474
43.11 0.0777465 0.040597 0.502466
43.12 0.0778281 0.0405318 0.502458
43.13 0.0779095 0.0404666 0.50245
43.14 0.0779907 0.0404014 0.502442
43.15 0.0780719 0.040336 0.502435
43.16 0.0781529 0.0402706 0.502427
43.17 0.0782337 0.0402051 0.502419
43.18 0.0783145 0.0401396 0.502411
43.19 0.0783951 0.040074 0.502403
43.2 0.0784755 0.0400083 0.502395
43.21 0.0785559 0.0399426 0.502387
43.22 0.0786361 0.0398767 0.50238
43.23 0.0787161 0.0398109 0.502372
43.24 0.078796 0.0397449 0.502364
43.25 0.0788758 0.0396789 0.502356
43.26 0.0789555 0.0396129 0.502348
43.27 0.079035 0.0395467 0.50234
43.28 0.0791144 0.0394805 0.502333
43.29 0.0791937 0.0394142 0.502325
43.3 0.0792728 0.0393479 0.502317
43.31 0.0793518 0.0392815 0.502309
43.32 0.0794307 0.039215 0.502301
43.33 0.0795094 0.0391485 0.502294
43.34 0.079588 0.0390819 0.502286
43.35 0.0796664 0.0390153 0.502278
43.36 0.0797448 0.0389485 0.50227
43.37 0.0798229 0.0388817 0.502263
43.38 0.079901 0.0388149 0.502255
43.39 0.0799789 0.038748 0.502247
43.4 0.0800567 0.038681 0.502239
43.41 0.0801343 0.038614 0.502232
43.42 0.0802118 0.0385468 0.502224
43.43 0.0802892 0.0384797 0.502216
43.44 0.0803664 0.0384124 0.502208
43.45 0.0804435 0.0383451 0.502201
43.46 0.0805205 0.0382778 0.502193
43.47 0.0805973 0.0382103 0.502185
43.48 0.080674 0.0381429 0.502178
43.49 0.0807505 0.0380753 0.50217
43.5 0.080827 0.0380077 0.502162
43.51 0.0809032 0.03794 0.502155
43.52 0.0809794 0.0378723 0.502147
43.53 0.0810554 0.0378045 0.502139
43.54 0.0811312 0.0377366 0.502132
43.55 0.081207 0.0376687 0.502124
43.56 0.0812826 0.0376007 0.502116
43.57 0.081358 0.0375326 0.502109
43.58 0.0814333 0.0374645 0.502101
43.59 0.0815085 0.0373963 0.502093
43.6 0.0815835 0.0373281 0.502086
43.61 0.0816584 0.0372598 0.502078
43.62 0.0817332 0.0371914 0.502071
43.63 0.0818078 0.037123 0.502063
43.64 0.0818823 0.0370545 0.502055
43.65 0.0819566 0.036986 0.502048
43.66 0.0820308 0.0369174 0.50204
43.67 0.0821049 0.0368487 0.502033
43.68 0.0821788 0.03678 0.502025
43.69 0.0822526 0.0367112 0.502017
43.7 0.0823263 0.0366423 0.50201
43.71 0.0823998 0.0365734 0.502002
43.72 0.0824732 0.0365044 0.501995
43.73 0.0825464 0.0364354 0.501987
43.74 0.0826195 0.0363663 0.50198
43.75 0.0826924 0.0362972 0.501972
43.76 0.0827652 0.036228 0.501965
43.77 0.0828379 0.0361587 0.501957
43.78 0.0829104 0.0360894 0.50195
43.79 0.0829828 0.03602 0.501942
43.8 0.0830551 0.0359505 0.501935
43.81 0.0831272 0.035881 0.501927
43.82 0.0831992 0.0358114 0.50192
43.83 0.083271 0.0357418 0.501913
43.84 0.0833427 0.0356721 0.501905
43.85 0.0834142 0.0356024 0.501898
43.86 0.0834856 0.0355326 0.50189
43.87 0.0835569 0.0354627 0.501883
43.88 0.083628 0.0353928 0.501875
43.89 0.083699 0.0353228 0.501868
43.9 0.0837698 0.0352528 0.501861
43.91 0.0838405 0.0351827 0.501853
43.92 0.0839111 0.0351125 0.501846
43.93 0.0839815 0.0350423 0.501839
43.94 0.0840518 0.034972 0.501831
43.95 0.0841219 0.0349017 0.501824
43.96 0.0841919 0.0348313 0.501817
43.97 0.0842617 0.0347609 0.501809
43.98 0.0843314 0.0346904 0.501802
43.99 0.084401 0.0346198 0.501795
44 0.0844704 0.0345492 0.501787
44.01 0.0845397 0.0344785 0.50178
44.02 0.0846088 0.0344078 0.501773
44.03 0.0846778 0.034337 0.501765
44.04 0.0847466 0.0342662 0.501758
44.05 0.0848153 0.0341953 0.501751
44.06 0.0848839 0.0341243 0.501744
44.07 0.0849523 0.0340533 0.501736
44.08 0.0850206 0.0339822 0.501729
44.09 0.0850887 0.0339111 0.501722
44.1 0.0851567 0.0338399 0.501715
44.11 0.0852245 0.0337687 0.501708
44.12 0.0852922 0.0336974 0.5017
44.13 0.0853598 0.0336261 0.501693
44.14 0.0854272 0.0335547 0.501686
44.15 0.0854944 0.0334832 0.501679
44.16 0.0855616 0.0334117 0.501672
44.17 0.0856285 0.0333401 0.501665
44.18 0.0856954 0.0332685 0.501657
44.19 0.0857621 0.0331968 0.50165
44.2 0.0858286 0.0331251 0.501643
44.21 0.085895 0.0330533 0.501636
44.22 0.0859612 0.0329815 0.501629
44.23 0.0860273 0.0329096 0.501622
44.24 0.0860933 0.0328376 0.501615
44.25 0.0861591 0.0327656 0.501608
44.26 0.0862248 0.0326936 0.501601
44.27 0.0862903 0.0326214 0.501594
44.28 0.0863557 0.0325493 0.501587
44.29 0.0864209 0.0324771 0.50158
44.3 0.086486 0.0324048 0.501573
44.31 0.086551 0.0323325 0.501566
44.32 0.0866157 0.0322601 0.501559
44.33 0.0866804 0.0321877 0.501552
44.34 0.0867449 0.0321152 0.501545
44.35 0.0868093 0.0320426 0.501538
44.36 0.0868735 0.03197 0.501531
44.37 0.0869375 0.0318974 0.501524
44.38 0.0870014 0.0318247 0.501517
44.39 0.0870652 0.031752 0.50151
44.4 0.0871288 0.0316792 0.501503
44.41 0.0871923 0.0316063 0.501496
44.42 0.0872556 0.0315334 0.501489
44.43 0.0873188 0.0314605 0.501482
44.44 0.0873819 0.0313874 0.501476
44.45 0.0874447 0.0313144 0.501469
44.46 0.0875075 0.0312413 0.501462
44.47 0.0875701 0.0311681 0.501455
44.48 0.0876325 0.0310949 0.501448
44.49 0.0876948 0.0310216 0.501441
44.5 0.087757 0.0309483 0.501435
44.51 0.087819 0.030875 0.501428
44.52 0.0878808 0.0308015 0.501421
44.53 0.0879425 0.0307281 0.501414
44.54 0.0880041 0.0306546 0.501408
44.55 0.0880655 0.030581 0.501401
44.56 0.0881267 0.0305074 0.501394
44.57 0.0881878 0.0304337 0.501387
44.58 0.0882488 0.03036 0.501381
44.59 0.0883096 0.0302862 0.501374
44.6 0.0883703 0.0302124 0.501367
44.61 0.0884308 0.0301385 0.501361
44.62 0.0884912 0.0300646 0.501354
44.63 0.0885514 0.0299906 0.501347
44.64 0.0886115 0.0299166 0.501341
44.65 0.0886714 0.0298426 0.501334
44.66 0.0887311 0.0297684 0.501327
44.67 0.0887908 0.0296943 0.501321
44.68 0.0888502 0.0296201 0.501314
44.69 0.0889096 0.0295458 0.501308
44.7 0.0889687 0.0294715 0.501301
44.71 0.0890277 0.0293971 0.501295
44.72 0.0890866 0.0293227 0.501288
44.73 0.0891453 0.0292483 0.501282
44.74 0.0892039 0.0291738 0.501275
44.75 0.0892623 0.0290992 0.501269
44.76 0.0893206 0.0290246 0.501262
44.77 0.0893787 0.02895 0.501256
44.78 0.0894367 0.0288753 0.501249
44.79 0.0894945 0.0288005 0.501243
44.8 0.0895522 0.0287258 0.501236
44.81 0.0896097 0.0286509 0.50123
44.82 0.0896671 0.028576 0.501223
44.83 0.0897243 0.0285011 0.501217
44.84 0.0897814 0.0284261 0.501211
44.85 0.0898383 0.0283511 0.501204
44.86 0.089895 0.028276 0.501198
44.87 0.0899516 0.0282009 0.501192
44.88 0.0900081 0.0281258 0.501185
44.89 0.0900644 0.0280506 0.501179
44.9 0.0901206 0.0279753 0.501173
44.91 0.0901766 0.0279 0.501166
44.92 0.0902324 0.0278247 0.50116
44.93 0.0902881 0.0277493 0.501154
44.94 0.0903437 0.0276738 0.501147
44.95 0.0903991 0.0275984 0.501141
44.96 0.0904543 0.0275228 0.501135
44.97 0.0905094 0.0274473 0.501129
44.98 0.0905644 0.0273716 0.501123
44.99 0.0906192 0.027296 0.501116
45 0.0906738 0.0272203 0.50111
45.01 0.0907283 0.0271445 0.501104
45.02 0.0907826 0.0270687 0.501098
45.03 0.0908368 0.0269929 0.501092
45.04 0.0908908 0.026917 0.501086
45.05 0.0909447 0.0268411 0.501079
45.06 0.0909984 0.0267651 0.501073
45.07 0.091052 0.0266891 0.501067
45.08 0.0911054 0.026613 0.501061
45.09 0.0911587 0.0265369 0.501055
45.1 0.0912118 0.0264608 0.501049
45.11 0.0912647 0.0263846 0.501043
45.12 0.0913175 0.0263083 0.501037
45.13 0.0913702 0.0262321 0.501031
45.14 0.0914227 0.0261557 0.501025
45.15 0.091475 0.0260794 0.501019
45.16 0.0915272 0.026003 0.501013
45.17 0.0915792 0.0259265 0.501007
45.18 0.0916311 0.02585 0.501001
45.19 0.0916828 0.0257735 0.500995
45.2 0.0917344 0.0256969 0.50099
45.21 0.0917858 0.0256203 0.500984
45.22 0.0918371 0.0255437 0.500978
45.23 0.0918882 0.0254669 0.500972
45.24 0.0919392 0.0253902 0.500966
45.25 0.09199 0.0253134 0.50096
45.26 0.0920406 0.0252366 0.500954
45.27 0.0920911 0.0251597 0.500949
45.28 0.0921414 0.0250828 0.500943
45.29 0.0921916 0.0250059 0.500937
45.3 0.0922417 0.0249289 0.500931
45.31 0.0922915 0.0248518 0.500926
45.32 0.0923412 0.0247748 0.50092
45.33 0.0923908 0.0246977 0.500914
45.34 0.0924402 0.0246205 0.500908
45.35 0.0924895 0.0245433 0.500903
45.36 0.0925386 0.0244661 0.500897
45.37 0.0925875 0.0243888 0.500891
45.38 0.0926363 0.0243115 0.500886
45.39 0.0926849 0.0242341 0.50088
45.4 0.0927334 0.0241567 0.500875
45.41 0.0927817 0.0240793 0.500869
45.42 0.0928299 0.0240018 0.500863
45.43 0.0928779 0.0239243 0.500858
45.44 0.0929257 0.0238468 0.500852
45.45 0.0929734 0.0237692 0.500847
45.46 0.093021 0.0236916 0.500841
45.47 0.0930684 0.0236139 0.500836
45.48 0.0931156 0.0235362 0.50083
45.49 0.0931627 0.0234584 0.500825
45.5 0.0932096 0.0233807 0.500819
45.51 0.0932563 0.0233028 0.500814
45.52 0.093303 0.023225 0.500808
45.53 0.0933494 0.0231471 0.500803
45.54 0.0933957 0.0230691 0.500798
45.55 0.0934418 0.0229912 0.500792
45.56 0.0934878 0.0229132 0.500787
45.57 0.0935336 0.0228351 0.500782
45.58 0.0935793 0.022757 0.500776
45.59 0.0936248 0.0226789 0.500771
45.6 0.0936701 0.0226008 0.500766
45.61 0.0937153 0.0225226 0.50076
45.62 0.0937604 0.0224443 0.500755
45.63 0.0938052 0.0223661 0.50075
45.64 0.09385 0.0222877 0.500745
45.65 0.0938945 0.0222094 0.500739
45.66 0.0939389 0.022131 0.500734
45.67 0.0939832 0.0220526 0.500729
45.68 0.0940273 0.0219742 0.500724
45.69 0.0940712 0.0218957 0.500719
45.7 0.094115 0.0218171 0.500713
45.71 0.0941586 0.0217386 0.500708
45.72 0.0942021 0.02166 0.500703
45.73 0.0942454 0.0215814 0.500698
45.74 0.0942885 0.0215027 0.500693
45.75 0.0943315 0.021424 0.500688
45.76 0.0943743 0.0213453 0.500683
45.77 0.094417 0.0212665 0.500678
45.78 0.0944595 0.0211877 0.500673
45.79 0.0945019 0.0211088 0.500668
45.8 0.094544 0.02103 0.500663
45.81 0.0945861 0.0209511 0.500658
45.82 0.094628 0.0208721 0.500653
45.83 0.0946697 0.0207931 0.500648
45.84 0.0947112 0.0207141 0.500643
45.85 0.0947526 0.0206351 0.500638
45.86 0.0947939 0.020556 0.500633
45.87 0.094835 0.0204769 0.500629
45.88 0.0948759 0.0203978 0.500624
45.89 0.0949167 0.0203186 0.500619
45.9 0.0949573 0.0202394 0.500614
45.91 0.0949977 0.0201601 0.500609
45.92 0.095038 0.0200808 0.500604
45.93 0.0950781 0.0200015 0.5006
45.94 0.0951181 0.0199222 0.500595
45.95 0.0951579 0.0198428 0.50059
45.96 0.0951976 0.0197634 0.500586
45.97 0.0952371 0.019684 0.500581
45.98 0.0952764 0.0196045 0.500576
45.99 0.0953156 0.019525 0.500572
46 0.0953546 0.0194455 0.500567
46.01 0.0953934 0.0193659 0.500562
46.02 0.0954321 0.0192863 0.500558
46.03 0.0954707 0.0192067 0.500553
46.04 0.0955091 0.019127 0.500548
46.05 0.0955473 0.0190473 0.500544
46.06 0.0955853 0.0189676 0.500539
46.07 0.0956232 0.0188878 0.500535
46.08 0.095661 0.018808 0.50053
46.09 0.0956985 0.0187282 0.500526
46.1 0.095736 0.0186484 0.500521
46.11 0.0957732 0.0185685 0.500517
46.12 0.0958103 0.0184886 0.500512
46.13 0.0958472 0.0184086 0.500508
46.14 0.095884 0.0183287 0.500504
46.15 0.0959206 0.0182487 0.500499
46.16 0.0959571 0.0181686 0.500495
46.17 0.0959934 0.0180886 0.500491
46.18 0.0960295 0.0180085 0.500486
46.19 0.0960655 0.0179284 0.500482
46.2 0.0961013 0.0178482 0.500478
46.21 0.0961369 0.0177681 0.500473
46.22 0.0961724 0.0176879 0.500469
46.23 0.0962078 0.0176076 0.500465
46.24 0.0962429 0.0175274 0.500461
46.25 0.0962779 0.0174471 0.500456
46.26 0.0963128 0.0173667 0.500452
46.27 0.0963475 0.0172864 0.500448
46.28 0.096382 0.017206 0.500444
46.29 0.0964163 0.0171256 0.50044
46.3 0.0964505 0.0170452 0.500436
46.31 0.0964846 0.0169647 0.500432
46.32 0.0965185 0.0168842 0.500427
46.33 0.0965522 0.0168037 0.500423
46.34 0.0965857 0.0167232 0.500419
46.35 0.0966191 0.0166426 0.500415
46.36 0.0966524 0.016562 0.500411
46.37 0.0966854 0.0164814 0.500407
46.38 0.0967183 0.0164007 0.500403
46.39 0.0967511 0.0163201 0.500399
46.4 0.0967837 0.0162394 0.500395
46.41 0.0968161 0.0161586 0.500391
46.42 0.0968484 0.0160779 0.500388
46.43 0.0968805 0.0159971 0.500384
46.44 0.0969124 0.0159163 0.50038
46.45 0.0969442 0.0158355 0.500376
46.46 0.0969758 0.0157546 0.500372
46.47 0.0970072 0.0156737 0.500368
46.48 0.0970385 0.0155928 0.500365
46.49 0.0970697 0.0155119 0.500361
46.5 0.0971006 0.0154309 0.500357
46.51 0.0971314 0.0153499 0.500353
46.52 0.0971621 0.0152689 0.50035
46.53 0.0971925 0.0151879 0.500346
46.54 0.0972229 0.0151068 0.500342
46.55 0.097253 0.0150257 0.500339
46.56 0.097283 0.0149446 0.500335
46.57 0.0973128 0.0148635 0.500331
46.58 0.0973425 0.0147823 0.500328
46.59 0.097372 0.0147011 0.500324
46.6 0.0974013 0.0146199 0.500321
46.61 0.0974305 0.0145387 0.500317
46.62 0.0974595 0.0144574 0.500313
46.63 0.0974884 0.0143761 0.50031
46.64 0.0975171 0.0142948 0.500306
46.65 0.0975456 0.0142135 0.500303
46.66 0.097574 0.0141322 0.500299
46.67 0.0976022 0.0140508 0.500296
46.68 0.0976302 0.0139694 0.500293
46.69 0.0976581 0.013888 0.500289
46.7 0.0976858 0.0138065 0.500286
46.71 0.0977133 0.0137251 0.500282
46.72 0.0977407 0.0136436 0.500279
46.73 0.0977679 0.0135621 0.500276
46.74 0.097795 0.0134806 0.500273
46.75 0.0978219 0.013399 0.500269
46.76 0.0978486 0.0133174 0.500266
46.77 0.0978752 0.0132358 0.500263
46.78 0.0979016 0.0131542 0.500259
46.79 0.0979278 0.0130726 0.500256
46.8 0.0979539 0.0129909 0.500253
46.81 0.0979798 0.0129092 0.50025
46.82 0.0980056 0.0128275 0.500247
46.83 0.0980311 0.0127458 0.500244
46.84 0.0980566 0.0126641 0.500241
46.85 0.0980818 0.0125823 0.500237
46.86 0.0981069 0.0125005 0.500234
46.87 0.0981319 0.0124187 0.500231
46.88 0.0981566 0.0123369 0.500228
46.89 0.0981812 0.0122551 0.500225
46.9 0.0982057 0.0121732 0.500222
46.91 0.0982299 0.0120913 0.500219
46.92 0.098254 0.0120094 0.500216
46.93 0.098278 0.0119275 0.500213
46.94 0.0983018 0.0118455 0.50021
46.95 0.0983254 0.0117636 0.500208
46.96 0.0983489 0.0116816 0.500205
46.97 0.0983721 0.0115996 0.500202
46.98 0.0983953 0.0115176 0.500199
46.99 0.0984182 0.0114355 0.500196
47 0.098441 0.0113535 0.500193
47.01 0.0984637 0.0112714 0.500191
47.02 0.0984861 0.0111893 0.500188
47.03 0.0985084 0.0111072 0.500185
47.04 0.0985306 0.0110251 0.500182
47.05 0.0985526 0.0109429 0.50018
47.06 0.0985744 0.0108608 0.500177
47.07 0.098596 0.0107786 0.500174
47.08 0.0986175 0.0106964 0.500172
47.09 0.0986388 0.0106142 0.500169
47.1 0.09866 0.0105319 0.500166
47.11 0.098681 0.0104497 0.500164
47.12 0.0987018 0.0103674 0.500161
47.13 0.0987224 0.0102851 0.500159
47.14 0.0987429 0.0102028 0.500156
47.15 0.0987633 0.0101205 0.500154
47.16 0.0987834 0.0100382 0.500151
47.17 0.0988034 0.0099558 0.500149
47.18 0.0988233 0.00987344 0.500146
47.19 0.0988429 0.00979105 0.500144
47.2 0.0988624 0.00970865 0.500141
47.21 0.0988818 0.00962623 0.500139
47.22 0.098901 0.0095438 0.500137
47.23 0.09892 0.00946135 0.500134
47.24 0.0989388 0.00937889 0.500132
47.25 0.0989575 0.00929641 0.50013
47.26 0.098976 0.00921392 0.500127
47.27 0.0989944 0.00913141 0.500125
47.28 0.0990125 0.00904889 0.500123
47.29 0.0990306 0.00896635 0.500121
47.3 0.0990484 0.0088838 0.500118
47.31 0.0990661 0.00880123 0.500116
47.32 0.0990836 0.00871865 0.500114
47.33 0.099101 0.00863605 0.500112
47.34 0.0991182 0.00855344 0.50011
47.35 0.0991352 0.00847082 0.500108
47.36 0.0991521 0.00838818 0.500106
47.37 0.0991688 0.00830553 0.500103
47.38 0.0991853 0.00822287 0.500101
47.39 0.0992017 0.00814019 0.500099
47.4 0.0992179 0.0080575 0.500097
47.41 0.0992339 0.00797479 0.500095
47.42 0.0992498 0.00789208 0.500093
47.43 0.0992655 0.00780935 0.500091
47.44 0.099281 0.0077266 0.50009
47.45 0.0992964 0.00764385 0.500088
47.46 0.0993116 0.00756108 0.500086
47.47 0.0993266 0.0074783 0.500084
47.48 0.0993415 0.00739551 0.500082
47.49 0.0993562 0.0073127 0.50008
47.5 0.0993708 0.00722989 0.500078
47.51 0.0993851 0.00714706 0.500077
47.52 0.0993994 0.00706422 0.500075
47.53 0.0994134 0.00698137 0.500073
47.54 0.0994273 0.00689851 0.500071
47.55 0.099441 0.00681563 0.50007
47.56 0.0994546 0.00673275 0.500068
47.57 0.0994679 0.00664985 0.500066
47.58 0.0994812 0.00656695 0.500065
47.59 0.0994942 0.00648403 0.500063
47.6 0.0995071 0.0064011 0.500061
47.61 0.0995198 0.00631817 0.50006
47.62 0.0995324 0.00623522 0.500058
47.63 0.0995448 0.00615226 0.500057
47.64 0.099557 0.00606929 0.500055
47.65 0.099569 0.00598631 0.500054
47.66 0.0995809 0.00590332 0.500052
47.67 0.0995927 0.00582033 0.500051
47.68 0.0996042 0.00573732 0.500049
47.69 0.0996156 0.0056543 0.500048
47.7 0.0996268 0.00557128 0.500047
47.71 0.0996379 0.00548824 0.500045
47.72 0.0996488 0.0054052 0.500044
47.73 0.0996595 0.00532215 0.500042
47.74 0.0996701 0.00523909 0.500041
47.75 0.0996805 0.00515602 0.50004
47.76 0.0996907 0.00507294 0.500039
47.77 0.0997008 0.00498985 0.500037
47.78 0.0997107 0.00490676 0.500036
47.79 0.0997204 0.00482366 0.500035
47.8 0.09973 0.00474055 0.500034
47.81 0.0997394 0.00465743 0.500033
47.82 0.0997486 0.0045743 0.500031
47.83 0.0997577 0.00449117 0.50003
47.84 0.0997666 0.00440803 0.500029
47.85 0.0997753 0.00432488 0.500028
47.86 0.0997839 0.00424173 0.500027
47.87 0.0997923 0.00415857 0.500026
47.88 0.0998005 0.0040754 0.500025
47.89 0.0998086 0.00399223 0.500024
47.9 0.0998165 0.00390905 0.500023
47.91 0.0998242 0.00382586 0.500022
47.92 0.0998318 0.00374266 0.500021
47.93 0.0998392 0.00365946 0.50002
47.94 0.0998464 0.00357626 0.500019
47.95 0.0998535 0.00349305 0.500018
47.96 0.0998604 0.00340983 0.500017
47.97 0.0998671 0.00332661 0.500017
47.98 0.0998737 0.00324338 0.500016
47.99 0.0998801 0.00316015 0.500015
48 0.0998863 0.00307691 0.500014
48.01 0.0998924 0.00299366 0.500013
48.02 0.0998983 0.00291042 0.500013
48.03 0.099904 0.00282716 0.500012
48.04 0.0999096 0.00274391 0.500011
48.05 0.099915 0.00266064 0.500011
48.06 0.0999203 0.00257738 0.50001
48.07 0.0999253 0.00249411 0.500009
48.08 0.0999302 0.00241083 0.500009
48.09 0.099935 0.00232755 0.500008
48.1 0.0999395 0.00224427 0.500008
48.11 0.0999439 0.00216098 0.500007
48.12 0.0999482 0.0020777 0.500006
48.13 0.0999523 0.0019944 0.500006
48.14 0.0999562 0.00191111 0.500005
48.15 0.0999599 0.00182781 0.500005
48.16 0.0999635 0.0017445 0.500005
48.17 0.0999669 0.0016612 0.500004
48.18 0.0999701 0.00157789 0.500004
48.19 0.0999732 0.00149458 0.500003
48.2 0.0999761 0.00141127 0.500003
48.21 0.0999788 0.00132795 0.500003
48.22 0.0999814 0.00124464 0.500002
48.23 0.0999838 0.00116132 0.500002
48.24 0.0999861 0.001078 0.500002
48.25 0.0999881 0.000994673 0.500001
48.26 0.09999 0.000911349 0.500001
48.27 0.0999918 0.000828023 0.500001
48.28 0.0999933 0.000744696 0.500001
48.29 0.0999948 0.000661367 0.500001
48.3 0.099996 0.000578038 0.500001
48.31 0.0999971 0.000494707 0.5
48.32 0.099998 0.000411376 0.5
48.33 0.0999987 0.000328044 0.5
48.34 0.0999993 0.000244711 0.5
48.35 0.0999997 0.000161378 0.5
48.36 0.0999999 7.80451e-05 0.5
48.37 0.1 -5.28817e-06 0.5
48.38 0.0999999 -8.86215e-05 0.5
48.39 0.0999996 -0.000171955 0.5
48.4 0.0999992 -0.000255288 0.5
48.41 0.0999986 -0.00033862 0.5
48.42 0.0999979 -0.000421952 0.5
48.43 0.0999969 -0.000505283 0.5
48.44 0.0999958 -0.000588614 0.500001
48.45 0.0999946 -0.000671943 0.500001
48.46 0.0999932 -0.000755271 0.500001
48.47 0.0999916 -0.000838599 0.500001
48.48 0.0999898 -0.000921924 0.500001
48.49 0.0999879 -0.00100525 0.500002
48.5 0.0999858 -0.00108857 0.500002
48.51 0.0999835 -0.00117189 0.500002
48.52 0.0999811 -0.00125521 0.500002
48.53 0.0999785 -0.00133853 0.500003
48.54 0.0999757 -0.00142184 0.500003
48.55 0.0999728 -0.00150516 0.500003
48.56 0.0999697 -0.00158847 0.500004
48.57 0.0999665 -0.00167177 0.500004
48.58 0.099963 -0.00175508 0.500005
48.59 0.0999594 -0.00183838 0.500005
48.6 0.0999557 -0.00192168 0.500006
48.61 0.0999517 -0.00200497 0.500006
48.62 0.0999477 -0.00208827 0.500007
48.63 0.0999434 -0.00217156 0.500007
48.64 0.099939 -0.00225484 0.500008
48.65 0.0999344 -0.00233812 0.500008
48.66 0.0999296 -0.0024214 0.500009
48.67 0.0999247 -0.00250467 0.500009
48.68 0.0999196 -0.00258795 0.50001
48.69 0.0999143 -0.00267121 0.500011
48.7 0.0999089 -0.00275447 0.500011
48.71 0.0999033 -0.00283773 0.500012
48.72 0.0998976 -0.00292098 0.500013
48.73 0.0998916 -0.00300423 0.500014
48.74 0.0998855 -0.00308747 0.500014
48.75 0.0998793 -0.00317071 0.500015
48.76 0.0998729 -0.00325394 0.500016
48.77 0.0998663 -0.00333717 0.500017
48.78 0.0998595 -0.00342039 0.500018
48.79 0.0998526 -0.00350361 0.500018
48.8 0.0998455 -0.00358682 0.500019
48.81 0.0998382 -0.00367002 0.50002
48.82 0.0998308 -0.00375322 0.500021
48.83 0.0998232 -0.00383642 0.500022
48.84 0.0998155 -0.0039196 0.500023
48.85 0.0998075 -0.00400278 0.500024
48.86 0.0997995 -0.00408596 0.500025
48.87 0.0997912 -0.00416912 0.500026
48.88 0.0997828 -0.00425228 0.500027
48.89 0.0997742 -0.00433544 0.500028
48.9 0.0997654 -0.00441858 0.500029
48.91 0.0997565 -0.00450172 0.50003
48.92 0.0997474 -0.00458485 0.500032
48.93 0.0997382 -0.00466798 0.500033
48.94 0.0997288 -0.0047511 0.500034
48.95 0.0997192 -0.0048342 0.500035
48.96 0.0997094 -0.00491731 0.500036
48.97 0.0996995 -0.0050004 0.500038
48.98 0.0996894 -0.00508348 0.500039
48.99 0.0996792 -0.00516656 0.50004
49 0.0996687 -0.00524963 0.500041
49.01 0.0996582 -0.00533269 0.500043
49.02 0.0996474 -0.00541574 0.500044
49.03 0.0996365 -0.00549878 0.500045
49.04 0.0996254 -0.00558182 0.500047
49.05 0.0996142 -0.00566484 0.500048
49.06 0.0996028 -0.00574786 0.50005
49.07 0.0995912 -0.00583086 0.500051
49.08 0.0995794 -0.00591386 0.500052
49.09 0.0995675 -0.00599684 0.500054
49.1 0.0995554 -0.00607982 0.500055
49.11 0.0995432 -0.00616279 0.500057
49.12 0.0995308 -0.00624575 0.500059
49.13 0.0995182 -0.00632869 0.50006
49.14 0.0995055 -0.00641163 0.500062
49.15 0.0994926 -0.00649456 0.500063
49.16 0.0994795 -0.00657747 0.500065
49.17 0.0994662 -0.00666038 0.500067
49.18 0.0994528 -0.00674327 0.500068
49.19 0.0994393 -0.00682615 0.50007
49.2 0.0994255 -0.00690903 0.500072
49.21 0.0994116 -0.00699189 0.500073
49.22 0.0993976 -0.00707474 0.500075
49.23 0.0993833 -0.00715757 0.500077
49.24 0.0993689 -0.0072404 0.500079
49.25 0.0993544 -0.00732321 0.50008
49.26 0.0993396 -0.00740602 0.500082
49.27 0.0993247 -0.00748881 0.500084
49.28 0.0993097 -0.00757159 0.500086
49.29 0.0992944 -0.00765435 0.500088
49.3 0.099279 -0.00773711 0.50009
49.31 0.0992635 -0.00781985 0.500092
49.32 0.0992478 -0.00790258 0.500094
49.33 0.0992319 -0.00798529 0.500096
49.34 0.0992158 -0.00806799 0.500098
49.35 0.0991996 -0.00815068 0.5001
49.36 0.0991832 -0.00823336 0.500102
49.37 0.0991667 -0.00831602 0.500104
49.38 0.0991499 -0.00839867 0.500106
49.39 0.0991331 -0.00848131 0.500108
49.4 0.099116 -0.00856393 0.50011
49.41 0.0990988 -0.00864654 0.500112
49.42 0.0990814 -0.00872913 0.500114
49.43 0.0990639 -0.00881171 0.500116
49.44 0.0990462 -0.00889427 0.500119
49.45 0.0990283 -0.00897683 0.500121
49.46 0.0990102 -0.00905936 0.500123
49.47 0.098992 -0.00914188 0.500125
49.48 0.0989737 -0.00922439 0.500128
49.49 0.0989551 -0.00930688 0.50013
49.5 0.0989364 -0.00938936 0.500132
49.51 0.0989176 -0.00947182 0.500135
49.52 0.0988985 -0.00955426 0.500137
49.53 0.0988793 -0.00963669 0.500139
49.54 0.09886 -0.00971911 0.500142
49.55 0.0988404 -0.00980151 0.500144
49.56 0.0988208 -0.00988389 0.500147
49.57 0.0988009 -0.00996626 0.500149
49.58 0.0987809 -0.0100486 0.500151
49.59 0.0987607 -0.0101309 0.500154
49.6 0.0987403 -0.0102133 0.500156
49.61 0.0987198 -0.0102956 0.500159
49.62 0.0986991 -0.0103778 0.500162
49.63 0.0986783 -0.0104601 0.500164
49.64 0.0986573 -0.0105424 0.500167
49.65 0.0986361 -0.0106246 0.500169
49.66 0.0986148 -0.0107068 0.500172
49.67 0.0985933 -0.010789 0.500175
49.68 0.0985716 -0.0108712 0.500177
49.69 0.0985498 -0.0109534 0.50018
49.7 0.0985278 -0.0110355 0.500183
49.71 0.0985056 -0.0111176 0.500185
49.72 0.0984833 -0.0111997 0.500188
49.73 0.0984608 -0.0112818 0.500191
49.74 0.0984381 -0.0113639 0.500194
49.75 0.0984153 -0.011446 0.500196
49.76 0.0983923 -0.011528 0.500199
49.77 0.0983692 -0.01161 0.500202
49.78 0.0983459 -0.011692 0.500205
49.79 0.0983224 -0.011774 0.500208
49.8 0.0982988 -0.0118559 0.500211
49.81 0.098275 -0.0119379 0.500214
49.82 0.098251 -0.0120198 0.500217
49.83 0.0982269 -0.0121017 0.50022
49.84 0.0982026 -0.0121836 0.500223
49.85 0.0981781 -0.0122655 0.500226
49.86 0.0981535 -0.0123473 0.500229
49.87 0.0981287 -0.0124291 0.500232
49.88 0.0981037 -0.0125109 0.500235
49.89 0.0980786 -0.0125927 0.500238
49.9 0.0980533 -0.0126745 0.500241
49.91 0.0980279 -0.0127562 0.500244
49.92 0.0980023 -0.0128379 0.500247
49.93 0.0979765 -0.0129196 0.50025
49.94 0.0979506 -0.0130013 0.500253
49.95 0.0979245 -0.013083 0.500257
49.96 0.0978982 -0.0131646 0.50026
49.97 0.0978718 -0.0132462 0.500263
49.98 0.0978452 -0.0133278 0.500266
49.99 0.0978185 -0.0134094 0.50027
50 0.0977916 -0.0134909 0.500273
50.01 0.0977645 -0.0135724 0.500276
50.02 0.0977372 -0.0136539 0.50028
50.03 0.0977098 -0.0137354 0.500283
50.04 0.0976823 -0.0138169 0.500286
50.05 0.0976545 -0.0138983 0.50029
50.06 0.0976266 -0.0139797 0.500293
50.07 0.0975986 -0.0140611 0.500296
50.08 0.0975704 -0.0141425 0.5003
50.09 0.097542 -0.0142238 0.500303
50.1 0.0975134 -0.0143052 0.500307
50.11 0.0974847 -0.0143865 0.50031
50.12 0.0974559 -0.0144677 0.500314
50.13 0.0974268 -0.014549 0.500317
50.14 0.0973976 -0.0146302 0.500321
50.15 0.0973683 -0.0147114 0.500325
50.16 0.0973387 -0.0147926 0.500328
50.17 0.097309 -0.0148738 0.500332
50.18 0.0972792 -0.0149549 0.500335
50.19 0.0972492 -0.015036 0.500339
50.2 0.097219 -0.0151171 0.500343
50.21 0.0971887 -0.0151981 0.500346
50.22 0.0971582 -0.0152792 0.50035
50.23 0.0971275 -0.0153602 0.500354
50.24 0.0970967 -0.0154412 0.500358
50.25 0.0970657 -0.0155221 0.500361
50.26 0.0970346 -0.0156031 0.500365
50.27 0.0970033 -0.015684 0.500369
50.28 0.0969718 -0.0157649 0.500373
50.29 0.0969401 -0.0158457 0.500376
50.3 0.0969083 -0.0159265 0.50038
50.31 0.0968764 -0.0160074 0.500384
50.32 0.0968443 -0.0160881 0.500388
50.33 0.096812 -0.0161689 0.500392
50.34 0.0967795 -0.0162496 0.500396
50.35 0.0967469 -0.0163303 0.5004
50.36 0.0967142 -0.016411 0.500404
50.37 0.0966812 -0.0164916 0.500408
50.38 0.0966482 -0.0165723 0.500412
50.39 0.0966149 -0.0166528 0.500416
50.4 0.0965815 -0.0167334 0.50042
50.41 0.0965479 -0.0168139 0.500424
50.42 0.0965142 -0.0168945 0.500428
50.43 0.0964803 -0.0169749 0.500432
50.44 0.0964462 -0.0170554 0.500436
50.45 0.096412 -0.0171358 0.50044
50.46 0.0963776 -0.0172162 0.500444
50.47 0.0963431 -0.0172966 0.500449
50.48 0.0963084 -0.0173769 0.500453
50.49 0.0962735 -0.0174573 0.500457
50.5 0.0962385 -0.0175375 0.500461
50.51 0.0962033 -0.0176178 0.500465
50.52 0.0961679 -0.017698 0.50047
50.53 0.0961324 -0.0177782 0.500474
50.54 0.0960968 -0.0178584 0.500478
50.55 0.0960609 -0.0179385 0.500482
50.56 0.0960249 -0.0180187 0.500487
50.57 0.0959888 -0.0180987 0.500491
50.58 0.0959525 -0.0181788 0.500495
50.59 0.095916 -0.0182588 0.5005
50.6 0.0958794 -0.0183388 0.500504
50.61 0.0958426 -0.0184188 0.500509
50.62 0.0958056 -0.0184987 0.500513
50.63 0.0957685 -0.0185786 0.500517
50.64 0.0957312 -0.0186585 0.500522
50.65 0.0956938 -0.0187383 0.500526
50.66 0.0956562 -0.0188182 0.500531
50.67 0.0956184 -0.0188979 0.500535
50.68 0.0955805 -0.0189777 0.50054
50.69 0.0955424 -0.0190574 0.500544
50.7 0.0955042 -0.0191371 0.500549
50.71 0.0954658 -0.0192168 0.500554
50.72 0.0954272 -0.0192964 0.500558
50.73 0.0953885 -0.019376 0.500563
50.74 0.0953497 -0.0194555 0.500567
50.75 0.0953106 -0.0195351 0.500572
50.76 0.0952714 -0.0196146 0.500577
50.77 0.0952321 -0.019694 0.500581
50.78 0.0951926 -0.0197735 0.500586
50.79 0.0951529 -0.0198529 0.500591
50.8 0.095113 -0.0199323 0.500596
50.81 0.0950731 -0.0200116 0.5006
50.82 0.0950329 -0.0200909 0.500605
50.83 0.0949926 -0.0201702 0.50061
50.84 0.0949521 -0.0202494 0.500615
50.85 0.0949115 -0.0203286 0.500619
50.86 0.0948707 -0.0204078 0.500624
50.87 0.0948298 -0.0204869 0.500629
50.88 0.0947887 -0.0205661 0.500634
50.89 0.0947474 -0.0206451 0.500639
50.9 0.094706 -0.0207242 0.500644
50.91 0.0946644 -0.0208032 0.500649
50.92 0.0946227 -0.0208821 0.500654
50.93 0.0945808 -0.0209611 0.500659
50.94 0.0945387 -0.02104 0.500664
50.95 0.0944965 -0.0211189 0.500669
50.96 0.0944541 -0.0211977 0.500674
50.97 0.0944116 -0.0212765 0.500679
50.98 0.0943689 -0.0213553 0.500684
50.99 0.094326 -0.021434 0.500689
51 0.094283 -0.0215127 0.500694
51.01 0.0942399 -0.0215913 0.500699
51.02 0.0941965 -0.02167 0.500704
51.03 0.0941531 -0.0217486 0.500709
51.04 0.0941094 -0.0218271 0.500714
51.05 0.0940656 -0.0219056 0.500719
51.06 0.0940217 -0.0219841 0.500724
51.07 0.0939776 -0.0220626 0.50073
51.08 0.0939333 -0.022141 0.500735
51.09 0.0938889 -0.0222193 0.50074
51.1 0.0938443 -0.0222977 0.500745
51.11 0.0937996 -0.022376 0.50075
51.12 0.0937547 -0.0224543 0.500756
51.13 0.0937096 -0.0225325 0.500761
51.14 0.0936644 -0.0226107 0.500766
51.15 0.093619 -0.0226888 0.500772
51.16 0.0935735 -0.0227669 0.500777
51.17 0.0935278 -0.022845 0.500782
51.18 0.093482 -0.0229231 0.500788
51.19 0.093436 -0.0230011 0.500793
51.2 0.0933898 -0.023079 0.500798
51.21 0.0933435 -0.023157 0.500804
51.22 0.093297 -0.0232349 0.500809
51.23 0.0932504 -0.0233127 0.500815
51.24 0.0932036 -0.0233905 0.50082
51.25 0.0931567 -0.0234683 0.500825
51.26 0.0931096 -0.0235461 0.500831
51.27 0.0930624 -0.0236238 0.500836
51.28 0.093015 -0.0237014 0.500842
51.29 0.0929674 -0.023779 0.500847
51.3 0.0929197 -0.0238566 0.500853
51.31 0.0928718 -0.0239342 0.500859
51.32 0.0928238 -0.0240117 0.500864
51.33 0.0927756 -0.0240891 0.50087
51.34 0.0927273 -0.0241666 0.500875
51.35 0.0926788 -0.024244 0.500881
51.36 0.0926301 -0.0243213 0.500887
51.37 0.0925813 -0.0243986 0.500892
51.38 0.0925323 -0.0244759 0.500898
51.39 0.0924832 -0.0245531 0.500903
51.4 0.092434 -0.0246303 0.500909
51.41 0.0923845 -0.0247075 0.500915
51.42 0.0923349 -0.0247846 0.500921
51.43 0.0922852 -0.0248616 0.500926
51.44 0.0922353 -0.0249387 0.500932
51.45 0.0921853 -0.0250156 0.500938
51.46 0.0921351 -0.0250926 0.500944
51.47 0.0920847 -0.0251695 0.500949
51.48 0.0920342 -0.0252463 0.500955
51.49 0.0919835 -0.0253232 0.500961
51.5 0.0919327 -0.0253999 0.500967
51.51 0.0918817 -0.0254767 0.500973
51.52 0.0918306 -0.0255534 0.500979
51.53 0.0917793 -0.02563 0.500984
51.54 0.0917279 -0.0257066 0.50099
51.55 0.0916763 -0.0257832 0.500996
51.56 0.0916245 -0.0258597 0.501002
51.57 0.0915726 -0.0259362 0.501008
51.58 0.0915206 -0.0260127 0.501014
51.59 0.0914684 -0.0260891 0.50102
51.6 0.091416 -0.0261654 0.501026
51.61 0.0913635 -0.0262417 0.501032
51.62 0.0913108 -0.026318 0.501038
51.63 0.091258 -0.0263943 0.501044
51.64 0.091205 -0.0264704 0.50105
51.65 0.0911519 -0.0265466 0.501056
51.66 0.0910986 -0.0266227 0.501062
51.67 0.0910452 -0.0266987 0.501068
51.68 0.0909916 -0.0267747 0.501074
51.69 0.0909379 -0.0268507 0.50108
51.7 0.090884 -0.0269266 0.501086
51.71 0.0908299 -0.0270025 0.501093
51.72 0.0907757 -0.0270783 0.501099
51.73 0.0907214 -0.0271541 0.501105
51.74 0.0906669 -0.0272299 0.501111
51.75 0.0906122 -0.0273056 0.501117
51.76 0.0905574 -0.0273812 0.501123
51.77 0.0905024 -0.0274569 0.50113
51.78 0.0904473 -0.0275324 0.501136
51.79 0.0903921 -0.0276079 0.501142
51.8 0.0903366 -0.0276834 0.501148
51.81 0.0902811 -0.0277588 0.501154
51.82 0.0902253 -0.0278342 0.501161
51.83 0.0901695 -0.0279096 0.501167
51.84 0.0901134 -0.0279849 0.501173
51.85 0.0900573 -0.0280601 0.50118
51.86 0.0900009 -0.0281353 0.501186
51.87 0.0899445 -0.0282105 0.501192
51.88 0.0898878 -0.0282856 0.501199
51.89 0.089831 -0.0283606 0.501205
51.9 0.0897741 -0.0284357 0.501211
51.91 0.089717 -0.0285106 0.501218
51.92 0.0896598 -0.0285856 0.501224
51.93 0.0896024 -0.0286604 0.501231
51.94 0.0895449 -0.0287353 0.501237
51.95 0.0894872 -0.02881 0.501243
51.96 0.0894293 -0.0288848 0.50125
51.97 0.0893714 -0.0289595 0.501256
51.98 0.0893132 -0.0290341 0.501263
51.99 0.0892549 -0.0291087 0.501269
52 0.0891965 -0.0291832 0.501276
52.01 0.0891379 -0.0292577 0.501282
52.02 0.0890792 -0.0293322 0.501289
52.03 0.0890203 -0.0294066 0.501295
52.04 0.0889612 -0.0294809 0.501302
52.05 0.088902 -0.0295552 0.501309
52.06 0.0888427 -0.0296295 0.501315
52.07 0.0887832 -0.0297037 0.501322
52.08 0.0887236 -0.0297779 0.501328
52.09 0.0886638 -0.029852 0.501335
52.1 0.0886038 -0.029926 0.501342
52.11 0.0885438 -0.03 0.501348
52.12 0.0884835 -0.030074 0.501355
52.13 0.0884231 -0.0301479 0.501361
52.14 0.0883626 -0.0302218 0.501368
52.15 0.0883019 -0.0302956 0.501375
52.16 0.0882411 -0.0303693 0.501382
52.17 0.0881801 -0.030443 0.501388
52.18 0.088119 -0.0305167 0.501395
52.19 0.0880577 -0.0305903 0.501402
52.2 0.0879963 -0.0306639 0.501408
52.21 0.0879347 -0.0307374 0.501415
52.22 0.087873 -0.0308109 0.501422
52.23 0.0878111 -0.0308843 0.501429
52.24 0.0877491 -0.0309576 0.501436
52.25 0.0876869 -0.0310309 0.501442
52.26 0.0876246 -0.0311042 0.501449
52.27 0.0875621 -0.0311774 0.501456
52.28 0.0874995 -0.0312506 0.501463
52.29 0.0874368 -0.0313237 0.50147
52.3 0.0873739 -0.0313967 0.501476
52.31 0.0873108 -0.0314697 0.501483
52.32 0.0872476 -0.0315427 0.50149
52.33 0.0871843 -0.0316156 0.501497
52.34 0.0871208 -0.0316884 0.501504
52.35 0.0870571 -0.0317612 0.501511
52.36 0.0869933 -0.0318339 0.501518
52.37 0.0869294 -0.0319066 0.501525
52.38 0.0868653 -0.0319793 0.501532
52.39 0.0868011 -0.0320518 0.501539
52.4 0.0867367 -0.0321244 0.501546
52.41 0.0866722 -0.0321969 0.501553
52.42 0.0866075 -0.0322693 0.50156
52.43 0.0865427 -0.0323417 0.501567
52.44 0.0864778 -0.032414 0.501574
52.45 0.0864127 -0.0324862 0.501581
52.46 0.0863474 -0.0325584 0.501588
52.47 0.086282 -0.0326306 0.501595
52.48 0.0862165 -0.0327027 0.501602
52.49 0.0861508 -0.0327748 0.501609
52.5 0.0860849 -0.0328468 0.501616
52.51 0.086019 -0.0329187 0.501623
52.52 0.0859528 -0.0329906 0.50163
52.53 0.0858866 -0.0330624 0.501637
52.54 0.0858202 -0.0331342 0.501644
52.55 0.0857536 -0.0332059 0.501651
52.56 0.0856869 -0.0332776 0.501658
52.57 0.0856201 -0.0333492 0.501665
52.58 0.0855531 -0.0334208 0.501673
52.59 0.0854859 -0.0334923 0.50168
52.6 0.0854186 -0.0335637 0.501687
52.61 0.0853512 -0.0336351 0.501694
52.62 0.0852836 -0.0337065 0.501701
52.63 0.0852159 -0.0337777 0.501708
52.64 0.0851481 -0.033849 0.501716
52.65 0.0850801 -0.0339201 0.501723
52.66 0.0850119 -0.0339913 0.50173
52.67 0.0849436 -0.0340623 0.501737
52.68 0.0848752 -0.0341333 0.501745
52.69 0.0848066 -0.0342043 0.501752
52.7 0.0847379 -0.0342752 0.501759
52.71 0.084669 -0.034346 0.501766
52.72 0.0846 -0.0344168 0.501774
52.73 0.0845309 -0.0344875 0.501781
52.74 0.0844616 -0.0345582 0.501788
52.75 0.0843922 -0.0346288 0.501796
52.76 0.0843226 -0.0346993 0.501803
52.77 0.0842529 -0.0347698 0.50181
52.78 0.084183 -0.0348402 0.501817
52.79 0.084113 -0.0349106 0.501825
52.8 0.0840428 -0.0349809 0.501832
52.81 0.0839726 -0.0350512 0.501839
52.82 0.0839021 -0.0351214 0.501847
52.83 0.0838316 -0.0351916 0.501854
52.84 0.0837608 -0.0352617 0.501862
52.85 0.08369 -0.0353317 0.501869
52.86 0.083619 -0.0354017 0.501876
52.87 0.0835478 -0.0354716 0.501884
52.88 0.0834766 -0.0355414 0.501891
52.89 0.0834051 -0.0356112 0.501899
52.9 0.0833336 -0.035681 0.501906
52.91 0.0832619 -0.0357506 0.501914
52.92 0.08319 -0.0358203 0.501921
52.93 0.083118 -0.0358898 0.501928
52.94 0.0830459 -0.0359593 0.501936
52.95 0.0829736 -0.0360288 0.501943
52.96 0.0829012 -0.0360982 0.501951
52.97 0.0828287 -0.0361675 0.501958
52.98 0.082756 -0.0362367 0.501966
52.99 0.0826832 -0.036306 0.501973
53 0.0826102 -0.0363751 0.501981
53.01 0.0825371 -0.0364442 0.501988
53.02 0.0824638 -0.0365132 0.501996
53.03 0.0823905 -0.0365822 0.502003
53.04 0.0823169 -0.0366511 0.502011
53.05 0.0822433 -0.0367199 0.502018
53.06 0.0821695 -0.0367887 0.502026
53.07 0.0820955 -0.0368574 0.502034
53.08 0.0820214 -0.0369261 0.502041
53.09 0.0819472 -0.0369947 0.502049
53.1 0.0818728 -0.0370632 0.502056
53.11 0.0817983 -0.0371317 0.502064
53.12 0.0817237 -0.0372001 0.502071
53.13 0.0816489 -0.0372685 0.502079
53.14 0.081574 -0.0373368 0.502087
53.15 0.081499 -0.037405 0.502094
53.16 0.0814238 -0.0374732 0.502102
53.17 0.0813484 -0.0375413 0.50211
53.18 0.081273 -0.0376093 0.502117
53.19 0.0811974 -0.0376773 0.502125
53.2 0.0811216 -0.0377452 0.502133
53.21 0.0810457 -0.0378131 0.50214
53.22 0.0809697 -0.0378809 0.502148
53.23 0.0808936 -0.0379486 0.502155
53.24 0.0808173 -0.0380163 0.502163
53.25 0.0807408 -0.0380839 0.502171
53.26 0.0806643 -0.0381514 0.502179
53.27 0.0805876 -0.0382189 0.502186
53.28 0.0805107 -0.0382863 0.502194
53.29 0.0804338 -0.0383537 0.502202
53.3 0.0803566 -0.038421 0.502209
53.31 0.0802794 -0.0384882 0.502217
53.32 0.080202 -0.0385554 0.502225
53.33 0.0801245 -0.0386225 0.502233
53.34 0.0800468 -0.0386895 0.50224
53.35 0.079969 -0.0387565 0.502248
53.36 0.0798911 -0.0388234 0.502256
53.37 0.079813 -0.0388902 0.502264
53.38 0.0797348 -0.038957 0.502271
53.39 0.0796565 -0.0390237 0.502279
53.4 0.079578 -0.0390904 0.502287
53.41 0.0794994 -0.039157 0.502295
53.42 0.0794207 -0.0392235 0.502302
53.43 0.0793418 -0.0392899 0.50231
53.44 0.0792628 -0.0393563 0.502318
53.45 0.0791837 -0.0394227 0.502326
53.46 0.0791044 -0.0394889 0.502334
53.47 0.079025 -0.0395551 0.502341
53.48 0.0789454 -0.0396212 0.502349
53.49 0.0788657 -0.0396873 0.502357
53.5 0.0787859 -0.0397533 0.502365
53.51 0.078706 -0.0398192 0.502373
53.52 0.0786259 -0.0398851 0.502381
53.53 0.0785457 -0.0399509 0.502388
53.54 0.0784653 -0.0400166 0.502396
53.55 0.0783848 -0.0400823 0.502404
53.56 0.0783042 -0.0401479 0.502412
53.57 0.0782235 -0.0402134 0.50242
53.58 0.0781426 -0.0402789 0.502428
53.59 0.0780616 -0.0403443 0.502436
53.6 0.0779804 -0.0404096 0.502443
53.61 0.0778991 -0.0404749 0.502451
53.62 0.0778177 -0.0405401 0.502459
53.63 0.0777362 -0.0406052 0.502467
53.64 0.0776545 -0.0406703 0.502475
53.65 0.0775727 -0.0407353 0.502483
53.66 0.0774908 -0.0408002 0.502491
53.67 0.0774087 -0.0408651 0.502499
53.68 0.0773265 -0.0409299 0.502507
53.69 0.0772441 -0.0409946 0.502515
53.7 0.0771617 -0.0410593 0.502522
53.71 0.0770791 -0.0411239 0.50253
53.72 0.0769963 -0.0411884 0.502538
53.73 0.0769135 -0.0412529 0.502546
53.74 0.0768305 -0.0413172 0.502554
53.75 0.0767474 -0.0413816 0.502562
53.76 0.0766641 -0.0414458 0.50257
53.77 0.0765807 -0.04151 0.502578
53.78 0.0764972 -0.0415741 0.502586
53.79 0.0764136 -0.0416381 0.502594
53.8 0.0763298 -0.0417021 0.502602
53.81 0.0762459 -0.041766 0.50261
53.82 0.0761619 -0.0418299 0.502618
53.83 0.0760777 -0.0418936 0.502626
53.84 0.0759934 -0.0419573 0.502634
53.85 0.075909 -0.042021 0.502642
53.86 0.0758244 -0.0420845 0.50265
53.87 0.0757398 -0.042148 0.502658
53.88 0.075655 -0.0422114 0.502666
53.89 0.07557 -0.0422748 0.502674
53.9 0.075485 -0.042338 0.502682
53.91 0.0753998 -0.0424012 0.50269
53.92 0.0753144 -0.0424644 0.502698
53.93 0.075229 -0.0425274 0.502706
53.94 0.0751434 -0.0425904 0.502714
53.95 0.0750577 -0.0426534 0.502722
53.96 0.0749719 -0.0427162 0.50273
53.97 0.0748859 -0.042779 0.502738
53.98 0.0747998 -0.0428417 0.502746
53.99 0.0747136 -0.0429043 0.502754
54 0.0746272 -0.0429669 0.502762
54.01 0.0745408 -0.0430294 0.50277
54.02 0.0744542 -0.0430918 0.502778
54.03 0.0743674 -0.0431542 0.502786
54.04 0.0742806 -0.0432165 0.502794
54.05 0.0741936 -0.0432787 0.502802
54.06 0.0741065 -0.0433408 0.50281
54.07 0.0740193 -0.0434029 0.502818
54.08 0.0739319 -0.0434649 0.502826
54.09 0.0738444 -0.0435268 0.502834
54.1 0.0737568 -0.0435887 0.502842
54.11 0.0736691 -0.0436504 0.50285
54.12 0.0735812 -0.0437121 0.502858
54.13 0.0734932 -0.0437738 0.502866
54.14 0.0734051 -0.0438353 0.502874
54.15 0.0733169 -0.0438968 0.502882
54.16 0.0732285 -0.0439582 0.50289
54.17 0.07314 -0.0440196 0.502898
54.18 0.0730514 -0.0440808 0.502906
54.19 0.0729627 -0.044142 0.502914
54.2 0.0728738 -0.0442031 0.502922
54.21 0.0727849 -0.0442642 0.50293
54.22 0.0726957 -0.0443252 0.502938
54.23 0.0726065 -0.0443861 0.502947
54.24 0.0725172 -0.0444469 0.502955
54.25 0.0724277 -0.0445076 0.502963
54.26 0.0723381 -0.0445683 0.502971
54.27 0.0722483 -0.0446289 0.502979
54.28 0.0721585 -0.0446895 0.502987
54.29 0.0720685 -0.0447499 0.502995
54.3 0.0719784 -0.0448103 0.503003
54.31 0.0718882 -0.0448706 0.503011
54.32 0.0717979 -0.0449308 0.503019
54.33 0.0717074 -0.044991 0.503027
54.34 0.0716168 -0.0450511 0.503035
54.35 0.0715261 -0.0451111 0.503043
54.36 0.0714353 -0.045171 0.503051
54.37 0.0713443 -0.0452308 0.503059
54.38 0.0712532 -0.0452906 0.503067
54.39 0.071162 -0.0453503 0.503076
54.4 0.0710707 -0.04541 0.503084
54.41 0.0709793 -0.0454695 0.503092
54.42 0.0708877 -0.045529 0.5031
54.43 0.070796 -0.0455884 0.503108
54.44 0.0707042 -0.0456477 0.503116
54.45 0.0706123 -0.045707 0.503124
54.46 0.0705202 -0.0457661 0.503132
54.47 0.0704281 -0.0458252 0.50314
54.48 0.0703358 -0.0458843 0.503148
54.49 0.0702434 -0.0459432 0.503156
54.5 0.0701509 -0.0460021 0.503164
54.51 0.0700582 -0.0460609 0.503172
54.52 0.0699655 -0.0461196 0.50318
54.53 0.0698726 -0.0461782 0.503188
54.54 0.0697796 -0.0462368 0.503197
54.55 0.0696864 -0.0462953 0.503205
54.56 0.0695932 -0.0463537 0.503213
54.57 0.0694998 -0.046412 0.503221
54.58 0.0694063 -0.0464702 0.503229
54.59 0.0693127 -0.0465284 0.503237
54.6 0.069219 -0.0465865 0.503245
54.61 0.0691252 -0.0466445 0.503253
54.62 0.0690312 -0.0467025 0.503261
54.63 0.0689372 -0.0467603 0.503269
54.64 0.068843 -0.0468181 0.503277
54.65 0.0687487 -0.0468758 0.503285
54.66 0.0686542 -0.0469334 0.503293
54.67 0.0685597 -0.046991 0.503301
54.68 0.068465 -0.0470485 0.503309
54.69 0.0683703 -0.0471059 0.503317
54.7 0.0682754 -0.0471632 0.503325
54.71 0.0681803 -0.0472204 0.503334
54.72 0.0680852 -0.0472776 0.503342
54.73 0.06799 -0.0473346 0.50335
54.74 0.0678946 -0.0473916 0.503358
54.75 0.0677991 -0.0474486 0.503366
54.76 0.0677035 -0.0475054 0.503374
54.77 0.0676078 -0.0475622 0.503382
54.78 0.067512 -0.0476188 0.50339
54.79 0.0674161 -0.0476754 0.503398
54.8 0.06732 -0.047732 0.503406
54.81 0.0672238 -0.0477884 0.503414
54.82 0.0671276 -0.0478448 0.503422
54.83 0.0670311 -0.047901 0.50343
54.84 0.0669346 -0.0479573 0.503438
54.85 0.066838 -0.0480134 0.503446
54.86 0.0667413 -0.0480694 0.503454
54.87 0.0666444 -0.0481254 0.503462
54.88 0.0665474 -0.0481813 0.50347
54.89 0.0664503 -0.0482371 0.503478
54.9 0.0663531 -0.0482928 0.503486
54.91 0.0662558 -0.0483484 0.503494
54.92 0.0661584 -0.048404 0.503502
54.93 0.0660608 -0.0484595 0.50351
54.94 0.0659632 -0.0485149 0.503518
54.95 0.0658654 -0.0485702 0.503526
54.96 0.0657675 -0.0486254 0.503534
54.97 0.0656695 -0.0486806 0.503542
54.98 0.0655714 -0.0487356 0.50355
54.99 0.0654732 -0.0487906 0.503558
55 0.0653749 -0.0488455 0.503566
55.01 0.0652764 -0.0489004 0.503574
55.02 0.0651779 -0.0489551 0.503582
55.03 0.0650792 -0.0490098 0.50359
55.04 0.0649804 -0.0490643 0.503598
55.05 0.0648815 -0.0491188 0.503606
55.06 0.0647825 -0.0491733 0.503614
55.07 0.0646834 -0.0492276 0.503622
55.08 0.0645842 -0.0492818 0.50363
55.09 0.0644849 -0.049336 0.503638
55.1 0.0643854 -0.0493901 0.503646
55.11 0.0642859 -0.0494441 0.503654
55.12 0.0641862 -0.049498 0.503662
55.13 0.0640864 -0.0495519 0.50367
55.14 0.0639865 -0.0496056 0.503678
55.15 0.0638865 -0.0496593 0.503685
55.16 0.0637864 -0.0497129 0.503693
55.17 0.0636862 -0.0497664 0.503701
55.18 0.0635859 -0.0498198 0.503709
55.19 0.0634855 -0.0498732 0.503717
55.2 0.0633849 -0.0499264 0.503725
55.21 0.0632843 -0.0499796 0.503733
55.22 0.0631835 -0.0500327 0.503741
55.23 0.0630826 -0.0500857 0.503749
55.24 0.0629817 -0.0501386 0.503757
55.25 0.0628806 -0.0501914 0.503765
55.26 0.0627794 -0.0502442 0.503772
55.27 0.0626781 -0.0502969 0.50378
55.28 0.0625767 -0.0503494 0.503788
55.29 0.0624752 -0.0504019 0.503796
55.3 0.0623735 -0.0504544 0.503804
55.31 0.0622718 -0.0505067 0.503812
55.32 0.06217 -0.0505589 0.50382
55.33 0.062068 -0.0506111 0.503828
55.34 0.061966 -0.0506632 0.503835
55.35 0.0618638 -0.0507152 0.503843
55.36 0.0617616 -0.0507671 0.503851
55.37 0.0616592 -0.0508189 0.503859
55.38 0.0615567 -0.0508706 0.503867
55.39 0.0614541 -0.0509223 0.503875
55.4 0.0613515 -0.0509738 0.503882
55.41 0.0612487 -0.0510253 0.50389
55.42 0.0611458 -0.0510767 0.503898
55.43 0.0610428 -0.051128 0.503906
55.44 0.0609397 -0.0511793 0.503914
55.45 0.0608364 -0.0512304 0.503921
55.46 0.0607331 -0.0512814 0.503929
55.47 0.0606297 -0.0513324 0.503937
55.48 0.0605262 -0.0513833 0.503945
55.49 0.0604226 -0.0514341 0.503953
55.5 0.0603188 -0.0514848 0.50396
55.51 0.060215 -0.0515354 0.503968
55.52 0.060111 -0.0515859 0.503976
55.53 0.060007 -0.0516364 0.503984
55.54 0.0599029 -0.0516868 0.503991
55.55 0.0597986 -0.051737 0.503999
55.56 0.0596942 -0.0517872 0.504007
55.57 0.0595898 -0.0518373 0.504015
55.58 0.0594852 -0.0518873 0.504022
55.59 0.0593806 -0.0519373 0.50403
55.6 0.0592758 -0.0519871 0.504038
55.61 0.0591709 -0.0520368 0.504045
55.62 0.059066 -0.0520865 0.504053
55.63 0.0589609 -0.0521361 0.504061
55.64 0.0588557 -0.0521856 0.504068
55.65 0.0587505 -0.052235 0.504076
55.66 0.0586451 -0.0522843 0.504084
55.67 0.0585396 -0.0523335 0.504091
55.68 0.0584341 -0.0523827 0.504099
55.69 0.0583284 -0.0524317 0.504107
55.7 0.0582226 -0.0524807 0.504114
55.71 0.0581167 -0.0525295 0.504122
55.72 0.0580108 -0.0525783 0.50413
55.73 0.0579047 -0.052627 0.504137
55.74 0.0577985 -0.0526756 0.504145
55.75 0.0576922 -0.0527242 0.504153
55.76 0.0575859 -0.0527726 0.50416
55.77 0.0574794 -0.0528209 0.504168
55.78 0.0573728 -0.0528692 0.504175
55.79 0.0572661 -0.0529173 0.504183
55.8 0.0571594 -0.0529654 0.50419
55.81 0.0570525 -0.0530134 0.504198
55.82 0.0569455 -0.0530613 0.504206
55.83 0.0568385 -0.0531091 0.504213
55.84 0.0567313 -0.0531568 0.504221
55.85 0.056624 -0.0532045 0.504228
55.86 0.0565167 -0.053252 0.504236
55.87 0.0564092 -0.0532995 0.504243
55.88 0.0563017 -0.0533468 0.504251
55.89 0.056194 -0.0533941 0.504258
55.9 0.0560863 -0.0534413 0.504266
55.91 0.0559784 -0.0534884 0.504273
55.92 0.0558705 -0.0535354 0.504281
55.93 0.0557625 -0.0535823 0.504288
55.94 0.0556543 -0.0536291 0.504296
55.95 0.0555461 -0.0536758 0.504303
55.96 0.0554378 -0.0537225 0.504311
55.97 0.0553294 -0.053769 0.504318
55.98 0.0552209 -0.0538155 0.504325
55.99 0.0551122 -0.0538619 0.504333
56 0.0550035 -0.0539081 0.50434
56.01 0.0548947 -0.0539543 0.504348
56.02 0.0547858 -0.0540004 0.504355
56.03 0.0546769 -0.0540464 0.504362
56.04 0.0545678 -0.0540924 0.50437
56.05 0.0544586 -0.0541382 0.504377
56.06 0.0543493 -0.0541839 0.504385
56.07 0.05424 -0.0542296 0.504392
56.08 0.0541305 -0.0542751 0.504399
56.09 0.0540209 -0.0543206 0.504407
56.1 0.0539113 -0.0543659 0.504414
56.11 0.0538016 -0.0544112 0.504421
56.12 0.0536917 -0.0544564 0.504429
56.13 0.0535818 -0.0545015 0.504436
56.14 0.0534718 -0.0545465 0.504443
56.15 0.0533617 -0.0545914 0.504451
56.16 0.0532515 -0.0546362 0.504458
56.17 0.0531412 -0.0546809 0.504465
56.18 0.0530308 -0.0547256 0.504472
56.19 0.0529203 -0.0547701 0.50448
56.2 0.0528098 -0.0548146 0.504487
56.21 0.0526991 -0.0548589 0.504494
56.22 0.0525884 -0.0549032 0.504501
56.23 0.0524775 -0.0549474 0.504508
56.24 0.0523666 -0.0549914 0.504516
56.25 0.0522556 -0.0550354 0.504523
56.26 0.0521445 -0.0550793 0.50453
56.27 0.0520333 -0.0551231 0.504537
56.28 0.051922 -0.0551668 0.504544
56.29 0.0518106 -0.0552104 0.504552
56.3 0.0516991 -0.055254 0.504559
56.31 0.0515875 -0.0552974 0.504566
56.32 0.0514759 -0.0553407 0.504573
56.33 0.0513642 -0.055384 0.50458
56.34 0.0512523 -0.0554271 0.504587
56.35 0.0511404 -0.0554702 0.504594
56.36 0.0510284 -0.0555131 0.504601
56.37 0.0509163 -0.055556 0.504608
56.38 0.0508041 -0.0555988 0.504616
56.39 0.0506919 -0.0556415 0.504623
56.4 0.0505795 -0.0556841 0.50463
56.41 0.0504671 -0.0557265 0.504637
56.42 0.0503545 -0.0557689 0.504644
56.43 0.0502419 -0.0558112 0.504651
56.44 0.0501292 -0.0558535 0.504658
56.45 0.0500164 -0.0558956 0.504665
56.46 0.0499036 -0.0559376 0.504672
56.47 0.0497906 -0.0559795 0.504679
56.48 0.0496775 -0.0560214 0.504686
56.49 0.0495644 -0.0560631 0.504693
56.5 0.0494512 -0.0561047 0.5047
56.51 0.0493379 -0.0561463 0.504706
56.52 0.0492245 -0.0561877 0.504713
56.53 0.049111 -0.0562291 0.50472
56.54 0.0489974 -0.0562704 0.504727
56.55 0.0488838 -0.0563115 0.504734
56.56 0.0487701 -0.0563526 0.504741
56.57 0.0486563 -0.0563936 0.504748
56.58 0.0485424 -0.0564345 0.504755
56.59 0.0484284 -0.0564753 0.504762
56.6 0.0483143 -0.056516 0.504768
56.61 0.0482001 -0.0565566 0.504775
56.62 0.0480859 -0.0565971 0.504782
56.63 0.0479716 -0.0566375 0.504789
56.64 0.0478572 -0.0566778 0.504796
56.65 0.0477427 -0.056718 0.504802
56.66 0.0476281 -0.0567581 0.504809
56.67 0.0475135 -0.0567981 0.504816
56.68 0.0473988 -0.0568381 0.504823
56.69 0.0472839 -0.0568779 0.504829
56.7 0.0471691 -0.0569176 0.504836
56.71 0.0470541 -0.0569573 0.504843
56.72 0.046939 -0.0569968 0.504849
56.73 0.0468239 -0.0570363 0.504856
56.74 0.0467087 -0.0570756 0.504863
56.75 0.0465934 -0.0571149 0.504869
56.76 0.046478 -0.057154 0.504876
56.77 0.0463625 -0.0571931 0.504883
56.78 0.046247 -0.0572321 0.504889
56.79 0.0461313 -0.0572709 0.504896
56.8 0.0460156 -0.0573097 0.504903
56.81 0.0458999 -0.0573484 0.504909
56.82 0.045784 -0.0573869 0.504916
56.83 0.0456681 -0.0574254 0.504922
56.84 0.045552 -0.0574638 0.504929
56.85 0.0454359 -0.0575021 0.504935
56.86 0.0453198 -0.0575403 0.504942
56.87 0.0452035 -0.0575784 0.504948
56.88 0.0450872 -0.0576164 0.504955
56.89 0.0449707 -0.0576543 0.504961
56.9 0.0448543 -0.0576921 0.504968
56.91 0.0447377 -0.0577298 0.504974
56.92 0.044621 -0.0577674 0.504981
56.93 0.0445043 -0.0578049 0.504987
56.94 0.0443875 -0.0578423 0.504994
56.95 0.0442706 -0.0578796 0.505
56.96 0.0441537 -0.0579168 0.505006
56.97 0.0440366 -0.0579539 0.505013
56.98 0.0439195 -0.0579909 0.505019
56.99 0.0438024 -0.0580278 0.505026
57 0.0436851 -0.0580647 0.505032
57.01 0.0435678 -0.0581014 0.505038
57.02 0.0434503 -0.058138 0.505045
57.03 0.0433329 -0.0581745 0.505051
57.04 0.0432153 -0.058211 0.505057
57.05 0.0430977 -0.0582473 0.505063
57.06 0.0429799 -0.0582835 0.50507
57.07 0.0428622 -0.0583196 0.505076
57.08 0.0427443 -0.0583557 0.505082
57.09 0.0426264 -0.0583916 0.505088
57.1 0.0425084 -0.0584274 0.505095
57.11 0.0423903 -0.0584632 0.505101
57.12 0.0422721 -0.0584988 0.505107
57.13 0.0421539 -0.0585344 0.505113
57.14 0.0420356 -0.0585698 0.505119
57.15 0.0419172 -0.0586051 0.505126
57.16 0.0417988 -0.0586404 0.505132
57.17 0.0416802 -0.0586755 0.505138
57.18 0.0415617 -0.0587106 0.505144
57.19 0.041443 -0.0587455 0.50515
57.2 0.0413242 -0.0587803 0.505156
57.21 0.0412054 -0.0588151 0.505162
57.22 0.0410866 -0.0588497 0.505168
57.23 0.0409676 -0.0588843 0.505174
57.24 0.0408486 -0.0589187 0.50518
57.25 0.0407295 -0.058953 0.505186
57.26 0.0406103 -0.0589873 0.505192
57.27 0.0404911 -0.0590214 0.505198
57.28 0.0403718 -0.0590555 0.505204
57.29 0.0402524 -0.0590894 0.50521
57.3 0.040133 -0.0591233 0.505216
57.31 0.0400135 -0.059157 0.505222
57.32 0.0398939 -0.0591907 0.505228
57.33 0.0397742 -0.0592242 0.505234
57.34 0.0396545 -0.0592576 0.50524
57.35 0.0395347 -0.059291 0.505246
57.36 0.0394148 -0.0593242 0.505251
57.37 0.0392949 -0.0593574 0.505257
57.38 0.0391749 -0.0593904 0.505263
57.39 0.0390548 -0.0594233 0.505269
57.4 0.0389347 -0.0594562 0.505275
57.41 0.0388145 -0.0594889 0.505281
57.42 0.0386942 -0.0595215 0.505286
57.43 0.0385739 -0.0595541 0.505292
57.44 0.0384535 -0.0595865 0.505298
57.45 0.038333 -0.0596189 0.505303
57.46 0.0382125 -0.0596511 0.505309
57.47 0.0380919 -0.0596832 0.505315
57.48 0.0379712 -0.0597152 0.505321
57.49 0.0378505 -0.0597472 0.505326
57.5 0.0377297 -0.059779 0.505332
57.51 0.0376088 -0.0598107 0.505337
57.52 0.0374879 -0.0598424 0.505343
57.53 0.0373669 -0.0598739 0.505349
57.54 0.0372458 -0.0599053 0.505354
57.55 0.0371247 -0.0599366 0.50536
57.56 0.0370035 -0.0599678 0.505365
57.57 0.0368823 -0.059999 0.505371
57.58 0.036761 -0.06003 0.505376
57.59 0.0366396 -0.0600609 0.505382
57.6 0.0365181 -0.0600917 0.505387
57.61 0.0363966 -0.0601224 0.505393
57.62 0.036275 -0.060153 0.505398
57.63 0.0361534 -0.0601835 0.505404
57.64 0.0360317 -0.0602139 0.505409
57.65 0.0359099 -0.0602442 0.505415
57.66 0.0357881 -0.0602744 0.50542
57.67 0.0356662 -0.0603045 0.505426
57.68 0.0355443 -0.0603345 0.505431
57.69 0.0354223 -0.0603644 0.505436
57.7 0.0353002 -0.0603942 0.505442
57.71 0.0351781 -0.0604239 0.505447
57.72 0.0350559 -0.0604534 0.505452
57.73 0.0349336 -0.0604829 0.505457
57.74 0.0348113 -0.0605123 0.505463
57.75 0.0346889 -0.0605416 0.505468
57.76 0.0345665 -0.0605708 0.505473
57.77 0.034444 -0.0605998 0.505478
57.78 0.0343214 -0.0606288 0.505484
57.79 0.0341988 -0.0606576 0.505489
57.8 0.0340761 -0.0606864 0.505494
57.81 0.0339534 -0.0607151 0.505499
57.82 0.0338306 -0.0607436 0.505504
57.83 0.0337078 -0.0607721 0.50551
57.84 0.0335848 -0.0608004 0.505515
57.85 0.0334619 -0.0608287 0.50552
57.86 0.0333388 -0.0608568 0.505525
57.87 0.0332158 -0.0608848 0.50553
57.88 0.0330926 -0.0609128 0.505535
57.89 0.0329694 -0.0609406 0.50554
57.9 0.0328461 -0.0609683 0.505545
57.91 0.0327228 -0.060996 0.50555
57.92 0.0325995 -0.0610235 0.505555
57.93 0.032476 -0.0610509 0.50556
57.94 0.0323525 -0.0610782 0.505565
57.95 0.032229 -0.0611054 0.50557
57.96 0.0321054 -0.0611325 0.505575
57.97 0.0319817 -0.0611595 0.50558
57.98 0.031858 -0.0611864 0.505584
57.99 0.0317343 -0.0612132 0.505589
58 0.0316104 -0.0612399 0.505594
58.01 0.0314866 -0.0612665 0.505599
58.02 0.0313626 -0.061293 0.505604
58.03 0.0312386 -0.0613193 0.505609
58.04 0.0311146 -0.0613456 0.505613
58.05 0.0309905 -0.0613718 0.505618
58.06 0.0308663 -0.0613978 0.505623
58.07 0.0307421 -0.0614238 0.505628
58.08 0.0306179 -0.0614497 0.505632
58.09 0.0304936 -0.0614754 0.505637
58.1 0.0303692 -0.0615011 0.505642
58.11 0.0302448 -0.0615266 0.505646
58.12 0.0301203 -0.061552 0.505651
58.13 0.0299958 -0.0615774 0.505656
58.14 0.0298712 -0.0616026 0.50566
58.15 0.0297466 -0.0616277 0.505665
58.16 0.0296219 -0.0616527 0.505669
58.17 0.0294972 -0.0616776 0.505674
58.18 0.0293724 -0.0617024 0.505679
58.19 0.0292476 -0.0617272 0.505683
58.2 0.0291227 -0.0617517 0.505688
58.21 0.0289978 -0.0617762 0.505692
58.22 0.0288728 -0.0618006 0.505697
58.23 0.0287477 -0.0618249 0.505701
58.24 0.0286227 -0.0618491 0.505705
58.25 0.0284975 -0.0618732 0.50571
58.26 0.0283723 -0.0618971 0.505714
58.27 0.0282471 -0.061921 0.505719
58.28 0.0281218 -0.0619447 0.505723
58.29 0.0279965 -0.0619684 0.505727
58.3 0.0278711 -0.0619919 0.505732
58.31 0.0277457 -0.0620154 0.505736
58.32 0.0276202 -0.0620387 0.50574
58.33 0.0274947 -0.0620619 0.505745
58.34 0.0273691 -0.0620851 0.505749
58.35 0.0272435 -0.0621081 0.505753
58.36 0.0271178 -0.062131 0.505757
58.37 0.0269921 -0.0621538 0.505761
58.38 0.0268663 -0.0621765 0.505766
58.39 0.0267405 -0.0621991 0.50577
58.4 0.0266147 -0.0622216 0.505774
58.41 0.0264888 -0.062244 0.505778
58.42 0.0263628 -0.0622662 0.505782
58.43 0.0262368 -0.0622884 0.505786
58.44 0.0261108 -0.0623105 0.50579
58.45 0.0259847 -0.0623324 0.505794
58.46 0.0258586 -0.0623543 0.505798
58.47 0.0257324 -0.062376 0.505802
58.48 0.0256062 -0.0623977 0.505806
58.49 0.0254799 -0.0624192 0.50581
58.5 0.0253536 -0.0624406 0.505814
58.51 0.0252272 -0.0624619 0.505818
58.52 0.0251008 -0.0624832 0.505822
58.53 0.0249744 -0.0625043 0.505826
58.54 0.0248479 -0.0625253 0.50583
58.55 0.0247214 -0.0625462 0.505834
58.56 0.0245948 -0.062567 0.505838
58.57 0.0244682 -0.0625876 0.505842
58.58 0.0243415 -0.0626082 0.505846
58.59 0.0242148 -0.0626287 0.505849
58.6 0.0240881 -0.062649 0.505853
58.61 0.0239613 -0.0626693 0.505857
58.62 0.0238345 -0.0626894 0.505861
58.63 0.0237076 -0.0627095 0.505864
58.64 0.0235807 -0.0627294 0.505868
58.65 0.0234537 -0.0627492 0.505872
58.66 0.0233267 -0.062769 0.505875
58.67 0.0231997 -0.0627886 0.505879
58.68 0.0230726 -0.0628081 0.505883
58.69 0.0229455 -0.0628275 0.505886
58.7 0.0228184 -0.0628468 0.50589
58.71 0.0226912 -0.062866 0.505893
58.72 0.0225639 -0.062885 0.505897
58.73 0.0224367 -0.062904 0.505901
58.74 0.0223093 -0.0629229 0.505904
58.75 0.022182 -0.0629416 0.505908
58.76 0.0220546 -0.0629603 0.505911
58.77 0.0219272 -0.0629788 0.505915
58.78 0.0217997 -0.0629973 0.505918
58.79 0.0216722 -0.0630156 0.505921
58.8 0.0215447 -0.0630338 0.505925
58.81 0.0214171 -0.0630519 0.505928
58.82 0.0212895 -0.0630699 0.505932
58.83 0.0211618 -0.0630878 0.505935
58.84 0.0210341 -0.0631056 0.505938
58.85 0.0209064 -0.0631233 0.505942
58.86 0.0207786 -0.0631409 0.505945
58.87 0.0206508 -0.0631583 0.505948
58.88 0.020523 -0.0631757 0.505951
58.89 0.0203951 -0.063193 0.505955
58.9 0.0202672 -0.0632101 0.505958
58.91 0.0201393 -0.0632271 0.505961
58.92 0.0200113 -0.0632441 0.505964
58.93 0.0198833 -0.0632609 0.505967
58.94 0.0197552 -0.0632776 0.50597
58.95 0.0196271 -0.0632942 0.505974
58.96 0.019499 -0.0633107 0.505977
58.97 0.0193709 -0.0633271 0.50598
58.98 0.0192427 -0.0633434 0.505983
58.99 0.0191145 -0.0633595 0.505986
59 0.0189862 -0.0633756 0.505989
59.01 0.0188579 -0.0633916 0.505992
59.02 0.0187296 -0.0634074 0.505995
59.03 0.0186012 -0.0634232 0.505998
59.04 0.0184729 -0.0634388 0.506001
59.05 0.0183444 -0.0634543 0.506004
59.06 0.018216 -0.0634697 0.506007
59.07 0.0180875 -0.063485 0.506009
59.08 0.017959 -0.0635002 0.506012
59.09 0.0178305 -0.0635153 0.506015
59.1 0.0177019 -0.0635303 0.506018
59.11 0.0175733 -0.0635452 0.506021
59.12 0.0174446 -0.06356 0.506024
59.13 0.017316 -0.0635746 0.506026
59.14 0.0171873 -0.0635892 0.506029
59.15 0.0170586 -0.0636036 0.506032
59.16 0.0169298 -0.0636179 0.506034
59.17 0.016801 -0.0636322 0.506037
59.18 0.0166722 -0.0636463 0.50604
59.19 0.0165434 -0.0636603 0.506042
59.2 0.0164145 -0.0636742 0.506045
59.21 0.0162856 -0.063688 0.506048
59.22 0.0161566 -0.0637017 0.50605
59.23 0.0160277 -0.0637152 0.506053
59.24 0.0158987 -0.0637287 0.506055
59.25 0.0157697 -0.063742 0.506058
59.26 0.0156406 -0.0637553 0.50606
59.27 0.0155116 -0.0637684 0.506063
59.28 0.0153825 -0.0637815 0.506065
59.29 0.0152534 -0.0637944 0.506068
59.3 0.0151242 -0.0638072 0.50607
59.31 0.014995 -0.0638199 0.506073
59.32 0.0148658 -0.0638325 0.506075
59.33 0.0147366 -0.063845 0.506077
59.34 0.0146073 -0.0638573 0.50608
59.35 0.0144781 -0.0638696 0.506082
59.36 0.0143488 -0.0638818 0.506084
59.37 0.0142194 -0.0638938 0.506087
59.38 0.0140901 -0.0639058 0.506089
59.39 0.0139607 -0.0639176 0.506091
59.4 0.0138313 -0.0639293 0.506093
59.41 0.0137019 -0.0639409 0.506096
59.42 0.0135724 -0.0639524 0.506098
59.43 0.0134429 -0.0639638 0.5061
59.44 0.0133134 -0.0639751 0.506102
59.45 0.0131839 -0.0639863 0.506104
59.46 0.0130544 -0.0639973 0.506106
59.47 0.0129248 -0.0640083 0.506108
59.48 0.0127952 -0.0640191 0.50611
59.49 0.0126656 -0.0640299 0.506112
59.5 0.0125359 -0.0640405 0.506114
59.51 0.0124063 -0.064051 0.506116
59.52 0.0122766 -0.0640614 0.506118
59.53 0.0121469 -0.0640717 0.50612
59.54 0.0120172 -0.0640819 0.506122
59.55 0.0118874 -0.064092 0.506124
59.56 0.0117577 -0.064102 0.506126
59.57 0.0116279 -0.0641119 0.506128
59.58 0.0114981 -0.0641216 0.50613
59.59 0.0113683 -0.0641313 0.506132
59.6 0.0112384 -0.0641408 0.506133
59.61 0.0111085 -0.0641502 0.506135
59.62 0.0109787 -0.0641595 0.506137
59.63 0.0108488 -0.0641687 0.506139
59.64 0.0107188 -0.0641778 0.50614
59.65 0.0105889 -0.0641868 0.506142
59.66 0.0104589 -0.0641957 0.506144
59.67 0.010329 -0.0642045 0.506146
59.68 0.010199 -0.0642131 0.506147
59.69 0.0100689 -0.0642217 0.506149
59.7 0.00993892 -0.0642301 0.50615
59.71 0.00980887 -0.0642384 0.506152
59.72 0.0096788 -0.0642467 0.506154
59.73 0.00954872 -0.0642548 0.506155
59.74 0.00941862 -0.0642628 0.506157
59.75 0.0092885 -0.0642707 0.506158
59.76 0.00915837 -0.0642784 0.50616
59.77 0.00902822 -0.0642861 0.506161
59.78 0.00889806 -0.0642937 0.506163
59.79 0.00876788 -0.0643011 0.506164
59.8 0.00863768 -0.0643085 0.506165
59.81 0.00850747 -0.0643157 0.506167
59.82 0.00837725 -0.0643228 0.506168
59.83 0.00824701 -0.0643298 0.506169
59.84 0.00811675 -0.0643367 0.506171
59.85 0.00798648 -0.0643435 0.506172
59.86 0.0078562 -0.0643502 0.506173
59.87 0.0077259 -0.0643568 0.506175
59.88 0.00759559 -0.0643632 0.506176
59.89 0.00746527 -0.0643696 0.506177
59.9 0.00733493 -0.0643758 0.506178
59.91 0.00720459 -0.064382 0.506179
59.92 0.00707422 -0.064388 0.506181
59.93 0.00694385 -0.0643939 0.506182
59.94 0.00681346 -0.0643997 0.506183
59.95 0.00668307 -0.0644054 0.506184
59.96 0.00655266 -0.064411 0.506185
59.97 0.00642224 -0.0644165 0.506186
59.98 0.0062918 -0.0644218 0.506187
59.99 0.00616136 -0.0644271 0.506188
60 0.00603091 -0.0644322 0.506189
60.01 0.00590044 -0.0644373 0.50619
60.02 0.00576997 -0.0644422 0.506191
60.03 0.00563948 -0.064447 0.506192
60.04 0.00550899 -0.0644517 0.506193
60.05 0.00537848 -0.0644563 0.506194
60.06 0.00524797 -0.0644608 0.506194
60.07 0.00511744 -0.0644651 0.506195
60.08 0.00498691 -0.0644694 0.506196
60.09 0.00485637 -0.0644736 0.506197
60.1 0.00472582 -0.0644776 0.506198
60.11 0.00459526 -0.0644815 0.506198
60.12 0.0044647 -0.0644854 0.506199
60.13 0.00433412 -0.0644891 0.5062
60.14 0.00420354 -0.0644927 0.506201
60.15 0.00407295 -0.0644962 0.506201
60.16 0.00394236 -0.0644995 0.506202
60.17 0.00381176 -0.0645028 0.506202
60.18 0.00368115 -0.064506 0.506203
60.19 0.00355053 -0.064509 0.506204
60.2 0.00341991 -0.064512 0.506204
60.21 0.00328928 -0.0645148 0.506205
60.22 0.00315865 -0.0645175 0.506205
60.23 0.00302801 -0.0645201 0.506206
60.24 0.00289736 -0.0645226 0.506206
60.25 0.00276671 -0.064525 0.506207
60.26 0.00263606 -0.0645273 0.506207
60.27 0.0025054 -0.0645295 0.506208
60.28 0.00237474 -0.0645315 0.506208
60.29 0.00224407 -0.0645335 0.506208
60.3 0.0021134 -0.0645353 0.506209
60.31 0.00198272 -0.064537 0.506209
60.32 0.00185204 -0.0645387 0.506209
60.33 0.00172136 -0.0645402 0.50621
60.34 0.00159068 -0.0645416 0.50621
60.35 0.00145999 -0.0645428 0.50621
60.36 0.0013293 -0.064544 0.50621
60.37 0.00119861 -0.0645451 0.506211
60.38 0.00106791 -0.064546 0.506211
60.39 0.000937217 -0.0645469 0.506211
60.4 0.000806518 -0.0645476 0.506211
60.41 0.000675819 -0.0645482 0.506211
60.42 0.000545118 -0.0645488 0.506211
60.43 0.000414417 -0.0645492 0.506211
60.44 0.000283714 -0.0645495 0.506211
60.45 0.000153011 -0.0645496 0.506211
60.46 2.23081e-05 -0.0645497 0.506211
60.47 -0.000108395 -0.0645497 0.506211
60.48 -0.000239098 -0.0645495 0.506211
60.49 -0.000369801 -0.0645493 0.506211
60.5 -0.000500503 -0.0645489 0.506211
60.51 -0.000631204 -0.0645484 0.506211
60.52 -0.000761904 -0.0645478 0.506211
60.53 -0.000892602 -0.0645472 0.506211
60.54 -0.0010233 -0.0645463 0.506211
60.55 -0.00115399 -0.0645454 0.506211
60.56 -0.00128469 -0.0645444 0.50621
60.57 -0.00141538 -0.0645433 0.50621
60.58 -0.00154607 -0.064542 0.50621
60.59 -0.00167675 -0.0645406 0.50621
60.6 -0.00180744 -0.0645392 0.506209
60.61 -0.00193812 -0.0645376 0.506209
60.62 -0.00206879 -0.0645359 0.506209
60.63 -0.00219947 -0.0645341 0.506208
60.64 -0.00233013 -0.0645322 0.506208
60.65 -0.0024608 -0.0645302 0.506208
60.66 -0.00259146 -0.064528 0.506207
60.67 -0.00272212 -0.0645258 0.506207
60.68 -0.00285277 -0.0645235 0.506206
60.69 -0.00298341 -0.064521 0.506206
60.7 -0.00311405 -0.0645184 0.506205
60.71 -0.00324469 -0.0645157 0.506205
60.72 -0.00337532 -0.0645129 0.506204
60.73 -0.00350594 -0.06451 0.506204
60.74 -0.00363656 -0.064507 0.506203
60.75 -0.00376717 -0.0645039 0.506203
60.76 -0.00389778 -0.0645007 0.506202
60.77 -0.00402838 -0.0644973 0.506201
60.78 -0.00415897 -0.0644939 0.506201
60.79 -0.00428955 -0.0644903 0.5062
60.8 -0.00442013 -0.0644866 0.506199
60.81 -0.00455069 -0.0644829 0.506199
60.82 -0.00468125 -0.064479 0.506198
60.83 -0.00481181 -0.064475 0.506197
60.84 -0.00494235 -0.0644708 0.506196
60.85 -0.00507289 -0.0644666 0.506196
60.86 -0.00520341 -0.0644623 0.506195
60.87 -0.00533393 -0.0644578 0.506194
60.88 -0.00546444 -0.0644533 0.506193
60.89 -0.00559494 -0.0644486 0.506192
60.9 -0.00572542 -0.0644438 0.506191
60.91 -0.0058559 -0.064439 0.50619
60.92 -0.00598637 -0.064434 0.506189
60.93 -0.00611683 -0.0644289 0.506188
60.94 -0.00624728 -0.0644236 0.506187
60.95 -0.00637771 -0.0644183 0.506186
60.96 -0.00650814 -0.0644129 0.506185
60.97 -0.00663855 -0.0644073 0.506184
60.98 -0.00676895 -0.0644017 0.506183
60.99 -0.00689934 -0.0643959 0.506182
61 -0.00702972 -0.06439 0.506181
61.01 -0.00716009 -0.064384 0.50618
61.02 -0.00729044 -0.064378 0.506179
61.03 -0.00742078 -0.0643717 0.506177
61.04 -0.00755111 -0.0643654 0.506176
61.05 -0.00768142 -0.064359 0.506175
61.06 -0.00781172 -0.0643525 0.506174
61.07 -0.00794201 -0.0643458 0.506172
61.08 -0.00807229 -0.0643391 0.506171
61.09 -0.00820254 -0.0643322 0.50617
61.1 -0.00833279 -0.0643252 0.506169
61.11 -0.00846302 -0.0643181 0.506167
61.12 -0.00859324 -0.064311 0.506166
61.13 -0.00872344 -0.0643036 0.506164
61.14 -0.00885362 -0.0642962 0.506163
61.15 -0.00898379 -0.0642887 0.506162
61.16 -0.00911394 -0.0642811 0.50616
61.17 -0.00924408 -0.0642733 0.506159
61.18 -0.0093742 -0.0642655 0.506157
61.19 -0.00950431 -0.0642575 0.506156
61.2 -0.0096344 -0.0642494 0.506154
61.21 -0.00976447 -0.0642413 0.506153
61.22 -0.00989453 -0.064233 0.506151
61.23 -0.0100246 -0.0642246 0.506149
61.24 -0.0101546 -0.0642161 0.506148
61.25 -0.0102846 -0.0642074 0.506146
61.26 -0.0104146 -0.0641987 0.506144
61.27 -0.0105445 -0.0641899 0.506143
61.28 -0.0106745 -0.0641809 0.506141
61.29 -0.0108044 -0.0641719 0.506139
61.3 -0.0109343 -0.0641627 0.506138
61.31 -0.0110642 -0.0641534 0.506136
61.32 -0.0111941 -0.064144 0.506134
61.33 -0.0113239 -0.0641345 0.506132
61.34 -0.0114538 -0.0641249 0.50613
61.35 -0.0115836 -0.0641152 0.506129
61.36 -0.0117134 -0.0641054 0.506127
61.37 -0.0118431 -0.0640954 0.506125
61.38 -0.0119729 -0.0640854 0.506123
61.39 -0.0121026 -0.0640752 0.506121
61.4 -0.0122323 -0.064065 0.506119
61.41 -0.012362 -0.0640546 0.506117
61.42 -0.0124917 -0.0640441 0.506115
61.43 -0.0126213 -0.0640335 0.506113
61.44 -0.012751 -0.0640228 0.506111
61.45 -0.0128806 -0.064012 0.506109
61.46 -0.0130101 -0.0640011 0.506107
61.47 -0.0131397 -0.0639901 0.506105
61.48 -0.0132692 -0.0639789 0.506103
61.49 -0.0133987 -0.0639677 0.506101
61.5 -0.0135282 -0.0639563 0.506098
61.51 -0.0136577 -0.0639449 0.506096
61.52 -0.0137871 -0.0639333 0.506094
61.53 -0.0139165 -0.0639216 0.506092
61.54 -0.0140459 -0.0639098 0.50609
61.55 -0.0141753 -0.0638979 0.506087
61.56 -0.0143046 -0.0638859 0.506085
61.57 -0.0144339 -0.0638738 0.506083
61.58 -0.0145632 -0.0638615 0.50608
61.59 -0.0146925 -0.0638492 0.506078
61.6 -0.0148217 -0.0638368 0.506076
61.61 -0.0149509 -0.0638242 0.506073
61.62 -0.0150801 -0.0638115 0.506071
61.63 -0.0152093 -0.0637988 0.506069
61.64 -0.0153384 -0.0637859 0.506066
61.65 -0.0154675 -0.0637729 0.506064
61.66 -0.0155966 -0.0637598 0.506061
61.67 -0.0157256 -0.0637466 0.506059
61.68 -0.0158547 -0.0637333 0.506056
61.69 -0.0159837 -0.0637198 0.506054
61.7 -0.0161126 -0.0637063 0.506051
61.71 -0.0162416 -0.0636927 0.506049
61.72 -0.0163705 -0.0636789 0.506046
61.73 -0.0164994 -0.063665 0.506043
61.74 -0.0166282 -0.0636511 0.506041
61.75 -0.016757 -0.063637 0.506038
61.76 -0.0168858 -0.0636228 0.506035
61.77 -0.0170146 -0.0636085 0.506033
61.78 -0.0171433 -0.0635941 0.50603
61.79 -0.0172721 -0.0635796 0.506027
61.8 -0.0174007 -0.063565 0.506024
61.81 -0.0175294 -0.0635502 0.506022
61.82 -0.017658 -0.0635354 0.506019
61.83 -0.0177866 -0.0635205 0.506016
61.84 -0.0179151 -0.0635054 0.506013
61.85 -0.0180437 -0.0634902 0.50601
61.86 -0.0181721 -0.063475 0.506008
61.87 -0.0183006 -0.0634596 0.506005
61.88 -0.018429 -0.0634441 0.506002
61.89 -0.0185574 -0.0634285 0.505999
61.9 -0.0186858 -0.0634128 0.505996
61.91 -0.0188141 -0.063397 0.505993
61.92 -0.0189424 -0.0633811 0.50599
61.93 -0.0190707 -0.063365 0.505987
61.94 -0.0191989 -0.0633489 0.505984
61.95 -0.0193271 -0.0633327 0.505981
61.96 -0.0194553 -0.0633163 0.505978
61.97 -0.0195834 -0.0632998 0.505975
61.98 -0.0197115 -0.0632833 0.505972
61.99 -0.0198396 -0.0632666 0.505968
62 -0.0199676 -0.0632498 0.505965
62.01 -0.0200956 -0.0632329 0.505962
62.02 -0.0202235 -0.0632159 0.505959
62.03 -0.0203515 -0.0631988 0.505956
62.04 -0.0204793 -0.0631816 0.505952
62.05 -0.0206072 -0.0631643 0.505949
62.06 -0.020735 -0.0631469 0.505946
62.07 -0.0208628 -0.0631293 0.505943
62.08 -0.0209905 -0.0631117 0.505939
62.09 -0.0211182 -0.0630939 0.505936
62.1 -0.0212459 -0.0630761 0.505933
62.11 -0.0213735 -0.0630581 0.505929
62.12 -0.0215011 -0.06304 0.505926
62.13 -0.0216287 -0.0630218 0.505923
62.14 -0.0217562 -0.0630035 0.505919
62.15 -0.0218837 -0.0629851 0.505916
62.16 -0.0220111 -0.0629666 0.505912
62.17 -0.0221385 -0.062948 0.505909
62.18 -0.0222659 -0.0629293 0.505905
62.19 -0.0223932 -0.0629105 0.505902
62.2 -0.0225205 -0.0628915 0.505898
62.21 -0.0226477 -0.0628725 0.505895
62.22 -0.0227749 -0.0628533 0.505891
62.23 -0.0229021 -0.0628341 0.505888
62.24 -0.0230292 -0.0628147 0.505884
62.25 -0.0231563 -0.0627953 0.50588
62.26 -0.0232834 -0.0627757 0.505877
62.27 -0.0234104 -0.062756 0.505873
62.28 -0.0235373 -0.0627362 0.505869
62.29 -0.0236643 -0.0627163 0.505866
62.3 -0.0237912 -0.0626963 0.505862
62.31 -0.023918 -0.0626762 0.505858
62.32 -0.0240448 -0.062656 0.505854
62.33 -0.0241716 -0.0626356 0.505851
62.34 -0.0242983 -0.0626152 0.505847
62.35 -0.0244249 -0.0625947 0.505843
62.36 -0.0245516 -0.062574 0.505839
62.37 -0.0246782 -0.0625533 0.505835
62.38 -0.0248047 -0.0625324 0.505831
62.39 -0.0249312 -0.0625114 0.505828
62.4 -0.0250577 -0.0624904 0.505824
62.41 -0.0251841 -0.0624692 0.50582
62.42 -0.0253105 -0.0624479 0.505816
62.43 -0.0254368 -0.0624265 0.505812
62.44 -0.0255631 -0.062405 0.505808
62.45 -0.0256893 -0.0623834 0.505804
62.46 -0.0258155 -0.0623617 0.5058
62.47 -0.0259416 -0.0623399 0.505796
62.48 -0.0260677 -0.062318 0.505792
62.49 -0.0261938 -0.0622959 0.505788
62.5 -0.0263198 -0.0622738 0.505784
62.51 -0.0264458 -0.0622516 0.505779
62.52 -0.0265717 -0.0622292 0.505775
62.53 -0.0266976 -0.0622068 0.505771
62.54 -0.0268234 -0.0621842 0.505767
62.55 -0.0269492 -0.0621616 0.505763
62.56 -0.0270749 -0.0621388 0.505759
62.57 -0.0272006 -0.0621159 0.505754
62.58 -0.0273262 -0.0620929 0.50575
62.59 -0.0274518 -0.0620698 0.505746
62.6 -0.0275774 -0.0620467 0.505742
62.61 -0.0277029 -0.0620234 0.505737
62.62 -0.0278283 -0.062 0.505733
62.63 -0.0279537 -0.0619764 0.505729
62.64 -0.0280791 -0.0619528 0.505724
62.65 -0.0282044 -0.0619291 0.50572
62.66 -0.0283296 -0.0619053 0.505716
62.67 -0.0284548 -0.0618814 0.505711
62.68 -0.02858 -0.0618573 0.505707
62.69 -0.0287051 -0.0618332 0.505702
62.7 -0.0288301 -0.0618089 0.505698
62.71 -0.0289551 -0.0617846 0.505694
62.72 -0.0290801 -0.0617601 0.505689
62.73 -0.029205 -0.0617356 0.505685
62.74 -0.0293298 -0.0617109 0.50568
62.75 -0.0294546 -0.0616861 0.505676
62.76 -0.0295794 -0.0616612 0.505671
62.77 -0.0297041 -0.0616363 0.505666
62.78 -0.0298287 -0.0616112 0.505662
62.79 -0.0299533 -0.061586 0.505657
62.8 -0.0300778 -0.0615607 0.505653
62.81 -0.0302023 -0.0615353 0.505648
62.82 -0.0303267 -0.0615098 0.505643
62.83 -0.0304511 -0.0614842 0.505639
62.84 -0.0305755 -0.0614585 0.505634
62.85 -0.0306997 -0.0614326 0.505629
62.86 -0.030824 -0.0614067 0.505625
62.87 -0.0309481 -0.0613807 0.50562
62.88 -0.0310722 -0.0613546 0.505615
62.89 -0.0311963 -0.0613283 0.50561
62.9 -0.0313203 -0.061302 0.505605
62.91 -0.0314443 -0.0612755 0.505601
62.92 -0.0315681 -0.061249 0.505596
62.93 -0.031692 -0.0612223 0.505591
62.94 -0.0318158 -0.0611956 0.505586
62.95 -0.0319395 -0.0611687 0.505581
62.96 -0.0320632 -0.0611417 0.505576
62.97 -0.0321868 -0.0611147 0.505571
62.98 -0.0323104 -0.0610875 0.505567
62.99 -0.0324339 -0.0610602 0.505562
63 -0.0325573 -0.0610328 0.505557
63.01 -0.0326807 -0.0610054 0.505552
63.02 -0.0328041 -0.0609778 0.505547
63.03 -0.0329273 -0.0609501 0.505542
63.04 -0.0330506 -0.0609223 0.505537
63.05 -0.0331737 -0.0608944 0.505532
63.06 -0.0332968 -0.0608664 0.505527
63.07 -0.0334199 -0.0608383 0.505521
63.08 -0.0335429 -0.0608101 0.505516
63.09 -0.0336658 -0.0607818 0.505511
63.1 -0.0337887 -0.0607533 0.505506
63.11 -0.0339115 -0.0607248 0.505501
63.12 -0.0340342 -0.0606962 0.505496
63.13 -0.0341569 -0.0606675 0.505491
63.14 -0.0342796 -0.0606387 0.505485
63.15 -0.0344022 -0.0606097 0.50548
63.16 -0.0345247 -0.0605807 0.505475
63.17 -0.0346471 -0.0605515 0.50547
63.18 -0.0347695 -0.0605223 0.505465
63.19 -0.0348919 -0.060493 0.505459
63.2 -0.0350141 -0.0604635 0.505454
63.21 -0.0351364 -0.060434 0.505449
63.22 -0.0352585 -0.0604043 0.505443
63.23 -0.0353806 -0.0603746 0.505438
63.24 -0.0355026 -0.0603447 0.505433
63.25 -0.0356246 -0.0603148 0.505427
63.26 -0.0357465 -0.0602847 0.505422
63.27 -0.0358684 -0.0602545 0.505417
63.28 -0.0359901 -0.0602243 0.505411
63.29 -0.0361119 -0.0601939 0.505406
63.3 -0.0362335 -0.0601634 0.5054
63.31 -0.0363551 -0.0601329 0.505395
63.32 -0.0364767 -0.0601022 0.505389
63.33 -0.0365981 -0.0600714 0.505384
63.34 -0.0367195 -0.0600405 0.505378
63.35 -0.0368409 -0.0600095 0.505373
63.36 -0.0369621 -0.0599785 0.505367
63.37 -0.0370834 -0.0599473 0.505362
63.38 -0.0372045 -0.059916 0.505356
63.39 -0.0373256 -0.0598846 0.505351
63.4 -0.0374466 -0.0598531 0.505345
63.41 -0.0375676 -0.0598215 0.505339
63.42 -0.0376884 -0.0597898 0.505334
63.43 -0.0378093 -0.0597581 0.505328
63.44 -0.03793 -0.0597262 0.505322
63.45 -0.0380507 -0.0596942 0.505317
63.46 -0.0381713 -0.0596621 0.505311
63.47 -0.0382919 -0.0596299 0.505305
63.48 -0.0384124 -0.0595976 0.5053
63.49 -0.0385328 -0.0595652 0.505294
63.5 -0.0386532 -0.0595327 0.505288
63.51 -0.0387735 -0.0595001 0.505282
63.52 -0.0388937 -0.0594674 0.505277
63.53 -0.0390138 -0.0594346 0.505271
63.54 -0.0391339 -0.0594017 0.505265
63.55 -0.039254 -0.0593686 0.505259
63.56 -0.0393739 -0.0593355 0.505253
63.57 -0.0394938 -0.0593023 0.505248
63.58 -0.0396136 -0.059269 0.505242
63.59 -0.0397334 -0.0592356 0.505236
63.6 -0.039853 -0.0592021 0.50523
63.61 -0.0399726 -0.0591685 0.505224
63.62 -0.0400922 -0.0591348 0.505218
63.63 -0.0402116 -0.059101 0.505212
63.64 -0.040331 -0.0590671 0.505206
63.65 -0.0404504 -0.0590331 0.5052
63.66 -0.0405696 -0.058999 0.505194
63.67 -0.0406888 -0.0589647 0.505188
63.68 -0.0408079 -0.0589304 0.505182
63.69 -0.040927 -0.058896 0.505176
63.7 -0.041046 -0.0588615 0.50517
63.71 -0.0411649 -0.0588269 0.505164
63.72 -0.0412837 -0.0587922 0.505158
63.73 -0.0414025 -0.0587574 0.505152
63.74 -0.0415212 -0.0587225 0.505146
63.75 -0.0416398 -0.0586875 0.50514
63.76 -0.0417583 -0.0586524 0.505134
63.77 -0.0418768 -0.0586172 0.505128
63.78 -0.0419952 -0.0585819 0.505122
63.79 -0.0421135 -0.0585465 0.505115
63.8 -0.0422318 -0.058511 0.505109
63.81 -0.04235 -0.0584754 0.505103
63.82 -0.0424681 -0.0584397 0.505097
63.83 -0.0425861 -0.0584039 0.505091
63.84 -0.0427041 -0.058368 0.505084
63.85 -0.0428219 -0.058332 0.505078
63.86 -0.0429398 -0.0582959 0.505072
63.87 -0.0430575 -0.0582597 0.505066
63.88 -0.0431751 -0.0582234 0.505059
63.89 -0.0432927 -0.058187 0.505053
63.9 -0.0434102 -0.0581505 0.505047
63.91 -0.0435277 -0.0581139 0.50504
63.92 -0.043645 -0.0580772 0.505034
63.93 -0.0437623 -0.0580404 0.505028
63.94 -0.0438795 -0.0580035 0.505021
63.95 -0.0439967 -0.0579666 0.505015
63.96 -0.0441137 -0.0579295 0.505009
63.97 -0.0442307 -0.0578923 0.505002
63.98 -0.0443476 -0.057855 0.504996
63.99 -0.0444645 -0.0578176 0.504989
64 -0.0445812 -0.0577802 0.504983
64.01 -0.0446979 -0.0577426 0.504977
64.02 -0.0448145 -0.0577049 0.50497
64.03 -0.044931 -0.0576672 0.504964
64.04 -0.0450474 -0.0576293 0.504957
64.05 -0.0451638 -0.0575913 0.504951
64.06 -0.0452801 -0.0575533 0.504944
64.07 -0.0453963 -0.0575151 0.504938
64.08 -0.0455124 -0.0574769 0.504931
64.09 -0.0456285 -0.0574385 0.504925
64.1 -0.0457444 -0.0574001 0.504918
64.11 -0.0458603 -0.0573615 0.504911
64.12 -0.0459761 -0.0573229 0.504905
64.13 -0.0460919 -0.0572842 0.504898
64.14 -0.0462075 -0.0572453 0.504892
64.15 -0.0463231 -0.0572064 0.504885
64.16 -0.0464386 -0.0571674 0.504878
64.17 -0.046554 -0.0571282 0.504872
64.18 -0.0466693 -0.057089 0.504865
64.19 -0.0467846 -0.0570497 0.504858
64.2 -0.0468997 -0.0570103 0.504852
64.21 -0.0470148 -0.0569708 0.504845
64.22 -0.0471298 -0.0569312 0.504838
64.23 -0.0472447 -0.0568915 0.504832
64.24 -0.0473596 -0.0568517 0.504825
64.25 -0.0474743 -0.0568118 0.504818
64.26 -0.047589 -0.0567718 0.504811
64.27 -0.0477036 -0.0567317 0.504805
64.28 -0.0478181 -0.0566915 0.504798
64.29 -0.0479326 -0.0566512 0.504791
64.3 -0.0480469 -0.0566109 0.504784
64.31 -0.0481612 -0.0565704 0.504777
64.32 -0.0482753 -0.0565298 0.504771
64.33 -0.0483894 -0.0564892 0.504764
64.34 -0.0485035 -0.0564484 0.504757
64.35 -0.0486174 -0.0564076 0.50475
64.36 -0.0487312 -0.0563666 0.504743
64.37 -0.048845 -0.0563256 0.504736
64.38 -0.0489587 -0.0562844 0.50473
64.39 -0.0490723 -0.0562432 0.504723
64.4 -0.0491858 -0.0562019 0.504716
64.41 -0.0492992 -0.0561605 0.504709
64.42 -0.0494125 -0.0561189 0.504702
64.43 -0.0495258 -0.0560773 0.504695
64.44 -0.0496389 -0.0560356 0.504688
64.45 -0.049752 -0.0559938 0.504681
64.46 -0.049865 -0.0559519 0.504674
64.47 -0.0499779 -0.0559099 0.504667
64.48 -0.0500907 -0.0558678 0.50466
64.49 -0.0502035 -0.0558257 0.504653
64.5 -0.0503161 -0.0557834 0.504646
64.51 -0.0504287 -0.055741 0.504639
64.52 -0.0505411 -0.0556986 0.504632
64.53 -0.0506535 -0.055656 0.504625
64.54 -0.0507658 -0.0556134 0.504618
64.55 -0.050878 -0.0555706 0.504611
64.56 -0.0509902 -0.0555278 0.504604
64.57 -0.0511022 -0.0554849 0.504597
64.58 -0.0512141 -0.0554418 0.50459
64.59 -0.051326 -0.0553987 0.504583
64.6 -0.0514378 -0.0553555 0.504575
64.61 -0.0515494 -0.0553122 0.504568
64.62 -0.051661 -0.0552688 0.504561
64.63 -0.0517725 -0.0552253 0.504554
64.64 -0.0518839 -0.0551817 0.504547
64.65 -0.0519953 -0.0551381 0.50454
64.66 -0.0521065 -0.0550943 0.504533
64.67 -0.0522176 -0.0550504 0.504525
64.68 -0.0523287 -0.0550065 0.504518
64.69 -0.0524397 -0.0549624 0.504511
64.7 -0.0525505 -0.0549183 0.504504
64.71 -0.0526613 -0.054874 0.504497
64.72 -0.052772 -0.0548297 0.504489
64.73 -0.0528826 -0.0547853 0.504482
64.74 -0.0529931 -0.0547408 0.504475
64.75 -0.0531035 -0.0546962 0.504468
64.76 -0.0532138 -0.0546515 0.50446
64.77 -0.0533241 -0.0546067 0.504453
64.78 -0.0534342 -0.0545618 0.504446
64.79 -0.0535443 -0.0545169 0.504438
64.8 -0.0536542 -0.0544718 0.504431
64.81 -0.0537641 -0.0544266 0.504424
64.82 -0.0538739 -0.0543814 0.504416
64.83 -0.0539835 -0.0543361 0.504409
64.84 -0.0540931 -0.0542906 0.504402
64.85 -0.0542026 -0.0542451 0.504394
64.86 -0.054312 -0.0541995 0.504387
64.87 -0.0544213 -0.0541538 0.50438
64.88 -0.0545305 -0.054108 0.504372
64.89 -0.0546396 -0.0540621 0.504365
64.9 -0.0547487 -0.0540161 0.504358
64.91 -0.0548576 -0.0539701 0.50435
64.92 -0.0549664 -0.0539239 0.504343
64.93 -0.0550751 -0.0538777 0.504335
64.94 -0.0551838 -0.0538313 0.504328
64.95 -0.0552923 -0.0537849 0.504321
64.96 -0.0554008 -0.0537384 0.504313
64.97 -0.0555091 -0.0536918 0.504306
64.98 -0.0556174 -0.0536451 0.504298
64.99 -0.0557256 -0.0535983 0.504291
65 -0.0558336 -0.0535514 0.504283
65.01 -0.0559416 -0.0535044 0.504276
65.02 -0.0560495 -0.0534574 0.504268
65.03 -0.0561573 -0.0534102 0.504261
65.04 -0.0562649 -0.053363 0.504253
65.05 -0.0563725 -0.0533156 0.504246
65.06 -0.05648 -0.0532682 0.504238
65.07 -0.0565874 -0.0532207 0.504231
65.08 -0.0566947 -0.0531731 0.504223
65.09 -0.0568019 -0.0531254 0.504216
65.1 -0.056909 -0.0530776 0.504208
65.11 -0.057016 -0.0530298 0.504201
65.12 -0.0571229 -0.0529818 0.504193
65.13 -0.0572297 -0.0529338 0.504185
65.14 -0.0573364 -0.0528856 0.504178
65.15 -0.057443 -0.0528374 0.50417
65.16 -0.0575495 -0.0527891 0.504163
65.17 -0.0576559 -0.0527407 0.504155
65.18 -0.0577622 -0.0526922 0.504148
65.19 -0.0578684 -0.0526436 0.50414
65.2 -0.0579746 -0.052595 0.504132
65.21 -0.0580806 -0.0525462 0.504125
65.22 -0.0581865 -0.0524974 0.504117
65.23 -0.0582923 -0.0524484 0.504109
65.24 -0.058398 -0.0523994 0.504102
65.25 -0.0585036 -0.0523503 0.504094
65.26 -0.0586091 -0.0523011 0.504086
65.27 -0.0587145 -0.0522518 0.504079
65.28 -0.0588198 -0.0522024 0.504071
65.29 -0.058925 -0.052153 0.504063
65.3 -0.0590301 -0.0521034 0.504056
65.31 -0.0591351 -0.0520538 0.504048
65.32 -0.05924 -0.0520041 0.50404
65.33 -0.0593448 -0.0519543 0.504033
65.34 -0.0594495 -0.0519044 0.504025
65.35 -0.0595541 -0.0518544 0.504017
65.36 -0.0596586 -0.0518043 0.504009
65.37 -0.059763 -0.0517542 0.504002
65.38 -0.0598673 -0.0517039 0.503994
65.39 -0.0599715 -0.0516536 0.503986
65.4 -0.0600755 -0.0516032 0.503979
65.41 -0.0601795 -0.0515527 0.503971
65.42 -0.0602834 -0.0515021 0.503963
65.43 -0.0603872 -0.0514514 0.503955
65.44 -0.0604908 -0.0514006 0.503947
65.45 -0.0605944 -0.0513498 0.50394
65.46 -0.0606978 -0.0512988 0.503932
65.47 -0.0608012 -0.0512478 0.503924
65.48 -0.0609044 -0.0511967 0.503916
65.49 -0.0610076 -0.0511455 0.503909
65.5 -0.0611106 -0.0510942 0.503901
65.51 -0.0612136 -0.0510429 0.503893
65.52 -0.0613164 -0.0509914 0.503885
65.53 -0.0614191 -0.0509399 0.503877
65.54 -0.0615217 -0.0508883 0.503869
65.55 -0.0616242 -0.0508366 0.503862
65.56 -0.0617266 -0.0507848 0.503854
65.57 -0.0618289 -0.0507329 0.503846
65.58 -0.0619311 -0.0506809 0.503838
65.59 -0.0620332 -0.0506289 0.50383
65.6 -0.0621352 -0.0505767 0.503822
65.61 -0.0622371 -0.0505245 0.503815
65.62 -0.0623388 -0.0504722 0.503807
65.63 -0.0624405 -0.0504198 0.503799
65.64 -0.062542 -0.0503674 0.503791
65.65 -0.0626435 -0.0503148 0.503783
65.66 -0.0627448 -0.0502622 0.503775
65.67 -0.0628461 -0.0502094 0.503767
65.68 -0.0629472 -0.0501566 0.503759
65.69 -0.0630482 -0.0501037 0.503752
65.7 -0.0631491 -0.0500508 0.503744
65.71 -0.0632499 -0.0499977 0.503736
65.72 -0.0633506 -0.0499446 0.503728
65.73 -0.0634512 -0.0498913 0.50372
65.74 -0.0635516 -0.049838 0.503712
65.75 -0.063652 -0.0497846 0.503704
65.76 -0.0637522 -0.0497312 0.503696
65.77 -0.0638524 -0.0496776 0.503688
65.78 -0.0639524 -0.049624 0.50368
65.79 -0.0640523 -0.0495702 0.503672
65.8 -0.0641522 -0.0495164 0.503664
65.81 -0.0642519 -0.0494625 0.503656
65.82 -0.0643515 -0.0494085 0.503648
65.83 -0.0644509 -0.0493545 0.503641
65.84 -0.0645503 -0.0493003 0.503633
65.85 -0.0646496 -0.0492461 0.503625
65.86 -0.0647487 -0.0491918 0.503617
65.87 -0.0648478 -0.0491374 0.503609
65.88 -0.0649467 -0.049083 0.503601
65.89 -0.0650455 -0.0490284 0.503593
65.9 -0.0651442 -0.0489738 0.503585
65.91 -0.0652428 -0.048919 0.503577
65.92 -0.0653413 -0.0488642 0.503569
65.93 -0.0654397 -0.0488094 0.503561
65.94 -0.0655379 -0.0487544 0.503553
65.95 -0.0656361 -0.0486994 0.503545
65.96 -0.0657341 -0.0486442 0.503537
65.97 -0.065832 -0.048589 0.503529
65.98 -0.0659298 -0.0485337 0.503521
65.99 -0.0660275 -0.0484784 0.503513
66 -0.0661251 -0.0484229 0.503505
66.01 -0.0662226 -0.0483674 0.503497
66.02 -0.0663199 -0.0483118 0.503489
66.03 -0.0664172 -0.0482561 0.503481
66.04 -0.0665143 -0.0482003 0.503473
66.05 -0.0666113 -0.0481445 0.503465
66.06 -0.0667082 -0.0480885 0.503457
66.07 -0.066805 -0.0480325 0.503449
66.08 -0.0669017 -0.0479764 0.503441
66.09 -0.0669982 -0.0479202 0.503433
66.1 -0.0670947 -0.047864 0.503425
66.11 -0.067191 -0.0478077 0.503417
66.12 -0.0672872 -0.0477512 0.503409
66.13 -0.0673833 -0.0476947 0.503401
66.14 -0.0674793 -0.0476382 0.503393
66.15 -0.0675751 -0.0475815 0.503385
66.16 -0.0676709 -0.0475248 0.503377
66.17 -0.0677665 -0.047468 0.503368
66.18 -0.067862 -0.0474111 0.50336
66.19 -0.0679574 -0.0473541 0.503352
66.2 -0.0680527 -0.0472971 0.503344
66.21 -0.0681479 -0.0472399 0.503336
66.22 -0.0682429 -0.0471827 0.503328
66.23 -0.0683379 -0.0471254 0.50332
66.24 -0.0684327 -0.0470681 0.503312
66.25 -0.0685274 -0.0470106 0.503304
66.26 -0.068622 -0.0469531 0.503296
66.27 -0.0687164 -0.0468955 0.503288
66.28 -0.0688108 -0.0468378 0.50328
66.29 -0.068905 -0.0467801 0.503272
66.3 -0.0689991 -0.0467222 0.503264
66.31 -0.0690931 -0.0466643 0.503256
66.32 -0.069187 -0.0466063 0.503248
66.33 -0.0692808 -0.0465482 0.50324
66.34 -0.0693744 -0.0464901 0.503232
66.35 -0.0694679 -0.0464319 0.503223
66.36 -0.0695613 -0.0463736 0.503215
66.37 -0.0696546 -0.0463152 0.503207
66.38 -0.0697478 -0.0462567 0.503199
66.39 -0.0698408 -0.0461982 0.503191
66.4 -0.0699338 -0.0461396 0.503183
66.41 -0.0700266 -0.0460809 0.503175
66.42 -0.0701193 -0.0460221 0.503167
66.43 -0.0702118 -0.0459633 0.503159
66.44 -0.0703043 -0.0459044 0.503151
66.45 -0.0703966 -0.0458454 0.503143
66.46 -0.0704888 -0.0457863 0.503135
66.47 -0.0705809 -0.0457272 0.503127
66.48 -0.0706729 -0.0456679 0.503119
66.49 -0.0707647 -0.0456086 0.503111
66.5 -0.0708564 -0.0455493 0.503102
66.51 -0.070948 -0.0454898 0.503094
66.52 -0.0710395 -0.0454303 0.503086
66.53 -0.0711309 -0.0453707 0.503078
66.54 -0.0712221 -0.045311 0.50307
66.55 -0.0713132 -0.0452513 0.503062
66.56 -0.0714042 -0.0451914 0.503054
66.57 -0.0714951 -0.0451315 0.503046
66.58 -0.0715858 -0.0450715 0.503038
66.59 -0.0716765 -0.0450115 0.50303
66.6 -0.071767 -0.0449514 0.503022
66.61 -0.0718574 -0.0448912 0.503014
66.62 -0.0719476 -0.0448309 0.503006
66.63 -0.0720378 -0.0447705 0.502998
66.64 -0.0721278 -0.0447101 0.50299
66.65 -0.0722177 -0.0446496 0.502981
66.66 -0.0723075 -0.044589 0.502973
66.67 -0.0723971 -0.0445284 0.502965
66.68 -0.0724866 -0.0444676 0.502957
66.69 -0.072576 -0.0444068 0.502949
66.7 -0.0726653 -0.044346 0.502941
66.71 -0.0727544 -0.044285 0.502933
66.72 -0.0728435 -0.044224 0.502925
66.73 -0.0729324 -0.0441629 0.502917
66.74 -0.0730212 -0.0441017 0.502909
66.75 -0.0731098 -0.0440405 0.502901
66.76 -0.0731983 -0.0439792 0.502893
66.77 -0.0732867 -0.0439178 0.502885
66.78 -0.073375 -0.0438563 0.502877
66.79 -0.0734632 -0.0437948 0.502869
66.8 -0.0735512 -0.0437332 0.502861
66.81 -0.0736391 -0.0436715 0.502853
66.82 -0.0737269 -0.0436098 0.502845
66.83 -0.0738145 -0.0435479 0.502837
66.84 -0.0739021 -0.043486 0.502829
66.85 -0.0739895 -0.0434241 0.502821
66.86 -0.0740767 -0.043362 0.502812
66.87 -0.0741639 -0.0432999 0.502804
66.88 -0.0742509 -0.0432377 0.502796
66.89 -0.0743378 -0.0431755 0.502788
66.9 -0.0744246 -0.0431131 0.50278
66.91 -0.0745112 -0.0430507 0.502772
66.92 -0.0745977 -0.0429883 0.502764
66.93 -0.0746841 -0.0429257 0.502756
66.94 -0.0747704 -0.0428631 0.502748
66.95 -0.0748565 -0.0428004 0.50274
66.96 -0.0749425 -0.0427377 0.502732
66.97 -0.0750284 -0.0426748 0.502724
66.98 -0.0751142 -0.0426119 0.502716
66.99 -0.0751998 -0.042549 0.502708
67 -0.0752853 -0.0424859 0.5027
67.01 -0.0753706 -0.0424228 0.502692
67.02 -0.0754559 -0.0423596 0.502684
67.03 -0.075541 -0.0422964 0.502676
67.04 -0.075626 -0.042233 0.502668
67.05 -0.0757108 -0.0421697 0.50266
67.06 -0.0757956 -0.0421062 0.502652
67.07 -0.0758801 -0.0420427 0.502644
67.08 -0.0759646 -0.0419791 0.502636
67.09 -0.0760489 -0.0419154 0.502628
67.1 -0.0761332 -0.0418516 0.50262
67.11 -0.0762172 -0.0417878 0.502613
67.12 -0.0763012 -0.0417239 0.502605
67.13 -0.076385 -0.04166 0.502597
67.14 -0.0764687 -0.041596 0.502589
67.15 -0.0765522 -0.0415319 0.502581
67.16 -0.0766357 -0.0414677 0.502573
67.17 -0.076719 -0.0414035 0.502565
67.18 -0.0768021 -0.0413392 0.502557
67.19 -0.0768852 -0.0412748 0.502549
67.2 -0.0769681 -0.0412104 0.502541
67.21 -0.0770508 -0.0411459 0.502533
67.22 -0.0771335 -0.0410813 0.502525
67.23 -0.077216 -0.0410167 0.502517
67.24 -0.0772984 -0.040952 0.502509
67.25 -0.0773806 -0.0408872 0.502501
67.26 -0.0774627 -0.0408224 0.502493
67.27 -0.0775447 -0.0407575 0.502486
67.28 -0.0776266 -0.0406925 0.502478
67.29 -0.0777083 -0.0406275 0.50247
67.3 -0.0777899 -0.0405624 0.502462
67.31 -0.0778714 -0.0404972 0.502454
67.32 -0.0779527 -0.0404319 0.502446
67.33 -0.0780339 -0.0403666 0.502438
67.34 -0.0781149 -0.0403012 0.50243
67.35 -0.0781959 -0.0402358 0.502423
67.36 -0.0782767 -0.0401703 0.502415
67.37 -0.0783573 -0.0401047 0.502407
67.38 -0.0784379 -0.0400391 0.502399
67.39 -0.0785182 -0.0399733 0.502391
67.4 -0.0785985 -0.0399076 0.502383
67.41 -0.0786786 -0.0398417 0.502375
67.42 -0.0787586 -0.0397758 0.502368
67.43 -0.0788385 -0.0397098 0.50236
67.44 -0.0789182 -0.0396438 0.502352
67.45 -0.0789978 -0.0395777 0.502344
67.46 -0.0790773 -0.0395115 0.502336
67.47 -0.0791566 -0.0394453 0.502328
67.48 -0.0792358 -0.039379 0.502321
67.49 -0.0793148 -0.0393126 0.502313
67.5 -0.0793938 -0.0392462 0.502305
67.51 -0.0794726 -0.0391797 0.502297
67.52 -0.0795512 -0.0391131 0.50229
67.53 -0.0796297 -0.0390465 0.502282
67.54 -0.0797081 -0.0389798 0.502274
67.55 -0.0797864 -0.038913 0.502266
67.56 -0.0798645 -0.0388462 0.502258
67.57 -0.0799424 -0.0387793 0.502251
67.58 -0.0800203 -0.0387124 0.502243
67.59 -0.080098 -0.0386454 0.502235
67.6 -0.0801756 -0.0385783 0.502227
67.61 -0.080253 -0.0385111 0.50222
67.62 -0.0803303 -0.0384439 0.502212
67.63 -0.0804074 -0.0383767 0.502204
67.64 -0.0804845 -0.0383093 0.502197
67.65 -0.0805614 -0.0382419 0.502189
67.66 -0.0806381 -0.0381745 0.502181
67.67 -0.0807147 -0.0381069 0.502173
67.68 -0.0807912 -0.0380394 0.502166
67.69 -0.0808675 -0.0379717 0.502158
67.7 -0.0809437 -0.037904 0.50215
67.71 -0.0810198 -0.0378362 0.502143
67.72 -0.0810957 -0.0377684 0.502135
67.73 -0.0811715 -0.0377005 0.502127
67.74 -0.0812472 -0.0376325 0.50212
67.75 -0.0813227 -0.0375645 0.502112
67.76 -0.0813981 -0.0374964 0.502105
67.77 -0.0814733 -0.0374283 0.502097
67.78 -0.0815484 -0.0373601 0.502089
67.79 -0.0816234 -0.0372918 0.502082
67.8 -0.0816982 -0.0372235 0.502074
67.81 -0.0817729 -0.0371551 0.502066
67.82 -0.0818474 -0.0370866 0.502059
67.83 -0.0819218 -0.0370181 0.502051
67.84 -0.0819961 -0.0369495 0.502044
67.85 -0.0820702 -0.0368809 0.502036
67.86 -0.0821442 -0.0368122 0.502029
67.87 -0.0822181 -0.0367434 0.502021
67.88 -0.0822918 -0.0366746 0.502013
67.89 -0.0823654 -0.0366057 0.502006
67.9 -0.0824388 -0.0365368 0.501998
67.91 -0.0825121 -0.0364677 0.501991
67.92 -0.0825853 -0.0363987 0.501983
67.93 -0.0826583 -0.0363296 0.501976
67.94 -0.0827312 -0.0362604 0.501968
67.95 -0.0828039 -0.0361911 0.501961
67.96 -0.0828765 -0.0361218 0.501953
67.97 -0.0829489 -0.0360525 0.501946
67.98 -0.0830213 -0.035983 0.501938
67.99 -0.0830934 -0.0359136 0.501931
68 -0.0831655 -0.035844 0.501923
68.01 -0.0832374 -0.0357744 0.501916
68.02 -0.0833091 -0.0357048 0.501909
68.03 -0.0833807 -0.035635 0.501901
68.04 -0.0834522 -0.0355653 0.501894
68.05 -0.0835235 -0.0354954 0.501886
68.06 -0.0835947 -0.0354255 0.501879
68.07 -0.0836658 -0.0353556 0.501872
68.08 -0.0837367 -0.0352856 0.501864
68.09 -0.0838074 -0.0352155 0.501857
68.1 -0.083878 -0.0351454 0.501849
68.11 -0.0839485 -0.0350752 0.501842
68.12 -0.0840189 -0.0350049 0.501835
68.13 -0.0840891 -0.0349346 0.501827
68.14 -0.0841591 -0.0348643 0.50182
68.15 -0.084229 -0.0347939 0.501813
68.16 -0.0842988 -0.0347234 0.501805
68.17 -0.0843684 -0.0346529 0.501798
68.18 -0.0844379 -0.0345823 0.501791
68.19 -0.0845072 -0.0345116 0.501783
68.2 -0.0845764 -0.0344409 0.501776
68.21 -0.0846455 -0.0343702 0.501769
68.22 -0.0847144 -0.0342993 0.501762
68.23 -0.0847832 -0.0342285 0.501754
68.24 -0.0848518 -0.0341575 0.501747
68.25 -0.0849203 -0.0340866 0.50174
68.26 -0.0849886 -0.0340155 0.501733
68.27 -0.0850568 -0.0339444 0.501725
68.28 -0.0851249 -0.0338733 0.501718
68.29 -0.0851928 -0.0338021 0.501711
68.3 -0.0852605 -0.0337308 0.501704
68.31 -0.0853282 -0.0336595 0.501697
68.32 -0.0853956 -0.0335881 0.501689
68.33 -0.085463 -0.0335167 0.501682
68.34 -0.0855302 -0.0334452 0.501675
68.35 -0.0855972 -0.0333736 0.501668
68.36 -0.0856641 -0.033302 0.501661
68.37 -0.0857308 -0.0332304 0.501654
68.38 -0.0857975 -0.0331587 0.501647
68.39 -0.0858639 -0.0330869 0.501639
68.4 -0.0859302 -0.0330151 0.501632
68.41 -0.0859964 -0.0329432 0.501625
68.42 -0.0860624 -0.0328713 0.501618
68.43 -0.0861283 -0.0327993 0.501611
68.44 -0.0861941 -0.0327273 0.501604
68.45 -0.0862597 -0.0326552 0.501597
68.46 -0.0863251 -0.0325831 0.50159
68.47 -0.0863904 -0.0325109 0.501583
68.48 -0.0864556 -0.0324386 0.501576
68.49 -0.0865206 -0.0323663 0.501569
68.5 -0.0865854 -0.032294 0.501562
68.51 -0.0866501 -0.0322216 0.501555
68.52 -0.0867147 -0.0321491 0.501548
68.53 -0.0867791 -0.0320766 0.501541
68.54 -0.0868434 -0.032004 0.501534
68.55 -0.0869075 -0.0319314 0.501527
68.56 -0.0869715 -0.0318588 0.50152
68.57 -0.0870354 -0.031786 0.501513
68.58 -0.0870991 -0.0317133 0.501506
68.59 -0.0871626 -0.0316404 0.501499
68.6 -0.087226 -0.0315676 0.501493
68.61 -0.0872893 -0.0314946 0.501486
68.62 -0.0873524 -0.0314216 0.501479
68.63 -0.0874153 -0.0313486 0.501472
68.64 -0.0874781 -0.0312755 0.501465
68.65 -0.0875408 -0.0312024 0.501458
68.66 -0.0876033 -0.0311292 0.501451
68.67 -0.0876657 -0.031056 0.501445
68.68 -0.0877279 -0.0309827 0.501438
68.69 -0.0877899 -0.0309093 0.501431
68.7 -0.0878519 -0.0308359 0.501424
68.71 -0.0879136 -0.0307625 0.501417
68.72 -0.0879753 -0.030689 0.501411
68.73 -0.0880367 -0.0306154 0.501404
68.74 -0.0880981 -0.0305418 0.501397
68.75 -0.0881592 -0.0304682 0.501391
68.76 -0.0882203 -0.0303945 0.501384
68.77 -0.0882812 -0.0303208 0.501377
68.78 -0.0883419 -0.030247 0.50137
68.79 -0.0884025 -0.0301731 0.501364
68.8 -0.0884629 -0.0300992 0.501357
68.81 -0.0885232 -0.0300253 0.50135
68.82 -0.0885833 -0.0299513 0.501344
68.83 -0.0886433 -0.0298772 0.501337
68.84 -0.0887032 -0.0298032 0.501331
68.85 -0.0887629 -0.029729 0.501324
68.86 -0.0888224 -0.0296548 0.501317
68.87 -0.0888818 -0.0295806 0.501311
68.88 -0.088941 -0.0295063 0.501304
68.89 -0.0890001 -0.029432 0.501298
68.9 -0.0890591 -0.0293576 0.501291
68.91 -0.0891179 -0.0292831 0.501285
68.92 -0.0891765 -0.0292087 0.501278
68.93 -0.089235 -0.0291341 0.501272
68.94 -0.0892933 -0.0290596 0.501265
68.95 -0.0893515 -0.0289849 0.501259
68.96 -0.0894096 -0.0289103 0.501252
68.97 -0.0894675 -0.0288356 0.501246
68.98 -0.0895252 -0.0287608 0.501239
68.99 -0.0895828 -0.028686 0.501233
69 -0.0896402 -0.0286111 0.501226
69.01 -0.0896975 -0.0285362 0.50122
69.02 -0.0897546 -0.0284613 0.501214
69.03 -0.0898116 -0.0283863 0.501207
69.04 -0.0898685 -0.0283112 0.501201
69.05 -0.0899251 -0.0282361 0.501194
69.06 -0.0899817 -0.028161 0.501188
69.07 -0.0900381 -0.0280858 0.501182
69.08 -0.0900943 -0.0280106 0.501176
69.09 -0.0901504 -0.0279353 0.501169
69.1 -0.0902063 -0.02786 0.501163
69.11 -0.0902621 -0.0277846 0.501157
69.12 -0.0903177 -0.0277092 0.50115
69.13 -0.0903732 -0.0276337 0.501144
69.14 -0.0904285 -0.0275582 0.501138
69.15 -0.0904836 -0.0274827 0.501132
69.16 -0.0905387 -0.0274071 0.501125
69.17 -0.0905935 -0.0273314 0.501119
69.18 -0.0906482 -0.0272557 0.501113
69.19 -0.0907028 -0.02718 0.501107
69.2 -0.0907572 -0.0271042 0.501101
69.21 -0.0908114 -0.0270284 0.501095
69.22 -0.0908655 -0.0269525 0.501088
69.23 -0.0909195 -0.0268766 0.501082
69.24 -0.0909733 -0.0268007 0.501076
69.25 -0.0910269 -0.0267247 0.50107
69.26 -0.0910804 -0.0266486 0.501064
69.27 -0.0911337 -0.0265726 0.501058
69.28 -0.0911869 -0.0264964 0.501052
69.29 -0.0912399 -0.0264203 0.501046
69.3 -0.0912928 -0.026344 0.50104
69.31 -0.0913455 -0.0262678 0.501034
69.32 -0.0913981 -0.0261915 0.501028
69.33 -0.0914505 -0.0261151 0.501022
69.34 -0.0915028 -0.0260388 0.501016
69.35 -0.0915549 -0.0259623 0.50101
69.36 -0.0916068 -0.0258859 0.501004
69.37 -0.0916586 -0.0258093 0.500998
69.38 -0.0917103 -0.0257328 0.500992
69.39 -0.0917618 -0.0256562 0.500986
69.4 -0.0918131 -0.0255796 0.500981
69.41 -0.0918643 -0.0255029 0.500975
69.42 -0.0919153 -0.0254261 0.500969
69.43 -0.0919662 -0.0253494 0.500963
69.44 -0.0920169 -0.0252726 0.500957
69.45 -0.0920675 -0.0251957 0.500951
69.46 -0.0921179 -0.0251188 0.500946
69.47 -0.0921681 -0.0250419 0.50094
69.48 -0.0922182 -0.0249649 0.500934
69.49 -0.0922682 -0.0248879 0.500928
69.5 -0.092318 -0.0248109 0.500923
69.51 -0.0923676 -0.0247338 0.500917
69.52 -0.0924171 -0.0246566 0.500911
69.53 -0.0924664 -0.0245795 0.500905
69.54 -0.0925156 -0.0245023 0.5009
69.55 -0.0925646 -0.024425 0.500894
69.56 -0.0926135 -0.0243477 0.500888
69.57 -0.0926622 -0.0242704 0.500883
69.58 -0.0927107 -0.024193 0.500877
69.59 -0.0927591 -0.0241156 0.500872
69.6 -0.0928074 -0.0240381 0.500866
69.61 -0.0928554 -0.0239606 0.50086
69.62 -0.0929034 -0.0238831 0.500855
69.63 -0.0929511 -0.0238055 0.500849
69.64 -0.0929987 -0.0237279 0.500844
69.65 -0.0930462 -0.0236503 0.500838
69.66 -0.0930935 -0.0235726 0.500833
69.67 -0.0931406 -0.0234949 0.500827
69.68 -0.0931876 -0.0234171 0.500822
69.69 -0.0932345 -0.0233393 0.500816
69.7 -0.0932811 -0.0232614 0.500811
69.71 -0.0933277 -0.0231836 0.500806
69.72 -0.093374 -0.0231056 0.5008
69.73 -0.0934202 -0.0230277 0.500795
69.74 -0.0934663 -0.0229497 0.500789
69.75 -0.0935122 -0.0228717 0.500784
69.76 -0.0935579 -0.0227936 0.500779
69.77 -0.0936035 -0.0227155 0.500773
69.78 -0.0936489 -0.0226374 0.500768
69.79 -0.0936942 -0.0225592 0.500763
69.8 -0.0937393 -0.022481 0.500758
69.81 -0.0937842 -0.0224027 0.500752
69.82 -0.093829 -0.0223244 0.500747
69.83 -0.0938737 -0.0222461 0.500742
69.84 -0.0939182 -0.0221677 0.500737
69.85 -0.0939625 -0.0220893 0.500731
69.86 -0.0940066 -0.0220109 0.500726
69.87 -0.0940507 -0.0219324 0.500721
69.88 -0.0940945 -0.0218539 0.500716
69.89 -0.0941382 -0.0217754 0.500711
69.9 -0.0941817 -0.0216968 0.500706
69.91 -0.0942251 -0.0216182 0.500701
69.92 -0.0942683 -0.0215395 0.500695
69.93 -0.0943114 -0.0214609 0.50069
69.94 -0.0943543 -0.0213821 0.500685
69.95 -0.094397 -0.0213034 0.50068
69.96 -0.0944396 -0.0212246 0.500675
69.97 -0.094482 -0.0211458 0.50067
69.98 -0.0945243 -0.0210669 0.500665
69.99 -0.0945664 -0.020988 0.50066
70 -0.0946084 -0.0209091 0.500655
70.01 -0.0946502 -0.0208301 0.50065
70.02 -0.0946918 -0.0207511 0.500645
70.03 -0.0947333 -0.0206721 0.500641
70.04 -0.0947746 -0.020593 0.500636
70.05 -0.0948158 -0.020514 0.500631
70.06 -0.0948568 -0.0204348 0.500626
70.07 -0.0948976 -0.0203557 0.500621
70.08 -0.0949383 -0.0202765 0.500616
70.09 -0.0949788 -0.0201972 0.500612
70.1 -0.0950192 -0.020118 0.500607
70.11 -0.0950594 -0.0200387 0.500602
70.12 -0.0950994 -0.0199593 0.500597
70.13 -0.0951393 -0.01988 0.500592
70.14 -0.095179 -0.0198006 0.500588
70.15 -0.0952186 -0.0197212 0.500583
70.16 -0.095258 -0.0196417 0.500578
70.17 -0.0952973 -0.0195622 0.500574
70.18 -0.0953363 -0.0194827 0.500569
70.19 -0.0953753 -0.0194031 0.500564
70.2 -0.095414 -0.0193236 0.50056
70.21 -0.0954527 -0.0192439 0.500555
70.22 -0.0954911 -0.0191643 0.500551
70.23 -0.0955294 -0.0190846 0.500546
70.24 -0.0955675 -0.0190049 0.500541
70.25 -0.0956055 -0.0189252 0.500537
70.26 -0.0956433 -0.0188454 0.500532
70.27 -0.095681 -0.0187656 0.500528
70.28 -0.0957185 -0.0186858 0.500523
70.29 -0.0957558 -0.0186059 0.500519
70.3 -0.095793 -0.018526 0.500515
70.31 -0.09583 -0.0184461 0.50051
70.32 -0.0958668 -0.0183661 0.500506
70.33 -0.0959035 -0.0182861 0.500501
70.34 -0.09594 -0.0182061 0.500497
70.35 -0.0959764 -0.0181261 0.500493
70.36 -0.0960126 -0.018046 0.500488
70.37 -0.0960487 -0.0179659 0.500484
70.38 -0.0960845 -0.0178858 0.50048
70.39 -0.0961203 -0.0178056 0.500475
70.4 -0.0961558 -0.0177254 0.500471
70.41 -0.0961912 -0.0176452 0.500467
70.42 -0.0962265 -0.0175649 0.500463
70.43 -0.0962616 -0.0174847 0.500458
70.44 -0.0962965 -0.0174044 0.500454
70.45 -0.0963312 -0.017324 0.50045
70.46 -0.0963658 -0.0172437 0.500446
70.47 -0.0964003 -0.0171633 0.500442
70.48 -0.0964345 -0.0170829 0.500438
70.49 -0.0964687 -0.0170024 0.500433
70.5 -0.0965026 -0.0169219 0.500429
70.51 -0.0965364 -0.0168414 0.500425
70.52 -0.09657 -0.0167609 0.500421
70.53 -0.0966035 -0.0166803 0.500417
70.54 -0.0966368 -0.0165998 0.500413
70.55 -0.09667 -0.0165192 0.500409
70.56 -0.0967029 -0.0164385 0.500405
70.57 -0.0967358 -0.0163579 0.500401
70.58 -0.0967684 -0.0162772 0.500397
70.59 -0.0968009 -0.0161964 0.500393
70.6 -0.0968333 -0.0161157 0.500389
70.61 -0.0968654 -0.0160349 0.500386
70.62 -0.0968975 -0.0159541 0.500382
70.63 -0.0969293 -0.0158733 0.500378
70.64 -0.096961 -0.0157925 0.500374
70.65 -0.0969925 -0.0157116 0.50037
70.66 -0.0970239 -0.0156307 0.500366
70.67 -0.0970551 -0.0155498 0.500363
70.68 -0.0970861 -0.0154688 0.500359
70.69 -0.097117 -0.0153878 0.500355
70.7 -0.0971477 -0.0153068 0.500351
70.71 -0.0971783 -0.0152258 0.500348
70.72 -0.0972087 -0.0151448 0.500344
70.73 -0.0972389 -0.0150637 0.50034
70.74 -0.097269 -0.0149826 0.500337
70.75 -0.0972989 -0.0149015 0.500333
70.76 -0.0973286 -0.0148203 0.500329
70.77 -0.0973582 -0.0147391 0.500326
70.78 -0.0973876 -0.0146579 0.500322
70.79 -0.0974169 -0.0145767 0.500319
70.8 -0.097446 -0.0144955 0.500315
70.81 -0.0974749 -0.0144142 0.500312
70.82 -0.0975037 -0.0143329 0.500308
70.83 -0.0975323 -0.0142516 0.500305
70.84 -0.0975607 -0.0141703 0.500301
70.85 -0.097589 -0.0140889 0.500298
70.86 -0.0976171 -0.0140075 0.500294
70.87 -0.097645 -0.0139261 0.500291
70.88 -0.0976728 -0.0138447 0.500287
70.89 -0.0977004 -0.0137632 0.500284
70.9 -0.0977279 -0.0136818 0.500281
70.91 -0.0977552 -0.0136003 0.500277
70.92 -0.0977823 -0.0135187 0.500274
70.93 -0.0978093 -0.0134372 0.500271
70.94 -0.0978361 -0.0133556 0.500267
70.95 -0.0978628 -0.0132741 0.500264
70.96 -0.0978892 -0.0131924 0.500261
70.97 -0.0979156 -0.0131108 0.500258
70.98 -0.0979417 -0.0130292 0.500255
70.99 -0.0979677 -0.0129475 0.500251
71 -0.0979935 -0.0128658 0.500248
71.01 -0.0980192 -0.0127841 0.500245
71.02 -0.0980447 -0.0127024 0.500242
71.03 -0.09807 -0.0126206 0.500239
71.04 -0.0980952 -0.0125388 0.500236
71.05 -0.0981202 -0.012457 0.500233
71.06 -0.098145 -0.0123752 0.50023
71.07 -0.0981697 -0.0122934 0.500227
71.08 -0.0981942 -0.0122115 0.500224
71.09 -0.0982186 -0.0121297 0.500221
71.1 -0.0982428 -0.0120478 0.500218
71.11 -0.0982668 -0.0119659 0.500215
71.12 -0.0982907 -0.0118839 0.500212
71.13 -0.0983144 -0.011802 0.500209
71.14 -0.0983379 -0.01172 0.500206
71.15 -0.0983613 -0.011638 0.500203
71.16 -0.0983845 -0.011556 0.5002
71.17 -0.0984075 -0.011474 0.500197
71.18 -0.0984304 -0.0113919 0.500195
71.19 -0.0984531 -0.0113098 0.500192
71.2 -0.0984756 -0.0112278 0.500189
71.21 -0.098498 -0.0111457 0.500186
71.22 -0.0985202 -0.0110635 0.500184
71.23 -0.0985423 -0.0109814 0.500181
71.24 -0.0985642 -0.0108992 0.500178
71.25 -0.0985859 -0.0108171 0.500175
71.26 -0.0986075 -0.0107349 0.500173
71.27 -0.0986288 -0.0106527 0.50017
71.28 -0.0986501 -0.0105704 0.500168
71.29 -0.0986711 -0.0104882 0.500165
71.3 -0.098692 -0.0104059 0.500162
71.31 -0.0987128 -0.0103237 0.50016
71.32 -0.0987334 -0.0102414 0.500157
71.33 -0.0987538 -0.010159 0.500155
71.34 -0.098774 -0.0100767 0.500152
71.35 -0.0987941 -0.00999437 0.50015
71.36 -0.098814 -0.00991201 0.500147
71.37 -0.0988337 -0.00982963 0.500145
71.38 -0.0988533 -0.00974724 0.500142
71.39 -0.0988727 -0.00966483 0.50014
71.4 -0.098892 -0.0095824 0.500138
71.41 -0.0989111 -0.00949996 0.500135
71.42 -0.09893 -0.00941751 0.500133
71.43 -0.0989488 -0.00933504 0.500131
71.44 -0.0989674 -0.00925255 0.500128
71.45 -0.0989858 -0.00917005 0.500126
71.46 -0.099004 -0.00908753 0.500124
71.47 -0.0990221 -0.009005 0.500122
71.48 -0.0990401 -0.00892246 0.500119
71.49 -0.0990578 -0.0088399 0.500117
71.5 -0.0990754 -0.00875732 0.500115
71.51 -0.0990929 -0.00867473 0.500113
71.52 -0.0991101 -0.00859213 0.500111
71.53 -0.0991273 -0.00850951 0.500109
71.54 -0.0991442 -0.00842688 0.500107
71.55 -0.099161 -0.00834424 0.500104
71.56 -0.0991776 -0.00826158 0.500102
71.57 -0.099194 -0.00817891 0.5001
71.58 -0.0992103 -0.00809622 0.500098
71.59 -0.0992264 -0.00801352 0.500096
71.6 -0.0992424 -0.00793081 0.500094
71.61 -0.0992581 -0.00784809 0.500092
71.62 -0.0992738 -0.00776535 0.50009
71.63 -0.0992892 -0.0076826 0.500089
71.64 -0.0993045 -0.00759984 0.500087
71.65 -0.0993196 -0.00751707 0.500085
71.66 -0.0993346 -0.00743428 0.500083
71.67 -0.0993494 -0.00735148 0.500081
71.68 -0.099364 -0.00726867 0.500079
71.69 -0.0993784 -0.00718585 0.500077
71.7 -0.0993927 -0.00710301 0.500076
71.71 -0.0994068 -0.00702017 0.500074
71.72 -0.0994208 -0.00693731 0.500072
71.73 -0.0994346 -0.00685444 0.50007
71.74 -0.0994482 -0.00677156 0.500069
71.75 -0.0994617 -0.00668867 0.500067
71.76 -0.099475 -0.00660577 0.500065
71.77 -0.0994881 -0.00652286 0.500064
71.78 -0.0995011 -0.00643994 0.500062
71.79 -0.0995139 -0.006357 0.500061
71.8 -0.0995265 -0.00627406 0.500059
71.81 -0.099539 -0.00619111 0.500057
71.82 -0.0995513 -0.00610814 0.500056
71.83 -0.0995634 -0.00602517 0.500054
71.84 -0.0995754 -0.00594219 0.500053
71.85 -0.0995872 -0.00585919 0.500051
71.86 -0.0995988 -0.00577619 0.50005
71.87 -0.0996103 -0.00569318 0.500049
71.88 -0.0996216 -0.00561016 0.500047
71.89 -0.0996327 -0.00552713 0.500046
71.9 -0.0996437 -0.00544409 0.500044
71.91 -0.0996545 -0.00536104 0.500043
71.92 -0.0996652 -0.00527798 0.500042
71.93 -0.0996756 -0.00519492 0.50004
71.94 -0.0996859 -0.00511184 0.500039
71.95 -0.0996961 -0.00502876 0.500038
71.96 -0.0997061 -0.00494567 0.500037
71.97 -0.0997159 -0.00486257 0.500035
71.98 -0.0997255 -0.00477947 0.500034
71.99 -0.099735 -0.00469635 0.500033
72 -0.0997443 -0.00461323 0.500032
72.01 -0.0997534 -0.0045301 0.500031
72.02 -0.0997624 -0.00444696 0.50003
72.03 -0.0997712 -0.00436382 0.500029
72.04 -0.0997799 -0.00428067 0.500027
72.05 -0.0997883 -0.00419751 0.500026
72.06 -0.0997967 -0.00411435 0.500025
72.07 -0.0998048 -0.00403118 0.500024
72.08 -0.0998128 -0.003948 0.500023
72.09 -0.0998206 -0.00386481 0.500022
72.1 -0.0998282 -0.00378162 0.500021
72.11 -0.0998357 -0.00369843 0.500021
72.12 -0.099843 -0.00361522 0.50002
72.13 -0.0998502 -0.00353201 0.500019
72.14 -0.0998572 -0.0034488 0.500018
72.15 -0.099864 -0.00336558 0.500017
72.16 -0.0998706 -0.00328235 0.500016
72.17 -0.0998771 -0.00319912 0.500015
72.18 -0.0998834 -0.00311589 0.500015
72.19 -0.0998896 -0.00303265 0.500014
72.2 -0.0998956 -0.0029494 0.500013
72.21 -0.0999014 -0.00286615 0.500012
72.22 -0.099907 -0.00278289 0.500012
72.23 -0.0999125 -0.00269963 0.500011
72.24 -0.0999178 -0.00261637 0.50001
72.25 -0.099923 -0.0025331 0.50001
72.26 -0.099928 -0.00244983 0.500009
72.27 -0.0999328 -0.00236655 0.500008
72.28 -0.0999374 -0.00228327 0.500008
72.29 -0.0999419 -0.00219999 0.500007
72.3 -0.0999462 -0.0021167 0.500007
72.31 -0.0999504 -0.00203341 0.500006
72.32 -0.0999544 -0.00195011 0.500006
72.33 -0.0999582 -0.00186681 0.500005
72.34 -0.0999618 -0.00178351 0.500005
72.35 -0.0999653 -0.00170021 0.500004
72.36 -0.0999686 -0.0016169 0.500004
72.37 -0.0999718 -0.00153359 0.500004
72.38 -0.0999748 -0.00145028 0.500003
72.39 -0.0999776 -0.00136697 0.500003
72.4 -0.0999802 -0.00128365 0.500002
72.41 -0.0999827 -0.00120033 0.500002
72.42 -0.099985 -0.00111701 0.500002
72.43 -0.0999872 -0.00103369 0.500002
72.44 -0.0999892 -0.000950368 0.500001
72.45 -0.099991 -0.000867042 0.500001
72.46 -0.0999926 -0.000783716 0.500001
72.47 -0.0999941 -0.000700388 0.500001
72.48 -0.0999954 -0.000617059 0.500001
72.49 -0.0999966 -0.000533728 0.5
72.5 -0.0999976 -0.000450398 0.5
72.51 -0.0999984 -0.000367066 0.5
72.52 -0.099999 -0.000283734 0.5
72.53 -0.0999995 -0.000200401 0.5
72.54 -0.0999998 -0.000117068 0.5
72.55 -0.1 -3.37344e-05 0.5
72.56 -0.1 4.95989e-05 0.5
72.57 -0.0999998 0.000132932 0.5
72.58 -0.0999994 0.000216265 0.5
72.59 -0.0999989 0.000299598 0.5
72.6 -0.0999982 0.00038293 0.5
72.61 -0.0999974 0.000466262 0.5
72.62 -0.0999964 0.000549592 0.5
72.63 -0.0999952 0.000632922 0.500001
72.64 -0.0999938 0.000716251 0.500001
72.65 -0.0999923 0.000799579 0.500001
72.66 -0.0999906 0.000882905 0.500001
72.67 -0.0999888 0.00096623 0.500001
72.68 -0.0999868 0.00104955 0.500002
72.69 -0.0999846 0.00113288 0.500002
72.7 -0.0999822 0.0012162 0.500002
72.71 -0.0999797 0.00129951 0.500003
72.72 -0.0999771 0.00138283 0.500003
72.73 -0.0999742 0.00146614 0.500003
72.74 -0.0999712 0.00154945 0.500004
72.75 -0.099968 0.00163276 0.500004
72.76 -0.0999647 0.00171607 0.500004
72.77 -0.0999611 0.00179937 0.500005
72.78 -0.0999575 0.00188267 0.500005
72.79 -0.0999536 0.00196597 0.500006
72.8 -0.0999496 0.00204926 0.500006
72.81 -0.0999454 0.00213255 0.500007
72.82 -0.0999411 0.00221584 0.500007
72.83 -0.0999365 0.00229912 0.500008
72.84 -0.0999319 0.0023824 0.500009
72.85 -0.099927 0.00246568 0.500009
72.86 -0.099922 0.00254895 0.50001
72.87 -0.0999168 0.00263222 0.50001
72.88 -0.0999115 0.00271548 0.500011
72.89 -0.099906 0.00279874 0.500012
72.9 -0.0999003 0.002882 0.500012
72.91 -0.0998944 0.00296525 0.500013
72.92 -0.0998884 0.00304849 0.500014
72.93 -0.0998822 0.00313173 0.500015
72.94 -0.0998759 0.00321497 0.500016
72.95 -0.0998694 0.0032982 0.500016
72.96 -0.0998627 0.00338142 0.500017
72.97 -0.0998559 0.00346464 0.500018
72.98 -0.0998488 0.00354785 0.500019
72.99 -0.0998417 0.00363106 0.50002
73 -0.0998343 0.00371426 0.500021
73.01 -0.0998268 0.00379746 0.500022
73.02 -0.0998191 0.00388065 0.500023
73.03 -0.0998113 0.00396383 0.500024
73.04 -0.0998033 0.00404701 0.500025
73.05 -0.0997951 0.00413018 0.500026
73.06 -0.0997867 0.00421334 0.500027
73.07 -0.0997782 0.0042965 0.500028
73.08 -0.0997696 0.00437965 0.500029
73.09 -0.0997607 0.00446279 0.50003
73.1 -0.0997517 0.00454593 0.500031
73.11 -0.0997425 0.00462905 0.500032
73.12 -0.0997332 0.00471218 0.500033
73.13 -0.0997237 0.00479529 0.500034
73.14 -0.099714 0.00487839 0.500036
73.15 -0.0997042 0.00496149 0.500037
73.16 -0.0996942 0.00504458 0.500038
73.17 -0.099684 0.00512766 0.500039
73.18 -0.0996736 0.00521073 0.500041
73.19 -0.0996631 0.0052938 0.500042
73.2 -0.0996525 0.00537685 0.500043
73.21 -0.0996416 0.0054599 0.500045
73.22 -0.0996306 0.00554293 0.500046
73.23 -0.0996195 0.00562596 0.500047
73.24 -0.0996081 0.00570898 0.500049
73.25 -0.0995966 0.00579199 0.50005
73.26 -0.099585 0.00587499 0.500052
73.27 -0.0995731 0.00595799 0.500053
73.28 -0.0995611 0.00604097 0.500055
73.29 -0.099549 0.00612394 0.500056
73.3 -0.0995366 0.0062069 0.500058
73.31 -0.0995241 0.00628985 0.500059
73.32 -0.0995115 0.00637279 0.500061
73.33 -0.0994986 0.00645572 0.500063
73.34 -0.0994856 0.00653865 0.500064
73.35 -0.0994725 0.00662156 0.500066
73.36 -0.0994591 0.00670445 0.500067
73.37 -0.0994456 0.00678734 0.500069
73.38 -0.099432 0.00687022 0.500071
73.39 -0.0994182 0.00695309 0.500073
73.4 -0.0994042 0.00703594 0.500074
73.41 -0.09939 0.00711878 0.500076
73.42 -0.0993757 0.00720162 0.500078
73.43 -0.0993612 0.00728444 0.50008
73.44 -0.0993465 0.00736724 0.500081
73.45 -0.0993317 0.00745004 0.500083
73.46 -0.0993167 0.00753282 0.500085
73.47 -0.0993016 0.0076156 0.500087
73.48 -0.0992863 0.00769836 0.500089
73.49 -0.0992708 0.0077811 0.500091
73.5 -0.0992551 0.00786384 0.500093
73.51 -0.0992393 0.00794656 0.500095
73.52 -0.0992234 0.00802927 0.500097
73.53 -0.0992072 0.00811196 0.500099
73.54 -0.0991909 0.00819465 0.500101
73.55 -0.0991744 0.00827731 0.500103
73.56 -0.0991578 0.00835997 0.500105
73.57 -0.099141 0.00844261 0.500107
73.58 -0.099124 0.00852524 0.500109
73.59 -0.0991069 0.00860785 0.500111
73.6 -0.0990896 0.00869046 0.500113
73.61 -0.0990721 0.00877304 0.500115
73.62 -0.0990545 0.00885561 0.500118
73.63 -0.0990367 0.00893817 0.50012
73.64 -0.0990187 0.00902071 0.500122
73.65 -0.0990006 0.00910324 0.500124
73.66 -0.0989823 0.00918576 0.500127
73.67 -0.0989638 0.00926825 0.500129
73.68 -0.0989452 0.00935074 0.500131
73.69 -0.0989264 0.00943321 0.500133
73.7 -0.0989075 0.00951566 0.500136
73.71 -0.0988883 0.0095981 0.500138
73.72 -0.0988691 0.00968052 0.500141
73.73 -0.0988496 0.00976293 0.500143
73.74 -0.09883 0.00984532 0.500145
73.75 -0.0988102 0.00992769 0.500148
73.76 -0.0987903 0.01001 0.50015
73.77 -0.0987702 0.0100924 0.500153
73.78 -0.0987499 0.0101747 0.500155
73.79 -0.0987295 0.010257 0.500158
73.8 -0.0987088 0.0103393 0.50016
73.81 -0.0986881 0.0104216 0.500163
73.82 -0.0986671 0.0105038 0.500165
73.83 -0.0986461 0.0105861 0.500168
73.84 -0.0986248 0.0106683 0.500171
73.85 -0.0986034 0.0107505 0.500173
73.86 -0.0985818 0.0108327 0.500176
73.87 -0.09856 0.0109149 0.500179
73.88 -0.0985381 0.010997 0.500181
73.89 -0.098516 0.0110792 0.500184
73.9 -0.0984938 0.0111613 0.500187
73.91 -0.0984714 0.0112434 0.50019
73.92 -0.0984488 0.0113255 0.500192
73.93 -0.098426 0.0114075 0.500195
73.94 -0.0984031 0.0114896 0.500198
73.95 -0.0983801 0.0115716 0.500201
73.96 -0.0983568 0.0116536 0.500204
73.97 -0.0983334 0.0117356 0.500207
73.98 -0.0983099 0.0118176 0.500209
73.99 -0.0982861 0.0118995 0.500212
74 -0.0982622 0.0119814 0.500215
74.01 -0.0982382 0.0120634 0.500218
74.02 -0.098214 0.0121452 0.500221
74.03 -0.0981896 0.0122271 0.500224
74.04 -0.098165 0.012309 0.500227
74.05 -0.0981403 0.0123908 0.50023
74.06 -0.0981154 0.0124726 0.500233
74.07 -0.0980904 0.0125544 0.500236
74.08 -0.0980652 0.0126362 0.500239
74.09 -0.0980398 0.0127179 0.500243
74.1 -0.0980143 0.0127997 0.500246
74.11 -0.0979886 0.0128814 0.500249
74.12 -0.0979628 0.0129631 0.500252
74.13 -0.0979367 0.0130447 0.500255
74.14 -0.0979106 0.0131264 0.500258
74.15 -0.0978842 0.013208 0.500262
74.16 -0.0978577 0.0132896 0.500265
74.17 -0.097831 0.0133712 0.500268
74.18 -0.0978042 0.0134527 0.500271
74.19 -0.0977772 0.0135343 0.500275
74.2 -0.09775 0.0136158 0.500278
74.21 -0.0977227 0.0136973 0.500281
74.22 -0.0976952 0.0137787 0.500285
74.23 -0.0976675 0.0138602 0.500288
74.24 -0.0976397 0.0139416 0.500291
74.25 -0.0976117 0.014023 0.500295
74.26 -0.0975836 0.0141044 0.500298
74.27 -0.0975553 0.0141858 0.500302
74.28 -0.0975268 0.0142671 0.500305
74.29 -0.0974982 0.0143484 0.500309
74.3 -0.0974694 0.0144297 0.500312
74.31 -0.0974404 0.0145109 0.500316
74.32 -0.0974113 0.0145922 0.500319
74.33 -0.097382 0.0146734 0.500323
74.34 -0.0973526 0.0147546 0.500326
74.35 -0.097323 0.0148358 0.50033
74.36 -0.0972932 0.0149169 0.500334
74.37 -0.0972633 0.014998 0.500337
74.38 -0.0972332 0.0150791 0.500341
74.39 -0.0972029 0.0151602 0.500345
74.4 -0.0971725 0.0152412 0.500348
74.41 -0.0971419 0.0153223 0.500352
74.42 -0.0971111 0.0154033 0.500356
74.43 -0.0970802 0.0154842 0.50036
74.44 -0.0970492 0.0155652 0.500363
74.45 -0.0970179 0.0156461 0.500367
74.46 -0.0969865 0.015727 0.500371
74.47 -0.096955 0.0158079 0.500375
74.48 -0.0969233 0.0158887 0.500379
74.49 -0.0968914 0.0159695 0.500382
74.5 -0.0968593 0.0160503 0.500386
74.51 -0.0968271 0.0161311 0.50039
74.52 -0.0967948 0.0162118 0.500394
74.53 -0.0967622 0.0162925 0.500398
74.54 -0.0967295 0.0163732 0.500402
74.55 -0.0966967 0.0164539 0.500406
74.56 -0.0966637 0.0165345 0.50041
74.57 -0.0966305 0.0166151 0.500414
74.58 -0.0965972 0.0166957 0.500418
74.59 -0.0965637 0.0167762 0.500422
74.6 -0.09653 0.0168568 0.500426
74.61 -0.0964962 0.0169373 0.50043
74.62 -0.0964622 0.0170177 0.500434
74.63 -0.096428 0.0170982 0.500438
74.64 -0.0963937 0.0171786 0.500442
74.65 -0.0963593 0.017259 0.500447
74.66 -0.0963246 0.0173393 0.500451
74.67 -0.0962898 0.0174197 0.500455
74.68 -0.0962549 0.0175 0.500459
74.69 -0.0962198 0.0175802 0.500463
74.7 -0.0961845 0.0176605 0.500468
74.71 -0.0961491 0.0177407 0.500472
74.72 -0.0961135 0.0178209 0.500476
74.73 -0.0960777 0.017901 0.50048
74.74 -0.0960418 0.0179812 0.500485
74.75 -0.0960057 0.0180612 0.500489
74.76 -0.0959695 0.0181413 0.500493
74.77 -0.0959331 0.0182214 0.500498
74.78 -0.0958965 0.0183014 0.500502
74.79 -0.0958598 0.0183813 0.500507
74.8 -0.0958229 0.0184613 0.500511
74.81 -0.0957859 0.0185412 0.500515
74.82 -0.0957487 0.0186211 0.50052
74.83 -0.0957113 0.018701 0.500524
74.84 -0.0956738 0.0187808 0.500529
74.85 -0.0956361 0.0188606 0.500533
74.86 -0.0955983 0.0189404 0.500538
74.87 -0.0955603 0.0190201 0.500542
74.88 -0.0955221 0.0190998 0.500547
74.89 -0.0954838 0.0191795 0.500551
74.9 -0.0954453 0.0192591 0.500556
74.91 -0.0954067 0.0193387 0.500561
74.92 -0.0953679 0.0194183 0.500565
74.93 -0.0953289 0.0194978 0.50057
74.94 -0.0952898 0.0195774 0.500575
74.95 -0.0952505 0.0196568 0.500579
74.96 -0.0952111 0.0197363 0.500584
74.97 -0.0951715 0.0198157 0.500589
74.98 -0.0951317 0.0198951 0.500593
74.99 -0.0950918 0.0199745 0.500598
75 -0.0950517 0.0200538 0.500603
75.01 -0.0950115 0.0201331 0.500608
75.02 -0.0949711 0.0202123 0.500612
75.03 -0.0949305 0.0202915 0.500617
75.04 -0.0948898 0.0203707 0.500622
75.05 -0.094849 0.0204499 0.500627
75.06 -0.0948079 0.020529 0.500632
75.07 -0.0947667 0.0206081 0.500637
75.08 -0.0947254 0.0206872 0.500642
75.09 -0.0946839 0.0207662 0.500646
75.1 -0.0946422 0.0208452 0.500651
75.11 -0.0946004 0.0209241 0.500656
75.12 -0.0945584 0.021003 0.500661
75.13 -0.0945163 0.0210819 0.500666
75.14 -0.094474 0.0211608 0.500671
75.15 -0.0944315 0.0212396 0.500676
75.16 -0.0943889 0.0213184 0.500681
75.17 -0.0943461 0.0213971 0.500686
75.18 -0.0943032 0.0214758 0.500691
75.19 -0.0942601 0.0215545 0.500696
75.2 -0.0942169 0.0216332 0.500701
75.21 -0.0941734 0.0217118 0.500707
75.22 -0.0941299 0.0217903 0.500712
75.23 -0.0940862 0.0218689 0.500717
75.24 -0.0940423 0.0219474 0.500722
75.25 -0.0939982 0.0220258 0.500727
75.26 -0.0939541 0.0221043 0.500732
75.27 -0.0939097 0.0221827 0.500738
75.28 -0.0938652 0.022261 0.500743
75.29 -0.0938205 0.0223393 0.500748
75.3 -0.0937757 0.0224176 0.500753
75.31 -0.0937307 0.0224959 0.500759
75.32 -0.0936856 0.0225741 0.500764
75.33 -0.0936403 0.0226522 0.500769
75.34 -0.0935948 0.0227304 0.500774
75.35 -0.0935492 0.0228085 0.50078
75.36 -0.0935035 0.0228865 0.500785
75.37 -0.0934575 0.0229646 0.50079
75.38 -0.0934115 0.0230425 0.500796
75.39 -0.0933652 0.0231205 0.500801
75.4 -0.0933188 0.0231984 0.500807
75.41 -0.0932723 0.0232763 0.500812
75.42 -0.0932256 0.0233541 0.500817
75.43 -0.0931787 0.0234319 0.500823
75.44 -0.0931317 0.0235097 0.500828
75.45 -0.0930845 0.0235874 0.500834
75.46 -0.0930372 0.0236651 0.500839
75.47 -0.0929897 0.0237427 0.500845
75.48 -0.092942 0.0238203 0.50085
75.49 -0.0928942 0.0238979 0.500856
75.5 -0.0928463 0.0239754 0.500861
75.51 -0.0927982 0.0240529 0.500867
75.52 -0.0927499 0.0241303 0.500873
75.53 -0.0927015 0.0242077 0.500878
75.54 -0.0926529 0.0242851 0.500884
75.55 -0.0926042 0.0243624 0.50089
75.56 -0.0925553 0.0244397 0.500895
75.57 -0.0925062 0.024517 0.500901
75.58 -0.092457 0.0245942 0.500906
75.59 -0.0924077 0.0246713 0.500912
75.6 -0.0923582 0.0247485 0.500918
75.61 -0.0923085 0.0248255 0.500924
75.62 -0.0922587 0.0249026 0.500929
75.63 -0.0922087 0.0249796 0.500935
75.64 -0.0921586 0.0250566 0.500941
75.65 -0.0921083 0.0251335 0.500947
75.66 -0.0920579 0.0252104 0.500952
75.67 -0.0920073 0.0252872 0.500958
75.68 -0.0919565 0.025364 0.500964
75.69 -0.0919056 0.0254408 0.50097
75.7 -0.0918546 0.0255175 0.500976
75.71 -0.0918034 0.0255941 0.500982
75.72 -0.091752 0.0256708 0.500988
75.73 -0.0917005 0.0257474 0.500993
75.74 -0.0916488 0.0258239 0.500999
75.75 -0.091597 0.0259004 0.501005
75.76 -0.091545 0.0259769 0.501011
75.77 -0.0914928 0.0260533 0.501017
75.78 -0.0914406 0.0261297 0.501023
75.79 -0.0913881 0.026206 0.501029
75.8 -0.0913355 0.0262823 0.501035
75.81 -0.0912828 0.0263586 0.501041
75.82 -0.0912299 0.0264348 0.501047
75.83 -0.0911768 0.0265109 0.501053
75.84 -0.0911236 0.026587 0.501059
75.85 -0.0910702 0.0266631 0.501065
75.86 -0.0910167 0.0267392 0.501071
75.87 -0.090963 0.0268151 0.501077
75.88 -0.0909092 0.0268911 0.501084
75.89 -0.0908552 0.026967 0.50109
75.9 -0.0908011 0.0270428 0.501096
75.91 -0.0907468 0.0271187 0.501102
75.92 -0.0906924 0.0271944 0.501108
75.93 -0.0906378 0.0272701 0.501114
75.94 -0.0905831 0.0273458 0.50112
75.95 -0.0905282 0.0274215 0.501127
75.96 -0.0904731 0.027497 0.501133
75.97 -0.090418 0.0275726 0.501139
75.98 -0.0903626 0.0276481 0.501145
75.99 -0.0903071 0.0277235 0.501152
76 -0.0902515 0.0277989 0.501158
76.01 -0.0901957 0.0278743 0.501164
76.02 -0.0901397 0.0279496 0.50117
76.03 -0.0900836 0.0280249 0.501177
76.04 -0.0900273 0.0281001 0.501183
76.05 -0.0899709 0.0281753 0.501189
76.06 -0.0899144 0.0282504 0.501196
76.07 -0.0898577 0.0283255 0.501202
76.08 -0.0898008 0.0284005 0.501208
76.09 -0.0897438 0.0284755 0.501215
76.1 -0.0896866 0.0285505 0.501221
76.11 -0.0896293 0.0286254 0.501228
76.12 -0.0895718 0.0287002 0.501234
76.13 -0.0895142 0.028775 0.50124
76.14 -0.0894564 0.0288498 0.501247
76.15 -0.0893985 0.0289245 0.501253
76.16 -0.0893405 0.0289992 0.50126
76.17 -0.0892822 0.0290738 0.501266
76.18 -0.0892239 0.0291483 0.501273
76.19 -0.0891654 0.0292229 0.501279
76.2 -0.0891067 0.0292973 0.501286
76.21 -0.0890479 0.0293717 0.501292
76.22 -0.0889889 0.0294461 0.501299
76.23 -0.0889298 0.0295204 0.501305
76.24 -0.0888705 0.0295947 0.501312
76.25 -0.0888111 0.029669 0.501319
76.26 -0.0887515 0.0297431 0.501325
76.27 -0.0886918 0.0298173 0.501332
76.28 -0.0886319 0.0298913 0.501338
76.29 -0.0885719 0.0299654 0.501345
76.3 -0.0885117 0.0300394 0.501352
76.31 -0.0884514 0.0301133 0.501358
76.32 -0.088391 0.0301872 0.501365
76.33 -0.0883303 0.030261 0.501372
76.34 -0.0882696 0.0303348 0.501378
76.35 -0.0882087 0.0304085 0.501385
76.36 -0.0881476 0.0304822 0.501392
76.37 -0.0880864 0.0305559 0.501399
76.38 -0.088025 0.0306294 0.501405
76.39 -0.0879635 0.030703 0.501412
76.4 -0.0879019 0.0307765 0.501419
76.41 -0.0878401 0.0308499 0.501426
76.42 -0.0877781 0.0309233 0.501432
76.43 -0.087716 0.0309966 0.501439
76.44 -0.0876538 0.0310699 0.501446
76.45 -0.0875914 0.0311431 0.501453
76.46 -0.0875289 0.0312163 0.50146
76.47 -0.0874662 0.0312894 0.501466
76.48 -0.0874033 0.0313625 0.501473
76.49 -0.0873404 0.0314355 0.50148
76.5 -0.0872772 0.0315085 0.501487
76.51 -0.0872139 0.0315814 0.501494
76.52 -0.0871505 0.0316543 0.501501
76.53 -0.0870869 0.0317271 0.501508
76.54 -0.0870232 0.0317999 0.501515
76.55 -0.0869594 0.0318726 0.501521
76.56 -0.0868953 0.0319453 0.501528
76.57 -0.0868312 0.0320179 0.501535
76.58 -0.0867669 0.0320904 0.501542
76.59 -0.0867024 0.0321629 0.501549
76.6 -0.0866378 0.0322354 0.501556
76.61 -0.0865731 0.0323078 0.501563
76.62 -0.0865082 0.0323801 0.50157
76.63 -0.0864432 0.0324524 0.501577
76.64 -0.086378 0.0325246 0.501584
76.65 -0.0863127 0.0325968 0.501591
76.66 -0.0862472 0.0326689 0.501598
76.67 -0.0861816 0.032741 0.501605
76.68 -0.0861158 0.032813 0.501612
76.69 -0.0860499 0.032885 0.50162
76.7 -0.0859838 0.0329569 0.501627
76.71 -0.0859176 0.0330288 0.501634
76.72 -0.0858513 0.0331006 0.501641
76.73 -0.0857848 0.0331723 0.501648
76.74 -0.0857182 0.033244 0.501655
76.75 -0.0856514 0.0333157 0.501662
76.76 -0.0855844 0.0333873 0.501669
76.77 -0.0855174 0.0334588 0.501676
76.78 -0.0854502 0.0335303 0.501684
76.79 -0.0853828 0.0336017 0.501691
76.8 -0.0853153 0.0336731 0.501698
76.81 -0.0852477 0.0337444 0.501705
76.82 -0.0851799 0.0338156 0.501712
76.83 -0.0851119 0.0338868 0.50172
76.84 -0.0850439 0.033958 0.501727
76.85 -0.0849756 0.034029 0.501734
76.86 -0.0849073 0.0341001 0.501741
76.87 -0.0848388 0.0341711 0.501748
76.88 -0.0847701 0.034242 0.501756
76.89 -0.0847013 0.0343128 0.501763
76.9 -0.0846324 0.0343836 0.50177
76.91 -0.0845633 0.0344544 0.501777
76.92 -0.0844941 0.0345251 0.501785
76.93 -0.0844247 0.0345957 0.501792
76.94 -0.0843552 0.0346663 0.501799
76.95 -0.0842855 0.0347368 0.501807
76.96 -0.0842157 0.0348073 0.501814
76.97 -0.0841458 0.0348777 0.501821
76.98 -0.0840757 0.034948 0.501829
76.99 -0.0840055 0.0350183 0.501836
77 -0.0839351 0.0350885 0.501843
77.01 -0.0838646 0.0351587 0.501851
77.02 -0.083794 0.0352288 0.501858
77.03 -0.0837232 0.0352989 0.501866
77.04 -0.0836522 0.0353689 0.501873
77.05 -0.0835812 0.0354388 0.50188
77.06 -0.08351 0.0355087 0.501888
77.07 -0.0834386 0.0355786 0.501895
77.08 -0.0833671 0.0356483 0.501903
77.09 -0.0832955 0.035718 0.50191
77.1 -0.0832237 0.0357877 0.501917
77.11 -0.0831518 0.0358573 0.501925
77.12 -0.0830797 0.0359268 0.501932
77.13 -0.0830075 0.0359963 0.50194
77.14 -0.0829352 0.0360657 0.501947
77.15 -0.0828627 0.036135 0.501955
77.16 -0.0827901 0.0362043 0.501962
77.17 -0.0827173 0.0362736 0.50197
77.18 -0.0826444 0.0363427 0.501977
77.19 -0.0825713 0.0364118 0.501985
77.2 -0.0824982 0.0364809 0.501992
77.21 -0.0824248 0.0365499 0.502
77.22 -0.0823514 0.0366188 0.502007
77.23 -0.0822778 0.0366877 0.502015
77.24 -0.082204 0.0367565 0.502022
77.25 -0.0821302 0.0368252 0.50203
77.26 -0.0820561 0.0368939 0.502038
77.27 -0.081982 0.0369626 0.502045
77.28 -0.0819077 0.0370311 0.502053
77.29 -0.0818332 0.0370996 0.50206
77.3 -0.0817587 0.0371681 0.502068
77.31 -0.081684 0.0372365 0.502076
77.32 -0.0816091 0.0373048 0.502083
77.33 -0.0815341 0.037373 0.502091
77.34 -0.081459 0.0374412 0.502098
77.35 -0.0813837 0.0375094 0.502106
77.36 -0.0813083 0.0375775 0.502114
77.37 -0.0812328 0.0376455 0.502121
77.38 -0.0811571 0.0377134 0.502129
77.39 -0.0810813 0.0377813 0.502137
77.4 -0.0810053 0.0378491 0.502144
77.41 -0.0809292 0.0379169 0.502152
77.42 -0.080853 0.0379846 0.50216
77.43 -0.0807766 0.0380522 0.502167
77.44 -0.0807001 0.0381198 0.502175
77.45 -0.0806235 0.0381873 0.502183
77.46 -0.0805467 0.0382548 0.50219
77.47 -0.0804698 0.0383221 0.502198
77.48 -0.0803928 0.0383895 0.502206
77.49 -0.0803156 0.0384567 0.502213
77.5 -0.0802383 0.0385239 0.502221
77.51 -0.0801608 0.0385911 0.502229
77.52 -0.0800832 0.0386581 0.502237
77.53 -0.0800055 0.0387251 0.502244
77.54 -0.0799276 0.0387921 0.502252
77.55 -0.0798496 0.0388589 0.50226
77.56 -0.0797715 0.0389257 0.502268
77.57 -0.0796932 0.0389925 0.502275
77.58 -0.0796148 0.0390592 0.502283
77.59 -0.0795362 0.0391258 0.502291
77.6 -0.0794576 0.0391923 0.502299
77.61 -0.0793788 0.0392588 0.502307
77.62 -0.0792998 0.0393252 0.502314
77.63 -0.0792207 0.0393916 0.502322
77.64 -0.0791415 0.0394579 0.50233
77.65 -0.0790622 0.0395241 0.502338
77.66 -0.0789827 0.0395903 0.502346
77.67 -0.0789031 0.0396564 0.502353
77.68 -0.0788233 0.0397224 0.502361
77.69 -0.0787434 0.0397884 0.502369
77.7 -0.0786634 0.0398543 0.502377
77.71 -0.0785832 0.0399201 0.502385
77.72 -0.078503 0.0399859 0.502393
77.73 -0.0784225 0.0400516 0.5024
77.74 -0.078342 0.0401172 0.502408
77.75 -0.0782613 0.0401828 0.502416
77.76 -0.0781805 0.0402483 0.502424
77.77 -0.0780995 0.0403137 0.502432
77.78 -0.0780184 0.0403791 0.50244
77.79 -0.0779372 0.0404444 0.502448
77.8 -0.0778559 0.0405096 0.502456
77.81 -0.0777744 0.0405748 0.502463
77.82 -0.0776928 0.0406399 0.502471
77.83 -0.077611 0.0407049 0.502479
77.84 -0.0775291 0.0407698 0.502487
77.85 -0.0774471 0.0408347 0.502495
77.86 -0.077365 0.0408996 0.502503
77.87 -0.0772827 0.0409643 0.502511
77.88 -0.0772003 0.041029 0.502519
77.89 -0.0771178 0.0410936 0.502527
77.9 -0.0770351 0.0411582 0.502535
77.91 -0.0769523 0.0412227 0.502543
77.92 -0.0768694 0.0412871 0.50255
77.93 -0.0767863 0.0413515 0.502558
77.94 -0.0767031 0.0414157 0.502566
77.95 -0.0766198 0.0414799 0.502574
77.96 -0.0765363 0.0415441 0.502582
77.97 -0.0764528 0.0416082 0.50259
77.98 -0.076369 0.0416722 0.502598
77.99 -0.0762852 0.0417361 0.502606
78 -0.0762012 0.0418 0.502614
78.01 -0.0761171 0.0418638 0.502622
78.02 -0.0760329 0.0419275 0.50263
78.03 -0.0759485 0.0419912 0.502638
78.04 -0.0758641 0.0420548 0.502646
78.05 -0.0757794 0.0421183 0.502654
78.06 -0.0756947 0.0421817 0.502662
78.07 -0.0756098 0.0422451 0.50267
78.08 -0.0755248 0.0423084 0.502678
78.09 -0.0754397 0.0423717 0.502686
78.1 -0.0753544 0.0424348 0.502694
78.11 -0.075269 0.0424979 0.502702
78.12 -0.0751835 0.0425609 0.50271
78.13 -0.0750978 0.0426239 0.502718
78.14 -0.0750121 0.0426868 0.502726
78.15 -0.0749262 0.0427496 0.502734
78.16 -0.0748401 0.0428124 0.502742
78.17 -0.074754 0.042875 0.50275
78.18 -0.0746677 0.0429376 0.502758
78.19 -0.0745813 0.0430002 0.502766
78.2 -0.0744947 0.0430626 0.502774
78.21 -0.0744081 0.043125 0.502782
78.22 -0.0743213 0.0431873 0.50279
78.23 -0.0742344 0.0432496 0.502798
78.24 -0.0741473 0.0433117 0.502806
78.25 -0.0740601 0.0433738 0.502814
78.26 -0.0739728 0.0434359 0.502822
78.27 -0.0738854 0.0434978 0.50283
78.28 -0.0737979 0.0435597 0.502838
78.29 -0.0737102 0.0436215 0.502846
78.3 -0.0736224 0.0436833 0.502854
78.31 -0.0735345 0.0437449 0.502862
78.32 -0.0734464 0.0438065 0.50287
78.33 -0.0733582 0.043868 0.502878
78.34 -0.0732699 0.0439295 0.502886
78.35 -0.0731815 0.0439909 0.502894
78.36 -0.0730929 0.0440522 0.502902
78.37 -0.0730043 0.0441134 0.502911
78.38 -0.0729155 0.0441745 0.502919
78.39 -0.0728265 0.0442356 0.502927
78.4 -0.0727375 0.0442966 0.502935
78.41 -0.0726483 0.0443576 0.502943
78.42 -0.072559 0.0444184 0.502951
78.43 -0.0724696 0.0444792 0.502959
78.44 -0.07238 0.0445399 0.502967
78.45 -0.0722904 0.0446006 0.502975
78.46 -0.0722006 0.0446611 0.502983
78.47 -0.0721107 0.0447216 0.502991
78.48 -0.0720206 0.044782 0.502999
78.49 -0.0719305 0.0448424 0.503007
78.5 -0.0718402 0.0449026 0.503015
78.51 -0.0717498 0.0449628 0.503023
78.52 -0.0716592 0.0450229 0.503031
78.53 -0.0715686 0.045083 0.503039
78.54 -0.0714778 0.0451429 0.503048
78.55 -0.0713869 0.0452028 0.503056
78.56 -0.0712959 0.0452626 0.503064
78.57 -0.0712047 0.0453224 0.503072
78.58 -0.0711135 0.045382 0.50308
78.59 -0.0710221 0.0454416 0.503088
78.6 -0.0709306 0.0455011 0.503096
78.61 -0.070839 0.0455606 0.503104
78.62 -0.0707472 0.0456199 0.503112
78.63 -0.0706554 0.0456792 0.50312
78.64 -0.0705634 0.0457384 0.503128
78.65 -0.0704713 0.0457976 0.503136
78.66 -0.070379 0.0458566 0.503144
78.67 -0.0702867 0.0459156 0.503152
78.68 -0.0701942 0.0459745 0.50316
78.69 -0.0701016 0.0460333 0.503169
78.7 -0.0700089 0.0460921 0.503177
78.71 -0.0699161 0.0461508 0.503185
78.72 -0.0698231 0.0462094 0.503193
78.73 -0.0697301 0.0462679 0.503201
78.74 -0.0696369 0.0463263 0.503209
78.75 -0.0695436 0.0463847 0.503217
78.76 -0.0694501 0.046443 0.503225
78.77 -0.0693566 0.0465012 0.503233
78.78 -0.0692629 0.0465593 0.503241
78.79 -0.0691692 0.0466174 0.503249
78.8 -0.0690753 0.0466753 0.503257
78.81 -0.0689812 0.0467332 0.503265
78.82 -0.0688871 0.0467911 0.503273
78.83 -0.0687928 0.0468488 0.503281
78.84 -0.0686985 0.0469065 0.50329
78.85 -0.068604 0.0469641 0.503298
78.86 -0.0685094 0.0470216 0.503306
78.87 -0.0684147 0.047079 0.503314
78.88 -0.0683198 0.0471363 0.503322
78.89 -0.0682249 0.0471936 0.50333
78.9 -0.0681298 0.0472508 0.503338
78.91 -0.0680346 0.0473079 0.503346
78.92 -0.0679393 0.047365 0.503354
78.93 -0.0678439 0.0474219 0.503362
78.94 -0.0677483 0.0474788 0.50337
78.95 -0.0676527 0.0475356 0.503378
78.96 -0.0675569 0.0475923 0.503386
78.97 -0.067461 0.0476489 0.503394
78.98 -0.067365 0.0477055 0.503402
78.99 -0.0672689 0.047762 0.50341
79 -0.0671727 0.0478184 0.503418
79.01 -0.0670763 0.0478747 0.503426
79.02 -0.0669798 0.0479309 0.503434
79.03 -0.0668833 0.0479871 0.503442
79.04 -0.0667866 0.0480432 0.50345
79.05 -0.0666898 0.0480992 0.503458
79.06 -0.0665928 0.0481551 0.503466
79.07 -0.0664958 0.0482109 0.503474
79.08 -0.0663987 0.0482667 0.503482
79.09 -0.0663014 0.0483224 0.50349
79.1 -0.066204 0.048378 0.503498
79.11 -0.0661065 0.0484335 0.503506
79.12 -0.0660089 0.0484889 0.503514
79.13 -0.0659112 0.0485443 0.503522
79.14 -0.0658134 0.0485995 0.50353
79.15 -0.0657154 0.0486547 0.503538
79.16 -0.0656174 0.0487098 0.503546
79.17 -0.0655192 0.0487649 0.503554
79.18 -0.0654209 0.0488198 0.503562
79.19 -0.0653226 0.0488747 0.50357
79.2 -0.065224 0.0489295 0.503578
79.21 -0.0651254 0.0489842 0.503586
79.22 -0.0650267 0.0490388 0.503594
79.23 -0.0649279 0.0490933 0.503602
79.24 -0.0648289 0.0491478 0.50361
79.25 -0.0647299 0.0492022 0.503618
79.26 -0.0646307 0.0492564 0.503626
79.27 -0.0645314 0.0493107 0.503634
79.28 -0.064432 0.0493648 0.503642
79.29 -0.0643325 0.0494188 0.50365
79.3 -0.0642329 0.0494728 0.503658
79.31 -0.0641332 0.0495267 0.503666
79.32 -0.0640333 0.0495805 0.503674
79.33 -0.0639334 0.0496342 0.503682
79.34 -0.0638333 0.0496878 0.50369
79.35 -0.0637332 0.0497413 0.503698
79.36 -0.0636329 0.0497948 0.503706
79.37 -0.0635325 0.0498482 0.503713
79.38 -0.063432 0.0499015 0.503721
79.39 -0.0633314 0.0499547 0.503729
79.4 -0.0632307 0.0500078 0.503737
79.41 -0.0631299 0.0500609 0.503745
79.42 -0.063029 0.0501138 0.503753
79.43 -0.0629279 0.0501667 0.503761
79.44 -0.0628268 0.0502195 0.503769
79.45 -0.0627255 0.0502722 0.503777
79.46 -0.0626242 0.0503248 0.503785
79.47 -0.0625227 0.0503774 0.503792
79.48 -0.0624211 0.0504298 0.5038
79.49 -0.0623195 0.0504822 0.503808
79.5 -0.0622177 0.0505345 0.503816
79.51 -0.0621158 0.0505867 0.503824
79.52 -0.0620138 0.0506388 0.503832
79.53 -0.0619117 0.0506908 0.50384
79.54 -0.0618095 0.0507428 0.503847
79.55 -0.0617071 0.0507946 0.503855
79.56 -0.0616047 0.0508464 0.503863
79.57 -0.0615022 0.0508981 0.503871
79.58 -0.0613996 0.0509497 0.503879
79.59 -0.0612968 0.0510012 0.503887
79.6 -0.061194 0.0510527 0.503894
79.61 -0.061091 0.051104 0.503902
79.62 -0.060988 0.0511553 0.50391
79.63 -0.0608848 0.0512065 0.503918
79.64 -0.0607815 0.0512575 0.503926
79.65 -0.0606781 0.0513086 0.503933
79.66 -0.0605747 0.0513595 0.503941
79.67 -0.0604711 0.0514103 0.503949
79.68 -0.0603674 0.0514611 0.503957
79.69 -0.0602636 0.0515117 0.503964
79.7 -0.0601597 0.0515623 0.503972
79.71 -0.0600557 0.0516128 0.50398
79.72 -0.0599516 0.0516632 0.503988
79.73 -0.0598474 0.0517135 0.503995
79.74 -0.0597431 0.0517637 0.504003
79.75 -0.0596387 0.0518139 0.504011
79.76 -0.0595342 0.0518639 0.504019
79.77 -0.0594296 0.0519139 0.504026
79.78 -0.0593249 0.0519638 0.504034
79.79 -0.0592201 0.0520136 0.504042
79.8 -0.0591151 0.0520633 0.504049
79.81 -0.0590101 0.0521129 0.504057
79.82 -0.058905 0.0521624 0.504065
79.83 -0.0587998 0.0522119 0.504073
79.84 -0.0586945 0.0522612 0.50408
79.85 -0.058589 0.0523105 0.504088
79.86 -0.0584835 0.0523597 0.504096
79.87 -0.0583779 0.0524087 0.504103
79.88 -0.0582721 0.0524577 0.504111
79.89 -0.0581663 0.0525067 0.504118
79.9 -0.0580604 0.0525555 0.504126
79.91 -0.0579544 0.0526042 0.504134
79.92 -0.0578482 0.0526529 0.504141
79.93 -0.057742 0.0527014 0.504149
79.94 -0.0576357 0.0527499 0.504157
79.95 -0.0575293 0.0527983 0.504164
79.96 -0.0574227 0.0528466 0.504172
79.97 -0.0573161 0.0528948 0.504179
79.98 -0.0572094 0.0529429 0.504187
79.99 -0.0571026 0.052991 0.504194
80 -0.0569956 0.0530389 0.504202
80.01 -0.0568886 0.0530867 0.50421
80.02 -0.0567815 0.0531345 0.504217
80.03 -0.0566743 0.0531822 0.504225
80.04 -0.056567 0.0532298 0.504232
80.05 -0.0564596 0.0532773 0.50424
80.06 -0.0563521 0.0533247 0.504247
80.07 -0.0562445 0.053372 0.504255
80.08 -0.0561368 0.0534192 0.504262
80.09 -0.056029 0.0534663 0.50427
80.1 -0.0559211 0.0535134 0.504277
80.11 -0.0558131 0.0535603 0.504285
80.12 -0.055705 0.0536072 0.504292
80.13 -0.0555968 0.053654 0.5043
80.14 -0.0554885 0.0537007 0.504307
80.15 -0.0553801 0.0537472 0.504315
80.16 -0.0552717 0.0537937 0.504322
80.17 -0.0551631 0.0538402 0.504329
80.18 -0.0550545 0.0538865 0.504337
80.19 -0.0549457 0.0539327 0.504344
80.2 -0.0548368 0.0539789 0.504352
80.21 -0.0547279 0.0540249 0.504359
80.22 -0.0546189 0.0540709 0.504366
80.23 -0.0545097 0.0541167 0.504374
80.24 -0.0544005 0.0541625 0.504381
80.25 -0.0542912 0.0542082 0.504389
80.26 -0.0541818 0.0542538 0.504396
80.27 -0.0540723 0.0542993 0.504403
80.28 -0.0539627 0.0543447 0.504411
80.29 -0.053853 0.05439 0.504418
80.3 -0.0537432 0.0544352 0.504425
80.31 -0.0536333 0.0544804 0.504433
80.32 -0.0535233 0.0545254 0.50444
80.33 -0.0534133 0.0545704 0.504447
80.34 -0.0533031 0.0546152 0.504454
80.35 -0.0531929 0.05466 0.504462
80.36 -0.0530825 0.0547047 0.504469
80.37 -0.0529721 0.0547493 0.504476
80.38 -0.0528616 0.0547938 0.504483
80.39 -0.0527509 0.0548382 0.504491
80.4 -0.0526402 0.0548825 0.504498
80.41 -0.0525294 0.0549267 0.504505
80.42 -0.0524185 0.0549708 0.504512
80.43 -0.0523076 0.0550148 0.50452
80.44 -0.0521965 0.0550588 0.504527
80.45 -0.0520853 0.0551026 0.504534
80.46 -0.0519741 0.0551464 0.504541
80.47 -0.0518627 0.05519 0.504548
80.48 -0.0517513 0.0552336 0.504555
80.49 -0.0516398 0.0552771 0.504563
80.5 -0.0515282 0.0553205 0.50457
80.51 -0.0514165 0.0553637 0.504577
80.52 -0.0513047 0.0554069 0.504584
80.53 -0.0511928 0.05545 0.504591
80.54 -0.0510809 0.055493 0.504598
80.55 -0.0509688 0.0555359 0.504605
80.56 -0.0508567 0.0555788 0.504612
80.57 -0.0507445 0.0556215 0.504619
80.58 -0.0506321 0.0556641 0.504626
80.59 -0.0505197 0.0557067 0.504633
80.6 -0.0504073 0.0557491 0.50464
80.61 -0.0502947 0.0557914 0.504647
80.62 -0.050182 0.0558337 0.504654
80.63 -0.0500693 0.0558759 0.504661
80.64 -0.0499564 0.0559179 0.504668
80.65 -0.0498435 0.0559599 0.504675
80.66 -0.0497305 0.0560018 0.504682
80.67 -0.0496174 0.0560436 0.504689
80.68 -0.0495042 0.0560853 0.504696
80.69 -0.0493909 0.0561268 0.504703
80.7 -0.0492776 0.0561683 0.50471
80.71 -0.0491642 0.0562097 0.504717
80.72 -0.0490506 0.0562511 0.504724
80.73 -0.048937 0.0562923 0.504731
80.74 -0.0488233 0.0563334 0.504738
80.75 -0.0487096 0.0563744 0.504745
80.76 -0.0485957 0.0564153 0.504751
80.77 -0.0484818 0.0564562 0.504758
80.78 -0.0483677 0.0564969 0.504765
80.79 -0.0482536 0.0565376 0.504772
80.8 -0.0481394 0.0565781 0.504779
80.81 -0.0480251 0.0566186 0.504786
80.82 -0.0479108 0.0566589 0.504792
80.83 -0.0477963 0.0566992 0.504799
80.84 -0.0476818 0.0567393 0.504806
80.85 -0.0475672 0.0567794 0.504813
80.86 -0.0474525 0.0568194 0.504819
80.87 -0.0473377 0.0568593 0.504826
80.88 -0.0472229 0.056899 0.504833
80.89 -0.0471079 0.0569387 0.50484
80.9 -0.0469929 0.0569783 0.504846
80.91 -0.0468778 0.0570178 0.504853
80.92 -0.0467626 0.0570572 0.50486
80.93 -0.0466474 0.0570965 0.504866
80.94 -0.046532 0.0571357 0.504873
80.95 -0.0464166 0.0571748 0.50488
80.96 -0.0463011 0.0572138 0.504886
80.97 -0.0461855 0.0572527 0.504893
80.98 -0.0460698 0.0572915 0.504899
80.99 -0.0459541 0.0573303 0.504906
81 -0.0458383 0.0573689 0.504913
81.01 -0.0457224 0.0574074 0.504919
81.02 -0.0456064 0.0574458 0.504926
81.03 -0.0454903 0.0574842 0.504932
81.04 -0.0453742 0.0575224 0.504939
81.05 -0.0452579 0.0575605 0.504945
81.06 -0.0451416 0.0575986 0.504952
81.07 -0.0450253 0.0576365 0.504958
81.08 -0.0449088 0.0576744 0.504965
81.09 -0.0447923 0.0577121 0.504971
81.1 -0.0446757 0.0577498 0.504978
81.11 -0.044559 0.0577873 0.504984
81.12 -0.0444422 0.0578248 0.504991
81.13 -0.0443254 0.0578621 0.504997
81.14 -0.0442085 0.0578994 0.505003
81.15 -0.0440915 0.0579365 0.50501
81.16 -0.0439744 0.0579736 0.505016
81.17 -0.0438572 0.0580106 0.505023
81.18 -0.04374 0.0580474 0.505029
81.19 -0.0436227 0.0580842 0.505035
81.2 -0.0435053 0.0581209 0.505042
81.21 -0.0433879 0.0581574 0.505048
81.22 -0.0432704 0.0581939 0.505054
81.23 -0.0431528 0.0582303 0.505061
81.24 -0.0430351 0.0582666 0.505067
81.25 -0.0429173 0.0583027 0.505073
81.26 -0.0427995 0.0583388 0.505079
81.27 -0.0426816 0.0583748 0.505086
81.28 -0.0425636 0.0584107 0.505092
81.29 -0.0424456 0.0584465 0.505098
81.3 -0.0423275 0.0584821 0.505104
81.31 -0.0422093 0.0585177 0.50511
81.32 -0.042091 0.0585532 0.505117
81.33 -0.0419727 0.0585886 0.505123
81.34 -0.0418542 0.0586239 0.505129
81.35 -0.0417358 0.0586591 0.505135
81.36 -0.0416172 0.0586942 0.505141
81.37 -0.0414986 0.0587291 0.505147
81.38 -0.0413799 0.058764 0.505153
81.39 -0.0412611 0.0587988 0.505159
81.4 -0.0411422 0.0588335 0.505165
81.41 -0.0410233 0.0588681 0.505171
81.42 -0.0409043 0.0589026 0.505177
81.43 -0.0407853 0.058937 0.505183
81.44 -0.0406661 0.0589713 0.505189
81.45 -0.0405469 0.0590055 0.505195
81.46 -0.0404277 0.0590395 0.505201
81.47 -0.0403083 0.0590735 0.505207
81.48 -0.0401889 0.0591074 0.505213
81.49 -0.0400694 0.0591412 0.505219
81.5 -0.0399499 0.0591749 0.505225
81.51 -0.0398303 0.0592085 0.505231
81.52 -0.0397106 0.059242 0.505237
81.53 -0.0395908 0.0592754 0.505243
81.54 -0.039471 0.0593087 0.505249
81.55 -0.0393511 0.0593419 0.505255
81.56 -0.0392311 0.0593749 0.50526
81.57 -0.0391111 0.0594079 0.505266
81.58 -0.038991 0.0594408 0.505272
81.59 -0.0388708 0.0594736 0.505278
81.6 -0.0387506 0.0595063 0.505284
81.61 -0.0386303 0.0595389 0.505289
81.62 -0.0385099 0.0595713 0.505295
81.63 -0.0383895 0.0596037 0.505301
81.64 -0.038269 0.059636 0.505307
81.65 -0.0381484 0.0596682 0.505312
81.66 -0.0380277 0.0597003 0.505318
81.67 -0.037907 0.0597322 0.505324
81.68 -0.0377863 0.0597641 0.505329
81.69 -0.0376654 0.0597959 0.505335
81.7 -0.0375445 0.0598276 0.50534
81.71 -0.0374236 0.0598591 0.505346
81.72 -0.0373025 0.0598906 0.505352
81.73 -0.0371814 0.059922 0.505357
81.74 -0.0370603 0.0599532 0.505363
81.75 -0.0369391 0.0599844 0.505368
81.76 -0.0368178 0.0600155 0.505374
81.77 -0.0366964 0.0600464 0.505379
81.78 -0.036575 0.0600773 0.505385
81.79 -0.0364535 0.060108 0.50539
81.8 -0.036332 0.0601387 0.505396
81.81 -0.0362104 0.0601692 0.505401
81.82 -0.0360887 0.0601997 0.505407
81.83 -0.035967 0.06023 0.505412
81.84 -0.0358452 0.0602603 0.505418
81.85 -0.0357233 0.0602904 0.505423
81.86 -0.0356014 0.0603205 0.505428
81.87 -0.0354794 0.0603504 0.505434
81.88 -0.0353574 0.0603802 0.505439
81.89 -0.0352353 0.06041 0.505444
81.9 -0.0351131 0.0604396 0.50545
81.91 -0.0349909 0.0604691 0.505455
81.92 -0.0348686 0.0604986 0.50546
81.93 -0.0347462 0.0605279 0.505466
81.94 -0.0346238 0.0605571 0.505471
81.95 -0.0345014 0.0605862 0.505476
81.96 -0.0343788 0.0606152 0.505481
81.97 -0.0342562 0.0606441 0.505486
81.98 -0.0341336 0.060673 0.505492
81.99 -0.0340109 0.0607017 0.505497
82 -0.0338881 0.0607303 0.505502
82.01 -0.0337653 0.0607588 0.505507
82.02 -0.0336424 0.0607872 0.505512
82.03 -0.0335195 0.0608155 0.505517
82.04 -0.0333965 0.0608436 0.505522
82.05 -0.0332734 0.0608717 0.505527
82.06 -0.0331503 0.0608997 0.505533
82.07 -0.0330271 0.0609276 0.505538
82.08 -0.0329039 0.0609554 0.505543
82.09 -0.0327806 0.060983 0.505548
82.1 -0.0326572 0.0610106 0.505553
82.11 -0.0325338 0.0610381 0.505558
82.12 -0.0324104 0.0610654 0.505563
82.13 -0.0322868 0.0610927 0.505567
82.14 -0.0321633 0.0611198 0.505572
82.15 -0.0320396 0.0611469 0.505577
82.16 -0.031916 0.0611738 0.505582
82.17 -0.0317922 0.0612007 0.505587
82.18 -0.0316684 0.0612274 0.505592
82.19 -0.0315446 0.061254 0.505597
82.2 -0.0314207 0.0612806 0.505602
82.21 -0.0312967 0.061307 0.505606
82.22 -0.0311727 0.0613333 0.505611
82.23 -0.0310486 0.0613595 0.505616
82.24 -0.0309245 0.0613857 0.505621
82.25 -0.0308003 0.0614117 0.505625
82.26 -0.0306761 0.0614376 0.50563
82.27 -0.0305518 0.0614634 0.505635
82.28 -0.0304275 0.0614891 0.50564
82.29 -0.0303031 0.0615146 0.505644
82.3 -0.0301786 0.0615401 0.505649
82.31 -0.0300541 0.0615655 0.505654
82.32 -0.0299296 0.0615908 0.505658
82.33 -0.029805 0.061616 0.505663
82.34 -0.0296803 0.061641 0.505667
82.35 -0.0295556 0.061666 0.505672
82.36 -0.0294309 0.0616908 0.505676
82.37 -0.029306 0.0617156 0.505681
82.38 -0.0291812 0.0617402 0.505685
82.39 -0.0290563 0.0617648 0.50569
82.4 -0.0289313 0.0617892 0.505694
82.41 -0.0288063 0.0618136 0.505699
82.42 -0.0286812 0.0618378 0.505703
82.43 -0.0285561 0.0618619 0.505708
82.44 -0.028431 0.0618859 0.505712
82.45 -0.0283058 0.0619098 0.505717
82.46 -0.0281805 0.0619336 0.505721
82.47 -0.0280552 0.0619573 0.505725
82.48 -0.0279298 0.0619809 0.50573
82.49 -0.0278044 0.0620044 0.505734
82.5 -0.027679 0.0620278 0.505738
82.51 -0.0275535 0.0620511 0.505743
82.52 -0.0274279 0.0620742 0.505747
82.53 -0.0273023 0.0620973 0.505751
82.54 -0.0271767 0.0621203 0.505755
82.55 -0.027051 0.0621431 0.505759
82.56 -0.0269252 0.0621659 0.505764
82.57 -0.0267994 0.0621885 0.505768
82.58 -0.0266736 0.0622111 0.505772
82.59 -0.0265477 0.0622335 0.505776
82.6 -0.0264218 0.0622558 0.50578
82.61 -0.0262958 0.062278 0.505784
82.62 -0.0261698 0.0623002 0.505788
82.63 -0.0260437 0.0623222 0.505793
82.64 -0.0259176 0.0623441 0.505797
82.65 -0.0257915 0.0623659 0.505801
82.66 -0.0256653 0.0623875 0.505805
82.67 -0.025539 0.0624091 0.505809
82.68 -0.0254127 0.0624306 0.505813
82.69 -0.0252864 0.062452 0.505817
82.7 -0.02516 0.0624732 0.50582
82.71 -0.0250336 0.0624944 0.505824
82.72 -0.0249071 0.0625154 0.505828
82.73 -0.0247806 0.0625364 0.505832
82.74 -0.0246541 0.0625572 0.505836
82.75 -0.0245275 0.062578 0.50584
82.76 -0.0244008 0.0625986 0.505844
82.77 -0.0242742 0.0626191 0.505848
82.78 -0.0241474 0.0626395 0.505851
82.79 -0.0240207 0.0626598 0.505855
82.8 -0.0238939 0.06268 0.505859
82.81 -0.023767 0.0627001 0.505863
82.82 -0.0236401 0.0627201 0.505866
82.83 -0.0235132 0.06274 0.50587
82.84 -0.0233862 0.0627597 0.505874
82.85 -0.0232592 0.0627794 0.505877
82.86 -0.0231321 0.062799 0.505881
82.87 -0.023005 0.0628184 0.505885
82.88 -0.0228779 0.0628378 0.505888
82.89 -0.0227507 0.062857 0.505892
82.9 -0.0226235 0.0628761 0.505895
82.91 -0.0224963 0.0628951 0.505899
82.92 -0.022369 0.0629141 0.505902
82.93 -0.0222416 0.0629329 0.505906
82.94 -0.0221143 0.0629516 0.505909
82.95 -0.0219869 0.0629702 0.505913
82.96 -0.0218594 0.0629886 0.505916
82.97 -0.0217319 0.063007 0.50592
82.98 -0.0216044 0.0630253 0.505923
82.99 -0.0214768 0.0630435 0.505927
83 -0.0213492 0.0630615 0.50593
83.01 -0.0212216 0.0630795 0.505933
83.02 -0.0210939 0.0630973 0.505937
83.03 -0.0209662 0.063115 0.50594
83.04 -0.0208385 0.0631327 0.505943
83.05 -0.0207107 0.0631502 0.505947
83.06 -0.0205829 0.0631676 0.50595
83.07 -0.020455 0.0631849 0.505953
83.08 -0.0203271 0.0632021 0.505956
83.09 -0.0201992 0.0632192 0.505959
83.1 -0.0200712 0.0632362 0.505963
83.11 -0.0199432 0.063253 0.505966
83.12 -0.0198152 0.0632698 0.505969
83.13 -0.0196871 0.0632864 0.505972
83.14 -0.019559 0.063303 0.505975
83.15 -0.0194309 0.0633194 0.505978
83.16 -0.0193027 0.0633358 0.505981
83.17 -0.0191745 0.063352 0.505984
83.18 -0.0190463 0.0633681 0.505987
83.19 -0.018918 0.0633841 0.50599
83.2 -0.0187897 0.0634 0.505993
83.21 -0.0186614 0.0634158 0.505996
83.22 -0.018533 0.0634315 0.505999
83.23 -0.0184046 0.0634471 0.506002
83.24 -0.0182762 0.0634625 0.506005
83.25 -0.0181477 0.0634779 0.506008
83.26 -0.0180192 0.0634931 0.506011
83.27 -0.0178907 0.0635083 0.506014
83.28 -0.0177621 0.0635233 0.506017
83.29 -0.0176335 0.0635382 0.506019
83.3 -0.0175049 0.0635531 0.506022
83.31 -0.0173762 0.0635678 0.506025
83.32 -0.0172476 0.0635824 0.506028
83.33 -0.0171188 0.0635969 0.50603
83.34 -0.0169901 0.0636112 0.506033
83.35 -0.0168613 0.0636255 0.506036
83.36 -0.0167325 0.0636397 0.506039
83.37 -0.0166037 0.0636537 0.506041
83.38 -0.0164748 0.0636677 0.506044
83.39 -0.0163459 0.0636815 0.506046
83.4 -0.016217 0.0636953 0.506049
83.41 -0.0160881 0.0637089 0.506052
83.42 -0.0159591 0.0637224 0.506054
83.43 -0.0158301 0.0637358 0.506057
83.44 -0.0157011 0.0637491 0.506059
83.45 -0.015572 0.0637623 0.506062
83.46 -0.0154429 0.0637754 0.506064
83.47 -0.0153138 0.0637883 0.506067
83.48 -0.0151847 0.0638012 0.506069
83.49 -0.0150555 0.063814 0.506071
83.5 -0.0149263 0.0638266 0.506074
83.51 -0.0147971 0.0638391 0.506076
83.52 -0.0146679 0.0638516 0.506079
83.53 -0.0145386 0.0638639 0.506081
83.54 -0.0144093 0.0638761 0.506083
83.55 -0.01428 0.0638882 0.506086
83.56 -0.0141506 0.0639002 0.506088
83.57 -0.0140213 0.0639121 0.50609
83.58 -0.0138919 0.0639238 0.506092
83.59 -0.0137625 0.0639355 0.506094
83.6 -0.013633 0.0639471 0.506097
83.61 -0.0135036 0.0639585 0.506099
83.62 -0.0133741 0.0639698 0.506101
83.63 -0.0132446 0.0639811 0.506103
83.64 -0.013115 0.0639922 0.506105
83.65 -0.0129855 0.0640032 0.506107
83.66 -0.0128559 0.0640141 0.506109
83.67 -0.0127263 0.0640249 0.506111
83.68 -0.0125967 0.0640356 0.506113
83.69 -0.012467 0.0640461 0.506115
83.7 -0.0123373 0.0640566 0.506117
83.71 -0.0122076 0.0640669 0.506119
83.72 -0.0120779 0.0640772 0.506121
83.73 -0.0119482 0.0640873 0.506123
83.74 -0.0118184 0.0640973 0.506125
83.75 -0.0116887 0.0641073 0.506127
83.76 -0.0115589 0.0641171 0.506129
83.77 -0.0114291 0.0641268 0.506131
83.78 -0.0112992 0.0641363 0.506133
83.79 -0.0111694 0.0641458 0.506134
83.8 -0.0110395 0.0641552 0.506136
83.81 -0.0109096 0.0641644 0.506138
83.82 -0.0107797 0.0641736 0.50614
83.83 -0.0106497 0.0641826 0.506141
83.84 -0.0105198 0.0641916 0.506143
83.85 -0.0103898 0.0642004 0.506145
83.86 -0.0102598 0.0642091 0.506146
83.87 -0.0101298 0.0642177 0.506148
83.88 -0.00999981 0.0642262 0.50615
83.89 -0.00986977 0.0642346 0.506151
83.9 -0.00973971 0.0642428 0.506153
83.91 -0.00960963 0.064251 0.506154
83.92 -0.00947954 0.064259 0.506156
83.93 -0.00934943 0.064267 0.506157
83.94 -0.00921931 0.0642748 0.506159
83.95 -0.00908917 0.0642825 0.50616
83.96 -0.00895901 0.0642901 0.506162
83.97 -0.00882884 0.0642977 0.506163
83.98 -0.00869865 0.064305 0.506165
83.99 -0.00856845 0.0643123 0.506166
84 -0.00843823 0.0643195 0.506167
84.01 -0.008308 0.0643266 0.506169
84.02 -0.00817775 0.0643335 0.50617
84.03 -0.00804749 0.0643404 0.506171
84.04 -0.00791721 0.0643471 0.506173
84.05 -0.00778692 0.0643537 0.506174
84.06 -0.00765662 0.0643602 0.506175
84.07 -0.0075263 0.0643666 0.506176
84.08 -0.00739597 0.0643729 0.506178
84.09 -0.00726563 0.0643791 0.506179
84.1 -0.00713527 0.0643852 0.50618
84.11 -0.0070049 0.0643912 0.506181
84.12 -0.00687452 0.064397 0.506182
84.13 -0.00674413 0.0644028 0.506183
84.14 -0.00661373 0.0644084 0.506184
84.15 -0.00648331 0.0644139 0.506185
84.16 -0.00635288 0.0644193 0.506187
84.17 -0.00622244 0.0644246 0.506188
84.18 -0.00609199 0.0644298 0.506189
84.19 -0.00596153 0.0644349 0.506189
84.2 -0.00583106 0.0644399 0.50619
84.21 -0.00570058 0.0644448 0.506191
84.22 -0.00557009 0.0644495 0.506192
84.23 -0.00543959 0.0644542 0.506193
84.24 -0.00530908 0.0644587 0.506194
84.25 -0.00517856 0.0644631 0.506195
84.26 -0.00504804 0.0644674 0.506196
84.27 -0.0049175 0.0644716 0.506196
84.28 -0.00478695 0.0644757 0.506197
84.29 -0.0046564 0.0644797 0.506198
84.3 -0.00452584 0.0644836 0.506199
84.31 -0.00439527 0.0644873 0.506199
84.32 -0.00426469 0.064491 0.5062
84.33 -0.00413411 0.0644945 0.506201
84.34 -0.00400351 0.064498 0.506202
84.35 -0.00387291 0.0645013 0.506202
84.36 -0.00374231 0.0645045 0.506203
84.37 -0.00361169 0.0645076 0.506203
84.38 -0.00348108 0.0645106 0.506204
84.39 -0.00335045 0.0645135 0.506204
84.4 -0.00321982 0.0645163 0.506205
84.41 -0.00308918 0.0645189 0.506206
84.42 -0.00295854 0.0645215 0.506206
84.43 -0.00282789 0.0645239 0.506206
84.44 -0.00269724 0.0645262 0.506207
84.45 -0.00256659 0.0645285 0.506207
84.46 -0.00243592 0.0645306 0.506208
84.47 -0.00230526 0.0645326 0.506208
84.48 -0.00217459 0.0645345 0.506208
84.49 -0.00204392 0.0645362 0.506209
84.5 -0.00191324 0.0645379 0.506209
84.51 -0.00178256 0.0645395 0.506209
84.52 -0.00165187 0.0645409 0.50621
84.53 -0.00152119 0.0645423 0.50621
84.54 -0.0013905 0.0645435 0.50621
84.55 -0.00125981 0.0645446 0.50621
84.56 -0.00112911 0.0645456 0.506211
84.57 -0.000998418 0.0645465 0.506211
84.58 -0.000867721 0.0645473 0.506211
84.59 -0.000737022 0.064548 0.506211
84.6 -0.000606322 0.0645485 0.506211
84.61 -0.00047562 0.064549 0.506211
84.62 -0.000344918 0.0645493 0.506211
84.63 -0.000214216 0.0645496 0.506211
84.64 -8.35126e-05 0.0645497 0.506211
84.65 4.71906e-05 0.0645497 0.506211
84.66 0.000177894 0.0645496 0.506211
84.67 0.000308597 0.0645494 0.506211
84.68 0.000439299 0.0645491 0.506211
84.69 0.00057 0.0645487 0.506211
84.7 0.000700701 0.0645481 0.506211
84.71 0.0008314 0.0645475 0.506211
84.72 0.000962098 0.0645467 0.506211
84.73 0.00109279 0.0645459 0.506211
84.74 0.00122349 0.0645449 0.50621
84.75 0.00135418 0.0645438 0.50621
84.76 0.00148487 0.0645426 0.50621
84.77 0.00161556 0.0645413 0.50621
84.78 0.00174624 0.0645399 0.50621
84.79 0.00187692 0.0645384 0.506209
84.8 0.0020076 0.0645367 0.506209
84.81 0.00213828 0.064535 0.506209
84.82 0.00226895 0.0645331 0.506208
84.83 0.00239961 0.0645311 0.506208
84.84 0.00253028 0.0645291 0.506207
84.85 0.00266093 0.0645269 0.506207
84.86 0.00279159 0.0645246 0.506207
84.87 0.00292224 0.0645222 0.506206
84.88 0.00305288 0.0645196 0.506206
84.89 0.00318352 0.064517 0.506205
84.9 0.00331415 0.0645143 0.506205
84.91 0.00344478 0.0645114 0.506204
84.92 0.0035754 0.0645085 0.506204
84.93 0.00370601 0.0645054 0.506203
84.94 0.00383662 0.0645022 0.506202
84.95 0.00396722 0.0644989 0.506202
84.96 0.00409781 0.0644955 0.506201
84.97 0.0042284 0.064492 0.5062
84.98 0.00435898 0.0644884 0.5062
84.99 0.00448955 0.0644846 0.506199
85 0.00462012 0.0644808 0.506198
85.01 0.00475067 0.0644768 0.506197
85.02 0.00488122 0.0644728 0.506197
85.03 0.00501176 0.0644686 0.506196
85.04 0.00514229 0.0644643 0.506195
85.05 0.00527281 0.0644599 0.506194
85.06 0.00540333 0.0644554 0.506193
85.07 0.00553383 0.0644508 0.506193
85.08 0.00566432 0.0644461 0.506192
85.09 0.00579481 0.0644413 0.506191
85.1 0.00592528 0.0644363 0.50619
85.11 0.00605574 0.0644313 0.506189
85.12 0.00618619 0.0644261 0.506188
85.13 0.00631663 0.0644208 0.506187
85.14 0.00644707 0.0644154 0.506186
85.15 0.00657748 0.0644099 0.506185
85.16 0.00670789 0.0644043 0.506184
85.17 0.00683829 0.0643986 0.506183
85.18 0.00696867 0.0643928 0.506181
85.19 0.00709904 0.0643869 0.50618
85.2 0.0072294 0.0643808 0.506179
85.21 0.00735975 0.0643747 0.506178
85.22 0.00749008 0.0643684 0.506177
85.23 0.0076204 0.064362 0.506176
85.24 0.00775071 0.0643555 0.506174
85.25 0.007881 0.064349 0.506173
85.26 0.00801128 0.0643422 0.506172
85.27 0.00814155 0.0643354 0.50617
85.28 0.0082718 0.0643285 0.506169
85.29 0.00840204 0.0643215 0.506168
85.3 0.00853226 0.0643143 0.506166
85.31 0.00866247 0.0643071 0.506165
85.32 0.00879266 0.0642997 0.506164
85.33 0.00892284 0.0642922 0.506162
85.34 0.009053 0.0642847 0.506161
85.35 0.00918314 0.064277 0.506159
85.36 0.00931327 0.0642692 0.506158
85.37 0.00944339 0.0642613 0.506156
85.38 0.00957348 0.0642532 0.506155
85.39 0.00970356 0.0642451 0.506153
85.4 0.00983363 0.0642369 0.506152
85.41 0.00996367 0.0642285 0.50615
85.42 0.0100937 0.0642201 0.506149
85.43 0.0102237 0.0642115 0.506147
85.44 0.0103537 0.0642028 0.506145
85.45 0.0104837 0.064194 0.506144
85.46 0.0106136 0.0641851 0.506142
85.47 0.0107436 0.0641761 0.50614
85.48 0.0108735 0.064167 0.506138
85.49 0.0110034 0.0641578 0.506137
85.5 0.0111333 0.0641484 0.506135
85.51 0.0112631 0.064139 0.506133
85.52 0.011393 0.0641294 0.506131
85.53 0.0115228 0.0641198 0.506129
85.54 0.0116526 0.06411 0.506128
85.55 0.0117824 0.0641001 0.506126
85.56 0.0119121 0.0640901 0.506124
85.57 0.0120419 0.06408 0.506122
85.58 0.0121716 0.0640698 0.50612
85.59 0.0123013 0.0640595 0.506118
85.6 0.012431 0.064049 0.506116
85.61 0.0125606 0.0640385 0.506114
85.62 0.0126903 0.0640278 0.506112
85.63 0.0128199 0.0640171 0.50611
85.64 0.0129495 0.0640062 0.506108
85.65 0.013079 0.0639952 0.506106
85.66 0.0132086 0.0639842 0.506104
85.67 0.0133381 0.063973 0.506102
85.68 0.0134676 0.0639617 0.506099
85.69 0.013597 0.0639502 0.506097
85.7 0.0137265 0.0639387 0.506095
85.71 0.0138559 0.0639271 0.506093
85.72 0.0139853 0.0639153 0.506091
85.73 0.0141147 0.0639035 0.506088
85.74 0.014244 0.0638915 0.506086
85.75 0.0143734 0.0638795 0.506084
85.76 0.0145027 0.0638673 0.506082
85.77 0.014632 0.063855 0.506079
85.78 0.0147612 0.0638426 0.506077
85.79 0.0148904 0.0638301 0.506075
85.8 0.0150196 0.0638175 0.506072
85.81 0.0151488 0.0638048 0.50607
85.82 0.0152779 0.0637919 0.506067
85.83 0.0154071 0.063779 0.506065
85.84 0.0155361 0.0637659 0.506062
85.85 0.0156652 0.0637528 0.50606
85.86 0.0157943 0.0637395 0.506057
85.87 0.0159233 0.0637261 0.506055
85.88 0.0160522 0.0637127 0.506052
85.89 0.0161812 0.0636991 0.50605
85.9 0.0163101 0.0636854 0.506047
85.91 0.016439 0.0636715 0.506045
85.92 0.0165679 0.0636576 0.506042
85.93 0.0166967 0.0636436 0.506039
85.94 0.0168255 0.0636295 0.506037
85.95 0.0169543 0.0636152 0.506034
85.96 0.0170831 0.0636009 0.506031
85.97 0.0172118 0.0635864 0.506029
85.98 0.0173405 0.0635718 0.506026
85.99 0.0174691 0.0635572 0.506023
86 0.0175978 0.0635424 0.50602
86.01 0.0177264 0.0635275 0.506017
86.02 0.0178549 0.0635125 0.506015
86.03 0.0179835 0.0634974 0.506012
86.04 0.018112 0.0634821 0.506009
86.05 0.0182405 0.0634668 0.506006
86.06 0.0183689 0.0634514 0.506003
86.07 0.0184973 0.0634358 0.506
86.08 0.0186257 0.0634202 0.505997
86.09 0.018754 0.0634044 0.505994
86.1 0.0188823 0.0633885 0.505991
86.11 0.0190106 0.0633726 0.505988
86.12 0.0191389 0.0633565 0.505985
86.13 0.0192671 0.0633403 0.505982
86.14 0.0193953 0.063324 0.505979
86.15 0.0195234 0.0633076 0.505976
86.16 0.0196515 0.0632911 0.505973
86.17 0.0197796 0.0632744 0.50597
86.18 0.0199076 0.0632577 0.505967
86.19 0.0200356 0.0632409 0.505964
86.2 0.0201636 0.0632239 0.50596
86.21 0.0202916 0.0632068 0.505957
86.22 0.0204195 0.0631897 0.505954
86.23 0.0205473 0.0631724 0.505951
86.24 0.0206752 0.063155 0.505947
86.25 0.020803 0.0631375 0.505944
86.26 0.0209307 0.0631199 0.505941
86.27 0.0210584 0.0631022 0.505938
86.28 0.0211861 0.0630844 0.505934
86.29 0.0213138 0.0630665 0.505931
86.3 0.0214414 0.0630485 0.505928
86.31 0.0215689 0.0630304 0.505924
86.32 0.0216965 0.0630121 0.505921
86.33 0.021824 0.0629938 0.505917
86.34 0.0219514 0.0629753 0.505914
86.35 0.0220789 0.0629567 0.50591
86.36 0.0222062 0.0629381 0.505907
86.37 0.0223336 0.0629193 0.505903
86.38 0.0224609 0.0629004 0.5059
86.39 0.0225882 0.0628814 0.505896
86.4 0.0227154 0.0628623 0.505893
86.41 0.0228426 0.0628431 0.505889
86.42 0.0229697 0.0628238 0.505886
86.43 0.0230968 0.0628044 0.505882
86.44 0.0232239 0.0627849 0.505878
86.45 0.0233509 0.0627652 0.505875
86.46 0.0234779 0.0627455 0.505871
86.47 0.0236048 0.0627256 0.505867
86.48 0.0237317 0.0627057 0.505864
86.49 0.0238586 0.0626856 0.50586
86.5 0.0239854 0.0626654 0.505856
86.51 0.0241122 0.0626452 0.505852
86.52 0.0242389 0.0626248 0.505849
86.53 0.0243656 0.0626043 0.505845
86.54 0.0244923 0.0625837 0.505841
86.55 0.0246189 0.062563 0.505837
86.56 0.0247455 0.0625422 0.505833
86.57 0.024872 0.0625213 0.505829
86.58 0.0249985 0.0625003 0.505825
86.59 0.0251249 0.0624791 0.505822
86.6 0.0252513 0.0624579 0.505818
86.61 0.0253776 0.0624366 0.505814
86.62 0.0255039 0.0624151 0.50581
86.63 0.0256302 0.0623936 0.505806
86.64 0.0257564 0.0623719 0.505802
86.65 0.0258826 0.0623501 0.505798
86.66 0.0260087 0.0623283 0.505794
86.67 0.0261348 0.0623063 0.50579
86.68 0.0262608 0.0622842 0.505786
86.69 0.0263868 0.062262 0.505781
86.7 0.0265127 0.0622397 0.505777
86.71 0.0266386 0.0622173 0.505773
86.72 0.0267645 0.0621948 0.505769
86.73 0.0268903 0.0621722 0.505765
86.74 0.027016 0.0621495 0.505761
86.75 0.0271417 0.0621266 0.505756
86.76 0.0272674 0.0621037 0.505752
86.77 0.027393 0.0620807 0.505748
86.78 0.0275186 0.0620575 0.505744
86.79 0.0276441 0.0620343 0.505739
86.8 0.0277696 0.0620109 0.505735
86.81 0.027895 0.0619875 0.505731
86.82 0.0280204 0.0619639 0.505726
86.83 0.0281457 0.0619402 0.505722
86.84 0.028271 0.0619165 0.505718
86.85 0.0283962 0.0618926 0.505713
86.86 0.0285214 0.0618686 0.505709
86.87 0.0286465 0.0618445 0.505705
86.88 0.0287716 0.0618203 0.5057
86.89 0.0288966 0.061796 0.505696
86.9 0.0290216 0.0617716 0.505691
86.91 0.0291465 0.0617471 0.505687
86.92 0.0292714 0.0617225 0.505682
86.93 0.0293962 0.0616977 0.505678
86.94 0.0295209 0.0616729 0.505673
86.95 0.0296457 0.061648 0.505669
86.96 0.0297703 0.0616229 0.505664
86.97 0.0298949 0.0615978 0.505659
86.98 0.0300195 0.0615725 0.505655
86.99 0.030144 0.0615472 0.50565
87 0.0302685 0.0615217 0.505646
87.01 0.0303929 0.0614962 0.505641
87.02 0.0305172 0.0614705 0.505636
87.03 0.0306415 0.0614447 0.505631
87.04 0.0307658 0.0614189 0.505627
87.05 0.03089 0.0613929 0.505622
87.06 0.0310141 0.0613668 0.505617
87.07 0.0311382 0.0613406 0.505613
87.08 0.0312622 0.0613143 0.505608
87.09 0.0313862 0.0612879 0.505603
87.1 0.0315101 0.0612614 0.505598
87.11 0.031634 0.0612348 0.505593
87.12 0.0317578 0.0612081 0.505588
87.13 0.0318816 0.0611813 0.505584
87.14 0.0320053 0.0611544 0.505579
87.15 0.0321289 0.0611274 0.505574
87.16 0.0322525 0.0611002 0.505569
87.17 0.032376 0.061073 0.505564
87.18 0.0324995 0.0610457 0.505559
87.19 0.0326229 0.0610182 0.505554
87.2 0.0327463 0.0609907 0.505549
87.21 0.0328696 0.0609631 0.505544
87.22 0.0329929 0.0609353 0.505539
87.23 0.0331161 0.0609075 0.505534
87.24 0.0332392 0.0608795 0.505529
87.25 0.0333623 0.0608515 0.505524
87.26 0.0334853 0.0608233 0.505519
87.27 0.0336082 0.060795 0.505514
87.28 0.0337311 0.0607667 0.505509
87.29 0.033854 0.0607382 0.505503
87.3 0.0339768 0.0607096 0.505498
87.31 0.0340995 0.0606809 0.505493
87.32 0.0342222 0.0606522 0.505488
87.33 0.0343448 0.0606233 0.505483
87.34 0.0344673 0.0605943 0.505477
87.35 0.0345898 0.0605652 0.505472
87.36 0.0347122 0.060536 0.505467
87.37 0.0348346 0.0605067 0.505462
87.38 0.0349569 0.0604773 0.505456
87.39 0.0350791 0.0604478 0.505451
87.4 0.0352013 0.0604182 0.505446
87.41 0.0353234 0.0603885 0.505441
87.42 0.0354455 0.0603587 0.505435
87.43 0.0355675 0.0603288 0.50543
87.44 0.0356894 0.0602988 0.505424
87.45 0.0358113 0.0602687 0.505419
87.46 0.0359331 0.0602385 0.505414
87.47 0.0360549 0.0602081 0.505408
87.48 0.0361766 0.0601777 0.505403
87.49 0.0362982 0.0601472 0.505397
87.5 0.0364198 0.0601166 0.505392
87.51 0.0365413 0.0600858 0.505386
87.52 0.0366627 0.060055 0.505381
87.53 0.0367841 0.0600241 0.505375
87.54 0.0369054 0.059993 0.50537
87.55 0.0370266 0.0599619 0.505364
87.56 0.0371478 0.0599307 0.505359
87.57 0.0372689 0.0598993 0.505353
87.58 0.0373899 0.0598679 0.505348
87.59 0.0375109 0.0598363 0.505342
87.6 0.0376318 0.0598047 0.505336
87.61 0.0377527 0.059773 0.505331
87.62 0.0378735 0.0597411 0.505325
87.63 0.0379942 0.0597092 0.505319
87.64 0.0381149 0.0596771 0.505314
87.65 0.0382355 0.059645 0.505308
87.66 0.038356 0.0596127 0.505302
87.67 0.0384764 0.0595804 0.505297
87.68 0.0385968 0.0595479 0.505291
87.69 0.0387171 0.0595153 0.505285
87.7 0.0388374 0.0594827 0.505279
87.71 0.0389576 0.0594499 0.505274
87.72 0.0390777 0.0594171 0.505268
87.73 0.0391978 0.0593841 0.505262
87.74 0.0393177 0.0593511 0.505256
87.75 0.0394377 0.0593179 0.50525
87.76 0.0395575 0.0592846 0.505244
87.77 0.0396773 0.0592513 0.505239
87.78 0.039797 0.0592178 0.505233
87.79 0.0399166 0.0591843 0.505227
87.8 0.0400362 0.0591506 0.505221
87.81 0.0401557 0.0591168 0.505215
87.82 0.0402751 0.059083 0.505209
87.83 0.0403945 0.059049 0.505203
87.84 0.0405138 0.0590149 0.505197
87.85 0.040633 0.0589808 0.505191
87.86 0.0407522 0.0589465 0.505185
87.87 0.0408712 0.0589122 0.505179
87.88 0.0409903 0.0588777 0.505173
87.89 0.0411092 0.0588431 0.505167
87.9 0.0412281 0.0588085 0.505161
87.91 0.0413469 0.0587737 0.505155
87.92 0.0414656 0.0587388 0.505149
87.93 0.0415842 0.0587039 0.505143
87.94 0.0417028 0.0586688 0.505137
87.95 0.0418213 0.0586337 0.505131
87.96 0.0419398 0.0585984 0.505124
87.97 0.0420581 0.0585631 0.505118
87.98 0.0421764 0.0585276 0.505112
87.99 0.0422946 0.058492 0.505106
88 0.0424128 0.0584564 0.5051
88.01 0.0425308 0.0584206 0.505094
88.02 0.0426488 0.0583848 0.505087
88.03 0.0427667 0.0583488 0.505081
88.04 0.0428846 0.0583128 0.505075
88.05 0.0430024 0.0582766 0.505069
88.06 0.0431201 0.0582404 0.505062
88.07 0.0432377 0.058204 0.505056
88.08 0.0433552 0.0581676 0.50505
88.09 0.0434727 0.058131 0.505043
88.1 0.0435901 0.0580944 0.505037
88.11 0.0437074 0.0580577 0.505031
88.12 0.0438247 0.0580208 0.505024
88.13 0.0439418 0.0579839 0.505018
88.14 0.0440589 0.0579469 0.505012
88.15 0.0441759 0.0579097 0.505005
88.16 0.0442929 0.0578725 0.504999
88.17 0.0444098 0.0578352 0.504992
88.18 0.0445265 0.0577977 0.504986
88.19 0.0446432 0.0577602 0.50498
88.2 0.0447599 0.0577226 0.504973
88.21 0.0448764 0.0576849 0.504967
88.22 0.0449929 0.0576471 0.50496
88.23 0.0451093 0.0576091 0.504954
88.24 0.0452256 0.0575711 0.504947
88.25 0.0453419 0.057533 0.504941
88.26 0.045458 0.0574948 0.504934
88.27 0.0455741 0.0574565 0.504928
88.28 0.0456901 0.0574181 0.504921
88.29 0.0458061 0.0573796 0.504914
88.3 0.0459219 0.057341 0.504908
88.31 0.0460377 0.0573023 0.504901
88.32 0.0461534 0.0572635 0.504895
88.33 0.046269 0.0572246 0.504888
88.34 0.0463845 0.0571857 0.504881
88.35 0.0464999 0.0571466 0.504875
88.36 0.0466153 0.0571074 0.504868
88.37 0.0467306 0.0570681 0.504862
88.38 0.0468458 0.0570288 0.504855
88.39 0.0469609 0.0569893 0.504848
88.4 0.047076 0.0569497 0.504841
88.41 0.0471909 0.0569101 0.504835
88.42 0.0473058 0.0568703 0.504828
88.43 0.0474206 0.0568305 0.504821
88.44 0.0475353 0.0567905 0.504815
88.45 0.04765 0.0567505 0.504808
88.46 0.0477645 0.0567103 0.504801
88.47 0.047879 0.0566701 0.504794
88.48 0.0479934 0.0566298 0.504787
88.49 0.0481077 0.0565894 0.504781
88.5 0.0482219 0.0565488 0.504774
88.51 0.048336 0.0565082 0.504767
88.52 0.0484501 0.0564675 0.50476
88.53 0.048564 0.0564267 0.504753
88.54 0.0486779 0.0563858 0.504747
88.55 0.0487917 0.0563448 0.50474
88.56 0.0489054 0.0563037 0.504733
88.57 0.0490191 0.0562625 0.504726
88.58 0.0491326 0.0562212 0.504719
88.59 0.0492461 0.0561799 0.504712
88.6 0.0493595 0.0561384 0.504705
88.61 0.0494727 0.0560968 0.504698
88.62 0.049586 0.0560552 0.504691
88.63 0.0496991 0.0560134 0.504684
88.64 0.0498121 0.0559715 0.504677
88.65 0.0499251 0.0559296 0.50467
88.66 0.0500379 0.0558876 0.504663
88.67 0.0501507 0.0558454 0.504656
88.68 0.0502634 0.0558032 0.504649
88.69 0.050376 0.0557609 0.504642
88.7 0.0504885 0.0557185 0.504635
88.71 0.0506009 0.055676 0.504628
88.72 0.0507133 0.0556333 0.504621
88.73 0.0508255 0.0555906 0.504614
88.74 0.0509377 0.0555479 0.504607
88.75 0.0510497 0.055505 0.5046
88.76 0.0511617 0.055462 0.504593
88.77 0.0512736 0.0554189 0.504586
88.78 0.0513854 0.0553757 0.504579
88.79 0.0514972 0.0553325 0.504572
88.8 0.0516088 0.0552891 0.504564
88.81 0.0517203 0.0552457 0.504557
88.82 0.0518318 0.0552021 0.50455
88.83 0.0519432 0.0551585 0.504543
88.84 0.0520544 0.0551148 0.504536
88.85 0.0521656 0.055071 0.504529
88.86 0.0522767 0.0550271 0.504522
88.87 0.0523877 0.0549831 0.504514
88.88 0.0524986 0.054939 0.504507
88.89 0.0526094 0.0548948 0.5045
88.9 0.0527202 0.0548505 0.504493
88.91 0.0528308 0.0548061 0.504485
88.92 0.0529414 0.0547616 0.504478
88.93 0.0530518 0.0547171 0.504471
88.94 0.0531622 0.0546724 0.504464
88.95 0.0532725 0.0546277 0.504456
88.96 0.0533827 0.0545829 0.504449
88.97 0.0534927 0.0545379 0.504442
88.98 0.0536027 0.0544929 0.504435
88.99 0.0537127 0.0544478 0.504427
89 0.0538225 0.0544026 0.50442
89.01 0.0539322 0.0543573 0.504413
89.02 0.0540418 0.0543119 0.504405
89.03 0.0541513 0.0542664 0.504398
89.04 0.0542608 0.0542209 0.504391
89.05 0.0543701 0.0541752 0.504383
89.06 0.0544794 0.0541295 0.504376
89.07 0.0545885 0.0540836 0.504368
89.08 0.0546976 0.0540377 0.504361
89.09 0.0548066 0.0539917 0.504354
89.1 0.0549155 0.0539455 0.504346
89.11 0.0550242 0.0538993 0.504339
89.12 0.0551329 0.053853 0.504331
89.13 0.0552415 0.0538067 0.504324
89.14 0.05535 0.0537602 0.504317
89.15 0.0554584 0.0537136 0.504309
89.16 0.0555667 0.0536669 0.504302
89.17 0.0556749 0.0536202 0.504294
89.18 0.055783 0.0535734 0.504287
89.19 0.0558911 0.0535264 0.504279
89.2 0.055999 0.0534794 0.504272
89.21 0.0561068 0.0534323 0.504264
89.22 0.0562145 0.0533851 0.504257
89.23 0.0563222 0.0533378 0.504249
89.24 0.0564297 0.0532904 0.504242
89.25 0.0565371 0.053243 0.504234
89.26 0.0566445 0.0531954 0.504227
89.27 0.0567517 0.0531478 0.504219
89.28 0.0568589 0.0531 0.504212
89.29 0.0569659 0.0530522 0.504204
89.3 0.0570729 0.0530043 0.504197
89.31 0.0571797 0.0529563 0.504189
89.32 0.0572865 0.0529082 0.504181
89.33 0.0573931 0.05286 0.504174
89.34 0.0574997 0.0528117 0.504166
89.35 0.0576061 0.0527634 0.504159
89.36 0.0577125 0.0527149 0.504151
89.37 0.0578187 0.0526664 0.504143
89.38 0.0579249 0.0526178 0.504136
89.39 0.0580309 0.052569 0.504128
89.4 0.0581369 0.0525202 0.504121
89.41 0.0582427 0.0524714 0.504113
89.42 0.0583485 0.0524224 0.504105
89.43 0.0584542 0.0523733 0.504098
89.44 0.0585597 0.0523242 0.50409
89.45 0.0586652 0.0522749 0.504082
89.46 0.0587705 0.0522256 0.504075
89.47 0.0588758 0.0521762 0.504067
89.48 0.0589809 0.0521267 0.504059
89.49 0.059086 0.0520771 0.504052
89.5 0.0591909 0.0520274 0.504044
89.51 0.0592958 0.0519776 0.504036
89.52 0.0594005 0.0519278 0.504029
89.53 0.0595051 0.0518778 0.504021
89.54 0.0596097 0.0518278 0.504013
89.55 0.0597141 0.0517777 0.504005
89.56 0.0598185 0.0517275 0.503998
89.57 0.0599227 0.0516772 0.50399
89.58 0.0600268 0.0516268 0.503982
89.59 0.0601308 0.0515763 0.503974
89.6 0.0602348 0.0515258 0.503967
89.61 0.0603386 0.0514751 0.503959
89.62 0.0604423 0.0514244 0.503951
89.63 0.0605459 0.0513736 0.503943
89.64 0.0606494 0.0513227 0.503936
89.65 0.0607528 0.0512717 0.503928
89.66 0.0608561 0.0512207 0.50392
89.67 0.0609593 0.0511695 0.503912
89.68 0.0610624 0.0511183 0.503904
89.69 0.0611654 0.0510669 0.503897
89.7 0.0612682 0.0510155 0.503889
89.71 0.061371 0.050964 0.503881
89.72 0.0614737 0.0509125 0.503873
89.73 0.0615762 0.0508608 0.503865
89.74 0.0616787 0.050809 0.503857
89.75 0.061781 0.0507572 0.50385
89.76 0.0618833 0.0507053 0.503842
89.77 0.0619854 0.0506533 0.503834
89.78 0.0620875 0.0506012 0.503826
89.79 0.0621894 0.050549 0.503818
89.8 0.0622912 0.0504967 0.50381
89.81 0.0623929 0.0504444 0.503802
89.82 0.0624945 0.050392 0.503795
89.83 0.062596 0.0503394 0.503787
89.84 0.0626974 0.0502868 0.503779
89.85 0.0627987 0.0502341 0.503771
89.86 0.0628998 0.0501814 0.503763
89.87 0.0630009 0.0501285 0.503755
89.88 0.0631019 0.0500756 0.503747
89.89 0.0632027 0.0500226 0.503739
89.9 0.0633034 0.0499695 0.503731
89.91 0.0634041 0.0499163 0.503724
89.92 0.0635046 0.049863 0.503716
89.93 0.063605 0.0498096 0.503708
89.94 0.0637053 0.0497562 0.5037
89.95 0.0638055 0.0497027 0.503692
89.96 0.0639056 0.0496491 0.503684
89.97 0.0640056 0.0495954 0.503676
89.98 0.0641054 0.0495416 0.503668
89.99 0.0642052 0.0494878 0.50366
90 0.0643048 0.0494338 0.503652
90.01 0.0644044 0.0493798 0.503644
90.02 0.0645038 0.0493257 0.503636
90.03 0.0646031 0.0492715 0.503628
90.04 0.0647023 0.0492173 0.50362
90.05 0.0648014 0.0491629 0.503612
90.06 0.0649004 0.0491085 0.503604
90.07 0.0649992 0.049054 0.503597
90.08 0.065098 0.0489994 0.503589
90.09 0.0651967 0.0489447 0.503581
90.1 0.0652952 0.0488899 0.503573
90.11 0.0653936 0.0488351 0.503565
90.12 0.0654919 0.0487802 0.503557
90.13 0.0655901 0.0487251 0.503549
90.14 0.0656882 0.0486701 0.503541
90.15 0.0657862 0.0486149 0.503533
90.16 0.065884 0.0485596 0.503525
90.17 0.0659818 0.0485043 0.503517
90.18 0.0660794 0.0484489 0.503509
90.19 0.0661769 0.0483934 0.503501
90.2 0.0662743 0.0483378 0.503493
90.21 0.0663716 0.0482822 0.503485
90.22 0.0664688 0.0482264 0.503477
90.23 0.0665659 0.0481706 0.503469
90.24 0.0666628 0.0481147 0.503461
90.25 0.0667597 0.0480588 0.503453
90.26 0.0668564 0.0480027 0.503445
90.27 0.066953 0.0479466 0.503436
90.28 0.0670495 0.0478903 0.503428
90.29 0.0671459 0.047834 0.50342
90.3 0.0672422 0.0477777 0.503412
90.31 0.0673383 0.0477212 0.503404
90.32 0.0674343 0.0476647 0.503396
90.33 0.0675303 0.0476081 0.503388
90.34 0.0676261 0.0475514 0.50338
90.35 0.0677217 0.0474946 0.503372
90.36 0.0678173 0.0474377 0.503364
90.37 0.0679128 0.0473808 0.503356
90.38 0.0680081 0.0473238 0.503348
90.39 0.0681033 0.0472667 0.50334
90.4 0.0681984 0.0472095 0.503332
90.41 0.0682934 0.0471523 0.503324
90.42 0.0683883 0.0470949 0.503316
90.43 0.0684831 0.0470375 0.503308
90.44 0.0685777 0.04698 0.5033
90.45 0.0686722 0.0469225 0.503292
90.46 0.0687666 0.0468648 0.503284
90.47 0.0688609 0.0468071 0.503276
90.48 0.0689551 0.0467493 0.503268
90.49 0.0690491 0.0466914 0.50326
90.5 0.0691431 0.0466335 0.503251
90.51 0.0692369 0.0465755 0.503243
90.52 0.0693306 0.0465173 0.503235
90.53 0.0694242 0.0464592 0.503227
90.54 0.0695176 0.0464009 0.503219
90.55 0.069611 0.0463425 0.503211
90.56 0.0697042 0.0462841 0.503203
90.57 0.0697973 0.0462256 0.503195
90.58 0.0698903 0.0461671 0.503187
90.59 0.0699831 0.0461084 0.503179
90.6 0.0700759 0.0460497 0.503171
90.61 0.0701685 0.0459909 0.503163
90.62 0.070261 0.045932 0.503155
90.63 0.0703534 0.045873 0.503147
90.64 0.0704456 0.045814 0.503139
90.65 0.0705378 0.0457549 0.50313
90.66 0.0706298 0.0456957 0.503122
90.67 0.0707217 0.0456364 0.503114
90.68 0.0708135 0.0455771 0.503106
90.69 0.0709051 0.0455177 0.503098
90.7 0.0709967 0.0454582 0.50309
90.71 0.0710881 0.0453986 0.503082
90.72 0.0711794 0.045339 0.503074
90.73 0.0712706 0.0452793 0.503066
90.74 0.0713616 0.0452195 0.503058
90.75 0.0714526 0.0451596 0.50305
90.76 0.0715434 0.0450996 0.503042
90.77 0.0716341 0.0450396 0.503034
90.78 0.0717246 0.0449795 0.503026
90.79 0.0718151 0.0449194 0.503018
90.8 0.0719054 0.0448591 0.503009
90.81 0.0719956 0.0447988 0.503001
90.82 0.0720857 0.0447384 0.502993
90.83 0.0721756 0.0446779 0.502985
90.84 0.0722654 0.0446174 0.502977
90.85 0.0723551 0.0445568 0.502969
90.86 0.0724447 0.0444961 0.502961
90.87 0.0725342 0.0444353 0.502953
90.88 0.0726235 0.0443745 0.502945
90.89 0.0727127 0.0443136 0.502937
90.9 0.0728018 0.0442526 0.502929
90.91 0.0728908 0.0441915 0.502921
90.92 0.0729796 0.0441304 0.502913
90.93 0.0730683 0.0440692 0.502905
90.94 0.0731569 0.0440079 0.502897
90.95 0.0732454 0.0439465 0.502889
90.96 0.0733337 0.0438851 0.502881
90.97 0.0734219 0.0438236 0.502873
90.98 0.07351 0.043762 0.502864
90.99 0.073598 0.0437004 0.502856
91 0.0736858 0.0436387 0.502848
91.01 0.0737735 0.0435769 0.50284
91.02 0.0738611 0.043515 0.502832
91.03 0.0739486 0.0434531 0.502824
91.04 0.0740359 0.0433911 0.502816
91.05 0.0741231 0.043329 0.502808
91.06 0.0742102 0.0432668 0.5028
91.07 0.0742971 0.0432046 0.502792
91.08 0.074384 0.0431423 0.502784
91.09 0.0744707 0.04308 0.502776
91.1 0.0745572 0.0430175 0.502768
91.11 0.0746437 0.042955 0.50276
91.12 0.07473 0.0428924 0.502752
91.13 0.0748162 0.0428298 0.502744
91.14 0.0749023 0.0427671 0.502736
91.15 0.0749882 0.0427043 0.502728
91.16 0.075074 0.0426414 0.50272
91.17 0.0751597 0.0425785 0.502712
91.18 0.0752453 0.0425154 0.502704
91.19 0.0753307 0.0424524 0.502696
91.2 0.075416 0.0423892 0.502688
91.21 0.0755012 0.042326 0.50268
91.22 0.0755862 0.0422627 0.502672
91.23 0.0756711 0.0421993 0.502664
91.24 0.0757559 0.0421359 0.502656
91.25 0.0758405 0.0420724 0.502648
91.26 0.0759251 0.0420088 0.50264
91.27 0.0760095 0.0419452 0.502632
91.28 0.0760937 0.0418815 0.502624
91.29 0.0761779 0.0418177 0.502616
91.3 0.0762619 0.0417539 0.502608
91.31 0.0763458 0.0416899 0.5026
91.32 0.0764295 0.041626 0.502592
91.33 0.0765131 0.0415619 0.502584
91.34 0.0765966 0.0414978 0.502576
91.35 0.07668 0.0414336 0.502569
91.36 0.0767632 0.0413693 0.502561
91.37 0.0768463 0.041305 0.502553
91.38 0.0769293 0.0412406 0.502545
91.39 0.0770121 0.0411761 0.502537
91.4 0.0770948 0.0411116 0.502529
91.41 0.0771774 0.041047 0.502521
91.42 0.0772598 0.0409823 0.502513
91.43 0.0773421 0.0409176 0.502505
91.44 0.0774243 0.0408528 0.502497
91.45 0.0775064 0.0407879 0.502489
91.46 0.0775883 0.0407229 0.502481
91.47 0.0776701 0.0406579 0.502473
91.48 0.0777517 0.0405929 0.502466
91.49 0.0778332 0.0405277 0.502458
91.5 0.0779146 0.0404625 0.50245
91.51 0.0779959 0.0403972 0.502442
91.52 0.078077 0.0403319 0.502434
91.53 0.078158 0.0402665 0.502426
91.54 0.0782388 0.040201 0.502418
91.55 0.0783196 0.0401354 0.50241
91.56 0.0784002 0.0400698 0.502403
91.57 0.0784806 0.0400041 0.502395
91.58 0.0785609 0.0399384 0.502387
91.59 0.0786411 0.0398726 0.502379
91.6 0.0787212 0.0398067 0.502371
91.61 0.0788011 0.0397407 0.502363
91.62 0.0788809 0.0396747 0.502356
91.63 0.0789606 0.0396087 0.502348
91.64 0.0790401 0.0395425 0.50234
91.65 0.0791195 0.0394763 0.502332
91.66 0.0791987 0.03941 0.502324
91.67 0.0792778 0.0393437 0.502317
91.68 0.0793568 0.0392773 0.502309
91.69 0.0794357 0.0392108 0.502301
91.7 0.0795144 0.0391443 0.502293
91.71 0.079593 0.0390777 0.502285
91.72 0.0796714 0.039011 0.502278
91.73 0.0797497 0.0389443 0.50227
91.74 0.0798279 0.0388775 0.502262
91.75 0.0799059 0.0388107 0.502254
91.76 0.0799838 0.0387437 0.502247
91.77 0.0800616 0.0386767 0.502239
91.78 0.0801392 0.0386097 0.502231
91.79 0.0802167 0.0385426 0.502223
91.8 0.0802941 0.0384754 0.502216
91.81 0.0803713 0.0384082 0.502208
91.82 0.0804484 0.0383409 0.5022
91.83 0.0805254 0.0382735 0.502192
91.84 0.0806022 0.0382061 0.502185
91.85 0.0806789 0.0381386 0.502177
91.86 0.0807554 0.038071 0.502169
91.87 0.0808318 0.0380034 0.502162
91.88 0.0809081 0.0379357 0.502154
91.89 0.0809842 0.037868 0.502146
91.9 0.0810602 0.0378002 0.502139
91.91 0.081136 0.0377323 0.502131
91.92 0.0812118 0.0376644 0.502123
91.93 0.0812873 0.0375964 0.502116
91.94 0.0813628 0.0375283 0.502108
91.95 0.0814381 0.0374602 0.5021
91.96 0.0815133 0.037392 0.502093
91.97 0.0815883 0.0373238 0.502085
91.98 0.0816632 0.0372555 0.502078
91.99 0.0817379 0.0371871 0.50207
92 0.0818125 0.0371187 0.502062
92.01 0.081887 0.0370502 0.502055
92.02 0.0819613 0.0369816 0.502047
92.03 0.0820355 0.036913 0.50204
92.04 0.0821096 0.0368443 0.502032
92.05 0.0821835 0.0367756 0.502025
92.06 0.0822573 0.0367068 0.502017
92.07 0.0823309 0.036638 0.502009
92.08 0.0824044 0.036569 0.502002
92.09 0.0824778 0.0365001 0.501994
92.1 0.082551 0.036431 0.501987
92.11 0.0826241 0.0363619 0.501979
92.12 0.082697 0.0362928 0.501972
92.13 0.0827698 0.0362236 0.501964
92.14 0.0828425 0.0361543 0.501957
92.15 0.082915 0.036085 0.501949
92.16 0.0829874 0.0360156 0.501942
92.17 0.0830597 0.0359461 0.501934
92.18 0.0831318 0.0358766 0.501927
92.19 0.0832037 0.035807 0.50192
92.2 0.0832755 0.0357374 0.501912
92.21 0.0833472 0.0356677 0.501905
92.22 0.0834187 0.0355979 0.501897
92.23 0.0834901 0.0355281 0.50189
92.24 0.0835614 0.0354583 0.501882
92.25 0.0836325 0.0353883 0.501875
92.26 0.0837035 0.0353184 0.501868
92.27 0.0837743 0.0352483 0.50186
92.28 0.083845 0.0351782 0.501853
92.29 0.0839155 0.0351081 0.501845
92.3 0.0839859 0.0350378 0.501838
92.31 0.0840562 0.0349676 0.501831
92.32 0.0841263 0.0348972 0.501823
92.33 0.0841963 0.0348268 0.501816
92.34 0.0842661 0.0347564 0.501809
92.35 0.0843358 0.0346859 0.501801
92.36 0.0844054 0.0346153 0.501794
92.37 0.0844748 0.0345447 0.501787
92.38 0.0845441 0.034474 0.50178
92.39 0.0846132 0.0344033 0.501772
92.4 0.0846822 0.0343325 0.501765
92.41 0.084751 0.0342617 0.501758
92.42 0.0848197 0.0341908 0.50175
92.43 0.0848882 0.0341198 0.501743
92.44 0.0849566 0.0340488 0.501736
92.45 0.0850249 0.0339777 0.501729
92.46 0.085093 0.0339066 0.501722
92.47 0.085161 0.0338354 0.501714
92.48 0.0852288 0.0337642 0.501707
92.49 0.0852965 0.0336929 0.5017
92.5 0.0853641 0.0336215 0.501693
92.51 0.0854315 0.0335501 0.501686
92.52 0.0854987 0.0334787 0.501678
92.53 0.0855658 0.0334071 0.501671
92.54 0.0856328 0.0333356 0.501664
92.55 0.0856996 0.033264 0.501657
92.56 0.0857663 0.0331923 0.50165
92.57 0.0858328 0.0331205 0.501643
92.58 0.0858992 0.0330487 0.501636
92.59 0.0859654 0.0329769 0.501629
92.6 0.0860315 0.032905 0.501621
92.61 0.0860975 0.0328331 0.501614
92.62 0.0861633 0.032761 0.501607
92.63 0.086229 0.032689 0.5016
92.64 0.0862945 0.0326169 0.501593
92.65 0.0863598 0.0325447 0.501586
92.66 0.0864251 0.0324725 0.501579
92.67 0.0864901 0.0324002 0.501572
92.68 0.0865551 0.0323279 0.501565
92.69 0.0866199 0.0322555 0.501558
92.7 0.0866845 0.0321831 0.501551
92.71 0.086749 0.0321106 0.501544
92.72 0.0868133 0.032038 0.501537
92.73 0.0868775 0.0319654 0.50153
92.74 0.0869416 0.0318928 0.501523
92.75 0.0870055 0.0318201 0.501516
92.76 0.0870693 0.0317473 0.50151
92.77 0.0871329 0.0316745 0.501503
92.78 0.0871963 0.0316017 0.501496
92.79 0.0872597 0.0315288 0.501489
92.8 0.0873228 0.0314558 0.501482
92.81 0.0873858 0.0313828 0.501475
92.82 0.0874487 0.0313097 0.501468
92.83 0.0875115 0.0312366 0.501461
92.84 0.087574 0.0311635 0.501455
92.85 0.0876365 0.0310903 0.501448
92.86 0.0876988 0.031017 0.501441
92.87 0.0877609 0.0309437 0.501434
92.88 0.0878229 0.0308703 0.501427
92.89 0.0878847 0.0307969 0.501421
92.9 0.0879464 0.0307234 0.501414
92.91 0.088008 0.0306499 0.501407
92.92 0.0880694 0.0305763 0.5014
92.93 0.0881306 0.0305027 0.501394
92.94 0.0881917 0.030429 0.501387
92.95 0.0882527 0.0303553 0.50138
92.96 0.0883135 0.0302815 0.501374
92.97 0.0883741 0.0302077 0.501367
92.98 0.0884346 0.0301338 0.50136
92.99 0.088495 0.0300599 0.501354
93 0.0885552 0.0299859 0.501347
93.01 0.0886153 0.0299119 0.50134
93.02 0.0886752 0.0298379 0.501334
93.03 0.0887349 0.0297637 0.501327
93.04 0.0887945 0.0296896 0.50132
93.05 0.088854 0.0296154 0.501314
93.06 0.0889133 0.0295411 0.501307
93.07 0.0889725 0.0294668 0.501301
93.08 0.0890315 0.0293924 0.501294
93.09 0.0890903 0.029318 0.501288
93.1 0.0891491 0.0292436 0.501281
93.11 0.0892076 0.029169 0.501275
93.12 0.089266 0.0290945 0.501268
93.13 0.0893243 0.0290199 0.501262
93.14 0.0893824 0.0289452 0.501255
93.15 0.0894404 0.0288705 0.501249
93.16 0.0894982 0.0287958 0.501242
93.17 0.0895558 0.028721 0.501236
93.18 0.0896133 0.0286462 0.501229
93.19 0.0896707 0.0285713 0.501223
93.2 0.0897279 0.0284964 0.501217
93.21 0.089785 0.0284214 0.50121
93.22 0.0898419 0.0283464 0.501204
93.23 0.0898986 0.0282713 0.501197
93.24 0.0899552 0.0281962 0.501191
93.25 0.0900117 0.028121 0.501185
93.26 0.090068 0.0280458 0.501178
93.27 0.0901241 0.0279705 0.501172
93.28 0.0901801 0.0278952 0.501166
93.29 0.090236 0.0278199 0.50116
93.3 0.0902917 0.0277445 0.501153
93.31 0.0903472 0.0276691 0.501147
93.32 0.0904026 0.0275936 0.501141
93.33 0.0904578 0.027518 0.501135
93.34 0.0905129 0.0274425 0.501128
93.35 0.0905678 0.0273668 0.501122
93.36 0.0906226 0.0272912 0.501116
93.37 0.0906773 0.0272155 0.50111
93.38 0.0907317 0.0271397 0.501104
93.39 0.0907861 0.0270639 0.501097
93.4 0.0908402 0.0269881 0.501091
93.41 0.0908942 0.0269122 0.501085
93.42 0.0909481 0.0268363 0.501079
93.43 0.0910018 0.0267603 0.501073
93.44 0.0910554 0.0266843 0.501067
93.45 0.0911088 0.0266082 0.501061
93.46 0.091162 0.0265321 0.501055
93.47 0.0912151 0.0264559 0.501049
93.48 0.0912681 0.0263797 0.501043
93.49 0.0913209 0.0263035 0.501037
93.5 0.0913735 0.0262272 0.501031
93.51 0.091426 0.0261509 0.501025
93.52 0.0914783 0.0260745 0.501019
93.53 0.0915305 0.0259981 0.501013
93.54 0.0915825 0.0259217 0.501007
93.55 0.0916344 0.0258452 0.501001
93.56 0.0916861 0.0257686 0.500995
93.57 0.0917377 0.0256921 0.500989
93.58 0.0917891 0.0256154 0.500983
93.59 0.0918403 0.0255388 0.500977
93.6 0.0918914 0.0254621 0.500972
93.61 0.0919424 0.0253853 0.500966
93.62 0.0919932 0.0253085 0.50096
93.63 0.0920438 0.0252317 0.500954
93.64 0.0920943 0.0251548 0.500948
93.65 0.0921446 0.0250779 0.500942
93.66 0.0921948 0.025001 0.500937
93.67 0.0922448 0.024924 0.500931
93.68 0.0922947 0.024847 0.500925
93.69 0.0923444 0.0247699 0.500919
93.7 0.0923939 0.0246928 0.500914
93.71 0.0924433 0.0246156 0.500908
93.72 0.0924926 0.0245384 0.500902
93.73 0.0925417 0.0244612 0.500897
93.74 0.0925906 0.0243839 0.500891
93.75 0.0926394 0.0243066 0.500885
93.76 0.092688 0.0242292 0.50088
93.77 0.0927365 0.0241518 0.500874
93.78 0.0927848 0.0240744 0.500869
93.79 0.0928329 0.0239969 0.500863
93.8 0.0928809 0.0239194 0.500857
93.81 0.0929288 0.0238419 0.500852
93.82 0.0929765 0.0237643 0.500846
93.83 0.093024 0.0236866 0.500841
93.84 0.0930714 0.023609 0.500835
93.85 0.0931186 0.0235313 0.50083
93.86 0.0931657 0.0234535 0.500824
93.87 0.0932126 0.0233757 0.500819
93.88 0.0932593 0.0232979 0.500814
93.89 0.0933059 0.02322 0.500808
93.9 0.0933523 0.0231421 0.500803
93.91 0.0933986 0.0230642 0.500797
93.92 0.0934447 0.0229862 0.500792
93.93 0.0934907 0.0229082 0.500787
93.94 0.0935365 0.0228302 0.500781
93.95 0.0935822 0.0227521 0.500776
93.96 0.0936277 0.022674 0.500771
93.97 0.093673 0.0225958 0.500765
93.98 0.0937182 0.0225176 0.50076
93.99 0.0937632 0.0224394 0.500755
94 0.0938081 0.0223611 0.500749
94.01 0.0938528 0.0222828 0.500744
94.02 0.0938973 0.0222044 0.500739
94.03 0.0939417 0.022126 0.500734
94.04 0.093986 0.0220476 0.500729
94.05 0.0940301 0.0219692 0.500723
94.06 0.094074 0.0218907 0.500718
94.07 0.0941178 0.0218122 0.500713
94.08 0.0941614 0.0217336 0.500708
94.09 0.0942048 0.021655 0.500703
94.1 0.0942481 0.0215764 0.500698
94.11 0.0942912 0.0214977 0.500693
94.12 0.0943342 0.021419 0.500688
94.13 0.094377 0.0213403 0.500683
94.14 0.0944197 0.0212615 0.500678
94.15 0.0944622 0.0211827 0.500673
94.16 0.0945045 0.0211038 0.500668
94.17 0.0945467 0.021025 0.500663
94.18 0.0945887 0.0209461 0.500658
94.19 0.0946306 0.0208671 0.500653
94.2 0.0946723 0.0207881 0.500648
94.21 0.0947139 0.0207091 0.500643
94.22 0.0947553 0.0206301 0.500638
94.23 0.0947965 0.020551 0.500633
94.24 0.0948376 0.0204719 0.500628
94.25 0.0948785 0.0203927 0.500623
94.26 0.0949192 0.0203136 0.500619
94.27 0.0949598 0.0202343 0.500614
94.28 0.0950003 0.0201551 0.500609
94.29 0.0950406 0.0200758 0.500604
94.3 0.0950807 0.0199965 0.500599
94.31 0.0951206 0.0199172 0.500595
94.32 0.0951604 0.0198378 0.50059
94.33 0.0952001 0.0197584 0.500585
94.34 0.0952396 0.0196789 0.500581
94.35 0.0952789 0.0195994 0.500576
94.36 0.0953181 0.0195199 0.500571
94.37 0.0953571 0.0194404 0.500567
94.38 0.0953959 0.0193608 0.500562
94.39 0.0954346 0.0192812 0.500557
94.4 0.0954731 0.0192016 0.500553
94.41 0.0955115 0.0191219 0.500548
94.42 0.0955497 0.0190422 0.500544
94.43 0.0955877 0.0189625 0.500539
94.44 0.0956256 0.0188828 0.500535
94.45 0.0956633 0.018803 0.50053
94.46 0.0957009 0.0187231 0.500526
94.47 0.0957383 0.0186433 0.500521
94.48 0.0957756 0.0185634 0.500517
94.49 0.0958127 0.0184835 0.500512
94.5 0.0958496 0.0184036 0.500508
94.51 0.0958863 0.0183236 0.500503
94.52 0.0959229 0.0182436 0.500499
94.53 0.0959594 0.0181636 0.500495
94.54 0.0959957 0.0180835 0.50049
94.55 0.0960318 0.0180034 0.500486
94.56 0.0960678 0.0179233 0.500482
94.57 0.0961036 0.0178431 0.500477
94.58 0.0961392 0.017763 0.500473
94.59 0.0961747 0.0176828 0.500469
94.6 0.09621 0.0176025 0.500465
94.61 0.0962451 0.0175223 0.50046
94.62 0.0962801 0.017442 0.500456
94.63 0.096315 0.0173617 0.500452
94.64 0.0963497 0.0172813 0.500448
94.65 0.0963842 0.0172009 0.500444
94.66 0.0964185 0.0171205 0.500439
94.67 0.0964527 0.0170401 0.500435
94.68 0.0964867 0.0169596 0.500431
94.69 0.0965206 0.0168791 0.500427
94.7 0.0965543 0.0167986 0.500423
94.71 0.0965879 0.0167181 0.500419
94.72 0.0966212 0.0166375 0.500415
94.73 0.0966545 0.0165569 0.500411
94.74 0.0966875 0.0164763 0.500407
94.75 0.0967204 0.0163956 0.500403
94.76 0.0967532 0.016315 0.500399
94.77 0.0967857 0.0162342 0.500395
94.78 0.0968181 0.0161535 0.500391
94.79 0.0968504 0.0160728 0.500387
94.8 0.0968825 0.015992 0.500383
94.81 0.0969144 0.0159112 0.50038
94.82 0.0969462 0.0158303 0.500376
94.83 0.0969778 0.0157495 0.500372
94.84 0.0970092 0.0156686 0.500368
94.85 0.0970405 0.0155877 0.500364
94.86 0.0970716 0.0155067 0.500361
94.87 0.0971026 0.0154258 0.500357
94.88 0.0971334 0.0153448 0.500353
94.89 0.097164 0.0152638 0.500349
94.9 0.0971945 0.0151827 0.500346
94.91 0.0972248 0.0151017 0.500342
94.92 0.0972549 0.0150206 0.500338
94.93 0.0972849 0.0149395 0.500335
94.94 0.0973147 0.0148583 0.500331
94.95 0.0973444 0.0147772 0.500327
94.96 0.0973739 0.014696 0.500324
94.97 0.0974032 0.0146148 0.50032
94.98 0.0974324 0.0145335 0.500317
94.99 0.0974614 0.0144523 0.500313
95 0.0974902 0.014371 0.50031
95.01 0.0975189 0.0142897 0.500306
95.02 0.0975474 0.0142084 0.500303
95.03 0.0975757 0.014127 0.500299
95.04 0.0976039 0.0140456 0.500296
95.05 0.097632 0.0139642 0.500292
95.06 0.0976598 0.0138828 0.500289
95.07 0.0976875 0.0138014 0.500286
95.08 0.0977151 0.0137199 0.500282
95.09 0.0977424 0.0136384 0.500279
95.1 0.0977696 0.0135569 0.500276
95.11 0.0977967 0.0134754 0.500272
95.12 0.0978236 0.0133938 0.500269
95.13 0.0978503 0.0133123 0.500266
95.14 0.0978769 0.0132307 0.500263
95.15 0.0979032 0.013149 0.500259
95.16 0.0979295 0.0130674 0.500256
95.17 0.0979555 0.0129857 0.500253
95.18 0.0979814 0.0129041 0.50025
95.19 0.0980072 0.0128224 0.500247
95.2 0.0980328 0.0127406 0.500243
95.21 0.0980582 0.0126589 0.50024
95.22 0.0980834 0.0125771 0.500237
95.23 0.0981085 0.0124953 0.500234
95.24 0.0981334 0.0124135 0.500231
95.25 0.0981582 0.0123317 0.500228
95.26 0.0981828 0.0122499 0.500225
95.27 0.0982072 0.012168 0.500222
95.28 0.0982315 0.0120861 0.500219
95.29 0.0982556 0.0120042 0.500216
95.3 0.0982795 0.0119223 0.500213
95.31 0.0983033 0.0118403 0.50021
95.32 0.0983269 0.0117584 0.500207
95.33 0.0983503 0.0116764 0.500204
95.34 0.0983736 0.0115944 0.500202
95.35 0.0983967 0.0115124 0.500199
95.36 0.0984197 0.0114303 0.500196
95.37 0.0984425 0.0113483 0.500193
95.38 0.0984651 0.0112662 0.50019
95.39 0.0984876 0.0111841 0.500188
95.4 0.0985098 0.011102 0.500185
95.41 0.098532 0.0110199 0.500182
95.42 0.0985539 0.0109377 0.500179
95.43 0.0985757 0.0108555 0.500177
95.44 0.0985974 0.0107734 0.500174
95.45 0.0986189 0.0106912 0.500171
95.46 0.0986402 0.0106089 0.500169
95.47 0.0986613 0.0105267 0.500166
95.48 0.0986823 0.0104445 0.500164
95.49 0.0987031 0.0103622 0.500161
95.5 0.0987237 0.0102799 0.500158
95.51 0.0987442 0.0101976 0.500156
95.52 0.0987645 0.0101153 0.500153
95.53 0.0987847 0.0100329 0.500151
95.54 0.0988047 0.00995058 0.500148
95.55 0.0988245 0.00986821 0.500146
95.56 0.0988442 0.00978582 0.500144
95.57 0.0988637 0.00970342 0.500141
95.58 0.098883 0.009621 0.500139
95.59 0.0989022 0.00953857 0.500136
95.6 0.0989212 0.00945612 0.500134
95.61 0.09894 0.00937366 0.500132
95.62 0.0989587 0.00929118 0.500129
95.63 0.0989772 0.00920868 0.500127
95.64 0.0989955 0.00912617 0.500125
95.65 0.0990137 0.00904365 0.500123
95.66 0.0990317 0.00896111 0.50012
95.67 0.0990495 0.00887856 0.500118
95.68 0.0990672 0.00879599 0.500116
95.69 0.0990847 0.00871341 0.500114
95.7 0.0991021 0.00863081 0.500112
95.71 0.0991193 0.0085482 0.50011
95.72 0.0991363 0.00846558 0.500107
95.73 0.0991531 0.00838294 0.500105
95.74 0.0991698 0.00830029 0.500103
95.75 0.0991863 0.00821762 0.500101
95.76 0.0992027 0.00813494 0.500099
95.77 0.0992189 0.00805225 0.500097
95.78 0.0992349 0.00796954 0.500095
95.79 0.0992508 0.00788683 0.500093
95.8 0.0992665 0.0078041 0.500091
95.81 0.099282 0.00772135 0.500089
95.82 0.0992974 0.0076386 0.500088
95.83 0.0993126 0.00755583 0.500086
95.84 0.0993276 0.00747305 0.500084
95.85 0.0993424 0.00739025 0.500082
95.86 0.0993571 0.00730745 0.50008
95.87 0.0993717 0.00722463 0.500078
95.88 0.0993861 0.0071418 0.500077
95.89 0.0994003 0.00705896 0.500075
95.9 0.0994143 0.00697611 0.500073
95.91 0.0994282 0.00689325 0.500071
95.92 0.0994419 0.00681038 0.50007
95.93 0.0994554 0.00672749 0.500068
95.94 0.0994688 0.00664459 0.500066
95.95 0.099482 0.00656169 0.500065
95.96 0.099495 0.00647877 0.500063
95.97 0.0995079 0.00639584 0.500061
95.98 0.0995206 0.0063129 0.50006
95.99 0.0995332 0.00622995 0.500058
96 0.0995455 0.00614699 0.500057
96.01 0.0995578 0.00606403 0.500055
96.02 0.0995698 0.00598105 0.500054
96.03 0.0995817 0.00589806 0.500052
96.04 0.0995934 0.00581506 0.500051
96.05 0.0996049 0.00573205 0.500049
96.06 0.0996163 0.00564904 0.500048
96.07 0.0996275 0.00556601 0.500046
96.08 0.0996386 0.00548297 0.500045
96.09 0.0996495 0.00539993 0.500044
96.1 0.0996602 0.00531688 0.500042
96.11 0.0996707 0.00523382 0.500041
96.12 0.0996811 0.00515075 0.50004
96.13 0.0996913 0.00506767 0.500039
96.14 0.0997014 0.00498458 0.500037
96.15 0.0997113 0.00490149 0.500036
96.16 0.099721 0.00481838 0.500035
96.17 0.0997306 0.00473527 0.500034
96.18 0.09974 0.00465215 0.500032
96.19 0.0997492 0.00456903 0.500031
96.2 0.0997582 0.0044859 0.50003
96.21 0.0997671 0.00440275 0.500029
96.22 0.0997758 0.00431961 0.500028
96.23 0.0997844 0.00423645 0.500027
96.24 0.0997928 0.00415329 0.500026
96.25 0.099801 0.00407012 0.500025
96.26 0.0998091 0.00398695 0.500024
96.27 0.099817 0.00390377 0.500023
96.28 0.0998247 0.00382058 0.500022
96.29 0.0998322 0.00373738 0.500021
96.3 0.0998396 0.00365418 0.50002
96.31 0.0998469 0.00357098 0.500019
96.32 0.0998539 0.00348777 0.500018
96.33 0.0998608 0.00340455 0.500017
96.34 0.0998675 0.00332133 0.500017
96.35 0.0998741 0.0032381 0.500016
96.36 0.0998805 0.00315486 0.500015
96.37 0.0998867 0.00307163 0.500014
96.38 0.0998928 0.00298838 0.500013
96.39 0.0998987 0.00290513 0.500013
96.4 0.0999044 0.00282188 0.500012
96.41 0.09991 0.00273862 0.500011
96.42 0.0999154 0.00265536 0.500011
96.43 0.0999206 0.00257209 0.50001
96.44 0.0999256 0.00248882 0.500009
96.45 0.0999305 0.00240555 0.500009
96.46 0.0999353 0.00232227 0.500008
96.47 0.0999398 0.00223899 0.500008
96.48 0.0999442 0.0021557 0.500007
96.49 0.0999484 0.00207241 0.500006
96.5 0.0999525 0.00198912 0.500006
96.51 0.0999564 0.00190582 0.500005
96.52 0.0999601 0.00182252 0.500005
96.53 0.0999637 0.00173922 0.500005
96.54 0.0999671 0.00165591 0.500004
96.55 0.0999703 0.00157261 0.500004
96.56 0.0999734 0.00148929 0.500003
96.57 0.0999763 0.00140598 0.500003
96.58 0.099979 0.00132267 0.500003
96.59 0.0999816 0.00123935 0.500002
96.6 0.099984 0.00115603 0.500002
96.61 0.0999862 0.00107271 0.500002
96.62 0.0999883 0.000989386 0.500001
96.63 0.0999901 0.000906061 0.500001
96.64 0.0999919 0.000822735 0.500001
96.65 0.0999934 0.000739408 0.500001
96.66 0.0999948 0.000656079 0.500001
96.67 0.0999961 0.00057275 0.5
96.68 0.0999971 0.000489419 0.5
96.69 0.099998 0.000406088 0.5
96.7 0.0999987 0.000322756 0.5
96.71 0.0999993 0.000239423 0.5
96.72 0.0999997 0.00015609 0.5
96.73 0.0999999 7.2757e-05 0.5
96.74 0.1 -1.05763e-05 0.5
96.75 0.0999999 -9.39096e-05 0.5
96.76 0.0999996 -0.000177243 0.5
96.77 0.0999992 -0.000260576 0.5
96.78 0.0999986 -0.000343908 0.5
96.79 0.0999978 -0.00042724 0.5
96.8 0.0999969 -0.000510571 0.5
96.81 0.0999958 -0.000593902 0.500001
96.82 0.0999945 -0.000677231 0.500001
96.83 0.0999931 -0.000760559 0.500001
96.84 0.0999915 -0.000843886 0.500001
96.85 0.0999897 -0.000927212 0.500001
96.86 0.0999877 -0.00101054 0.500002
96.87 0.0999856 -0.00109386 0.500002
96.88 0.0999834 -0.00117718 0.500002
96.89 0.0999809 -0.0012605 0.500002
96.9 0.0999783 -0.00134382 0.500003
96.91 0.0999756 -0.00142713 0.500003
96.92 0.0999726 -0.00151044 0.500003
96.93 0.0999695 -0.00159375 0.500004
96.94 0.0999662 -0.00167706 0.500004
96.95 0.0999628 -0.00176036 0.500005
96.96 0.0999592 -0.00184367 0.500005
96.97 0.0999554 -0.00192696 0.500006
96.98 0.0999515 -0.00201026 0.500006
96.99 0.0999474 -0.00209355 0.500007
97 0.0999431 -0.00217684 0.500007
97.01 0.0999387 -0.00226013 0.500008
97.02 0.0999341 -0.00234341 0.500008
97.03 0.0999293 -0.00242669 0.500009
97.04 0.0999244 -0.00250996 0.500009
97.05 0.0999193 -0.00259323 0.50001
97.06 0.099914 -0.00267649 0.500011
97.07 0.0999086 -0.00275976 0.500011
97.08 0.099903 -0.00284301 0.500012
97.09 0.0998972 -0.00292626 0.500013
97.1 0.0998913 -0.00300951 0.500014
97.11 0.0998852 -0.00309275 0.500014
97.12 0.0998789 -0.00317599 0.500015
97.13 0.0998724 -0.00325922 0.500016
97.14 0.0998658 -0.00334245 0.500017
97.15 0.0998591 -0.00342567 0.500018
97.16 0.0998521 -0.00350889 0.500018
97.17 0.099845 -0.0035921 0.500019
97.18 0.0998378 -0.0036753 0.50002
97.19 0.0998303 -0.0037585 0.500021
97.2 0.0998227 -0.00384169 0.500022
97.21 0.099815 -0.00392488 0.500023
97.22 0.099807 -0.00400806 0.500024
97.23 0.0997989 -0.00409123 0.500025
97.24 0.0997907 -0.0041744 0.500026
97.25 0.0997822 -0.00425756 0.500027
97.26 0.0997736 -0.00434071 0.500028
97.27 0.0997649 -0.00442386 0.500029
97.28 0.0997559 -0.004507 0.50003
97.29 0.0997468 -0.00459013 0.500032
97.3 0.0997376 -0.00467325 0.500033
97.31 0.0997282 -0.00475637 0.500034
97.32 0.0997186 -0.00483948 0.500035
97.33 0.0997088 -0.00492258 0.500036
97.34 0.0996989 -0.00500567 0.500038
97.35 0.0996888 -0.00508876 0.500039
97.36 0.0996785 -0.00517183 0.50004
97.37 0.0996681 -0.0052549 0.500041
97.38 0.0996575 -0.00533796 0.500043
97.39 0.0996467 -0.00542101 0.500044
97.4 0.0996358 -0.00550405 0.500045
97.41 0.0996247 -0.00558708 0.500047
97.42 0.0996135 -0.00567011 0.500048
97.43 0.099602 -0.00575312 0.50005
97.44 0.0995904 -0.00583613 0.500051
97.45 0.0995787 -0.00591912 0.500053
97.46 0.0995668 -0.00600211 0.500054
97.47 0.0995547 -0.00608509 0.500056
97.48 0.0995424 -0.00616805 0.500057
97.49 0.09953 -0.00625101 0.500059
97.5 0.0995174 -0.00633396 0.50006
97.51 0.0995047 -0.00641689 0.500062
97.52 0.0994917 -0.00649982 0.500063
97.53 0.0994787 -0.00658273 0.500065
97.54 0.0994654 -0.00666564 0.500067
97.55 0.099452 -0.00674853 0.500068
97.56 0.0994384 -0.00683141 0.50007
97.57 0.0994247 -0.00691428 0.500072
97.58 0.0994107 -0.00699714 0.500073
97.59 0.0993967 -0.00707999 0.500075
97.6 0.0993824 -0.00716283 0.500077
97.61 0.099368 -0.00724566 0.500079
97.62 0.0993534 -0.00732847 0.500081
97.63 0.0993387 -0.00741127 0.500082
97.64 0.0993238 -0.00749406 0.500084
97.65 0.0993087 -0.00757684 0.500086
97.66 0.0992935 -0.0076596 0.500088
97.67 0.0992781 -0.00774236 0.50009
97.68 0.0992625 -0.0078251 0.500092
97.69 0.0992468 -0.00790782 0.500094
97.7 0.0992309 -0.00799054 0.500096
97.71 0.0992148 -0.00807324 0.500098
97.72 0.0991986 -0.00815593 0.5001
97.73 0.0991822 -0.0082386 0.500102
97.74 0.0991656 -0.00832127 0.500104
97.75 0.0991489 -0.00840392 0.500106
97.76 0.099132 -0.00848655 0.500108
97.77 0.0991149 -0.00856917 0.50011
97.78 0.0990977 -0.00865178 0.500112
97.79 0.0990803 -0.00873437 0.500114
97.8 0.0990627 -0.00881695 0.500117
97.81 0.099045 -0.00889951 0.500119
97.82 0.0990271 -0.00898206 0.500121
97.83 0.0990091 -0.0090646 0.500123
97.84 0.0989909 -0.00914712 0.500125
97.85 0.0989725 -0.00922962 0.500128
97.86 0.0989539 -0.00931212 0.50013
97.87 0.0989352 -0.00939459 0.500132
97.88 0.0989164 -0.00947705 0.500135
97.89 0.0988973 -0.0095595 0.500137
97.9 0.0988781 -0.00964193 0.500139
97.91 0.0988587 -0.00972434 0.500142
97.92 0.0988392 -0.00980674 0.500144
97.93 0.0988195 -0.00988912 0.500147
97.94 0.0987996 -0.00997148 0.500149
97.95 0.0987796 -0.0100538 0.500152
97.96 0.0987594 -0.0101362 0.500154
97.97 0.098739 -0.0102185 0.500157
97.98 0.0987185 -0.0103008 0.500159
97.99 0.0986978 -0.0103831 0.500162
98 0.098677 -0.0104653 0.500164
98.01 0.0986559 -0.0105476 0.500167
98.02 0.0986348 -0.0106298 0.500169
98.03 0.0986134 -0.010712 0.500172
98.04 0.0985919 -0.0107942 0.500175
98.05 0.0985702 -0.0108764 0.500177
98.06 0.0985484 -0.0109586 0.50018
98.07 0.0985264 -0.0110407 0.500183
98.08 0.0985042 -0.0111228 0.500186
98.09 0.0984819 -0.0112049 0.500188
98.1 0.0984594 -0.011287 0.500191
98.11 0.0984367 -0.0113691 0.500194
98.12 0.0984139 -0.0114512 0.500197
98.13 0.0983909 -0.0115332 0.500199
98.14 0.0983677 -0.0116152 0.500202
98.15 0.0983444 -0.0116972 0.500205
98.16 0.0983209 -0.0117792 0.500208
98.17 0.0982973 -0.0118611 0.500211
98.18 0.0982734 -0.0119431 0.500214
98.19 0.0982495 -0.012025 0.500217
98.2 0.0982253 -0.0121069 0.50022
98.21 0.098201 -0.0121888 0.500223
98.22 0.0981766 -0.0122706 0.500226
98.23 0.0981519 -0.0123525 0.500229
98.24 0.0981271 -0.0124343 0.500232
98.25 0.0981022 -0.0125161 0.500235
98.26 0.098077 -0.0125979 0.500238
98.27 0.0980517 -0.0126796 0.500241
98.28 0.0980263 -0.0127614 0.500244
98.29 0.0980007 -0.0128431 0.500247
98.3 0.0979749 -0.0129248 0.500251
98.31 0.0979489 -0.0130065 0.500254
98.32 0.0979228 -0.0130881 0.500257
98.33 0.0978966 -0.0131698 0.50026
98.34 0.0978701 -0.0132514 0.500263
98.35 0.0978435 -0.013333 0.500267
98.36 0.0978168 -0.0134145 0.50027
98.37 0.0977898 -0.0134961 0.500273
98.38 0.0977628 -0.0135776 0.500276
98.39 0.0977355 -0.0136591 0.50028
98.4 0.0977081 -0.0137406 0.500283
98.41 0.0976805 -0.0138221 0.500286
98.42 0.0976528 -0.0139035 0.50029
98.43 0.0976249 -0.0139849 0.500293
98.44 0.0975968 -0.0140663 0.500297
98.45 0.0975686 -0.0141477 0.5003
98.46 0.0975402 -0.014229 0.500304
98.47 0.0975116 -0.0143103 0.500307
98.48 0.0974829 -0.0143916 0.500311
98.49 0.097454 -0.0144729 0.500314
98.5 0.097425 -0.0145541 0.500318
98.51 0.0973958 -0.0146354 0.500321
98.52 0.0973664 -0.0147166 0.500325
98.53 0.0973369 -0.0147978 0.500328
98.54 0.0973072 -0.0148789 0.500332
98.55 0.0972773 -0.01496 0.500336
98.56 0.0972473 -0.0150411 0.500339
98.57 0.0972171 -0.0151222 0.500343
98.58 0.0971867 -0.0152033 0.500347
98.59 0.0971562 -0.0152843 0.50035
98.6 0.0971256 -0.0153653 0.500354
98.61 0.0970947 -0.0154463 0.500358
98.62 0.0970637 -0.0155273 0.500362
98.63 0.0970326 -0.0156082 0.500365
98.64 0.0970013 -0.0156891 0.500369
98.65 0.0969698 -0.01577 0.500373
98.66 0.0969381 -0.0158508 0.500377
98.67 0.0969063 -0.0159317 0.500381
98.68 0.0968744 -0.0160125 0.500384
98.69 0.0968422 -0.0160933 0.500388
98.7 0.0968099 -0.016174 0.500392
98.71 0.0967775 -0.0162547 0.500396
98.72 0.0967449 -0.0163354 0.5004
98.73 0.0967121 -0.0164161 0.500404
98.74 0.0966791 -0.0164967 0.500408
98.75 0.096646 -0.0165774 0.500412
98.76 0.0966128 -0.016658 0.500416
98.77 0.0965794 -0.0167385 0.50042
98.78 0.0965458 -0.0168191 0.500424
98.79 0.096512 -0.0168996 0.500428
98.8 0.0964781 -0.01698 0.500432
98.81 0.096444 -0.0170605 0.500436
98.82 0.0964098 -0.0171409 0.500441
98.83 0.0963754 -0.0172213 0.500445
98.84 0.0963409 -0.0173017 0.500449
98.85 0.0963062 -0.017382 0.500453
98.86 0.0962713 -0.0174624 0.500457
98.87 0.0962362 -0.0175426 0.500461
98.88 0.096201 -0.0176229 0.500466
98.89 0.0961657 -0.0177031 0.50047
98.9 0.0961302 -0.0177833 0.500474
98.91 0.0960945 -0.0178635 0.500478
98.92 0.0960586 -0.0179436 0.500483
98.93 0.0960226 -0.0180237 0.500487
98.94 0.0959865 -0.0181038 0.500491
98.95 0.0959502 -0.0181839 0.500496
98.96 0.0959137 -0.0182639 0.5005
98.97 0.095877 -0.0183439 0.500504
98.98 0.0958402 -0.0184239 0.500509
98.99 0.0958033 -0.0185038 0.500513
99 0.0957661 -0.0185837 0.500518
99.01 0.0957288 -0.0186636 0.500522
99.02 0.0956914 -0.0187434 0.500527
99.03 0.0956538 -0.0188232 0.500531
99.04 0.095616 -0.018903 0.500536
99.05 0.0955781 -0.0189828 0.50054
99.06 0.09554 -0.0190625 0.500545
99.07 0.0955018 -0.0191422 0.500549
99.08 0.0954634 -0.0192218 0.500554
99.09 0.0954248 -0.0193014 0.500559
99.1 0.0953861 -0.019381 0.500563
99.11 0.0953472 -0.0194606 0.500568
99.12 0.0953081 -0.0195401 0.500572
99.13 0.0952689 -0.0196196 0.500577
99.14 0.0952296 -0.0196991 0.500582
99.15 0.09519 -0.0197785 0.500586
99.16 0.0951504 -0.0198579 0.500591
99.17 0.0951105 -0.0199373 0.500596
99.18 0.0950705 -0.0200166 0.500601
99.19 0.0950304 -0.0200959 0.500605
99.2 0.09499 -0.0201752 0.50061
99.21 0.0949496 -0.0202544 0.500615
99.22 0.0949089 -0.0203337 0.50062
99.23 0.0948681 -0.0204128 0.500625
99.24 0.0948272 -0.020492 0.500629
99.25 0.094786 -0.0205711 0.500634
99.26 0.0947448 -0.0206501 0.500639
99.27 0.0947033 -0.0207292 0.500644
99.28 0.0946617 -0.0208082 0.500649
99.29 0.09462 -0.0208872 0.500654
99.3 0.0945781 -0.0209661 0.500659
99.31 0.094536 -0.021045 0.500664
99.32 0.0944938 -0.0211239 0.500669
99.33 0.0944514 -0.0212027 0.500674
99.34 0.0944089 -0.0212815 0.500679
99.35 0.0943662 -0.0213603 0.500684
99.36 0.0943233 -0.021439 0.500689
99.37 0.0942803 -0.0215177 0.500694
99.38 0.0942371 -0.0215963 0.500699
99.39 0.0941938 -0.021675 0.500704
99.4 0.0941503 -0.0217535 0.500709
99.41 0.0941067 -0.0218321 0.500714
99.42 0.0940629 -0.0219106 0.50072
99.43 0.0940189 -0.0219891 0.500725
99.44 0.0939748 -0.0220675 0.50073
99.45 0.0939305 -0.0221459 0.500735
99.46 0.0938861 -0.0222243 0.50074
99.47 0.0938415 -0.0223027 0.500746
99.48 0.0937967 -0.022381 0.500751
99.49 0.0937518 -0.0224592 0.500756
99.5 0.0937067 -0.0225374 0.500761
99.51 0.0936615 -0.0226156 0.500767
99.52 0.0936161 -0.0226938 0.500772
99.53 0.0935706 -0.0227719 0.500777
99.54 0.0935249 -0.02285 0.500783
99.55 0.0934791 -0.022928 0.500788
99.56 0.0934331 -0.023006 0.500793
99.57 0.0933869 -0.023084 0.500799
99.58 0.0933406 -0.0231619 0.500804
99.59 0.0932941 -0.0232398 0.500809
99.6 0.0932475 -0.0233177 0.500815
99.61 0.0932007 -0.0233955 0.50082
99.62 0.0931537 -0.0234732 0.500826
99.63 0.0931066 -0.023551 0.500831
99.64 0.0930594 -0.0236287 0.500837
99.65 0.0930119 -0.0237063 0.500842
99.66 0.0929644 -0.023784 0.500848
99.67 0.0929166 -0.0238615 0.500853
99.68 0.0928688 -0.0239391 0.500859
99.69 0.0928207 -0.0240166 0.500864
99.7 0.0927725 -0.0240941 0.50087
99.71 0.0927242 -0.0241715 0.500876
99.72 0.0926757 -0.0242489 0.500881
99.73 0.092627 -0.0243262 0.500887
99.74 0.0925782 -0.0244035 0.500893
99.75 0.0925292 -0.0244808 0.500898
99.76 0.0924801 -0.024558 0.500904
99.77 0.0924308 -0.0246352 0.50091
99.78 0.0923814 -0.0247123 0.500915
99.79 0.0923318 -0.0247895 0.500921
99.8 0.092282 -0.0248665 0.500927
99.81 0.0922321 -0.0249435 0.500932
99.82 0.0921821 -0.0250205 0.500938
99.83 0.0921319 -0.0250975 0.500944
99.84 0.0920815 -0.0251744 0.50095
99.85 0.092031 -0.0252512 0.500956
99.86 0.0919803 -0.025328 0.500961
99.87 0.0919295 -0.0254048 0.500967
99.88 0.0918785 -0.0254816 0.500973
99.89 0.0918274 -0.0255582 0.500979
99.9 0.0917761 -0.0256349 0.500985
99.91 0.0917246 -0.0257115 0.500991
99.92 0.091673 -0.0257881 0.500997
99.93 0.0916213 -0.0258646 0.501002
99.94 0.0915693 -0.0259411 0.501008
99.95 0.0915173 -0.0260175 0.501014
99.96 0.0914651 -0.0260939 0.50102
99.97 0.0914127 -0.0261703 0.501026
99.98 0.0913602 -0.0262466 0.501032
99.99 0.0913075 -0.0263229 0.501038
