0 1.414 0
0.01 1.41398 -0.00426261
0.02 1.41391 -0.00852487
0.03 1.41381 -0.0127864
0.04 1.41366 -0.0170469
0.05 1.41347 -0.0213059
0.06 1.41323 -0.0255631
0.07 1.41296 -0.0298182
0.08 1.41264 -0.0340707
0.09 1.41227 -0.0383204
0.1 1.41187 -0.0425669
0.11 1.41142 -0.0468097
0.12 1.41093 -0.0510487
0.13 1.4104 -0.0552833
0.14 1.40983 -0.0595133
0.15 1.40921 -0.0637383
0.16 1.40855 -0.067958
0.17 1.40785 -0.0721719
0.18 1.40711 -0.0763798
0.19 1.40633 -0.0805813
0.2 1.4055 -0.0847761
0.21 1.40463 -0.0889638
0.22 1.40372 -0.0931441
0.23 1.40277 -0.0973166
0.24 1.40177 -0.101481
0.25 1.40074 -0.105637
0.26 1.39966 -0.109784
0.27 1.39854 -0.113922
0.28 1.39738 -0.118051
0.29 1.39618 -0.12217
0.3 1.39494 -0.126278
0.31 1.39366 -0.130377
0.32 1.39233 -0.134464
0.33 1.39097 -0.138541
0.34 1.38956 -0.142606
0.35 1.38811 -0.14666
0.36 1.38663 -0.150701
0.37 1.3851 -0.15473
0.38 1.38353 -0.158747
0.39 1.38193 -0.162751
0.4 1.38028 -0.166741
0.41 1.37859 -0.170718
0.42 1.37686 -0.174681
0.43 1.3751 -0.17863
0.44 1.37329 -0.182565
0.45 1.37145 -0.186484
0.46 1.36956 -0.190389
0.47 1.36764 -0.194279
0.48 1.36568 -0.198153
0.49 1.36367 -0.202012
0.5 1.36164 -0.205854
0.51 1.35956 -0.20968
0.52 1.35744 -0.21349
0.53 1.35529 -0.217283
0.54 1.3531 -0.221058
0.55 1.35087 -0.224817
0.56 1.3486 -0.228557
0.57 1.3463 -0.23228
0.58 1.34395 -0.235985
0.59 1.34158 -0.239672
0.6 1.33916 -0.24334
0.61 1.33671 -0.246989
0.62 1.33422 -0.250619
0.63 1.3317 -0.25423
0.64 1.32914 -0.257822
0.65 1.32654 -0.261394
0.66 1.32391 -0.264946
0.67 1.32124 -0.268479
0.68 1.31854 -0.271991
0.69 1.3158 -0.275482
0.7 1.31303 -0.278953
0.71 1.31022 -0.282404
0.72 1.30738 -0.285833
0.73 1.30451 -0.289241
0.74 1.3016 -0.292628
0.75 1.29865 -0.295993
0.76 1.29568 -0.299337
0.77 1.29267 -0.302659
0.78 1.28962 -0.305959
0.79 1.28655 -0.309237
0.8 1.28344 -0.312492
0.81 1.2803 -0.315726
0.82 1.27713 -0.318936
0.83 1.27392 -0.322124
0.84 1.27068 -0.325289
0.85 1.26741 -0.328432
0.86 1.26411 -0.331551
0.87 1.26078 -0.334647
0.88 1.25742 -0.33772
0.89 1.25403 -0.34077
0.9 1.25061 -0.343796
0.91 1.24715 -0.346798
0.92 1.24367 -0.349777
0.93 1.24016 -0.352732
0.94 1.23662 -0.355664
0.95 1.23304 -0.358571
0.96 1.22944 -0.361454
0.97 1.22582 -0.364314
0.98 1.22216 -0.367149
0.99 1.21847 -0.36996
1 1.21476 -0.372747
1.01 1.21102 -0.37551
1.02 1.20725 -0.378248
1.03 1.20345 -0.380962
1.04 1.19963 -0.383651
1.05 1.19578 -0.386316
1.06 1.1919 -0.388957
1.07 1.188 -0.391573
1.08 1.18407 -0.394164
1.09 1.18012 -0.396731
1.1 1.17614 -0.399274
1.11 1.17213 -0.401791
1.12 1.1681 -0.404285
1.13 1.16405 -0.406753
1.14 1.15997 -0.409197
1.15 1.15586 -0.411617
1.16 1.15173 -0.414012
1.17 1.14758 -0.416382
1.18 1.14341 -0.418728
1.19 1.13921 -0.421049
1.2 1.13499 -0.423346
1.21 1.13074 -0.425618
1.22 1.12647 -0.427866
1.23 1.12218 -0.43009
1.24 1.11787 -0.432289
1.25 1.11354 -0.434464
1.26 1.10918 -0.436614
1.27 1.10481 -0.438741
1.28 1.10041 -0.440843
1.29 1.09599 -0.442921
1.3 1.09155 -0.444975
1.31 1.08709 -0.447005
1.32 1.08261 -0.449011
1.33 1.07811 -0.450994
1.34 1.07359 -0.452952
1.35 1.06905 -0.454887
1.36 1.06449 -0.456799
1.37 1.05991 -0.458686
1.38 1.05532 -0.460551
1.39 1.0507 -0.462392
1.4 1.04607 -0.464209
1.41 1.04142 -0.466004
1.42 1.03675 -0.467775
1.43 1.03206 -0.469524
1.44 1.02736 -0.471249
1.45 1.02264 -0.472952
1.46 1.0179 -0.474632
1.47 1.01315 -0.47629
1.48 1.00838 -0.477925
1.49 1.00359 -0.479538
1.5 0.998785 -0.481129
1.51 0.993966 -0.482698
1.52 0.989131 -0.484245
1.53 0.984281 -0.485769
1.54 0.979416 -0.487273
1.55 0.974536 -0.488754
1.56 0.969641 -0.490215
1.57 0.964731 -0.491654
1.58 0.959808 -0.493071
1.59 0.95487 -0.494468
1.6 0.949919 -0.495844
1.61 0.944953 -0.497199
1.62 0.939975 -0.498534
1.63 0.934983 -0.499848
1.64 0.929978 -0.501142
1.65 0.92496 -0.502415
1.66 0.919929 -0.503669
1.67 0.914887 -0.504903
1.68 0.909831 -0.506117
1.69 0.904764 -0.507312
1.7 0.899685 -0.508487
1.71 0.894595 -0.509643
1.72 0.889493 -0.51078
1.73 0.884379 -0.511898
1.74 0.879255 -0.512997
1.75 0.874119 -0.514077
1.76 0.868973 -0.51514
1.77 0.863817 -0.516184
1.78 0.85865 -0.517209
1.79 0.853472 -0.518217
1.8 0.848285 -0.519208
1.81 0.843088 -0.52018
1.82 0.837882 -0.521135
1.83 0.832666 -0.522073
1.84 0.82744 -0.522994
1.85 0.822206 -0.523898
1.86 0.816962 -0.524785
1.87 0.81171 -0.525656
1.88 0.806449 -0.52651
1.89 0.80118 -0.527348
1.9 0.795902 -0.52817
1.91 0.790617 -0.528977
1.92 0.785323 -0.529767
1.93 0.780021 -0.530542
1.94 0.774712 -0.531302
1.95 0.769395 -0.532046
1.96 0.764071 -0.532776
1.97 0.75874 -0.53349
1.98 0.753402 -0.53419
1.99 0.748056 -0.534876
2 0.742704 -0.535547
2.01 0.737345 -0.536204
2.02 0.73198 -0.536848
2.03 0.726608 -0.537477
2.04 0.721231 -0.538093
2.05 0.715847 -0.538696
2.06 0.710457 -0.539285
2.07 0.705061 -0.539861
2.08 0.699659 -0.540425
2.09 0.694252 -0.540975
2.1 0.68884 -0.541514
2.11 0.683422 -0.542039
2.12 0.677999 -0.542553
2.13 0.672571 -0.543055
2.14 0.667138 -0.543545
2.15 0.6617 -0.544023
2.16 0.656258 -0.544489
2.17 0.650811 -0.544945
2.18 0.645359 -0.545389
2.19 0.639903 -0.545822
2.2 0.634442 -0.546245
2.21 0.628978 -0.546657
2.22 0.623509 -0.547058
2.23 0.618037 -0.547449
2.24 0.61256 -0.54783
2.25 0.60708 -0.548201
2.26 0.601596 -0.548562
2.27 0.596109 -0.548914
2.28 0.590618 -0.549256
2.29 0.585124 -0.549589
2.3 0.579626 -0.549913
2.31 0.574126 -0.550227
2.32 0.568622 -0.550533
2.33 0.563115 -0.55083
2.34 0.557605 -0.551119
2.35 0.552093 -0.551399
2.36 0.546577 -0.551672
2.37 0.541059 -0.551936
2.38 0.535539 -0.552192
2.39 0.530016 -0.55244
2.4 0.52449 -0.552681
2.41 0.518962 -0.552915
2.42 0.513432 -0.553141
2.43 0.507899 -0.55336
2.44 0.502364 -0.553572
2.45 0.496828 -0.553777
2.46 0.491289 -0.553976
2.47 0.485748 -0.554168
2.48 0.480206 -0.554354
2.49 0.474661 -0.554533
2.5 0.469115 -0.554706
2.51 0.463567 -0.554873
2.52 0.458018 -0.555035
2.53 0.452466 -0.55519
2.54 0.446914 -0.55534
2.55 0.44136 -0.555485
2.56 0.435804 -0.555624
2.57 0.430247 -0.555758
2.58 0.424689 -0.555887
2.59 0.419129 -0.556011
2.6 0.413569 -0.556131
2.61 0.408007 -0.556245
2.62 0.402444 -0.556355
2.63 0.39688 -0.556461
2.64 0.391315 -0.556562
2.65 0.385748 -0.556659
2.66 0.380181 -0.556752
2.67 0.374613 -0.556841
2.68 0.369045 -0.556926
2.69 0.363475 -0.557007
2.7 0.357904 -0.557085
2.71 0.352333 -0.557159
2.72 0.346761 -0.55723
2.73 0.341189 -0.557297
2.74 0.335615 -0.557362
2.75 0.330041 -0.557423
2.76 0.324467 -0.557481
2.77 0.318892 -0.557536
2.78 0.313316 -0.557588
2.79 0.30774 -0.557638
2.8 0.302163 -0.557685
2.81 0.296586 -0.55773
2.82 0.291009 -0.557772
2.83 0.285431 -0.557811
2.84 0.279853 -0.557849
2.85 0.274274 -0.557884
2.86 0.268695 -0.557918
2.87 0.263116 -0.557949
2.88 0.257536 -0.557978
2.89 0.251956 -0.558006
2.9 0.246376 -0.558031
2.91 0.240795 -0.558055
2.92 0.235215 -0.558078
2.93 0.229634 -0.558099
2.94 0.224053 -0.558118
2.95 0.218472 -0.558136
2.96 0.21289 -0.558153
2.97 0.207309 -0.558168
2.98 0.201727 -0.558182
2.99 0.196145 -0.558195
3 0.190563 -0.558207
3.01 0.184981 -0.558218
3.02 0.179399 -0.558228
3.03 0.173816 -0.558238
3.04 0.168234 -0.558246
3.05 0.162651 -0.558254
3.06 0.157069 -0.55826
3.07 0.151486 -0.558266
3.08 0.145903 -0.558272
3.09 0.140321 -0.558277
3.1 0.134738 -0.558281
3.11 0.129155 -0.558285
3.12 0.123572 -0.558288
3.13 0.117989 -0.558291
3.14 0.112406 -0.558294
3.15 0.106823 -0.558296
3.16 0.10124 -0.558298
3.17 0.0956574 -0.558299
3.18 0.0900744 -0.558301
3.19 0.0844914 -0.558302
3.2 0.0789084 -0.558303
3.21 0.0733253 -0.558304
3.22 0.0677423 -0.558304
3.23 0.0621593 -0.558305
3.24 0.0565762 -0.558305
3.25 0.0509932 -0.558305
3.26 0.0454101 -0.558305
3.27 0.039827 -0.558306
3.28 0.034244 -0.558306
3.29 0.0286609 -0.558306
3.3 0.0230779 -0.558306
3.31 0.0174948 -0.558306
3.32 0.0119118 -0.558306
3.33 0.0063287 -0.558306
3.34 0.000745646 -0.558306
3.35 -0.00483741 -0.558306
3.36 -0.0104205 -0.558306
3.37 -0.0160035 -0.558306
3.38 -0.0215866 -0.558306
3.39 -0.0271696 -0.558306
3.4 -0.0327527 -0.558306
3.41 -0.0383358 -0.558306
3.42 -0.0439188 -0.558305
3.43 -0.0495019 -0.558305
3.44 -0.0550849 -0.558305
3.45 -0.060668 -0.558305
3.46 -0.066251 -0.558304
3.47 -0.071834 -0.558304
3.48 -0.0774171 -0.558303
3.49 -0.0830001 -0.558302
3.5 -0.0885831 -0.558301
3.51 -0.0941661 -0.5583
3.52 -0.0997491 -0.558298
3.53 -0.105332 -0.558297
3.54 -0.110915 -0.558294
3.55 -0.116498 -0.558292
3.56 -0.122081 -0.558289
3.57 -0.127664 -0.558286
3.58 -0.133247 -0.558282
3.59 -0.138829 -0.558278
3.6 -0.144412 -0.558273
3.61 -0.149995 -0.558268
3.62 -0.155578 -0.558262
3.63 -0.16116 -0.558255
3.64 -0.166743 -0.558248
3.65 -0.172325 -0.55824
3.66 -0.177907 -0.558231
3.67 -0.18349 -0.558221
3.68 -0.189072 -0.55821
3.69 -0.194654 -0.558199
3.7 -0.200236 -0.558186
3.71 -0.205818 -0.558172
3.72 -0.211399 -0.558157
3.73 -0.216981 -0.558141
3.74 -0.222562 -0.558123
3.75 -0.228143 -0.558104
3.76 -0.233724 -0.558083
3.77 -0.239305 -0.558061
3.78 -0.244885 -0.558038
3.79 -0.250466 -0.558013
3.8 -0.256046 -0.557986
3.81 -0.261625 -0.557957
3.82 -0.267205 -0.557926
3.83 -0.272784 -0.557893
3.84 -0.278363 -0.557859
3.85 -0.283941 -0.557822
3.86 -0.289519 -0.557783
3.87 -0.295097 -0.557741
3.88 -0.300674 -0.557697
3.89 -0.306251 -0.557651
3.9 -0.311827 -0.557602
3.91 -0.317403 -0.55755
3.92 -0.322978 -0.557496
3.93 -0.328553 -0.557439
3.94 -0.334127 -0.557378
3.95 -0.3397 -0.557315
3.96 -0.345273 -0.557248
3.97 -0.350845 -0.557178
3.98 -0.356416 -0.557105
3.99 -0.361987 -0.557028
4 -0.367557 -0.556948
4.01 -0.373126 -0.556864
4.02 -0.378694 -0.556776
4.03 -0.384262 -0.556684
4.04 -0.389828 -0.556588
4.05 -0.395393 -0.556488
4.06 -0.400958 -0.556384
4.07 -0.406521 -0.556275
4.08 -0.412083 -0.556162
4.09 -0.417644 -0.556044
4.1 -0.423204 -0.555921
4.11 -0.428763 -0.555793
4.12 -0.43432 -0.555661
4.13 -0.439876 -0.555523
4.14 -0.44543 -0.55538
4.15 -0.450983 -0.555231
4.16 -0.456535 -0.555077
4.17 -0.462085 -0.554917
4.18 -0.467633 -0.554751
4.19 -0.47318 -0.55458
4.2 -0.478725 -0.554402
4.21 -0.484268 -0.554218
4.22 -0.489809 -0.554028
4.23 -0.495348 -0.553831
4.24 -0.500886 -0.553628
4.25 -0.506421 -0.553417
4.26 -0.511954 -0.5532
4.27 -0.517485 -0.552976
4.28 -0.523014 -0.552744
4.29 -0.52854 -0.552505
4.3 -0.534064 -0.552259
4.31 -0.539585 -0.552005
4.32 -0.545104 -0.551743
4.33 -0.55062 -0.551473
4.34 -0.556133 -0.551195
4.35 -0.561644 -0.550908
4.36 -0.567151 -0.550613
4.37 -0.572656 -0.55031
4.38 -0.578157 -0.549998
4.39 -0.583656 -0.549676
4.4 -0.589151 -0.549346
4.41 -0.594643 -0.549006
4.42 -0.600131 -0.548657
4.43 -0.605616 -0.548299
4.44 -0.611097 -0.54793
4.45 -0.616574 -0.547552
4.46 -0.622048 -0.547164
4.47 -0.627518 -0.546765
4.48 -0.632983 -0.546356
4.49 -0.638445 -0.545936
4.5 -0.643902 -0.545506
4.51 -0.649355 -0.545065
4.52 -0.654803 -0.544612
4.53 -0.660247 -0.544149
4.54 -0.665686 -0.543673
4.55 -0.67112 -0.543187
4.56 -0.67655 -0.542688
4.57 -0.681974 -0.542178
4.58 -0.687393 -0.541655
4.59 -0.692807 -0.54112
4.6 -0.698216 -0.540573
4.61 -0.703619 -0.540013
4.62 -0.709016 -0.53944
4.63 -0.714407 -0.538854
4.64 -0.719793 -0.538255
4.65 -0.725172 -0.537643
4.66 -0.730546 -0.537017
4.67 -0.735913 -0.536378
4.68 -0.741273 -0.535724
4.69 -0.746627 -0.535057
4.7 -0.751974 -0.534375
4.71 -0.757315 -0.533679
4.72 -0.762648 -0.532968
4.73 -0.767974 -0.532243
4.74 -0.773293 -0.531502
4.75 -0.778604 -0.530747
4.76 -0.783908 -0.529976
4.77 -0.789203 -0.529189
4.78 -0.794491 -0.528387
4.79 -0.799771 -0.52757
4.8 -0.805043 -0.526736
4.81 -0.810306 -0.525886
4.82 -0.81556 -0.52502
4.83 -0.820806 -0.524137
4.84 -0.826043 -0.523237
4.85 -0.831271 -0.522321
4.86 -0.836489 -0.521388
4.87 -0.841699 -0.520437
4.88 -0.846898 -0.519469
4.89 -0.852088 -0.518484
4.9 -0.857268 -0.51748
4.91 -0.862437 -0.516459
4.92 -0.867597 -0.51542
4.93 -0.872746 -0.514363
4.94 -0.877884 -0.513287
4.95 -0.883011 -0.512193
4.96 -0.888128 -0.51108
4.97 -0.893233 -0.509948
4.98 -0.898327 -0.508797
4.99 -0.903409 -0.507627
5 -0.908479 -0.506438
5.01 -0.913538 -0.505229
5.02 -0.918584 -0.504001
5.03 -0.923617 -0.502752
5.04 -0.928639 -0.501484
5.05 -0.933647 -0.500195
5.06 -0.938643 -0.498887
5.07 -0.943625 -0.497558
5.08 -0.948594 -0.496208
5.09 -0.953549 -0.494838
5.1 -0.95849 -0.493447
5.11 -0.963418 -0.492034
5.12 -0.968331 -0.490601
5.13 -0.97323 -0.489147
5.14 -0.978114 -0.487671
5.15 -0.982983 -0.486173
5.16 -0.987837 -0.484654
5.17 -0.992676 -0.483113
5.18 -0.997499 -0.48155
5.19 -1.00231 -0.479965
5.2 -1.0071 -0.478358
5.21 -1.01187 -0.476729
5.22 -1.01663 -0.475077
5.23 -1.02138 -0.473403
5.24 -1.0261 -0.471706
5.25 -1.03081 -0.469987
5.26 -1.0355 -0.468244
5.27 -1.04017 -0.466479
5.28 -1.04483 -0.464691
5.29 -1.04947 -0.462879
5.3 -1.05409 -0.461045
5.31 -1.05869 -0.459187
5.32 -1.06327 -0.457305
5.33 -1.06783 -0.4554
5.34 -1.07238 -0.453472
5.35 -1.0769 -0.451519
5.36 -1.08141 -0.449543
5.37 -1.0859 -0.447543
5.38 -1.09036 -0.44552
5.39 -1.09481 -0.443472
5.4 -1.09923 -0.4414
5.41 -1.10363 -0.439305
5.42 -1.10802 -0.437185
5.43 -1.11238 -0.435041
5.44 -1.11672 -0.432872
5.45 -1.12103 -0.43068
5.46 -1.12533 -0.428463
5.47 -1.1296 -0.426221
5.48 -1.13385 -0.423955
5.49 -1.13808 -0.421665
5.5 -1.14229 -0.41935
5.51 -1.14647 -0.417011
5.52 -1.15063 -0.414647
5.53 -1.15476 -0.412259
5.54 -1.15887 -0.409846
5.55 -1.16296 -0.407408
5.56 -1.16702 -0.404946
5.57 -1.17106 -0.40246
5.58 -1.17507 -0.399948
5.59 -1.17906 -0.397413
5.6 -1.18302 -0.394852
5.61 -1.18695 -0.392267
5.62 -1.19086 -0.389658
5.63 -1.19475 -0.387024
5.64 -1.1986 -0.384365
5.65 -1.20243 -0.381682
5.66 -1.20624 -0.378975
5.67 -1.21001 -0.376243
5.68 -1.21376 -0.373487
5.69 -1.21748 -0.370707
5.7 -1.22118 -0.367902
5.71 -1.22484 -0.365073
5.72 -1.22848 -0.36222
5.73 -1.23209 -0.359343
5.74 -1.23566 -0.356442
5.75 -1.23921 -0.353518
5.76 -1.24273 -0.350569
5.77 -1.24623 -0.347596
5.78 -1.24969 -0.3446
5.79 -1.25312 -0.34158
5.8 -1.25652 -0.338537
5.81 -1.25989 -0.33547
5.82 -1.26323 -0.33238
5.83 -1.26654 -0.329267
5.84 -1.26981 -0.326131
5.85 -1.27306 -0.322972
5.86 -1.27627 -0.31979
5.87 -1.27945 -0.316585
5.88 -1.2826 -0.313358
5.89 -1.28572 -0.310109
5.9 -1.28881 -0.306837
5.91 -1.29186 -0.303543
5.92 -1.29488 -0.300226
5.93 -1.29786 -0.296889
5.94 -1.30081 -0.293529
5.95 -1.30373 -0.290148
5.96 -1.30662 -0.286745
5.97 -1.30947 -0.283322
5.98 -1.31228 -0.279877
5.99 -1.31506 -0.276411
6 -1.31781 -0.272925
6.01 -1.32052 -0.269419
6.02 -1.3232 -0.265892
6.03 -1.32584 -0.262345
6.04 -1.32845 -0.258778
6.05 -1.33102 -0.255192
6.06 -1.33355 -0.251586
6.07 -1.33605 -0.24796
6.08 -1.33851 -0.244316
6.09 -1.34093 -0.240653
6.1 -1.34332 -0.236971
6.11 -1.34567 -0.233272
6.12 -1.34799 -0.229553
6.13 -1.35026 -0.225817
6.14 -1.3525 -0.222064
6.15 -1.35471 -0.218293
6.16 -1.35687 -0.214505
6.17 -1.359 -0.2107
6.18 -1.36108 -0.206878
6.19 -1.36313 -0.20304
6.2 -1.36514 -0.199186
6.21 -1.36712 -0.195316
6.22 -1.36905 -0.19143
6.23 -1.37095 -0.187529
6.24 -1.3728 -0.183613
6.25 -1.37462 -0.179682
6.26 -1.3764 -0.175737
6.27 -1.37813 -0.171778
6.28 -1.37983 -0.167805
6.29 -1.38149 -0.163818
6.3 -1.38311 -0.159818
6.31 -1.38469 -0.155804
6.32 -1.38622 -0.151779
6.33 -1.38772 -0.14774
6.34 -1.38918 -0.14369
6.35 -1.39059 -0.139628
6.36 -1.39197 -0.135554
6.37 -1.39331 -0.13147
6.38 -1.3946 -0.127374
6.39 -1.39585 -0.123268
6.4 -1.39707 -0.119152
6.41 -1.39824 -0.115026
6.42 -1.39937 -0.11089
6.43 -1.40045 -0.106746
6.44 -1.4015 -0.102592
6.45 -1.40251 -0.0984297
6.46 -1.40347 -0.0942594
6.47 -1.40439 -0.0900811
6.48 -1.40527 -0.0858954
6.49 -1.40611 -0.0817025
6.5 -1.4069 -0.0775027
6.51 -1.40766 -0.0732965
6.52 -1.40837 -0.0690841
6.53 -1.40904 -0.064866
6.54 -1.40967 -0.0606424
6.55 -1.41025 -0.0564137
6.56 -1.4108 -0.0521802
6.57 -1.4113 -0.0479424
6.58 -1.41175 -0.0437005
6.59 -1.41217 -0.039455
6.6 -1.41254 -0.0352061
6.61 -1.41287 -0.0309543
6.62 -1.41316 -0.0266999
6.63 -1.41341 -0.0224432
6.64 -1.41361 -0.0181846
6.65 -1.41377 -0.0139245
6.66 -1.41389 -0.00966325
6.67 -1.41397 -0.00540116
6.68 -1.414 -0.0011386
6.69 -1.41399 0.00312405
6.7 -1.41394 0.00738643
6.71 -1.41384 0.0116482
6.72 -1.4137 0.015909
6.73 -1.41352 0.0201684
6.74 -1.4133 0.0244261
6.75 -1.41303 0.0286818
6.76 -1.41273 0.0329351
6.77 -1.41238 0.0371856
6.78 -1.41198 0.0414329
6.79 -1.41155 0.0456768
6.8 -1.41107 0.0499168
6.81 -1.41055 0.0541526
6.82 -1.40999 0.0583839
6.83 -1.40938 0.0626103
6.84 -1.40873 0.0668314
6.85 -1.40804 0.0710469
6.86 -1.40731 0.0752565
6.87 -1.40654 0.0794597
6.88 -1.40572 0.0836563
6.89 -1.40487 0.0878459
6.9 -1.40397 0.0920282
6.91 -1.40303 0.0962028
6.92 -1.40204 0.100369
6.93 -1.40102 0.104528
6.94 -1.39995 0.108677
6.95 -1.39884 0.112818
6.96 -1.3977 0.116949
6.97 -1.39651 0.12107
6.98 -1.39527 0.125182
6.99 -1.394 0.129283
7 -1.39269 0.133374
7.01 -1.39133 0.137453
7.02 -1.38994 0.141521
7.03 -1.3885 0.145578
7.04 -1.38703 0.149623
7.05 -1.38551 0.153655
7.06 -1.38396 0.157675
7.07 -1.38236 0.161682
7.08 -1.38072 0.165676
7.09 -1.37904 0.169657
7.1 -1.37733 0.173624
7.11 -1.37557 0.177577
7.12 -1.37378 0.181515
7.13 -1.37194 0.185439
7.14 -1.37007 0.189348
7.15 -1.36816 0.193242
7.16 -1.3662 0.19712
7.17 -1.36421 0.200983
7.18 -1.36218 0.20483
7.19 -1.36012 0.20866
7.2 -1.35801 0.212474
7.21 -1.35587 0.216271
7.22 -1.35369 0.220051
7.23 -1.35147 0.223814
7.24 -1.34921 0.22756
7.25 -1.34691 0.231287
7.26 -1.34458 0.234997
7.27 -1.34221 0.238689
7.28 -1.33981 0.242362
7.29 -1.33737 0.246016
7.3 -1.33489 0.249651
7.31 -1.33237 0.253268
7.32 -1.32982 0.256864
7.33 -1.32724 0.260442
7.34 -1.32462 0.263999
7.35 -1.32196 0.267537
7.36 -1.31926 0.271055
7.37 -1.31654 0.274552
7.38 -1.31377 0.278028
7.39 -1.31098 0.281484
7.4 -1.30814 0.284919
7.41 -1.30528 0.288333
7.42 -1.30238 0.291725
7.43 -1.29944 0.295096
7.44 -1.29648 0.298446
7.45 -1.29347 0.301774
7.46 -1.29044 0.30508
7.47 -1.28737 0.308363
7.48 -1.28427 0.311625
7.49 -1.28114 0.314864
7.5 -1.27798 0.318081
7.51 -1.27478 0.321275
7.52 -1.27155 0.324446
7.53 -1.26829 0.327595
7.54 -1.265 0.33072
7.55 -1.26168 0.333822
7.56 -1.25832 0.336902
7.57 -1.25494 0.339957
7.58 -1.25152 0.34299
7.59 -1.24808 0.345999
7.6 -1.2446 0.348984
7.61 -1.2411 0.351945
7.62 -1.23756 0.354883
7.63 -1.234 0.357797
7.64 -1.23041 0.360686
7.65 -1.22679 0.363552
7.66 -1.22314 0.366394
7.67 -1.21946 0.369212
7.68 -1.21575 0.372005
7.69 -1.21202 0.374774
7.7 -1.20826 0.377519
7.71 -1.20447 0.380239
7.72 -1.20065 0.382935
7.73 -1.19681 0.385607
7.74 -1.19294 0.388254
7.75 -1.18905 0.390876
7.76 -1.18512 0.393474
7.77 -1.18118 0.396048
7.78 -1.1772 0.398597
7.79 -1.1732 0.401121
7.8 -1.16918 0.403621
7.81 -1.16513 0.406096
7.82 -1.16106 0.408547
7.83 -1.15696 0.410973
7.84 -1.15284 0.413374
7.85 -1.14869 0.415751
7.86 -1.14452 0.418104
7.87 -1.14033 0.420432
7.88 -1.13612 0.422735
7.89 -1.13188 0.425014
7.9 -1.12762 0.427268
7.91 -1.12333 0.429498
7.92 -1.11903 0.431704
7.93 -1.1147 0.433885
7.94 -1.11035 0.436042
7.95 -1.10598 0.438175
7.96 -1.10158 0.440284
7.97 -1.09717 0.442368
7.98 -1.09274 0.444429
7.99 -1.08828 0.446465
8 -1.08381 0.448478
8.01 -1.07931 0.450467
8.02 -1.0748 0.452432
8.03 -1.07027 0.454373
8.04 -1.06571 0.45629
8.05 -1.06114 0.458184
8.06 -1.05655 0.460055
8.07 -1.05194 0.461902
8.08 -1.04731 0.463726
8.09 -1.04266 0.465527
8.1 -1.038 0.467304
8.11 -1.03332 0.469059
8.12 -1.02862 0.470791
8.13 -1.0239 0.4725
8.14 -1.01917 0.474186
8.15 -1.01442 0.47585
8.16 -1.00965 0.477491
8.17 -1.00487 0.47911
8.18 -1.00007 0.480706
8.19 -0.995255 0.482281
8.2 -0.990424 0.483834
8.21 -0.985578 0.485364
8.22 -0.980717 0.486873
8.23 -0.975841 0.488361
8.24 -0.97095 0.489827
8.25 -0.966044 0.491271
8.26 -0.961124 0.492695
8.27 -0.95619 0.494097
8.28 -0.951242 0.495479
8.29 -0.946281 0.496839
8.3 -0.941306 0.498179
8.31 -0.936317 0.499499
8.32 -0.931316 0.500798
8.33 -0.926301 0.502077
8.34 -0.921274 0.503336
8.35 -0.916235 0.504575
8.36 -0.911183 0.505795
8.37 -0.906119 0.506994
8.38 -0.901043 0.508175
8.39 -0.895956 0.509336
8.4 -0.890856 0.510478
8.41 -0.885746 0.511601
8.42 -0.880625 0.512705
8.43 -0.875492 0.513791
8.44 -0.870349 0.514858
8.45 -0.865195 0.515907
8.46 -0.860031 0.516937
8.47 -0.854856 0.51795
8.48 -0.849672 0.518945
8.49 -0.844477 0.519922
8.5 -0.839273 0.520882
8.51 -0.83406 0.521825
8.52 -0.828837 0.52275
8.53 -0.823605 0.523658
8.54 -0.818364 0.52455
8.55 -0.813114 0.525425
8.56 -0.807855 0.526284
8.57 -0.802588 0.527126
8.58 -0.797313 0.527952
8.59 -0.792029 0.528763
8.6 -0.786738 0.529558
8.61 -0.781438 0.530337
8.62 -0.776131 0.5311
8.63 -0.770816 0.531849
8.64 -0.765494 0.532582
8.65 -0.760165 0.533301
8.66 -0.754828 0.534005
8.67 -0.749485 0.534694
8.68 -0.744134 0.535369
8.69 -0.738777 0.53603
8.7 -0.733414 0.536677
8.71 -0.728044 0.53731
8.72 -0.722668 0.53793
8.73 -0.717285 0.538536
8.74 -0.711897 0.539129
8.75 -0.706503 0.539709
8.76 -0.701103 0.540275
8.77 -0.695697 0.54083
8.78 -0.690286 0.541371
8.79 -0.68487 0.5419
8.8 -0.679448 0.542417
8.81 -0.674022 0.542922
8.82 -0.66859 0.543415
8.83 -0.663153 0.543896
8.84 -0.657712 0.544366
8.85 -0.652266 0.544824
8.86 -0.646816 0.545272
8.87 -0.641361 0.545708
8.88 -0.635901 0.546133
8.89 -0.630438 0.546548
8.9 -0.62497 0.546952
8.91 -0.619499 0.547346
8.92 -0.614024 0.547729
8.93 -0.608544 0.548103
8.94 -0.603062 0.548467
8.95 -0.597575 0.548821
8.96 -0.592085 0.549166
8.97 -0.586592 0.549501
8.98 -0.581095 0.549827
8.99 -0.575595 0.550144
9 -0.570092 0.550452
9.01 -0.564586 0.550752
9.02 -0.559077 0.551043
9.03 -0.553566 0.551325
9.04 -0.548051 0.5516
9.05 -0.542534 0.551866
9.06 -0.537014 0.552124
9.07 -0.531491 0.552375
9.08 -0.525966 0.552618
9.09 -0.520439 0.552853
9.1 -0.514909 0.553081
9.11 -0.509377 0.553302
9.12 -0.503843 0.553516
9.13 -0.498307 0.553723
9.14 -0.492769 0.553924
9.15 -0.487228 0.554117
9.16 -0.481686 0.554305
9.17 -0.476142 0.554486
9.18 -0.470597 0.55466
9.19 -0.465049 0.554829
9.2 -0.4595 0.554992
9.21 -0.453949 0.555149
9.22 -0.448397 0.555301
9.23 -0.442843 0.555447
9.24 -0.437288 0.555588
9.25 -0.431732 0.555723
9.26 -0.426174 0.555853
9.27 -0.420615 0.555979
9.28 -0.415054 0.556099
9.29 -0.409493 0.556215
9.3 -0.40393 0.556326
9.31 -0.398366 0.556433
9.32 -0.392801 0.556535
9.33 -0.387235 0.556633
9.34 -0.381669 0.556728
9.35 -0.376101 0.556818
9.36 -0.370532 0.556904
9.37 -0.364963 0.556986
9.38 -0.359393 0.557065
9.39 -0.353821 0.55714
9.4 -0.34825 0.557211
9.41 -0.342677 0.55728
9.42 -0.337104 0.557345
9.43 -0.33153 0.557407
9.44 -0.325956 0.557466
9.45 -0.320381 0.557522
9.46 -0.314806 0.557575
9.47 -0.30923 0.557625
9.48 -0.303653 0.557673
9.49 -0.298076 0.557718
9.5 -0.292499 0.557761
9.51 -0.286921 0.557801
9.52 -0.281343 0.557839
9.53 -0.275764 0.557875
9.54 -0.270185 0.557909
9.55 -0.264606 0.557941
9.56 -0.259026 0.55797
9.57 -0.253447 0.557998
9.58 -0.247866 0.558025
9.59 -0.242286 0.558049
9.6 -0.236705 0.558072
9.61 -0.231125 0.558093
9.62 -0.225544 0.558113
9.63 -0.219962 0.558131
9.64 -0.214381 0.558148
9.65 -0.208799 0.558164
9.66 -0.203218 0.558179
9.67 -0.197636 0.558192
9.68 -0.192054 0.558204
9.69 -0.186472 0.558216
9.7 -0.18089 0.558226
9.71 -0.175307 0.558235
9.72 -0.169725 0.558244
9.73 -0.164142 0.558252
9.74 -0.15856 0.558259
9.75 -0.152977 0.558265
9.76 -0.147395 0.558271
9.77 -0.141812 0.558276
9.78 -0.136229 0.55828
9.79 -0.130646 0.558284
9.8 -0.125063 0.558287
9.81 -0.11948 0.558291
9.82 -0.113898 0.558293
9.83 -0.108315 0.558295
9.84 -0.102732 0.558297
9.85 -0.0971487 0.558299
9.86 -0.0915657 0.5583
9.87 -0.0859827 0.558302
9.88 -0.0803997 0.558303
9.89 -0.0748166 0.558303
9.9 -0.0692336 0.558304
9.91 -0.0636505 0.558304
9.92 -0.0580675 0.558305
9.93 -0.0524844 0.558305
9.94 -0.0469014 0.558305
9.95 -0.0413183 0.558306
9.96 -0.0357353 0.558306
9.97 -0.0301522 0.558306
9.98 -0.0245692 0.558306
9.99 -0.0189861 0.558306
10 -0.0134031 0.558306
10.01 -0.00782 0.558306
10.02 -0.00223694 0.558306
10.03 0.00334612 0.558306
10.04 0.00892918 0.558306
10.05 0.0145122 0.558306
10.06 0.0200953 0.558306
10.07 0.0256783 0.558306
10.08 0.0312614 0.558306
10.09 0.0368445 0.558306
10.1 0.0424275 0.558305
10.11 0.0480106 0.558305
10.12 0.0535936 0.558305
10.13 0.0591767 0.558305
10.14 0.0647597 0.558304
10.15 0.0703428 0.558304
10.16 0.0759258 0.558303
10.17 0.0815088 0.558302
10.18 0.0870918 0.558301
10.19 0.0926749 0.5583
10.2 0.0982578 0.558299
10.21 0.103841 0.558297
10.22 0.109424 0.558295
10.23 0.115007 0.558293
10.24 0.12059 0.55829
10.25 0.126173 0.558287
10.26 0.131755 0.558283
10.27 0.137338 0.558279
10.28 0.142921 0.558275
10.29 0.148504 0.558269
10.3 0.154086 0.558264
10.31 0.159669 0.558257
10.32 0.165251 0.55825
10.33 0.170834 0.558242
10.34 0.176416 0.558234
10.35 0.181999 0.558224
10.36 0.187581 0.558213
10.37 0.193163 0.558202
10.38 0.198745 0.558189
10.39 0.204327 0.558176
10.4 0.209908 0.558161
10.41 0.21549 0.558145
10.42 0.221071 0.558128
10.43 0.226652 0.558109
10.44 0.232233 0.558089
10.45 0.237814 0.558067
10.46 0.243395 0.558044
10.47 0.248975 0.558019
10.48 0.254555 0.557993
10.49 0.260135 0.557965
10.5 0.265714 0.557934
10.51 0.271294 0.557902
10.52 0.276872 0.557868
10.53 0.282451 0.557832
10.54 0.288029 0.557793
10.55 0.293607 0.557752
10.56 0.299184 0.557709
10.57 0.304761 0.557664
10.58 0.310337 0.557615
10.59 0.315913 0.557564
10.6 0.321489 0.557511
10.61 0.327064 0.557454
10.62 0.332638 0.557395
10.63 0.338211 0.557332
10.64 0.343784 0.557266
10.65 0.349357 0.557197
10.66 0.354928 0.557125
10.67 0.360499 0.557049
10.68 0.366069 0.55697
10.69 0.371639 0.556887
10.7 0.377207 0.5568
10.71 0.382775 0.556709
10.72 0.388341 0.556614
10.73 0.393907 0.556515
10.74 0.399471 0.556412
10.75 0.405035 0.556305
10.76 0.410598 0.556192
10.77 0.416159 0.556076
10.78 0.421719 0.555954
10.79 0.427278 0.555828
10.8 0.432836 0.555696
10.81 0.438392 0.55556
10.82 0.443947 0.555418
10.83 0.4495 0.555271
10.84 0.455052 0.555119
10.85 0.460603 0.55496
10.86 0.466151 0.554796
10.87 0.471698 0.554626
10.88 0.477244 0.55445
10.89 0.482787 0.554268
10.9 0.488329 0.554079
10.91 0.493869 0.553884
10.92 0.499407 0.553683
10.93 0.504943 0.553474
10.94 0.510476 0.553259
10.95 0.516008 0.553037
10.96 0.521537 0.552807
10.97 0.527064 0.55257
10.98 0.532588 0.552326
10.99 0.53811 0.552074
11 0.54363 0.551814
11.01 0.549147 0.551546
11.02 0.554661 0.55127
11.03 0.560172 0.550986
11.04 0.56568 0.550693
11.05 0.571186 0.550392
11.06 0.576688 0.550082
11.07 0.582187 0.549763
11.08 0.587683 0.549435
11.09 0.593176 0.549098
11.1 0.598665 0.548751
11.11 0.604151 0.548395
11.12 0.609633 0.54803
11.13 0.615112 0.547654
11.14 0.620586 0.547268
11.15 0.626057 0.546872
11.16 0.631524 0.546466
11.17 0.636986 0.546049
11.18 0.642445 0.545622
11.19 0.647899 0.545184
11.2 0.653348 0.544734
11.21 0.658793 0.544274
11.22 0.664234 0.543801
11.23 0.669669 0.543318
11.24 0.6751 0.542823
11.25 0.680526 0.542315
11.26 0.685946 0.541796
11.27 0.691362 0.541264
11.28 0.696772 0.54072
11.29 0.702176 0.540164
11.3 0.707575 0.539595
11.31 0.712968 0.539012
11.32 0.718355 0.538417
11.33 0.723736 0.537808
11.34 0.729111 0.537186
11.35 0.73448 0.53655
11.36 0.739842 0.5359
11.37 0.745198 0.535236
11.38 0.750547 0.534558
11.39 0.755889 0.533866
11.4 0.761224 0.533159
11.41 0.766552 0.532438
11.42 0.771873 0.531701
11.43 0.777186 0.53095
11.44 0.782492 0.530183
11.45 0.78779 0.529401
11.46 0.79308 0.528603
11.47 0.798362 0.52779
11.48 0.803635 0.52696
11.49 0.808901 0.526115
11.5 0.814158 0.525253
11.51 0.819406 0.524374
11.52 0.824645 0.523479
11.53 0.829875 0.522567
11.54 0.835096 0.521639
11.55 0.840308 0.520693
11.56 0.84551 0.519729
11.57 0.850703 0.518749
11.58 0.855885 0.51775
11.59 0.861058 0.516734
11.6 0.86622 0.5157
11.61 0.871371 0.514647
11.62 0.876513 0.513576
11.63 0.881643 0.512487
11.64 0.886762 0.511379
11.65 0.89187 0.510252
11.66 0.896967 0.509107
11.67 0.902052 0.507942
11.68 0.907126 0.506758
11.69 0.912188 0.505554
11.7 0.917237 0.504331
11.71 0.922274 0.503088
11.72 0.927299 0.501825
11.73 0.932311 0.500542
11.74 0.937309 0.499238
11.75 0.942295 0.497915
11.76 0.947268 0.496571
11.77 0.952227 0.495206
11.78 0.957172 0.49382
11.79 0.962103 0.492414
11.8 0.96702 0.490986
11.81 0.971923 0.489537
11.82 0.976811 0.488067
11.83 0.981684 0.486575
11.84 0.986542 0.485062
11.85 0.991385 0.483527
11.86 0.996213 0.48197
11.87 1.00102 0.480391
11.88 1.00582 0.47879
11.89 1.0106 0.477166
11.9 1.01536 0.475521
11.91 1.02011 0.473853
11.92 1.02484 0.472162
11.93 1.02955 0.470448
11.94 1.03425 0.468712
11.95 1.03893 0.466953
11.96 1.04359 0.465171
11.97 1.04823 0.463365
11.98 1.05286 0.461537
11.99 1.05746 0.459685
12 1.06205 0.45781
12.01 1.06662 0.455911
12.02 1.07117 0.453989
12.03 1.0757 0.452043
12.04 1.08021 0.450073
12.05 1.0847 0.44808
12.06 1.08917 0.446063
12.07 1.09362 0.444021
12.08 1.09805 0.441956
12.09 1.10246 0.439867
12.1 1.10685 0.437753
12.11 1.11121 0.435616
12.12 1.11556 0.433454
12.13 1.11988 0.431268
12.14 1.12418 0.429057
12.15 1.12846 0.426822
12.16 1.13272 0.424563
12.17 1.13696 0.422279
12.18 1.14117 0.419971
12.19 1.14535 0.417638
12.2 1.14952 0.415281
12.21 1.15366 0.412899
12.22 1.15778 0.410493
12.23 1.16187 0.408062
12.24 1.16594 0.405606
12.25 1.16998 0.403126
12.26 1.174 0.400622
12.27 1.17799 0.398092
12.28 1.18196 0.395539
12.29 1.18591 0.39296
12.3 1.18982 0.390357
12.31 1.19371 0.38773
12.32 1.19758 0.385078
12.33 1.20141 0.382401
12.34 1.20522 0.379701
12.35 1.20901 0.376975
12.36 1.21276 0.374226
12.37 1.21649 0.371452
12.38 1.22019 0.368654
12.39 1.22387 0.365831
12.4 1.22751 0.362985
12.41 1.23112 0.360114
12.42 1.23471 0.35722
12.43 1.23827 0.354301
12.44 1.2418 0.351359
12.45 1.2453 0.348393
12.46 1.24877 0.345403
12.47 1.2522 0.342389
12.48 1.25561 0.339352
12.49 1.25899 0.336292
12.5 1.26234 0.333208
12.51 1.26566 0.330101
12.52 1.26894 0.326971
12.53 1.27219 0.323818
12.54 1.27542 0.320642
12.55 1.27861 0.317444
12.56 1.28177 0.314222
12.57 1.28489 0.310979
12.58 1.28799 0.307713
12.59 1.29105 0.304425
12.6 1.29407 0.301114
12.61 1.29707 0.297782
12.62 1.30003 0.294428
12.63 1.30296 0.291053
12.64 1.30585 0.287656
12.65 1.30871 0.284238
12.66 1.31153 0.280799
12.67 1.31433 0.277339
12.68 1.31708 0.273859
12.69 1.3198 0.270357
12.7 1.32249 0.266836
12.71 1.32514 0.263294
12.72 1.32775 0.259733
12.73 1.33033 0.256151
12.74 1.33288 0.252551
12.75 1.33538 0.248931
12.76 1.33786 0.245291
12.77 1.34029 0.241633
12.78 1.34269 0.237957
12.79 1.34505 0.234262
12.8 1.34737 0.230548
12.81 1.34966 0.226817
12.82 1.35191 0.223068
12.83 1.35412 0.219302
12.84 1.3563 0.215518
12.85 1.35843 0.211718
12.86 1.36053 0.2079
12.87 1.36259 0.204067
12.88 1.36461 0.200217
12.89 1.36659 0.196351
12.9 1.36854 0.192469
12.91 1.37044 0.188572
12.92 1.37231 0.18466
12.93 1.37414 0.180734
12.94 1.37592 0.176792
12.95 1.37767 0.172837
12.96 1.37938 0.168867
12.97 1.38105 0.164884
12.98 1.38268 0.160887
12.99 1.38427 0.156878
13 1.38582 0.152855
13.01 1.38732 0.14882
13.02 1.38879 0.144773
13.03 1.39022 0.140714
13.04 1.39161 0.136644
13.05 1.39295 0.132562
13.06 1.39426 0.128469
13.07 1.39552 0.124366
13.08 1.39675 0.120252
13.09 1.39793 0.116129
13.1 1.39907 0.111996
13.11 1.40017 0.107854
13.12 1.40122 0.103702
13.13 1.40224 0.0995423
13.14 1.40322 0.0953741
13.15 1.40415 0.0911979
13.16 1.40504 0.0870142
13.17 1.40589 0.0828231
13.18 1.4067 0.0786252
13.19 1.40746 0.0744206
13.2 1.40818 0.0702099
13.21 1.40887 0.0659932
13.22 1.4095 0.061771
13.23 1.4101 0.0575437
13.24 1.41066 0.0533115
13.25 1.41117 0.0490748
13.26 1.41164 0.044834
13.27 1.41206 0.0405894
13.28 1.41245 0.0363414
13.29 1.41279 0.0320903
13.3 1.41309 0.0278365
13.31 1.41335 0.0235804
13.32 1.41356 0.0193223
13.33 1.41373 0.0150626
13.34 1.41386 0.0108016
13.35 1.41395 0.00653967
13.36 1.41399 0.0022772
13.37 1.414 -0.00198546
13.38 1.41395 -0.00624795
13.39 1.41387 -0.0105099
13.4 1.41374 -0.014771
13.41 1.41358 -0.0190308
13.42 1.41336 -0.023289
13.43 1.41311 -0.0275453
13.44 1.41281 -0.0317993
13.45 1.41247 -0.0360505
13.46 1.41209 -0.0402987
13.47 1.41167 -0.0445436
13.48 1.4112 -0.0487846
13.49 1.41069 -0.0530216
13.5 1.41014 -0.0572542
13.51 1.40955 -0.0614819
13.52 1.40891 -0.0657044
13.53 1.40823 -0.0699215
13.54 1.40751 -0.0741326
13.55 1.40675 -0.0783376
13.56 1.40595 -0.082536
13.57 1.4051 -0.0867276
13.58 1.40421 -0.0909118
13.59 1.40328 -0.0950885
13.6 1.40231 -0.0992573
13.61 1.4013 -0.103418
13.62 1.40024 -0.10757
13.63 1.39914 -0.111713
13.64 1.39801 -0.115846
13.65 1.39683 -0.119971
13.66 1.39561 -0.124085
13.67 1.39435 -0.128189
13.68 1.39304 -0.132282
13.69 1.3917 -0.136365
13.7 1.39032 -0.140436
13.71 1.38889 -0.144496
13.72 1.38743 -0.148544
13.73 1.38592 -0.152579
13.74 1.38437 -0.156603
13.75 1.38279 -0.160613
13.76 1.38116 -0.164611
13.77 1.3795 -0.168595
13.78 1.37779 -0.172566
13.79 1.37605 -0.176522
13.8 1.37426 -0.180464
13.81 1.37244 -0.184392
13.82 1.37057 -0.188305
13.83 1.36867 -0.192203
13.84 1.36673 -0.196086
13.85 1.36475 -0.199953
13.86 1.36273 -0.203804
13.87 1.36067 -0.207638
13.88 1.35858 -0.211457
13.89 1.35644 -0.215259
13.9 1.35427 -0.219043
13.91 1.35206 -0.222811
13.92 1.34982 -0.226561
13.93 1.34753 -0.230294
13.94 1.34521 -0.234008
13.95 1.34285 -0.237704
13.96 1.34046 -0.241382
13.97 1.33802 -0.245042
13.98 1.33555 -0.248682
13.99 1.33305 -0.252304
14 1.33051 -0.255906
14.01 1.32793 -0.259488
14.02 1.32532 -0.263051
14.03 1.32267 -0.266594
14.04 1.31999 -0.270117
14.05 1.31727 -0.27362
14.06 1.31452 -0.277102
14.07 1.31173 -0.280563
14.08 1.3089 -0.284004
14.09 1.30605 -0.287423
14.1 1.30316 -0.290821
14.11 1.30023 -0.294198
14.12 1.29727 -0.297553
14.13 1.29428 -0.300887
14.14 1.29125 -0.304199
14.15 1.2882 -0.307488
14.16 1.2851 -0.310756
14.17 1.28198 -0.314001
14.18 1.27882 -0.317224
14.19 1.27564 -0.320424
14.2 1.27242 -0.323601
14.21 1.26916 -0.326756
14.22 1.26588 -0.329888
14.23 1.26257 -0.332996
14.24 1.25922 -0.336081
14.25 1.25584 -0.339143
14.26 1.25244 -0.342182
14.27 1.249 -0.345197
14.28 1.24553 -0.348189
14.29 1.24204 -0.351156
14.3 1.23851 -0.354101
14.31 1.23496 -0.357021
14.32 1.23137 -0.359917
14.33 1.22776 -0.362789
14.34 1.22412 -0.365637
14.35 1.22044 -0.368461
14.36 1.21675 -0.371261
14.37 1.21302 -0.374037
14.38 1.20927 -0.376788
14.39 1.20548 -0.379515
14.4 1.20168 -0.382217
14.41 1.19784 -0.384895
14.42 1.19398 -0.387549
14.43 1.19009 -0.390178
14.44 1.18617 -0.392783
14.45 1.18223 -0.395363
14.46 1.17827 -0.397918
14.47 1.17427 -0.400449
14.48 1.17026 -0.402956
14.49 1.16622 -0.405437
14.5 1.16215 -0.407895
14.51 1.15806 -0.410327
14.52 1.15394 -0.412735
14.53 1.1498 -0.415119
14.54 1.14564 -0.417478
14.55 1.14145 -0.419812
14.56 1.13724 -0.422122
14.57 1.13301 -0.424407
14.58 1.12876 -0.426668
14.59 1.12448 -0.428905
14.6 1.12018 -0.431117
14.61 1.11586 -0.433305
14.62 1.11151 -0.435469
14.63 1.10715 -0.437608
14.64 1.10276 -0.439723
14.65 1.09835 -0.441814
14.66 1.09392 -0.443881
14.67 1.08947 -0.445924
14.68 1.08501 -0.447943
14.69 1.08052 -0.449938
14.7 1.07601 -0.451909
14.71 1.07148 -0.453857
14.72 1.06693 -0.45578
14.73 1.06236 -0.457681
14.74 1.05778 -0.459558
14.75 1.05317 -0.461411
14.76 1.04855 -0.463241
14.77 1.04391 -0.465048
14.78 1.03925 -0.466832
14.79 1.03457 -0.468592
14.8 1.02988 -0.47033
14.81 1.02516 -0.472045
14.82 1.02043 -0.473738
14.83 1.01569 -0.475407
14.84 1.01093 -0.477055
14.85 1.00615 -0.478679
14.86 1.00135 -0.480282
14.87 0.996542 -0.481862
14.88 0.991716 -0.483421
14.89 0.986874 -0.484958
14.9 0.982017 -0.486472
14.91 0.977145 -0.487966
14.92 0.972258 -0.489437
14.93 0.967356 -0.490888
14.94 0.96244 -0.492317
14.95 0.95751 -0.493725
14.96 0.952565 -0.495112
14.97 0.947608 -0.496478
14.98 0.942636 -0.497823
14.99 0.937651 -0.499148
15 0.932653 -0.500453
15.01 0.927642 -0.501737
15.02 0.922618 -0.503002
15.03 0.917582 -0.504246
15.04 0.912534 -0.505471
15.05 0.907473 -0.506676
15.06 0.9024 -0.507861
15.07 0.897316 -0.509028
15.08 0.89222 -0.510175
15.09 0.887112 -0.511303
15.1 0.881994 -0.512412
15.11 0.876864 -0.513502
15.12 0.871724 -0.514574
15.13 0.866573 -0.515628
15.14 0.861411 -0.516664
15.15 0.856239 -0.517681
15.16 0.851058 -0.518681
15.17 0.845866 -0.519663
15.18 0.840664 -0.520627
15.19 0.835453 -0.521574
15.2 0.830233 -0.522504
15.21 0.825003 -0.523417
15.22 0.819765 -0.524314
15.23 0.814517 -0.525193
15.24 0.809261 -0.526056
15.25 0.803996 -0.526903
15.26 0.798723 -0.527733
15.27 0.793441 -0.528548
15.28 0.788152 -0.529347
15.29 0.782855 -0.53013
15.3 0.777549 -0.530898
15.31 0.772237 -0.53165
15.32 0.766916 -0.532388
15.33 0.761589 -0.53311
15.34 0.756254 -0.533818
15.35 0.750913 -0.534512
15.36 0.745564 -0.53519
15.37 0.740209 -0.535855
15.38 0.734847 -0.536506
15.39 0.729479 -0.537143
15.4 0.724104 -0.537766
15.41 0.718724 -0.538375
15.42 0.713337 -0.538972
15.43 0.707944 -0.539555
15.44 0.702546 -0.540125
15.45 0.697142 -0.540683
15.46 0.691732 -0.541228
15.47 0.686317 -0.54176
15.48 0.680897 -0.54228
15.49 0.675472 -0.542788
15.5 0.670041 -0.543284
15.51 0.664606 -0.543769
15.52 0.659166 -0.544242
15.53 0.653721 -0.544703
15.54 0.648272 -0.545153
15.55 0.642818 -0.545592
15.56 0.63736 -0.546021
15.57 0.631898 -0.546438
15.58 0.626431 -0.546845
15.59 0.620961 -0.547242
15.6 0.615487 -0.547628
15.61 0.610008 -0.548004
15.62 0.604526 -0.548371
15.63 0.599041 -0.548727
15.64 0.593552 -0.549075
15.65 0.58806 -0.549412
15.66 0.582564 -0.549741
15.67 0.577065 -0.55006
15.68 0.571563 -0.550371
15.69 0.566057 -0.550673
15.7 0.560549 -0.550966
15.71 0.555038 -0.551251
15.72 0.549524 -0.551527
15.73 0.544008 -0.551796
15.74 0.538488 -0.552056
15.75 0.532966 -0.552309
15.76 0.527442 -0.552554
15.77 0.521915 -0.552791
15.78 0.516386 -0.553021
15.79 0.510855 -0.553244
15.8 0.505321 -0.55346
15.81 0.499786 -0.553669
15.82 0.494248 -0.553871
15.83 0.488708 -0.554066
15.84 0.483167 -0.554255
15.85 0.477623 -0.554438
15.86 0.472078 -0.554614
15.87 0.466531 -0.554785
15.88 0.460982 -0.554949
15.89 0.455432 -0.555108
15.9 0.44988 -0.555261
15.91 0.444327 -0.555408
15.92 0.438772 -0.55555
15.93 0.433216 -0.555687
15.94 0.427658 -0.555819
15.95 0.4221 -0.555946
15.96 0.416539 -0.556068
15.97 0.410978 -0.556185
15.98 0.405416 -0.556297
15.99 0.399852 -0.556405
16 0.394288 -0.556508
16.01 0.388722 -0.556608
16.02 0.383156 -0.556703
16.03 0.377588 -0.556794
16.04 0.37202 -0.556881
16.05 0.36645 -0.556964
16.06 0.36088 -0.557044
16.07 0.35531 -0.55712
16.08 0.349738 -0.557193
16.09 0.344166 -0.557262
16.1 0.338593 -0.557328
16.11 0.333019 -0.55739
16.12 0.327445 -0.55745
16.13 0.32187 -0.557507
16.14 0.316295 -0.557561
16.15 0.310719 -0.557612
16.16 0.305143 -0.55766
16.17 0.299566 -0.557706
16.18 0.293989 -0.55775
16.19 0.288411 -0.557791
16.2 0.282833 -0.557829
16.21 0.277254 -0.557866
16.22 0.271675 -0.5579
16.23 0.266096 -0.557932
16.24 0.260517 -0.557963
16.25 0.254937 -0.557991
16.26 0.249357 -0.558018
16.27 0.243777 -0.558043
16.28 0.238196 -0.558066
16.29 0.232615 -0.558088
16.3 0.227034 -0.558108
16.31 0.221453 -0.558126
16.32 0.215872 -0.558144
16.33 0.21029 -0.55816
16.34 0.204709 -0.558175
16.35 0.199127 -0.558189
16.36 0.193545 -0.558201
16.37 0.187963 -0.558213
16.38 0.182381 -0.558223
16.39 0.176798 -0.558233
16.4 0.171216 -0.558242
16.41 0.165634 -0.55825
16.42 0.160051 -0.558257
16.43 0.154468 -0.558263
16.44 0.148886 -0.558269
16.45 0.143303 -0.558274
16.46 0.13772 -0.558279
16.47 0.132137 -0.558283
16.48 0.126555 -0.558287
16.49 0.120972 -0.55829
16.5 0.115389 -0.558292
16.51 0.109806 -0.558295
16.52 0.104223 -0.558297
16.53 0.09864 -0.558299
16.54 0.093057 -0.5583
16.55 0.087474 -0.558301
16.56 0.0818909 -0.558302
16.57 0.0763079 -0.558303
16.58 0.0707249 -0.558304
16.59 0.0651418 -0.558304
16.6 0.0595588 -0.558305
16.61 0.0539757 -0.558305
16.62 0.0483927 -0.558305
16.63 0.0428096 -0.558305
16.64 0.0372266 -0.558306
16.65 0.0316435 -0.558306
16.66 0.0260605 -0.558306
16.67 0.0204774 -0.558306
16.68 0.0148943 -0.558306
16.69 0.00931129 -0.558306
16.7 0.00372823 -0.558306
16.71 -0.00185483 -0.558306
16.72 -0.00743788 -0.558306
16.73 -0.0130209 -0.558306
16.74 -0.018604 -0.558306
16.75 -0.0241871 -0.558306
16.76 -0.0297701 -0.558306
16.77 -0.0353532 -0.558306
16.78 -0.0409362 -0.558306
16.79 -0.0465193 -0.558305
16.8 -0.0521023 -0.558305
16.81 -0.0576854 -0.558305
16.82 -0.0632684 -0.558305
16.83 -0.0688515 -0.558304
16.84 -0.0744345 -0.558303
16.85 -0.0800175 -0.558303
16.86 -0.0856006 -0.558302
16.87 -0.0911836 -0.558301
16.88 -0.0967666 -0.558299
16.89 -0.10235 -0.558298
16.9 -0.107933 -0.558296
16.91 -0.113515 -0.558293
16.92 -0.119098 -0.558291
16.93 -0.124681 -0.558288
16.94 -0.130264 -0.558284
16.95 -0.135847 -0.55828
16.96 -0.14143 -0.558276
16.97 -0.147012 -0.558271
16.98 -0.152595 -0.558265
16.99 -0.158178 -0.558259
17 -0.16376 -0.558252
17.01 -0.169343 -0.558244
17.02 -0.174925 -0.558236
17.03 -0.180508 -0.558227
17.04 -0.18609 -0.558216
17.05 -0.191672 -0.558205
17.06 -0.197254 -0.558193
17.07 -0.202836 -0.55818
17.08 -0.208417 -0.558165
17.09 -0.213999 -0.558149
17.1 -0.21958 -0.558132
17.11 -0.225162 -0.558114
17.12 -0.230743 -0.558095
17.13 -0.236324 -0.558073
17.14 -0.241904 -0.558051
17.15 -0.247485 -0.558026
17.16 -0.253065 -0.558
17.17 -0.258645 -0.557972
17.18 -0.264224 -0.557943
17.19 -0.269803 -0.557911
17.2 -0.275382 -0.557877
17.21 -0.280961 -0.557842
17.22 -0.286539 -0.557804
17.23 -0.292117 -0.557764
17.24 -0.297694 -0.557721
17.25 -0.303271 -0.557676
17.26 -0.308848 -0.557628
17.27 -0.314424 -0.557578
17.28 -0.319999 -0.557525
17.29 -0.325574 -0.55747
17.3 -0.331149 -0.557411
17.31 -0.336723 -0.557349
17.32 -0.342296 -0.557284
17.33 -0.347868 -0.557216
17.34 -0.35344 -0.557145
17.35 -0.359011 -0.55707
17.36 -0.364582 -0.556991
17.37 -0.370151 -0.556909
17.38 -0.37572 -0.556824
17.39 -0.381288 -0.556734
17.4 -0.386854 -0.55664
17.41 -0.39242 -0.556542
17.42 -0.397985 -0.55644
17.43 -0.403549 -0.556334
17.44 -0.409112 -0.556223
17.45 -0.414674 -0.556107
17.46 -0.420234 -0.555987
17.47 -0.425793 -0.555862
17.48 -0.431351 -0.555732
17.49 -0.436908 -0.555597
17.5 -0.442463 -0.555457
17.51 -0.448017 -0.555311
17.52 -0.453569 -0.55516
17.53 -0.45912 -0.555003
17.54 -0.464669 -0.554841
17.55 -0.470217 -0.554672
17.56 -0.475763 -0.554498
17.57 -0.481307 -0.554317
17.58 -0.486849 -0.55413
17.59 -0.492389 -0.553937
17.6 -0.497928 -0.553737
17.61 -0.503464 -0.553531
17.62 -0.508998 -0.553317
17.63 -0.514531 -0.553097
17.64 -0.52006 -0.552869
17.65 -0.525588 -0.552634
17.66 -0.531113 -0.552392
17.67 -0.536636 -0.552142
17.68 -0.542156 -0.551884
17.69 -0.547673 -0.551618
17.7 -0.553188 -0.551344
17.71 -0.5587 -0.551062
17.72 -0.564209 -0.550772
17.73 -0.569716 -0.550473
17.74 -0.575219 -0.550165
17.75 -0.580719 -0.549849
17.76 -0.586216 -0.549524
17.77 -0.591709 -0.549189
17.78 -0.5972 -0.548845
17.79 -0.602686 -0.548491
17.8 -0.608169 -0.548128
17.81 -0.613649 -0.547755
17.82 -0.619124 -0.547372
17.83 -0.624596 -0.546979
17.84 -0.630064 -0.546576
17.85 -0.635528 -0.546162
17.86 -0.640987 -0.545737
17.87 -0.646442 -0.545302
17.88 -0.651893 -0.544855
17.89 -0.657339 -0.544398
17.9 -0.662781 -0.543929
17.91 -0.668218 -0.543448
17.92 -0.67365 -0.542956
17.93 -0.679077 -0.542452
17.94 -0.684499 -0.541936
17.95 -0.689916 -0.541408
17.96 -0.695327 -0.540867
17.97 -0.700733 -0.540314
17.98 -0.706133 -0.539748
17.99 -0.711528 -0.539169
18 -0.716917 -0.538577
18.01 -0.722299 -0.537972
18.02 -0.727676 -0.537353
18.03 -0.733046 -0.536721
18.04 -0.73841 -0.536075
18.05 -0.743768 -0.535415
18.06 -0.749119 -0.534741
18.07 -0.754463 -0.534052
18.08 -0.7598 -0.53335
18.09 -0.76513 -0.532632
18.1 -0.770452 -0.531899
18.11 -0.775768 -0.531152
18.12 -0.781075 -0.530389
18.13 -0.786375 -0.529611
18.14 -0.791667 -0.528818
18.15 -0.796952 -0.528008
18.16 -0.802228 -0.527183
18.17 -0.807495 -0.526342
18.18 -0.812754 -0.525484
18.19 -0.818005 -0.52461
18.2 -0.823246 -0.52372
18.21 -0.828479 -0.522813
18.22 -0.833703 -0.521888
18.23 -0.838917 -0.520947
18.24 -0.844122 -0.519988
18.25 -0.849317 -0.519012
18.26 -0.854502 -0.518019
18.27 -0.859677 -0.517007
18.28 -0.864842 -0.515978
18.29 -0.869996 -0.51493
18.3 -0.87514 -0.513864
18.31 -0.880274 -0.51278
18.32 -0.885396 -0.511677
18.33 -0.890507 -0.510555
18.34 -0.895607 -0.509415
18.35 -0.900695 -0.508255
18.36 -0.905772 -0.507076
18.37 -0.910837 -0.505877
18.38 -0.915889 -0.504659
18.39 -0.92093 -0.503422
18.4 -0.925958 -0.502164
18.41 -0.930973 -0.500886
18.42 -0.935975 -0.499588
18.43 -0.940965 -0.49827
18.44 -0.945941 -0.496932
18.45 -0.950903 -0.495572
18.46 -0.955852 -0.494192
18.47 -0.960787 -0.492791
18.48 -0.965708 -0.491369
18.49 -0.970614 -0.489926
18.5 -0.975506 -0.488462
18.51 -0.980384 -0.486976
18.52 -0.985246 -0.485468
18.53 -0.990093 -0.483939
18.54 -0.994925 -0.482388
18.55 -0.999741 -0.480815
18.56 -1.00454 -0.47922
18.57 -1.00932 -0.477602
18.58 -1.01409 -0.475963
18.59 -1.01884 -0.4743
18.6 -1.02358 -0.472616
18.61 -1.0283 -0.470908
18.62 -1.033 -0.469178
18.63 -1.03768 -0.467425
18.64 -1.04235 -0.465649
18.65 -1.04699 -0.46385
18.66 -1.05162 -0.462028
18.67 -1.05623 -0.460182
18.68 -1.06083 -0.458313
18.69 -1.0654 -0.456421
18.7 -1.06995 -0.454505
18.71 -1.07449 -0.452565
18.72 -1.07901 -0.450602
18.73 -1.0835 -0.448615
18.74 -1.08798 -0.446604
18.75 -1.09243 -0.444569
18.76 -1.09687 -0.44251
18.77 -1.10128 -0.440427
18.78 -1.10568 -0.43832
18.79 -1.11005 -0.436189
18.8 -1.1144 -0.434034
18.81 -1.11873 -0.431854
18.82 -1.12304 -0.42965
18.83 -1.12732 -0.427422
18.84 -1.13159 -0.425169
18.85 -1.13583 -0.422892
18.86 -1.14004 -0.42059
18.87 -1.14424 -0.418264
18.88 -1.14841 -0.415913
18.89 -1.15256 -0.413538
18.9 -1.15668 -0.411138
18.91 -1.16078 -0.408714
18.92 -1.16485 -0.406265
18.93 -1.1689 -0.403791
18.94 -1.17293 -0.401293
18.95 -1.17693 -0.39877
18.96 -1.18091 -0.396223
18.97 -1.18485 -0.393651
18.98 -1.18878 -0.391055
18.99 -1.19268 -0.388434
19 -1.19655 -0.385789
19.01 -1.20039 -0.383119
19.02 -1.20421 -0.380424
19.03 -1.208 -0.377706
19.04 -1.21176 -0.374963
19.05 -1.2155 -0.372195
19.06 -1.21921 -0.369404
19.07 -1.22289 -0.366588
19.08 -1.22654 -0.363748
19.09 -1.23016 -0.360883
19.1 -1.23376 -0.357995
19.11 -1.23732 -0.355083
19.12 -1.24086 -0.352147
19.13 -1.24436 -0.349187
19.14 -1.24784 -0.346204
19.15 -1.25129 -0.343196
19.16 -1.25471 -0.340166
19.17 -1.25809 -0.337111
19.18 -1.26145 -0.334034
19.19 -1.26477 -0.330933
19.2 -1.26807 -0.327809
19.21 -1.27133 -0.324662
19.22 -1.27456 -0.321493
19.23 -1.27776 -0.3183
19.24 -1.28093 -0.315085
19.25 -1.28406 -0.311847
19.26 -1.28716 -0.308587
19.27 -1.29023 -0.305305
19.28 -1.29327 -0.302001
19.29 -1.29627 -0.298674
19.3 -1.29924 -0.295326
19.31 -1.30218 -0.291957
19.32 -1.30508 -0.288566
19.33 -1.30795 -0.285153
19.34 -1.31078 -0.28172
19.35 -1.31358 -0.278265
19.36 -1.31635 -0.27479
19.37 -1.31908 -0.271295
19.38 -1.32177 -0.267778
19.39 -1.32443 -0.264242
19.4 -1.32706 -0.260686
19.41 -1.32965 -0.25711
19.42 -1.3322 -0.253514
19.43 -1.33472 -0.249899
19.44 -1.3372 -0.246265
19.45 -1.33964 -0.242612
19.46 -1.34205 -0.238941
19.47 -1.34442 -0.23525
19.48 -1.34676 -0.231542
19.49 -1.34905 -0.227815
19.5 -1.35131 -0.224071
19.51 -1.35353 -0.22031
19.52 -1.35572 -0.21653
19.53 -1.35787 -0.212734
19.54 -1.35997 -0.208922
19.55 -1.36204 -0.205092
19.56 -1.36408 -0.201247
19.57 -1.36607 -0.197385
19.58 -1.36802 -0.193508
19.59 -1.36994 -0.189615
19.6 -1.37182 -0.185707
19.61 -1.37365 -0.181784
19.62 -1.37545 -0.177847
19.63 -1.37721 -0.173895
19.64 -1.37893 -0.169929
19.65 -1.38061 -0.165949
19.66 -1.38225 -0.161956
19.67 -1.38385 -0.15795
19.68 -1.38541 -0.153931
19.69 -1.38693 -0.149899
19.7 -1.3884 -0.145855
19.71 -1.38984 -0.141799
19.72 -1.39124 -0.137732
19.73 -1.3926 -0.133653
19.74 -1.39391 -0.129563
19.75 -1.39519 -0.125463
19.76 -1.39642 -0.121352
19.77 -1.39762 -0.117231
19.78 -1.39877 -0.113101
19.79 -1.39988 -0.108961
19.8 -1.40095 -0.104812
19.81 -1.40197 -0.100654
19.82 -1.40296 -0.0964883
19.83 -1.4039 -0.0923142
19.84 -1.40481 -0.0881324
19.85 -1.40567 -0.0839433
19.86 -1.40648 -0.0797471
19.87 -1.40726 -0.0755443
19.88 -1.408 -0.0713352
19.89 -1.40869 -0.0671201
19.9 -1.40934 -0.0628993
19.91 -1.40995 -0.0586733
19.92 -1.41051 -0.0544424
19.93 -1.41103 -0.0502069
19.94 -1.41152 -0.0459671
19.95 -1.41195 -0.0417235
19.96 -1.41235 -0.0374764
19.97 -1.4127 -0.0332261
19.98 -1.41301 -0.028973
19.99 -1.41328 -0.0247175
20 -1.41351 -0.0204599
20.01 -1.41369 -0.0162005
20.02 -1.41383 -0.0119398
20.03 -1.41393 -0.00767814
20.04 -1.41399 -0.00341578
20.05 -1.414 0.00084686
20.06 -1.41397 0.00510943
20.07 -1.4139 0.00937157
20.08 -1.41378 0.0136329
20.09 -1.41362 0.0178931
20.1 -1.41342 0.0221518
20.11 -1.41318 0.0264086
20.12 -1.4129 0.0306632
20.13 -1.41257 0.0349152
20.14 -1.4122 0.0391643
20.15 -1.41178 0.0434101
20.16 -1.41133 0.0476522
20.17 -1.41083 0.0518903
20.18 -1.41029 0.0561241
20.19 -1.40971 0.0603531
20.2 -1.40908 0.0645771
20.21 -1.40842 0.0687956
20.22 -1.40771 0.0730084
20.23 -1.40696 0.077215
20.24 -1.40616 0.0814153
20.25 -1.40533 0.0856086
20.26 -1.40445 0.0897949
20.27 -1.40353 0.0939736
20.28 -1.40257 0.0981446
20.29 -1.40157 0.102307
20.3 -1.40053 0.106462
20.31 -1.39944 0.110607
20.32 -1.39831 0.114743
20.33 -1.39715 0.11887
20.34 -1.39594 0.122987
20.35 -1.39469 0.127094
20.36 -1.3934 0.13119
20.37 -1.39206 0.135275
20.38 -1.39069 0.13935
20.39 -1.38928 0.143412
20.4 -1.38782 0.147464
20.41 -1.38633 0.151503
20.42 -1.38479 0.155529
20.43 -1.38322 0.159543
20.44 -1.3816 0.163544
20.45 -1.37995 0.167532
20.46 -1.37825 0.171506
20.47 -1.37652 0.175467
20.48 -1.37474 0.179413
20.49 -1.37293 0.183344
20.5 -1.37107 0.187261
20.51 -1.36918 0.191163
20.52 -1.36725 0.19505
20.53 -1.36528 0.198921
20.54 -1.36327 0.202777
20.55 -1.36123 0.206616
20.56 -1.35914 0.210439
20.57 -1.35702 0.214245
20.58 -1.35486 0.218034
20.59 -1.35266 0.221806
20.6 -1.35042 0.225561
20.61 -1.34815 0.229298
20.62 -1.34583 0.233018
20.63 -1.34348 0.236719
20.64 -1.3411 0.240402
20.65 -1.33868 0.244066
20.66 -1.33622 0.247712
20.67 -1.33372 0.251338
20.68 -1.33119 0.254945
20.69 -1.32862 0.258533
20.7 -1.32602 0.262101
20.71 -1.32338 0.26565
20.72 -1.32071 0.269178
20.73 -1.318 0.272686
20.74 -1.31525 0.276174
20.75 -1.31247 0.27964
20.76 -1.30966 0.283087
20.77 -1.30681 0.286512
20.78 -1.30393 0.289916
20.79 -1.30102 0.293298
20.8 -1.29807 0.296659
20.81 -1.29508 0.299999
20.82 -1.29207 0.303316
20.83 -1.28902 0.306612
20.84 -1.28593 0.309885
20.85 -1.28282 0.313136
20.86 -1.27967 0.316365
20.87 -1.27649 0.319571
20.88 -1.27328 0.322755
20.89 -1.27004 0.325916
20.9 -1.26676 0.329053
20.91 -1.26345 0.332168
20.92 -1.26012 0.33526
20.93 -1.25675 0.338328
20.94 -1.25335 0.341373
20.95 -1.24992 0.344394
20.96 -1.24646 0.347392
20.97 -1.24297 0.350366
20.98 -1.23946 0.353316
20.99 -1.23591 0.356243
21 -1.23233 0.359146
21.01 -1.22873 0.362024
21.02 -1.22509 0.364879
21.03 -1.22143 0.367709
21.04 -1.21774 0.370516
21.05 -1.21402 0.373298
21.06 -1.21027 0.376055
21.07 -1.2065 0.378789
21.08 -1.2027 0.381498
21.09 -1.19887 0.384183
21.1 -1.19501 0.386843
21.11 -1.19113 0.389478
21.12 -1.18722 0.39209
21.13 -1.18329 0.394676
21.14 -1.17933 0.397238
21.15 -1.17534 0.399776
21.16 -1.17133 0.402289
21.17 -1.1673 0.404777
21.18 -1.16324 0.407241
21.19 -1.15915 0.40968
21.2 -1.15504 0.412095
21.21 -1.15091 0.414485
21.22 -1.14675 0.41685
21.23 -1.14257 0.419191
21.24 -1.13837 0.421507
21.25 -1.13414 0.423799
21.26 -1.1299 0.426067
21.27 -1.12562 0.42831
21.28 -1.12133 0.430529
21.29 -1.11701 0.432723
21.3 -1.11267 0.434893
21.31 -1.10831 0.437039
21.32 -1.10393 0.43916
21.33 -1.09953 0.441258
21.34 -1.09511 0.443331
21.35 -1.09067 0.44538
21.36 -1.0862 0.447406
21.37 -1.08172 0.449407
21.38 -1.07721 0.451385
21.39 -1.07269 0.453339
21.4 -1.06815 0.455269
21.41 -1.06358 0.457175
21.42 -1.059 0.459059
21.43 -1.0544 0.460918
21.44 -1.04978 0.462754
21.45 -1.04515 0.464568
21.46 -1.04049 0.466358
21.47 -1.03582 0.468124
21.48 -1.03113 0.469868
21.49 -1.02642 0.471589
21.5 -1.0217 0.473288
21.51 -1.01696 0.474964
21.52 -1.0122 0.476617
21.53 -1.00743 0.478248
21.54 -1.00264 0.479856
21.55 -0.997829 0.481442
21.56 -0.993007 0.483007
21.57 -0.988169 0.484549
21.58 -0.983316 0.48607
21.59 -0.978447 0.487569
21.6 -0.973564 0.489046
21.61 -0.968667 0.490502
21.62 -0.963754 0.491937
21.63 -0.958828 0.493351
21.64 -0.953887 0.494743
21.65 -0.948933 0.496115
21.66 -0.943965 0.497466
21.67 -0.938984 0.498797
21.68 -0.933989 0.500107
21.69 -0.928982 0.501396
21.7 -0.923962 0.502666
21.71 -0.918929 0.503916
21.72 -0.913883 0.505146
21.73 -0.908826 0.506356
21.74 -0.903756 0.507547
21.75 -0.898675 0.508718
21.76 -0.893582 0.50987
21.77 -0.888478 0.511003
21.78 -0.883362 0.512117
21.79 -0.878235 0.513213
21.8 -0.873098 0.51429
21.81 -0.86795 0.515348
21.82 -0.862791 0.516389
21.83 -0.857622 0.517411
21.84 -0.852443 0.518416
21.85 -0.847254 0.519402
21.86 -0.842055 0.520371
21.87 -0.836846 0.521323
21.88 -0.831628 0.522258
21.89 -0.826401 0.523175
21.9 -0.821165 0.524076
21.91 -0.81592 0.52496
21.92 -0.810666 0.525827
21.93 -0.805403 0.526678
21.94 -0.800132 0.527513
21.95 -0.794853 0.528332
21.96 -0.789566 0.529135
21.97 -0.78427 0.529922
21.98 -0.778967 0.530694
21.99 -0.773656 0.531451
22 -0.768338 0.532192
22.01 -0.763013 0.532919
22.02 -0.75768 0.533631
22.03 -0.75234 0.534328
22.04 -0.746993 0.53501
22.05 -0.74164 0.535679
22.06 -0.73628 0.536333
22.07 -0.730913 0.536974
22.08 -0.72554 0.537601
22.09 -0.720161 0.538214
22.1 -0.714776 0.538814
22.11 -0.709385 0.539401
22.12 -0.703988 0.539974
22.13 -0.698586 0.540535
22.14 -0.693178 0.541083
22.15 -0.687764 0.541619
22.16 -0.682345 0.542142
22.17 -0.676921 0.542654
22.18 -0.671492 0.543153
22.19 -0.666058 0.543641
22.2 -0.660619 0.544116
22.21 -0.655176 0.544581
22.22 -0.649728 0.545034
22.23 -0.644275 0.545476
22.24 -0.638818 0.545907
22.25 -0.633357 0.546328
22.26 -0.627892 0.546737
22.27 -0.622422 0.547137
22.28 -0.616949 0.547526
22.29 -0.611472 0.547905
22.3 -0.605991 0.548274
22.31 -0.600507 0.548633
22.32 -0.595018 0.548983
22.33 -0.589527 0.549323
22.34 -0.584032 0.549654
22.35 -0.578534 0.549976
22.36 -0.573033 0.550289
22.37 -0.567528 0.550593
22.38 -0.562021 0.550888
22.39 -0.55651 0.551175
22.4 -0.550997 0.551454
22.41 -0.545481 0.551725
22.42 -0.539963 0.551987
22.43 -0.534442 0.552242
22.44 -0.528918 0.552489
22.45 -0.523392 0.552728
22.46 -0.517863 0.55296
22.47 -0.512333 0.553185
22.48 -0.5068 0.553403
22.49 -0.501265 0.553614
22.5 -0.495727 0.553817
22.51 -0.490188 0.554015
22.52 -0.484647 0.554205
22.53 -0.479104 0.55439
22.54 -0.473559 0.554568
22.55 -0.468013 0.55474
22.56 -0.462465 0.554906
22.57 -0.456915 0.555066
22.58 -0.451363 0.555221
22.59 -0.44581 0.55537
22.6 -0.440256 0.555513
22.61 -0.4347 0.555651
22.62 -0.429143 0.555784
22.63 -0.423585 0.555912
22.64 -0.418025 0.556035
22.65 -0.412464 0.556154
22.66 -0.406902 0.556267
22.67 -0.401338 0.556377
22.68 -0.395774 0.556481
22.69 -0.390209 0.556582
22.7 -0.384643 0.556678
22.71 -0.379075 0.55677
22.72 -0.373507 0.556858
22.73 -0.367938 0.556942
22.74 -0.362368 0.557023
22.75 -0.356798 0.5571
22.76 -0.351226 0.557174
22.77 -0.345654 0.557244
22.78 -0.340081 0.55731
22.79 -0.334508 0.557374
22.8 -0.328934 0.557435
22.81 -0.323359 0.557492
22.82 -0.317784 0.557547
22.83 -0.312208 0.557598
22.84 -0.306632 0.557648
22.85 -0.301056 0.557694
22.86 -0.295478 0.557738
22.87 -0.289901 0.55778
22.88 -0.284323 0.557819
22.89 -0.278744 0.557856
22.9 -0.273166 0.557891
22.91 -0.267587 0.557924
22.92 -0.262007 0.557955
22.93 -0.256427 0.557984
22.94 -0.250848 0.558011
22.95 -0.245267 0.558036
22.96 -0.239687 0.55806
22.97 -0.234106 0.558082
22.98 -0.228525 0.558102
22.99 -0.222944 0.558122
23 -0.217363 0.558139
23.01 -0.211781 0.558156
23.02 -0.2062 0.558171
23.03 -0.200618 0.558185
23.04 -0.195036 0.558198
23.05 -0.189454 0.55821
23.06 -0.183872 0.558221
23.07 -0.178289 0.55823
23.08 -0.172707 0.558239
23.09 -0.167125 0.558248
23.1 -0.161542 0.558255
23.11 -0.15596 0.558262
23.12 -0.150377 0.558268
23.13 -0.144794 0.558273
23.14 -0.139212 0.558278
23.15 -0.133629 0.558282
23.16 -0.128046 0.558286
23.17 -0.122463 0.558289
23.18 -0.11688 0.558292
23.19 -0.111297 0.558294
23.2 -0.105714 0.558296
23.21 -0.100131 0.558298
23.22 -0.0945482 0.5583
23.23 -0.0889652 0.558301
23.24 -0.0833822 0.558302
23.25 -0.0777992 0.558303
23.26 -0.0722162 0.558304
23.27 -0.0666331 0.558304
23.28 -0.0610501 0.558305
23.29 -0.055467 0.558305
23.3 -0.049884 0.558305
23.31 -0.0443009 0.558305
23.32 -0.0387179 0.558306
23.33 -0.0331348 0.558306
23.34 -0.0275518 0.558306
23.35 -0.0219687 0.558306
23.36 -0.0163856 0.558306
23.37 -0.0108026 0.558306
23.38 -0.00521952 0.558306
23.39 0.000363533 0.558306
23.4 0.00594659 0.558306
23.41 0.0115296 0.558306
23.42 0.0171127 0.558306
23.43 0.0226958 0.558306
23.44 0.0282788 0.558306
23.45 0.0338619 0.558306
23.46 0.0394449 0.558306
23.47 0.045028 0.558305
23.48 0.050611 0.558305
23.49 0.0561941 0.558305
23.5 0.0617771 0.558305
23.51 0.0673602 0.558304
23.52 0.0729432 0.558304
23.53 0.0785263 0.558303
23.54 0.0841093 0.558302
23.55 0.0896923 0.558301
23.56 0.0952753 0.5583
23.57 0.100858 0.558298
23.58 0.106441 0.558296
23.59 0.112024 0.558294
23.6 0.117607 0.558291
23.61 0.12319 0.558289
23.62 0.128773 0.558285
23.63 0.134356 0.558281
23.64 0.139939 0.558277
23.65 0.145521 0.558272
23.66 0.151104 0.558267
23.67 0.156687 0.558261
23.68 0.162269 0.558254
23.69 0.167852 0.558247
23.7 0.173434 0.558238
23.71 0.179016 0.558229
23.72 0.184599 0.558219
23.73 0.190181 0.558208
23.74 0.195763 0.558196
23.75 0.201345 0.558183
23.76 0.206927 0.558169
23.77 0.212508 0.558154
23.78 0.21809 0.558137
23.79 0.223671 0.558119
23.8 0.229252 0.5581
23.81 0.234833 0.558079
23.82 0.240414 0.558057
23.83 0.245994 0.558033
23.84 0.251574 0.558007
23.85 0.257154 0.55798
23.86 0.262734 0.557951
23.87 0.268313 0.55792
23.88 0.273892 0.557887
23.89 0.279471 0.557851
23.9 0.285049 0.557814
23.91 0.290627 0.557775
23.92 0.296205 0.557733
23.93 0.301782 0.557688
23.94 0.307358 0.557641
23.95 0.312935 0.557592
23.96 0.31851 0.55754
23.97 0.324085 0.557485
23.98 0.32966 0.557427
23.99 0.335234 0.557366
24 0.340807 0.557302
24.01 0.34638 0.557235
24.02 0.351952 0.557164
24.03 0.357523 0.55709
24.04 0.363094 0.557013
24.05 0.368663 0.556932
24.06 0.374232 0.556847
24.07 0.3798 0.556758
24.08 0.385368 0.556665
24.09 0.390934 0.556569
24.1 0.396499 0.556468
24.11 0.402063 0.556363
24.12 0.407626 0.556253
24.13 0.413188 0.556139
24.14 0.418749 0.55602
24.15 0.424308 0.555896
24.16 0.429867 0.555767
24.17 0.435424 0.555634
24.18 0.440979 0.555495
24.19 0.446534 0.55535
24.2 0.452086 0.555201
24.21 0.457638 0.555046
24.22 0.463187 0.554885
24.23 0.468735 0.554718
24.24 0.474282 0.554545
24.25 0.479826 0.554366
24.26 0.485369 0.554181
24.27 0.49091 0.553989
24.28 0.496449 0.553791
24.29 0.501986 0.553586
24.3 0.50752 0.553375
24.31 0.513053 0.553156
24.32 0.518584 0.552931
24.33 0.524112 0.552698
24.34 0.529637 0.552457
24.35 0.535161 0.552209
24.36 0.540682 0.551953
24.37 0.5462 0.55169
24.38 0.551715 0.551418
24.39 0.557228 0.551138
24.4 0.562738 0.55085
24.41 0.568245 0.550554
24.42 0.573749 0.550248
24.43 0.57925 0.549934
24.44 0.584748 0.549611
24.45 0.590242 0.549279
24.46 0.595733 0.548938
24.47 0.601221 0.548587
24.48 0.606705 0.548226
24.49 0.612185 0.547856
24.5 0.617662 0.547476
24.51 0.623135 0.547085
24.52 0.628604 0.546685
24.53 0.634069 0.546273
24.54 0.639529 0.545852
24.55 0.644986 0.545419
24.56 0.650438 0.544976
24.57 0.655885 0.544521
24.58 0.661328 0.544055
24.59 0.666766 0.543578
24.6 0.672199 0.543089
24.61 0.677628 0.542588
24.62 0.683051 0.542075
24.63 0.688469 0.54155
24.64 0.693882 0.541013
24.65 0.69929 0.540463
24.66 0.704691 0.5399
24.67 0.710088 0.539325
24.68 0.715478 0.538736
24.69 0.720862 0.538135
24.7 0.72624 0.53752
24.71 0.731613 0.536891
24.72 0.736978 0.536249
24.73 0.742337 0.535593
24.74 0.74769 0.534922
24.75 0.753036 0.534238
24.76 0.758375 0.533539
24.77 0.763707 0.532825
24.78 0.769031 0.532097
24.79 0.774348 0.531353
24.8 0.779658 0.530595
24.81 0.78496 0.529821
24.82 0.790255 0.529031
24.83 0.795541 0.528226
24.84 0.800819 0.527405
24.85 0.806089 0.526568
24.86 0.81135 0.525715
24.87 0.816603 0.524846
24.88 0.821847 0.523959
24.89 0.827082 0.523057
24.9 0.832308 0.522137
24.91 0.837525 0.5212
24.92 0.842732 0.520246
24.93 0.84793 0.519275
24.94 0.853118 0.518286
24.95 0.858296 0.517279
24.96 0.863463 0.516254
24.97 0.868621 0.515212
24.98 0.873767 0.514151
24.99 0.878904 0.513071
25 0.884029 0.511973
25.01 0.889143 0.510857
25.02 0.894246 0.509721
25.03 0.899337 0.508566
25.04 0.904417 0.507393
25.05 0.909485 0.506199
25.06 0.914541 0.504987
25.07 0.919585 0.503754
25.08 0.924616 0.502502
25.09 0.929635 0.50123
25.1 0.934641 0.499937
25.11 0.939633 0.498624
25.12 0.944613 0.497291
25.13 0.949579 0.495937
25.14 0.954532 0.494563
25.15 0.95947 0.493168
25.16 0.964395 0.491751
25.17 0.969305 0.490314
25.18 0.974201 0.488855
25.19 0.979082 0.487375
25.2 0.983949 0.485873
25.21 0.9888 0.48435
25.22 0.993635 0.482804
25.23 0.998456 0.481237
25.24 1.00326 0.479648
25.25 1.00805 0.478036
25.26 1.01282 0.476403
25.27 1.01758 0.474747
25.28 1.02232 0.473068
25.29 1.02704 0.471367
25.3 1.03174 0.469643
25.31 1.03643 0.467896
25.32 1.0411 0.466126
25.33 1.04575 0.464333
25.34 1.05039 0.462517
25.35 1.055 0.460677
25.36 1.0596 0.458815
25.37 1.06418 0.456928
25.38 1.06874 0.455019
25.39 1.07328 0.453086
25.4 1.0778 0.451129
25.41 1.0823 0.449148
25.42 1.08678 0.447143
25.43 1.09125 0.445115
25.44 1.09569 0.443062
25.45 1.10011 0.440986
25.46 1.10451 0.438885
25.47 1.10888 0.436761
25.48 1.11324 0.434612
25.49 1.11758 0.432439
25.5 1.12189 0.430241
25.51 1.12618 0.428019
25.52 1.13045 0.425773
25.53 1.1347 0.423502
25.54 1.13892 0.421207
25.55 1.14312 0.418888
25.56 1.1473 0.416543
25.57 1.15145 0.414175
25.58 1.15558 0.411781
25.59 1.15969 0.409364
25.6 1.16377 0.406921
25.61 1.16782 0.404454
25.62 1.17186 0.401963
25.63 1.17586 0.399447
25.64 1.17985 0.396906
25.65 1.1838 0.394341
25.66 1.18773 0.391751
25.67 1.19164 0.389137
25.68 1.19552 0.386498
25.69 1.19937 0.383834
25.7 1.20319 0.381147
25.71 1.20699 0.378434
25.72 1.21076 0.375698
25.73 1.2145 0.372937
25.74 1.21822 0.370152
25.75 1.22191 0.367342
25.76 1.22557 0.364509
25.77 1.2292 0.361651
25.78 1.2328 0.358769
25.79 1.23637 0.355863
25.8 1.23992 0.352934
25.81 1.24343 0.34998
25.82 1.24692 0.347003
25.83 1.25037 0.344002
25.84 1.2538 0.340978
25.85 1.25719 0.33793
25.86 1.26055 0.334858
25.87 1.26389 0.331764
25.88 1.26719 0.328646
25.89 1.27046 0.325505
25.9 1.2737 0.322342
25.91 1.27691 0.319155
25.92 1.28008 0.315946
25.93 1.28323 0.312714
25.94 1.28634 0.30946
25.95 1.28941 0.306184
25.96 1.29246 0.302885
25.97 1.29547 0.299565
25.98 1.29845 0.296223
25.99 1.3014 0.292859
26 1.30431 0.289474
26.01 1.30719 0.286067
26.02 1.31003 0.282639
26.03 1.31284 0.27919
26.04 1.31561 0.275721
26.05 1.31835 0.27223
26.06 1.32106 0.26872
26.07 1.32373 0.265189
26.08 1.32636 0.261638
26.09 1.32896 0.258067
26.1 1.33152 0.254477
26.11 1.33405 0.250867
26.12 1.33654 0.247238
26.13 1.33899 0.24359
26.14 1.34141 0.239923
26.15 1.34379 0.236238
26.16 1.34614 0.232534
26.17 1.34844 0.228813
26.18 1.35071 0.225073
26.19 1.35294 0.221316
26.2 1.35514 0.217542
26.21 1.3573 0.21375
26.22 1.35941 0.209942
26.23 1.36149 0.206117
26.24 1.36354 0.202275
26.25 1.36554 0.198418
26.26 1.3675 0.194545
26.27 1.36943 0.190656
26.28 1.37132 0.186752
26.29 1.37317 0.182833
26.3 1.37497 0.1789
26.31 1.37674 0.174952
26.32 1.37847 0.17099
26.33 1.38016 0.167014
26.34 1.38181 0.163024
26.35 1.38342 0.159021
26.36 1.38499 0.155006
26.37 1.38652 0.150977
26.38 1.38801 0.146937
26.39 1.38946 0.142884
26.4 1.39087 0.13882
26.41 1.39224 0.134744
26.42 1.39357 0.130657
26.43 1.39485 0.126559
26.44 1.3961 0.122451
26.45 1.3973 0.118333
26.46 1.39846 0.114205
26.47 1.39959 0.110068
26.48 1.40067 0.105921
26.49 1.4017 0.101766
26.5 1.4027 0.0976019
26.51 1.40366 0.0934299
26.52 1.40457 0.0892501
26.53 1.40544 0.085063
26.54 1.40627 0.0808686
26.55 1.40706 0.0766676
26.56 1.4078 0.0724601
26.57 1.40851 0.0682466
26.58 1.40917 0.0640273
26.59 1.40979 0.0598026
26.6 1.41036 0.055573
26.61 1.4109 0.0513386
26.62 1.41139 0.0471
26.63 1.41184 0.0428574
26.64 1.41225 0.0386111
26.65 1.41261 0.0343617
26.66 1.41294 0.0301093
26.67 1.41322 0.0258544
26.68 1.41345 0.0215973
26.69 1.41365 0.0173384
26.7 1.4138 0.013078
26.71 1.41391 0.00881656
26.72 1.41398 0.00455435
26.73 1.414 0.000291744
26.74 1.41398 -0.00397088
26.75 1.41392 -0.00823317
26.76 1.41382 -0.0124948
26.77 1.41367 -0.0167553
26.78 1.41348 -0.0210144
26.79 1.41325 -0.0252718
26.8 1.41298 -0.029527
26.81 1.41266 -0.0337798
26.82 1.4123 -0.0380296
26.83 1.4119 -0.0422763
26.84 1.41146 -0.0465195
26.85 1.41097 -0.0507587
26.86 1.41044 -0.0549936
26.87 1.40987 -0.059224
26.88 1.40926 -0.0634493
26.89 1.4086 -0.0676693
26.9 1.4079 -0.0718837
26.91 1.40716 -0.076092
26.92 1.40638 -0.080294
26.93 1.40556 -0.0844892
26.94 1.40469 -0.0886774
26.95 1.40378 -0.0928582
26.96 1.40283 -0.0970313
26.97 1.40184 -0.101196
26.98 1.40081 -0.105353
26.99 1.39974 -0.109501
27 1.39862 -0.113639
27.01 1.39746 -0.117769
27.02 1.39626 -0.121888
27.03 1.39502 -0.125998
27.04 1.39374 -0.130097
27.05 1.39242 -0.134185
27.06 1.39106 -0.138262
27.07 1.38966 -0.142328
27.08 1.38821 -0.146383
27.09 1.38673 -0.150425
27.1 1.38521 -0.154455
27.11 1.38364 -0.158472
27.12 1.38204 -0.162477
27.13 1.38039 -0.166468
27.14 1.37871 -0.170446
27.15 1.37698 -0.17441
27.16 1.37522 -0.17836
27.17 1.37342 -0.182296
27.18 1.37157 -0.186217
27.19 1.36969 -0.190123
27.2 1.36777 -0.194013
27.21 1.36581 -0.197889
27.22 1.36381 -0.201748
27.23 1.36178 -0.205592
27.24 1.3597 -0.209419
27.25 1.35759 -0.21323
27.26 1.35544 -0.217024
27.27 1.35325 -0.2208
27.28 1.35102 -0.22456
27.29 1.34876 -0.228302
27.3 1.34645 -0.232026
27.31 1.34412 -0.235732
27.32 1.34174 -0.23942
27.33 1.33933 -0.243089
27.34 1.33688 -0.24674
27.35 1.33439 -0.250371
27.36 1.33187 -0.253984
27.37 1.32931 -0.257577
27.38 1.32672 -0.26115
27.39 1.32409 -0.264704
27.4 1.32143 -0.268238
27.41 1.31873 -0.271751
27.42 1.31599 -0.275244
27.43 1.31322 -0.278716
27.44 1.31042 -0.282168
27.45 1.30758 -0.285599
27.46 1.3047 -0.289008
27.47 1.3018 -0.292397
27.48 1.29886 -0.295764
27.49 1.29588 -0.299109
27.5 1.29287 -0.302432
27.51 1.28983 -0.305734
27.52 1.28676 -0.309013
27.53 1.28365 -0.31227
27.54 1.28051 -0.315505
27.55 1.27734 -0.318717
27.56 1.27414 -0.321907
27.57 1.27091 -0.325074
27.58 1.26764 -0.328217
27.59 1.26434 -0.331338
27.6 1.26101 -0.334436
27.61 1.25765 -0.337511
27.62 1.25426 -0.340562
27.63 1.25084 -0.343589
27.64 1.24739 -0.346593
27.65 1.24391 -0.349574
27.66 1.2404 -0.352531
27.67 1.23686 -0.355464
27.68 1.23329 -0.358373
27.69 1.22969 -0.361258
27.7 1.22606 -0.364119
27.71 1.22241 -0.366956
27.72 1.21873 -0.369768
27.73 1.21501 -0.372557
27.74 1.21127 -0.375321
27.75 1.20751 -0.378061
27.76 1.20371 -0.380777
27.77 1.19989 -0.383468
27.78 1.19604 -0.386135
27.79 1.19217 -0.388777
27.8 1.18827 -0.391394
27.81 1.18434 -0.393988
27.82 1.18039 -0.396556
27.83 1.17641 -0.3991
27.84 1.17241 -0.40162
27.85 1.16838 -0.404115
27.86 1.16432 -0.406585
27.87 1.16025 -0.409031
27.88 1.15614 -0.411452
27.89 1.15202 -0.413849
27.9 1.14787 -0.416221
27.91 1.14369 -0.418568
27.92 1.1395 -0.420891
27.93 1.13528 -0.42319
27.94 1.13103 -0.425464
27.95 1.12677 -0.427713
27.96 1.12248 -0.429938
27.97 1.11817 -0.432139
27.98 1.11384 -0.434316
27.99 1.10948 -0.436468
28 1.10511 -0.438596
28.01 1.10071 -0.4407
28.02 1.09629 -0.44278
28.03 1.09185 -0.444835
28.04 1.0874 -0.446867
28.05 1.08292 -0.448875
28.06 1.07842 -0.450859
28.07 1.0739 -0.452819
28.08 1.06936 -0.454756
28.09 1.0648 -0.456668
28.1 1.06023 -0.458558
28.11 1.05563 -0.460424
28.12 1.05102 -0.462266
28.13 1.04639 -0.464086
28.14 1.04174 -0.465882
28.15 1.03707 -0.467655
28.16 1.03239 -0.469405
28.17 1.02768 -0.471132
28.18 1.02296 -0.472836
28.19 1.01823 -0.474518
28.2 1.01347 -0.476177
28.21 1.0087 -0.477814
28.22 1.00392 -0.479429
28.23 0.999114 -0.481021
28.24 0.994296 -0.482591
28.25 0.989463 -0.484139
28.26 0.984614 -0.485666
28.27 0.979749 -0.487171
28.28 0.97487 -0.488654
28.29 0.969976 -0.490115
28.3 0.965068 -0.491556
28.31 0.960145 -0.492975
28.32 0.955209 -0.494373
28.33 0.950258 -0.495751
28.34 0.945294 -0.497107
28.35 0.940316 -0.498443
28.36 0.935325 -0.499759
28.37 0.930321 -0.501054
28.38 0.925304 -0.502329
28.39 0.920274 -0.503584
28.4 0.915232 -0.504819
28.41 0.910178 -0.506034
28.42 0.905112 -0.50723
28.43 0.900033 -0.508407
28.44 0.894943 -0.509564
28.45 0.889842 -0.510702
28.46 0.884729 -0.511822
28.47 0.879606 -0.512922
28.48 0.874471 -0.514004
28.49 0.869326 -0.515068
28.5 0.86417 -0.516113
28.51 0.859004 -0.51714
28.52 0.853827 -0.518149
28.53 0.848641 -0.51914
28.54 0.843444 -0.520114
28.55 0.838238 -0.521071
28.56 0.833023 -0.52201
28.57 0.827798 -0.522932
28.58 0.822564 -0.523837
28.59 0.817322 -0.524725
28.6 0.81207 -0.525597
28.61 0.80681 -0.526452
28.62 0.801541 -0.527292
28.63 0.796264 -0.528115
28.64 0.790979 -0.528922
28.65 0.785686 -0.529714
28.66 0.780384 -0.53049
28.67 0.775076 -0.53125
28.68 0.76976 -0.531996
28.69 0.764436 -0.532726
28.7 0.759105 -0.533442
28.71 0.753767 -0.534143
28.72 0.748422 -0.534829
28.73 0.743071 -0.535502
28.74 0.737712 -0.53616
28.75 0.732347 -0.536804
28.76 0.726976 -0.537435
28.77 0.721599 -0.538051
28.78 0.716215 -0.538655
28.79 0.710826 -0.539245
28.8 0.70543 -0.539822
28.81 0.700029 -0.540387
28.82 0.694623 -0.540938
28.83 0.689211 -0.541477
28.84 0.683793 -0.542004
28.85 0.678371 -0.542518
28.86 0.672943 -0.543021
28.87 0.66751 -0.543511
28.88 0.662073 -0.54399
28.89 0.65663 -0.544458
28.9 0.651184 -0.544914
28.91 0.645732 -0.545359
28.92 0.640276 -0.545793
28.93 0.634816 -0.546216
28.94 0.629352 -0.546629
28.95 0.623884 -0.547031
28.96 0.618412 -0.547423
28.97 0.612935 -0.547804
28.98 0.607455 -0.548176
28.99 0.601972 -0.548538
29 0.596485 -0.54889
29.01 0.590994 -0.549233
29.02 0.5855 -0.549566
29.03 0.580003 -0.549891
29.04 0.574502 -0.550206
29.05 0.568999 -0.550512
29.06 0.563492 -0.55081
29.07 0.557983 -0.5511
29.08 0.55247 -0.55138
29.09 0.546955 -0.551653
29.1 0.541437 -0.551918
29.11 0.535917 -0.552175
29.12 0.530394 -0.552424
29.13 0.524868 -0.552665
29.14 0.51934 -0.552899
29.15 0.51381 -0.553126
29.16 0.508278 -0.553345
29.17 0.502743 -0.553558
29.18 0.497207 -0.553764
29.19 0.491668 -0.553963
29.2 0.486128 -0.554155
29.21 0.480585 -0.554341
29.22 0.475041 -0.554521
29.23 0.469495 -0.554694
29.24 0.463947 -0.554862
29.25 0.458397 -0.555024
29.26 0.452846 -0.55518
29.27 0.447294 -0.55533
29.28 0.44174 -0.555475
29.29 0.436184 -0.555615
29.3 0.430628 -0.555749
29.31 0.425069 -0.555879
29.32 0.41951 -0.556003
29.33 0.413949 -0.556123
29.34 0.408388 -0.556237
29.35 0.402825 -0.556348
29.36 0.397261 -0.556454
29.37 0.391696 -0.556555
29.38 0.386129 -0.556652
29.39 0.380562 -0.556746
29.4 0.374995 -0.556835
29.41 0.369426 -0.55692
29.42 0.363856 -0.557002
29.43 0.358286 -0.55708
29.44 0.352715 -0.557154
29.45 0.347143 -0.557225
29.46 0.34157 -0.557293
29.47 0.335997 -0.557357
29.48 0.330423 -0.557419
29.49 0.324848 -0.557477
29.5 0.319273 -0.557532
29.51 0.313698 -0.557585
29.52 0.308122 -0.557635
29.53 0.302545 -0.557682
29.54 0.296968 -0.557727
29.55 0.291391 -0.557769
29.56 0.285813 -0.557809
29.57 0.280234 -0.557846
29.58 0.274656 -0.557882
29.59 0.269077 -0.557915
29.6 0.263498 -0.557947
29.61 0.257918 -0.557976
29.62 0.252338 -0.558004
29.63 0.246758 -0.55803
29.64 0.241177 -0.558054
29.65 0.235597 -0.558076
29.66 0.230016 -0.558097
29.67 0.224435 -0.558117
29.68 0.218854 -0.558135
29.69 0.213272 -0.558152
29.7 0.207691 -0.558167
29.71 0.202109 -0.558181
29.72 0.196527 -0.558195
29.73 0.190945 -0.558207
29.74 0.185363 -0.558218
29.75 0.179781 -0.558228
29.76 0.174198 -0.558237
29.77 0.168616 -0.558245
29.78 0.163033 -0.558253
29.79 0.157451 -0.55826
29.8 0.151868 -0.558266
29.81 0.146285 -0.558272
29.82 0.140703 -0.558276
29.83 0.13512 -0.558281
29.84 0.129537 -0.558285
29.85 0.123954 -0.558288
29.86 0.118371 -0.558291
29.87 0.112788 -0.558294
29.88 0.107205 -0.558296
29.89 0.101623 -0.558298
29.9 0.0960395 -0.558299
29.91 0.0904565 -0.558301
29.92 0.0848735 -0.558302
29.93 0.0792905 -0.558303
29.94 0.0737074 -0.558304
29.95 0.0681244 -0.558304
29.96 0.0625414 -0.558305
29.97 0.0569583 -0.558305
29.98 0.0513753 -0.558305
29.99 0.0457922 -0.558305
30 0.0402092 -0.558306
30.01 0.0346261 -0.558306
30.02 0.029043 -0.558306
30.03 0.02346 -0.558306
30.04 0.0178769 -0.558306
30.05 0.0122939 -0.558306
30.06 0.00671082 -0.558306
30.07 0.00112776 -0.558306
30.08 -0.0044553 -0.558306
30.09 -0.0100384 -0.558306
30.1 -0.0156214 -0.558306
30.11 -0.0212045 -0.558306
30.12 -0.0267875 -0.558306
30.13 -0.0323706 -0.558306
30.14 -0.0379536 -0.558306
30.15 -0.0435367 -0.558305
30.16 -0.0491197 -0.558305
30.17 -0.0547028 -0.558305
30.18 -0.0602858 -0.558305
30.19 -0.0658689 -0.558304
30.2 -0.0714519 -0.558304
30.21 -0.077035 -0.558303
30.22 -0.082618 -0.558302
30.23 -0.088201 -0.558301
30.24 -0.093784 -0.5583
30.25 -0.099367 -0.558298
30.26 -0.10495 -0.558297
30.27 -0.110533 -0.558295
30.28 -0.116116 -0.558292
30.29 -0.121699 -0.558289
30.3 -0.127282 -0.558286
30.31 -0.132865 -0.558282
30.32 -0.138447 -0.558278
30.33 -0.14403 -0.558274
30.34 -0.149613 -0.558268
30.35 -0.155195 -0.558262
30.36 -0.160778 -0.558256
30.37 -0.166361 -0.558249
30.38 -0.171943 -0.558241
30.39 -0.177525 -0.558232
30.4 -0.183108 -0.558222
30.41 -0.18869 -0.558211
30.42 -0.194272 -0.5582
30.43 -0.199854 -0.558187
30.44 -0.205436 -0.558173
30.45 -0.211017 -0.558158
30.46 -0.216599 -0.558142
30.47 -0.22218 -0.558124
30.48 -0.227761 -0.558105
30.49 -0.233342 -0.558085
30.5 -0.238923 -0.558063
30.51 -0.244503 -0.558039
30.52 -0.250084 -0.558014
30.53 -0.255664 -0.557987
30.54 -0.261243 -0.557959
30.55 -0.266823 -0.557928
30.56 -0.272402 -0.557896
30.57 -0.277981 -0.557861
30.58 -0.283559 -0.557824
30.59 -0.289137 -0.557785
30.6 -0.294715 -0.557744
30.61 -0.300292 -0.5577
30.62 -0.305869 -0.557654
30.63 -0.311445 -0.557605
30.64 -0.317021 -0.557554
30.65 -0.322596 -0.5575
30.66 -0.328171 -0.557443
30.67 -0.333745 -0.557382
30.68 -0.339319 -0.557319
30.69 -0.344891 -0.557253
30.7 -0.350464 -0.557183
30.71 -0.356035 -0.55711
30.72 -0.361606 -0.557034
30.73 -0.367176 -0.556954
30.74 -0.372745 -0.55687
30.75 -0.378313 -0.556782
30.76 -0.383881 -0.556691
30.77 -0.389447 -0.556595
30.78 -0.395012 -0.556495
30.79 -0.400577 -0.556391
30.8 -0.40614 -0.556283
30.81 -0.411703 -0.55617
30.82 -0.417264 -0.556052
30.83 -0.422824 -0.555929
30.84 -0.428382 -0.555802
30.85 -0.43394 -0.55567
30.86 -0.439496 -0.555532
30.87 -0.44505 -0.555389
30.88 -0.450603 -0.555241
30.89 -0.456155 -0.555088
30.9 -0.461705 -0.554928
30.91 -0.467254 -0.554763
30.92 -0.4728 -0.554592
30.93 -0.478345 -0.554414
30.94 -0.483889 -0.554231
30.95 -0.48943 -0.554041
30.96 -0.494969 -0.553845
30.97 -0.500507 -0.553642
30.98 -0.506042 -0.553432
30.99 -0.511575 -0.553215
31 -0.517106 -0.552992
31.01 -0.522635 -0.55276
31.02 -0.528162 -0.552522
31.03 -0.533686 -0.552276
31.04 -0.539207 -0.552023
31.05 -0.544726 -0.551761
31.06 -0.550242 -0.551492
31.07 -0.555756 -0.551214
31.08 -0.561267 -0.550928
31.09 -0.566774 -0.550634
31.1 -0.572279 -0.550331
31.11 -0.577781 -0.550019
31.12 -0.58328 -0.549699
31.13 -0.588775 -0.549369
31.14 -0.594267 -0.54903
31.15 -0.599756 -0.548681
31.16 -0.605241 -0.548323
31.17 -0.610722 -0.547956
31.18 -0.6162 -0.547578
31.19 -0.621674 -0.54719
31.2 -0.627143 -0.546793
31.21 -0.632609 -0.546384
31.22 -0.638071 -0.545965
31.23 -0.643529 -0.545536
31.24 -0.648982 -0.545095
31.25 -0.65443 -0.544644
31.26 -0.659875 -0.544181
31.27 -0.665314 -0.543706
31.28 -0.670749 -0.54322
31.29 -0.676178 -0.542723
31.3 -0.681603 -0.542213
31.31 -0.687023 -0.541691
31.32 -0.692437 -0.541157
31.33 -0.697846 -0.540611
31.34 -0.703249 -0.540052
31.35 -0.708647 -0.53948
31.36 -0.714039 -0.538895
31.37 -0.719425 -0.538297
31.38 -0.724804 -0.537685
31.39 -0.730178 -0.53706
31.4 -0.735546 -0.536422
31.41 -0.740907 -0.535769
31.42 -0.746261 -0.535103
31.43 -0.751609 -0.534422
31.44 -0.756949 -0.533727
31.45 -0.762283 -0.533017
31.46 -0.76761 -0.532293
31.47 -0.772929 -0.531553
31.48 -0.778241 -0.530799
31.49 -0.783545 -0.530029
31.5 -0.788841 -0.529244
31.51 -0.79413 -0.528443
31.52 -0.79941 -0.527626
31.53 -0.804682 -0.526793
31.54 -0.809946 -0.525945
31.55 -0.815201 -0.525079
31.56 -0.820447 -0.524198
31.57 -0.825685 -0.523299
31.58 -0.830913 -0.522384
31.59 -0.836133 -0.521452
31.6 -0.841342 -0.520503
31.61 -0.846543 -0.519536
31.62 -0.851733 -0.518552
31.63 -0.856913 -0.51755
31.64 -0.862084 -0.51653
31.65 -0.867244 -0.515492
31.66 -0.872394 -0.514436
31.67 -0.877533 -0.513361
31.68 -0.882661 -0.512268
31.69 -0.887778 -0.511157
31.7 -0.892884 -0.510026
31.71 -0.897978 -0.508877
31.72 -0.903061 -0.507708
31.73 -0.908133 -0.50652
31.74 -0.913192 -0.505312
31.75 -0.918239 -0.504085
31.76 -0.923273 -0.502838
31.77 -0.928295 -0.501571
31.78 -0.933305 -0.500284
31.79 -0.938301 -0.498977
31.8 -0.943284 -0.497649
31.81 -0.948254 -0.496301
31.82 -0.95321 -0.494932
31.83 -0.958153 -0.493542
31.84 -0.963081 -0.492132
31.85 -0.967995 -0.4907
31.86 -0.972895 -0.489247
31.87 -0.97778 -0.487772
31.88 -0.98265 -0.486276
31.89 -0.987505 -0.484759
31.9 -0.992345 -0.483219
31.91 -0.99717 -0.481658
31.92 -1.00198 -0.480075
31.93 -1.00677 -0.478469
31.94 -1.01155 -0.476841
31.95 -1.01631 -0.475191
31.96 -1.02105 -0.473519
31.97 -1.02578 -0.471823
31.98 -1.03049 -0.470105
31.99 -1.03518 -0.468364
32 -1.03986 -0.466601
32.01 -1.04451 -0.464814
32.02 -1.04915 -0.463004
32.03 -1.05377 -0.461171
32.04 -1.05837 -0.459314
32.05 -1.06296 -0.457435
32.06 -1.06752 -0.455531
32.07 -1.07207 -0.453604
32.08 -1.0766 -0.451654
32.09 -1.0811 -0.449679
32.1 -1.08559 -0.447681
32.11 -1.09006 -0.445659
32.12 -1.0945 -0.443613
32.13 -1.09893 -0.441543
32.14 -1.10333 -0.439449
32.15 -1.10772 -0.437331
32.16 -1.11208 -0.435188
32.17 -1.11642 -0.433021
32.18 -1.12074 -0.43083
32.19 -1.12504 -0.428615
32.2 -1.12931 -0.426375
32.21 -1.13356 -0.424111
32.22 -1.13779 -0.421823
32.23 -1.142 -0.41951
32.24 -1.14618 -0.417172
32.25 -1.15034 -0.41481
32.26 -1.15448 -0.412423
32.27 -1.15859 -0.410012
32.28 -1.16268 -0.407576
32.29 -1.16674 -0.405116
32.3 -1.17078 -0.402631
32.31 -1.1748 -0.400121
32.32 -1.17878 -0.397587
32.33 -1.18275 -0.395028
32.34 -1.18669 -0.392445
32.35 -1.1906 -0.389837
32.36 -1.19448 -0.387205
32.37 -1.19834 -0.384548
32.38 -1.20217 -0.381867
32.39 -1.20598 -0.379161
32.4 -1.20976 -0.376431
32.41 -1.21351 -0.373677
32.42 -1.21723 -0.370898
32.43 -1.22092 -0.368095
32.44 -1.22459 -0.365268
32.45 -1.22823 -0.362416
32.46 -1.23184 -0.359541
32.47 -1.23542 -0.356642
32.48 -1.23897 -0.353718
32.49 -1.24249 -0.350771
32.5 -1.24599 -0.3478
32.51 -1.24945 -0.344806
32.52 -1.25288 -0.341788
32.53 -1.25629 -0.338746
32.54 -1.25966 -0.335681
32.55 -1.263 -0.332593
32.56 -1.26631 -0.329481
32.57 -1.26959 -0.326346
32.58 -1.27284 -0.323189
32.59 -1.27605 -0.320009
32.6 -1.27924 -0.316805
32.61 -1.28239 -0.31358
32.62 -1.28551 -0.310332
32.63 -1.2886 -0.307061
32.64 -1.29165 -0.303769
32.65 -1.29467 -0.300454
32.66 -1.29766 -0.297118
32.67 -1.30061 -0.29376
32.68 -1.30353 -0.29038
32.69 -1.30642 -0.286979
32.7 -1.30927 -0.283557
32.71 -1.31209 -0.280113
32.72 -1.31488 -0.276649
32.73 -1.31762 -0.273165
32.74 -1.32034 -0.269659
32.75 -1.32302 -0.266134
32.76 -1.32566 -0.262588
32.77 -1.32827 -0.259023
32.78 -1.33084 -0.255438
32.79 -1.33338 -0.251833
32.8 -1.33588 -0.248209
32.81 -1.33834 -0.244566
32.82 -1.34077 -0.240904
32.83 -1.34316 -0.237224
32.84 -1.34551 -0.233525
32.85 -1.34783 -0.229808
32.86 -1.35011 -0.226074
32.87 -1.35235 -0.222321
32.88 -1.35456 -0.218551
32.89 -1.35672 -0.214764
32.9 -1.35885 -0.210961
32.91 -1.36094 -0.20714
32.92 -1.36299 -0.203303
32.93 -1.36501 -0.19945
32.94 -1.36698 -0.195581
32.95 -1.36892 -0.191696
32.96 -1.37082 -0.187796
32.97 -1.37268 -0.183882
32.98 -1.3745 -0.179952
32.99 -1.37627 -0.176008
33 -1.37802 -0.172049
33.01 -1.37972 -0.168077
33.02 -1.38138 -0.164091
33.03 -1.383 -0.160092
33.04 -1.38458 -0.15608
33.05 -1.38612 -0.152055
33.06 -1.38762 -0.148017
33.07 -1.38908 -0.143968
33.08 -1.3905 -0.139906
33.09 -1.39188 -0.135834
33.1 -1.39322 -0.13175
33.11 -1.39451 -0.127655
33.12 -1.39577 -0.12355
33.13 -1.39698 -0.119434
33.14 -1.39816 -0.115309
33.15 -1.39929 -0.111174
33.16 -1.40038 -0.10703
33.17 -1.40143 -0.102876
33.18 -1.40244 -0.0987149
33.19 -1.4034 -0.094545
33.2 -1.40433 -0.0903673
33.21 -1.40521 -0.0861821
33.22 -1.40605 -0.0819897
33.23 -1.40685 -0.0777904
33.24 -1.40761 -0.0735846
33.25 -1.40832 -0.0693726
33.26 -1.409 -0.0651548
33.27 -1.40963 -0.0609316
33.28 -1.41021 -0.0567032
33.29 -1.41076 -0.0524701
33.3 -1.41126 -0.0482326
33.31 -1.41172 -0.043991
33.32 -1.41214 -0.0397457
33.33 -1.41252 -0.035497
33.34 -1.41285 -0.0312454
33.35 -1.41314 -0.0269912
33.36 -1.41339 -0.0227346
33.37 -1.4136 -0.0184762
33.38 -1.41376 -0.0142161
33.39 -1.41388 -0.00995493
33.4 -1.41396 -0.00569288
33.41 -1.414 -0.00143035
33.42 -1.41399 0.00283231
33.43 -1.41394 0.00709472
33.44 -1.41385 0.0113565
33.45 -1.41371 0.0156174
33.46 -1.41354 0.0198769
33.47 -1.41332 0.0241348
33.48 -1.41305 0.0283906
33.49 -1.41275 0.0326441
33.5 -1.4124 0.0368948
33.51 -1.41201 0.0411423
33.52 -1.41158 0.0453864
33.53 -1.4111 0.0496267
33.54 -1.41059 0.0538629
33.55 -1.41003 0.0580945
33.56 -1.40942 0.0623212
33.57 -1.40878 0.0665427
33.58 -1.40809 0.0707586
33.59 -1.40736 0.0749685
33.6 -1.40659 0.0791722
33.61 -1.40578 0.0833693
33.62 -1.40493 0.0875594
33.63 -1.40403 0.0917422
33.64 -1.40309 0.0959174
33.65 -1.40211 0.100085
33.66 -1.40109 0.104243
33.67 -1.40003 0.108394
33.68 -1.39892 0.112535
33.69 -1.39778 0.116667
33.7 -1.39659 0.120789
33.71 -1.39536 0.124901
33.72 -1.39409 0.129003
33.73 -1.39278 0.133094
33.74 -1.39143 0.137174
33.75 -1.39004 0.141243
33.76 -1.3886 0.145301
33.77 -1.38713 0.149346
33.78 -1.38562 0.15338
33.79 -1.38406 0.157401
33.8 -1.38247 0.161409
33.81 -1.38083 0.165403
33.82 -1.37916 0.169385
33.83 -1.37745 0.173353
33.84 -1.37569 0.177306
33.85 -1.3739 0.181246
33.86 -1.37207 0.185171
33.87 -1.3702 0.189081
33.88 -1.36829 0.192976
33.89 -1.36634 0.196855
33.9 -1.36435 0.200719
33.91 -1.36232 0.204567
33.92 -1.36026 0.208398
33.93 -1.35816 0.212213
33.94 -1.35601 0.216012
33.95 -1.35384 0.219793
33.96 -1.35162 0.223557
33.97 -1.34936 0.227304
33.98 -1.34707 0.231033
33.99 -1.34474 0.234744
34 -1.34238 0.238437
34.01 -1.33998 0.242111
34.02 -1.33754 0.245766
34.03 -1.33506 0.249403
34.04 -1.33255 0.253021
34.05 -1.33 0.256619
34.06 -1.32742 0.260198
34.07 -1.3248 0.263757
34.08 -1.32214 0.267296
34.09 -1.31945 0.270814
34.1 -1.31672 0.274313
34.11 -1.31396 0.277791
34.12 -1.31117 0.281248
34.13 -1.30834 0.284685
34.14 -1.30548 0.2881
34.15 -1.30258 0.291494
34.16 -1.29965 0.294866
34.17 -1.29668 0.298217
34.18 -1.29368 0.301547
34.19 -1.29065 0.304854
34.2 -1.28758 0.308139
34.21 -1.28449 0.311402
34.22 -1.28136 0.314643
34.23 -1.27819 0.317861
34.24 -1.275 0.321057
34.25 -1.27177 0.32423
34.26 -1.26851 0.32738
34.27 -1.26522 0.330507
34.28 -1.2619 0.333611
34.29 -1.25855 0.336692
34.3 -1.25517 0.339749
34.31 -1.25176 0.342783
34.32 -1.24831 0.345793
34.33 -1.24484 0.34878
34.34 -1.24134 0.351743
34.35 -1.23781 0.354683
34.36 -1.23425 0.357598
34.37 -1.23066 0.360489
34.38 -1.22704 0.363357
34.39 -1.22339 0.3662
34.4 -1.21971 0.36902
34.41 -1.21601 0.371815
34.42 -1.21228 0.374585
34.43 -1.20852 0.377332
34.44 -1.20473 0.380054
34.45 -1.20092 0.382751
34.46 -1.19707 0.385425
34.47 -1.19321 0.388073
34.48 -1.18931 0.390698
34.49 -1.18539 0.393297
34.5 -1.18145 0.395873
34.51 -1.17748 0.398423
34.52 -1.17348 0.400949
34.53 -1.16946 0.403451
34.54 -1.16541 0.405928
34.55 -1.16134 0.40838
34.56 -1.15724 0.410808
34.57 -1.15312 0.413211
34.58 -1.14898 0.415589
34.59 -1.14481 0.417943
34.6 -1.14062 0.420273
34.61 -1.13641 0.422578
34.62 -1.13217 0.424859
34.63 -1.12791 0.427115
34.64 -1.12363 0.429346
34.65 -1.11932 0.431554
34.66 -1.11499 0.433737
34.67 -1.11065 0.435895
34.68 -1.10628 0.43803
34.69 -1.10189 0.44014
34.7 -1.09747 0.442226
34.71 -1.09304 0.444289
34.72 -1.08859 0.446327
34.73 -1.08412 0.448341
34.74 -1.07962 0.450331
34.75 -1.07511 0.452298
34.76 -1.07058 0.454241
34.77 -1.06602 0.45616
34.78 -1.06145 0.458055
34.79 -1.05686 0.459928
34.8 -1.05225 0.461776
34.81 -1.04763 0.463602
34.82 -1.04298 0.465404
34.83 -1.03832 0.467183
34.84 -1.03364 0.46894
34.85 -1.02894 0.470673
34.86 -1.02423 0.472383
34.87 -1.01949 0.474071
34.88 -1.01474 0.475736
34.89 -1.00998 0.477379
34.9 -1.0052 0.479
34.91 -1.0004 0.480598
34.92 -0.995585 0.482174
34.93 -0.990755 0.483728
34.94 -0.98591 0.48526
34.95 -0.98105 0.486771
34.96 -0.976175 0.48826
34.97 -0.971285 0.489727
34.98 -0.96638 0.491173
34.99 -0.961462 0.492598
35 -0.956529 0.494002
35.01 -0.951582 0.495385
35.02 -0.946621 0.496747
35.03 -0.941647 0.498088
35.04 -0.936659 0.499409
35.05 -0.931659 0.50071
35.06 -0.926645 0.50199
35.07 -0.921619 0.503251
35.08 -0.91658 0.504491
35.09 -0.911529 0.505712
35.1 -0.906466 0.506913
35.11 -0.901391 0.508095
35.12 -0.896304 0.509257
35.13 -0.891206 0.5104
35.14 -0.886096 0.511524
35.15 -0.880975 0.51263
35.16 -0.875844 0.513717
35.17 -0.870701 0.514785
35.18 -0.865548 0.515835
35.19 -0.860384 0.516867
35.2 -0.855211 0.517881
35.21 -0.850027 0.518877
35.22 -0.844833 0.519856
35.23 -0.83963 0.520817
35.24 -0.834417 0.521761
35.25 -0.829195 0.522687
35.26 -0.823963 0.523597
35.27 -0.818723 0.52449
35.28 -0.813474 0.525366
35.29 -0.808216 0.526226
35.3 -0.802949 0.527069
35.31 -0.797674 0.527896
35.32 -0.792391 0.528708
35.33 -0.7871 0.529504
35.34 -0.781801 0.530284
35.35 -0.776495 0.531049
35.36 -0.77118 0.531798
35.37 -0.765859 0.532533
35.38 -0.76053 0.533252
35.39 -0.755194 0.533957
35.4 -0.749851 0.534648
35.41 -0.744501 0.535324
35.42 -0.739144 0.535985
35.43 -0.733781 0.536633
35.44 -0.728412 0.537268
35.45 -0.723036 0.537888
35.46 -0.717654 0.538495
35.47 -0.712266 0.539089
35.48 -0.706872 0.539669
35.49 -0.701473 0.540237
35.5 -0.696067 0.540792
35.51 -0.690657 0.541334
35.52 -0.685241 0.541864
35.53 -0.679819 0.542382
35.54 -0.674393 0.542888
35.55 -0.668962 0.543382
35.56 -0.663526 0.543864
35.57 -0.658085 0.544334
35.58 -0.652639 0.544793
35.59 -0.647189 0.545241
35.6 -0.641734 0.545678
35.61 -0.636275 0.546104
35.62 -0.630812 0.54652
35.63 -0.625345 0.546925
35.64 -0.619874 0.547319
35.65 -0.614398 0.547703
35.66 -0.60892 0.548078
35.67 -0.603437 0.548442
35.68 -0.597951 0.548797
35.69 -0.592461 0.549142
35.7 -0.586968 0.549478
35.71 -0.581472 0.549805
35.72 -0.575972 0.550123
35.73 -0.570469 0.550431
35.74 -0.564963 0.550732
35.75 -0.559454 0.551023
35.76 -0.553943 0.551306
35.77 -0.548428 0.551581
35.78 -0.542911 0.551848
35.79 -0.537391 0.552107
35.8 -0.531869 0.552358
35.81 -0.526344 0.552601
35.82 -0.520817 0.552837
35.83 -0.515288 0.553066
35.84 -0.509756 0.553287
35.85 -0.504222 0.553502
35.86 -0.498686 0.553709
35.87 -0.493148 0.55391
35.88 -0.487608 0.554104
35.89 -0.482066 0.554292
35.9 -0.476522 0.554473
35.91 -0.470976 0.554649
35.92 -0.465429 0.554818
35.93 -0.45988 0.554981
35.94 -0.454329 0.555139
35.95 -0.448777 0.555291
35.96 -0.443223 0.555437
35.97 -0.437668 0.555578
35.98 -0.432112 0.555714
35.99 -0.426554 0.555845
36 -0.420995 0.55597
36.01 -0.415435 0.556091
36.02 -0.409873 0.556207
36.03 -0.404311 0.556319
36.04 -0.398747 0.556426
36.05 -0.393182 0.556528
36.06 -0.387616 0.556627
36.07 -0.38205 0.556721
36.08 -0.376482 0.556811
36.09 -0.370913 0.556898
36.1 -0.365344 0.55698
36.11 -0.359774 0.557059
36.12 -0.354203 0.557135
36.13 -0.348631 0.557207
36.14 -0.343059 0.557275
36.15 -0.337486 0.55734
36.16 -0.331912 0.557403
36.17 -0.326338 0.557462
36.18 -0.320763 0.557518
36.19 -0.315187 0.557571
36.2 -0.309611 0.557622
36.21 -0.304035 0.55767
36.22 -0.298458 0.557715
36.23 -0.29288 0.557758
36.24 -0.287303 0.557798
36.25 -0.281725 0.557837
36.26 -0.276146 0.557873
36.27 -0.270567 0.557907
36.28 -0.264988 0.557938
36.29 -0.259408 0.557968
36.3 -0.253828 0.557997
36.31 -0.248248 0.558023
36.32 -0.242668 0.558047
36.33 -0.237087 0.55807
36.34 -0.231507 0.558092
36.35 -0.225926 0.558112
36.36 -0.220344 0.55813
36.37 -0.214763 0.558147
36.38 -0.209181 0.558163
36.39 -0.2036 0.558178
36.4 -0.198018 0.558191
36.41 -0.192436 0.558203
36.42 -0.186854 0.558215
36.43 -0.181272 0.558225
36.44 -0.175689 0.558235
36.45 -0.170107 0.558243
36.46 -0.164524 0.558251
36.47 -0.158942 0.558258
36.48 -0.153359 0.558264
36.49 -0.147777 0.55827
36.5 -0.142194 0.558275
36.51 -0.136611 0.55828
36.52 -0.131028 0.558284
36.53 -0.125445 0.558287
36.54 -0.119863 0.55829
36.55 -0.11428 0.558293
36.56 -0.108697 0.558295
36.57 -0.103114 0.558297
36.58 -0.0975308 0.558299
36.59 -0.0919478 0.5583
36.6 -0.0863648 0.558302
36.61 -0.0807818 0.558303
36.62 -0.0751987 0.558303
36.63 -0.0696157 0.558304
36.64 -0.0640327 0.558304
36.65 -0.0584496 0.558305
36.66 -0.0528666 0.558305
36.67 -0.0472835 0.558305
36.68 -0.0417004 0.558305
36.69 -0.0361174 0.558306
36.7 -0.0305343 0.558306
36.71 -0.0249513 0.558306
36.72 -0.0193682 0.558306
36.73 -0.0137852 0.558306
36.74 -0.00820211 0.558306
36.75 -0.00261905 0.558306
36.76 0.002964 0.558306
36.77 0.00854706 0.558306
36.78 0.0141301 0.558306
36.79 0.0197132 0.558306
36.8 0.0252962 0.558306
36.81 0.0308793 0.558306
36.82 0.0364623 0.558306
36.83 0.0420454 0.558305
36.84 0.0476285 0.558305
36.85 0.0532115 0.558305
36.86 0.0587946 0.558305
36.87 0.0643776 0.558304
36.88 0.0699606 0.558304
36.89 0.0755437 0.558303
36.9 0.0811267 0.558302
36.91 0.0867097 0.558302
36.92 0.0922927 0.5583
36.93 0.0978757 0.558299
36.94 0.103459 0.558297
36.95 0.109042 0.558295
36.96 0.114625 0.558293
36.97 0.120208 0.55829
36.98 0.12579 0.558287
36.99 0.131373 0.558284
37 0.136956 0.558279
37.01 0.142539 0.558275
37.02 0.148122 0.55827
37.03 0.153704 0.558264
37.04 0.159287 0.558258
37.05 0.164869 0.558251
37.06 0.170452 0.558243
37.07 0.176034 0.558234
37.08 0.181617 0.558225
37.09 0.187199 0.558214
37.1 0.192781 0.558203
37.11 0.198363 0.55819
37.12 0.203945 0.558177
37.13 0.209526 0.558162
37.14 0.215108 0.558146
37.15 0.220689 0.558129
37.16 0.22627 0.55811
37.17 0.231851 0.55809
37.18 0.237432 0.558069
37.19 0.243013 0.558046
37.2 0.248593 0.558021
37.21 0.254173 0.557995
37.22 0.259753 0.557967
37.23 0.265333 0.557937
37.24 0.270912 0.557905
37.25 0.276491 0.557871
37.26 0.282069 0.557834
37.27 0.287647 0.557796
37.28 0.293225 0.557755
37.29 0.298802 0.557712
37.3 0.304379 0.557667
37.31 0.309956 0.557619
37.32 0.315532 0.557568
37.33 0.321107 0.557514
37.34 0.326682 0.557458
37.35 0.332256 0.557399
37.36 0.33783 0.557336
37.37 0.343403 0.557271
37.38 0.348975 0.557202
37.39 0.354547 0.55713
37.4 0.360118 0.557055
37.41 0.365688 0.556975
37.42 0.371257 0.556893
37.43 0.376826 0.556806
37.44 0.382394 0.556715
37.45 0.38796 0.556621
37.46 0.393526 0.556522
37.47 0.399091 0.556419
37.48 0.404654 0.556312
37.49 0.410217 0.5562
37.5 0.415778 0.556084
37.51 0.421339 0.555963
37.52 0.426898 0.555837
37.53 0.432455 0.555706
37.54 0.438012 0.55557
37.55 0.443567 0.555428
37.56 0.44912 0.555281
37.57 0.454672 0.555129
37.58 0.460223 0.554971
37.59 0.465772 0.554808
37.6 0.471319 0.554638
37.61 0.476864 0.554462
37.62 0.482408 0.554281
37.63 0.48795 0.554093
37.64 0.49349 0.553898
37.65 0.499028 0.553697
37.66 0.504564 0.553489
37.67 0.510098 0.553274
37.68 0.515629 0.553052
37.69 0.521159 0.552823
37.7 0.526686 0.552586
37.71 0.53221 0.552343
37.72 0.537733 0.552091
37.73 0.543252 0.551832
37.74 0.548769 0.551564
37.75 0.554283 0.551289
37.76 0.559795 0.551005
37.77 0.565304 0.550713
37.78 0.570809 0.550413
37.79 0.576312 0.550103
37.8 0.581811 0.549785
37.81 0.587307 0.549458
37.82 0.5928 0.549121
37.83 0.59829 0.548775
37.84 0.603776 0.54842
37.85 0.609258 0.548055
37.86 0.614737 0.54768
37.87 0.620212 0.547295
37.88 0.625683 0.5469
37.89 0.63115 0.546494
37.9 0.636613 0.546078
37.91 0.642071 0.545652
37.92 0.647526 0.545214
37.93 0.652975 0.544765
37.94 0.658421 0.544305
37.95 0.663862 0.543834
37.96 0.669297 0.543351
37.97 0.674729 0.542857
37.98 0.680155 0.54235
37.99 0.685576 0.541832
38 0.690991 0.541301
38.01 0.696402 0.540758
38.02 0.701806 0.540202
38.03 0.707206 0.539634
38.04 0.712599 0.539052
38.05 0.717987 0.538458
38.06 0.723368 0.53785
38.07 0.728743 0.537229
38.08 0.734113 0.536594
38.09 0.739475 0.535945
38.1 0.744831 0.535282
38.11 0.750181 0.534605
38.12 0.755524 0.533914
38.13 0.760859 0.533208
38.14 0.766188 0.532488
38.15 0.771509 0.531752
38.16 0.776823 0.531002
38.17 0.782129 0.530236
38.18 0.787427 0.529455
38.19 0.792718 0.528658
38.2 0.798 0.527846
38.21 0.803275 0.527017
38.22 0.808541 0.526173
38.23 0.813798 0.525312
38.24 0.819047 0.524435
38.25 0.824287 0.523541
38.26 0.829518 0.52263
38.27 0.834739 0.521703
38.28 0.839952 0.520758
38.29 0.845154 0.519796
38.3 0.850347 0.518816
38.31 0.855531 0.517819
38.32 0.860704 0.516804
38.33 0.865867 0.515771
38.34 0.871019 0.51472
38.35 0.876161 0.51365
38.36 0.881292 0.512562
38.37 0.886412 0.511456
38.38 0.891521 0.51033
38.39 0.896619 0.509186
38.4 0.901705 0.508022
38.41 0.906779 0.506839
38.42 0.911842 0.505637
38.43 0.916892 0.504415
38.44 0.92193 0.503173
38.45 0.926955 0.501912
38.46 0.931968 0.50063
38.47 0.936968 0.499328
38.48 0.941954 0.498006
38.49 0.946928 0.496663
38.5 0.951888 0.4953
38.51 0.956834 0.493916
38.52 0.961766 0.492511
38.53 0.966684 0.491084
38.54 0.971587 0.489637
38.55 0.976477 0.488168
38.56 0.981351 0.486678
38.57 0.98621 0.485166
38.58 0.991054 0.483633
38.59 0.995883 0.482077
38.6 1.0007 0.4805
38.61 1.00549 0.4789
38.62 1.01027 0.477278
38.63 1.01504 0.475634
38.64 1.01979 0.473968
38.65 1.02452 0.472278
38.66 1.02923 0.470566
38.67 1.03393 0.468832
38.68 1.03861 0.467074
38.69 1.04327 0.465293
38.7 1.04791 0.46349
38.71 1.05254 0.461663
38.72 1.05715 0.459813
38.73 1.06174 0.457939
38.74 1.06631 0.456042
38.75 1.07086 0.454121
38.76 1.07539 0.452177
38.77 1.0799 0.450209
38.78 1.08439 0.448217
38.79 1.08886 0.446202
38.8 1.09332 0.444162
38.81 1.09775 0.442098
38.82 1.10216 0.440011
38.83 1.10655 0.437899
38.84 1.11092 0.435763
38.85 1.11526 0.433603
38.86 1.11959 0.431418
38.87 1.12389 0.429209
38.88 1.12817 0.426976
38.89 1.13243 0.424718
38.9 1.13667 0.422436
38.91 1.14088 0.42013
38.92 1.14507 0.417799
38.93 1.14924 0.415443
38.94 1.15338 0.413063
38.95 1.1575 0.410658
38.96 1.16159 0.408229
38.97 1.16566 0.405775
38.98 1.16971 0.403297
38.99 1.17373 0.400794
39 1.17772 0.398266
39.01 1.18169 0.395714
39.02 1.18564 0.393137
39.03 1.18955 0.390536
39.04 1.19345 0.38791
39.05 1.19731 0.38526
39.06 1.20115 0.382585
39.07 1.20496 0.379886
39.08 1.20875 0.377163
39.09 1.21251 0.374415
39.1 1.21624 0.371643
39.11 1.21994 0.368846
39.12 1.22361 0.366025
39.13 1.22726 0.36318
39.14 1.23088 0.360312
39.15 1.23447 0.357419
39.16 1.23803 0.354502
39.17 1.24156 0.351561
39.18 1.24506 0.348596
39.19 1.24853 0.345608
39.2 1.25197 0.342596
39.21 1.25538 0.339561
39.22 1.25876 0.336502
39.23 1.26211 0.33342
39.24 1.26543 0.330314
39.25 1.26872 0.327186
39.26 1.27197 0.324035
39.27 1.2752 0.32086
39.28 1.27839 0.317663
39.29 1.28155 0.314444
39.3 1.28468 0.311201
39.31 1.28777 0.307937
39.32 1.29084 0.30465
39.33 1.29387 0.301342
39.34 1.29686 0.298011
39.35 1.29983 0.294659
39.36 1.30276 0.291285
39.37 1.30565 0.287889
39.38 1.30851 0.284473
39.39 1.31134 0.281035
39.4 1.31414 0.277577
39.41 1.31689 0.274097
39.42 1.31962 0.270598
39.43 1.32231 0.267078
39.44 1.32496 0.263537
39.45 1.32758 0.259977
39.46 1.33016 0.256397
39.47 1.3327 0.252798
39.48 1.33521 0.249179
39.49 1.33769 0.245541
39.5 1.34012 0.241884
39.51 1.34253 0.238209
39.52 1.34489 0.234515
39.53 1.34722 0.230803
39.54 1.34951 0.227073
39.55 1.35176 0.223325
39.56 1.35397 0.21956
39.57 1.35615 0.215778
39.58 1.35829 0.211978
39.59 1.36039 0.208162
39.6 1.36245 0.20433
39.61 1.36447 0.200481
39.62 1.36646 0.196616
39.63 1.36841 0.192735
39.64 1.37031 0.18884
39.65 1.37218 0.184929
39.66 1.37401 0.181003
39.67 1.3758 0.177063
39.68 1.37755 0.173108
39.69 1.37927 0.169139
39.7 1.38094 0.165157
39.71 1.38257 0.161161
39.72 1.38416 0.157152
39.73 1.38571 0.153131
39.74 1.38722 0.149097
39.75 1.38869 0.14505
39.76 1.39012 0.140992
39.77 1.39151 0.136923
39.78 1.39286 0.132842
39.79 1.39417 0.12875
39.8 1.39544 0.124647
39.81 1.39666 0.120534
39.82 1.39785 0.116412
39.83 1.39899 0.112279
39.84 1.40009 0.108137
39.85 1.40115 0.103987
39.86 1.40217 0.0998273
39.87 1.40315 0.0956596
39.88 1.40409 0.091484
39.89 1.40498 0.0873007
39.9 1.40583 0.0831102
39.91 1.40664 0.0789127
39.92 1.40741 0.0747086
39.93 1.40814 0.0704983
39.94 1.40882 0.066282
39.95 1.40946 0.0620602
39.96 1.41006 0.0578331
39.97 1.41062 0.0536013
39.98 1.41113 0.0493649
39.99 1.41161 0.0451243
40 1.41204 0.04088
40.01 1.41242 0.0366322
40.02 1.41277 0.0323813
40.03 1.41307 0.0281277
40.04 1.41333 0.0238718
40.05 1.41355 0.0196138
40.06 1.41372 0.0153542
40.07 1.41386 0.0110932
40.08 1.41395 0.00683138
40.09 1.41399 0.00256894
40.1 1.414 -0.00169372
40.11 1.41396 -0.00595623
40.12 1.41388 -0.0102182
40.13 1.41375 -0.0144794
40.14 1.41359 -0.0187393
40.15 1.41338 -0.0229977
40.16 1.41313 -0.0272541
40.17 1.41283 -0.0315082
40.18 1.4125 -0.0357596
40.19 1.41212 -0.0400081
40.2 1.4117 -0.0442532
40.21 1.41123 -0.0484945
40.22 1.41073 -0.0527318
40.23 1.41018 -0.0569646
40.24 1.40959 -0.0611927
40.25 1.40896 -0.0654156
40.26 1.40828 -0.069633
40.27 1.40756 -0.0738446
40.28 1.4068 -0.07805
40.29 1.406 -0.0822489
40.3 1.40516 -0.0864409
40.31 1.40427 -0.0906257
40.32 1.40335 -0.0948029
40.33 1.40238 -0.0989722
40.34 1.40137 -0.103133
40.35 1.40031 -0.107286
40.36 1.39922 -0.111429
40.37 1.39809 -0.115564
40.38 1.39691 -0.119689
40.39 1.39569 -0.123803
40.4 1.39443 -0.127908
40.41 1.39313 -0.132002
40.42 1.39179 -0.136086
40.43 1.39041 -0.140158
40.44 1.38899 -0.144218
40.45 1.38753 -0.148267
40.46 1.38603 -0.152304
40.47 1.38448 -0.156328
40.48 1.3829 -0.160339
40.49 1.38128 -0.164338
40.5 1.37961 -0.168323
40.51 1.37791 -0.172294
40.52 1.37617 -0.176252
40.53 1.37438 -0.180195
40.54 1.37256 -0.184124
40.55 1.3707 -0.188038
40.56 1.3688 -0.191937
40.57 1.36686 -0.19582
40.58 1.36489 -0.199688
40.59 1.36287 -0.203541
40.6 1.36081 -0.207377
40.61 1.35872 -0.211196
40.62 1.35659 -0.214999
40.63 1.35442 -0.218785
40.64 1.35221 -0.222554
40.65 1.34997 -0.226305
40.66 1.34769 -0.230039
40.67 1.34537 -0.233754
40.68 1.34301 -0.237452
40.69 1.34062 -0.241131
40.7 1.33819 -0.244792
40.71 1.33573 -0.248434
40.72 1.33322 -0.252056
40.73 1.33068 -0.25566
40.74 1.32811 -0.259244
40.75 1.3255 -0.262808
40.76 1.32285 -0.266352
40.77 1.32017 -0.269877
40.78 1.31746 -0.27338
40.79 1.3147 -0.276864
40.8 1.31192 -0.280327
40.81 1.3091 -0.283769
40.82 1.30624 -0.28719
40.83 1.30335 -0.290589
40.84 1.30043 -0.293968
40.85 1.29748 -0.297324
40.86 1.29449 -0.30066
40.87 1.29146 -0.303973
40.88 1.28841 -0.307264
40.89 1.28532 -0.310533
40.9 1.2822 -0.31378
40.91 1.27904 -0.317004
40.92 1.27586 -0.320206
40.93 1.27264 -0.323385
40.94 1.26939 -0.326541
40.95 1.26611 -0.329674
40.96 1.26279 -0.332784
40.97 1.25945 -0.335871
40.98 1.25608 -0.338935
40.99 1.25267 -0.341975
41 1.24924 -0.344992
41.01 1.24577 -0.347985
41.02 1.24228 -0.350954
41.03 1.23875 -0.3539
41.04 1.2352 -0.356822
41.05 1.23162 -0.359719
41.06 1.22801 -0.362593
41.07 1.22437 -0.365443
41.08 1.2207 -0.368269
41.09 1.217 -0.37107
41.1 1.21328 -0.373848
41.11 1.20952 -0.3766
41.12 1.20574 -0.379329
41.13 1.20194 -0.382033
41.14 1.1981 -0.384713
41.15 1.19424 -0.387368
41.16 1.19036 -0.389999
41.17 1.18644 -0.392605
41.18 1.1825 -0.395187
41.19 1.17854 -0.397744
41.2 1.17455 -0.400277
41.21 1.17053 -0.402785
41.22 1.16649 -0.405268
41.23 1.16243 -0.407727
41.24 1.15834 -0.410162
41.25 1.15423 -0.412571
41.26 1.15009 -0.414956
41.27 1.14593 -0.417317
41.28 1.14174 -0.419653
41.29 1.13753 -0.421965
41.3 1.1333 -0.424252
41.31 1.12905 -0.426514
41.32 1.12477 -0.428753
41.33 1.12047 -0.430967
41.34 1.11615 -0.433156
41.35 1.11181 -0.435321
41.36 1.10745 -0.437462
41.37 1.10306 -0.439579
41.38 1.09865 -0.441672
41.39 1.09423 -0.44374
41.4 1.08978 -0.445785
41.41 1.08531 -0.447805
41.42 1.08082 -0.449802
41.43 1.07632 -0.451775
41.44 1.07179 -0.453724
41.45 1.06724 -0.455649
41.46 1.06268 -0.457551
41.47 1.05809 -0.45943
41.48 1.05349 -0.461285
41.49 1.04887 -0.463117
41.5 1.04422 -0.464925
41.51 1.03957 -0.46671
41.52 1.03489 -0.468473
41.53 1.0302 -0.470212
41.54 1.02549 -0.471929
41.55 1.02076 -0.473623
41.56 1.01601 -0.475294
41.57 1.01125 -0.476943
41.58 1.00648 -0.478569
41.59 1.00168 -0.480173
41.6 0.996872 -0.481755
41.61 0.992047 -0.483315
41.62 0.987206 -0.484853
41.63 0.98235 -0.486369
41.64 0.977479 -0.487864
41.65 0.972593 -0.489337
41.66 0.967692 -0.490789
41.67 0.962777 -0.492219
41.68 0.957848 -0.493629
41.69 0.952904 -0.495017
41.7 0.947947 -0.496385
41.71 0.942977 -0.497732
41.72 0.937993 -0.499058
41.73 0.932996 -0.500364
41.74 0.927985 -0.50165
41.75 0.922963 -0.502916
41.76 0.917927 -0.504162
41.77 0.912879 -0.505388
41.78 0.90782 -0.506594
41.79 0.902748 -0.507781
41.8 0.897664 -0.508948
41.81 0.892569 -0.510097
41.82 0.887462 -0.511226
41.83 0.882344 -0.512337
41.84 0.877215 -0.513428
41.85 0.872076 -0.514502
41.86 0.866925 -0.515557
41.87 0.861765 -0.516593
41.88 0.856594 -0.517612
41.89 0.851413 -0.518613
41.9 0.846221 -0.519596
41.91 0.841021 -0.520562
41.92 0.83581 -0.52151
41.93 0.830591 -0.522441
41.94 0.825362 -0.523355
41.95 0.820123 -0.524253
41.96 0.814877 -0.525133
41.97 0.809621 -0.525997
41.98 0.804357 -0.526845
41.99 0.799084 -0.527677
42 0.793803 -0.528493
42.01 0.788514 -0.529293
42.02 0.783217 -0.530077
42.03 0.777913 -0.530846
42.04 0.7726 -0.531599
42.05 0.767281 -0.532338
42.06 0.761954 -0.533061
42.07 0.75662 -0.53377
42.08 0.751278 -0.534465
42.09 0.74593 -0.535144
42.1 0.740576 -0.53581
42.11 0.735214 -0.536462
42.12 0.729846 -0.537099
42.13 0.724472 -0.537724
42.14 0.719092 -0.538334
42.15 0.713706 -0.538931
42.16 0.708313 -0.539516
42.17 0.702915 -0.540087
42.18 0.697512 -0.540645
42.19 0.692103 -0.541191
42.2 0.686688 -0.541724
42.21 0.681268 -0.542245
42.22 0.675843 -0.542754
42.23 0.670413 -0.543251
42.24 0.664978 -0.543736
42.25 0.659538 -0.54421
42.26 0.654094 -0.544672
42.27 0.648645 -0.545123
42.28 0.643192 -0.545563
42.29 0.637734 -0.545992
42.3 0.632272 -0.54641
42.31 0.626806 -0.546817
42.32 0.621335 -0.547215
42.33 0.615861 -0.547602
42.34 0.610383 -0.547979
42.35 0.604902 -0.548346
42.36 0.599417 -0.548703
42.37 0.593928 -0.549051
42.38 0.588436 -0.549389
42.39 0.58294 -0.549719
42.4 0.577441 -0.550039
42.41 0.571939 -0.55035
42.42 0.566434 -0.550652
42.43 0.560926 -0.550946
42.44 0.555415 -0.551231
42.45 0.549902 -0.551508
42.46 0.544385 -0.551777
42.47 0.538866 -0.552038
42.48 0.533344 -0.552292
42.49 0.52782 -0.552537
42.5 0.522294 -0.552775
42.51 0.516765 -0.553006
42.52 0.511234 -0.553229
42.53 0.5057 -0.553445
42.54 0.500165 -0.553655
42.55 0.494627 -0.553857
42.56 0.489088 -0.554053
42.57 0.483546 -0.554243
42.58 0.478003 -0.554426
42.59 0.472458 -0.554602
42.6 0.466911 -0.554773
42.61 0.461362 -0.554938
42.62 0.455812 -0.555097
42.63 0.45026 -0.555251
42.64 0.444707 -0.555398
42.65 0.439152 -0.555541
42.66 0.433596 -0.555678
42.67 0.428039 -0.55581
42.68 0.42248 -0.555937
42.69 0.41692 -0.556059
42.7 0.411359 -0.556177
42.71 0.405797 -0.556289
42.72 0.400233 -0.556398
42.73 0.394669 -0.556501
42.74 0.389103 -0.556601
42.75 0.383537 -0.556696
42.76 0.377969 -0.556788
42.77 0.372401 -0.556875
42.78 0.366832 -0.556959
42.79 0.361262 -0.557039
42.8 0.355691 -0.557115
42.81 0.350119 -0.557188
42.82 0.344547 -0.557257
42.83 0.338974 -0.557323
42.84 0.333401 -0.557386
42.85 0.327827 -0.557446
42.86 0.322252 -0.557503
42.87 0.316677 -0.557557
42.88 0.311101 -0.557608
42.89 0.305524 -0.557657
42.9 0.299948 -0.557703
42.91 0.29437 -0.557747
42.92 0.288793 -0.557788
42.93 0.283215 -0.557827
42.94 0.277636 -0.557863
42.95 0.272057 -0.557898
42.96 0.266478 -0.55793
42.97 0.260899 -0.557961
42.98 0.255319 -0.557989
42.99 0.249739 -0.558016
43 0.244159 -0.558041
43.01 0.238578 -0.558064
43.02 0.232997 -0.558086
43.03 0.227416 -0.558106
43.04 0.221835 -0.558125
43.05 0.216254 -0.558143
43.06 0.210672 -0.558159
43.07 0.205091 -0.558174
43.08 0.199509 -0.558188
43.09 0.193927 -0.5582
43.1 0.188345 -0.558212
43.11 0.182763 -0.558223
43.12 0.17718 -0.558232
43.13 0.171598 -0.558241
43.14 0.166016 -0.558249
43.15 0.160433 -0.558256
43.16 0.154851 -0.558263
43.17 0.149268 -0.558269
43.18 0.143685 -0.558274
43.19 0.138102 -0.558279
43.2 0.13252 -0.558283
43.21 0.126937 -0.558286
43.22 0.121354 -0.55829
43.23 0.115771 -0.558292
43.24 0.110188 -0.558295
43.25 0.104605 -0.558297
43.26 0.0990221 -0.558299
43.27 0.0934391 -0.5583
43.28 0.0878561 -0.558301
43.29 0.082273 -0.558302
43.3 0.07669 -0.558303
43.31 0.071107 -0.558304
43.32 0.0655239 -0.558304
43.33 0.0599409 -0.558305
43.34 0.0543578 -0.558305
43.35 0.0487748 -0.558305
43.36 0.0431917 -0.558305
43.37 0.0376087 -0.558306
43.38 0.0320256 -0.558306
43.39 0.0264426 -0.558306
43.4 0.0208595 -0.558306
43.41 0.0152765 -0.558306
43.42 0.0096934 -0.558306
43.43 0.00411035 -0.558306
43.44 -0.00147271 -0.558306
43.45 -0.00705577 -0.558306
43.46 -0.0126388 -0.558306
43.47 -0.0182219 -0.558306
43.48 -0.0238049 -0.558306
43.49 -0.029388 -0.558306
43.5 -0.0349711 -0.558306
43.51 -0.0405541 -0.558306
43.52 -0.0461372 -0.558305
43.53 -0.0517202 -0.558305
43.54 -0.0573033 -0.558305
43.55 -0.0628863 -0.558305
43.56 -0.0684694 -0.558304
43.57 -0.0740524 -0.558303
43.58 -0.0796354 -0.558303
43.59 -0.0852185 -0.558302
43.6 -0.0908015 -0.558301
43.61 -0.0963845 -0.558299
43.62 -0.101967 -0.558298
43.63 -0.10755 -0.558296
43.64 -0.113133 -0.558294
43.65 -0.118716 -0.558291
43.66 -0.124299 -0.558288
43.67 -0.129882 -0.558284
43.68 -0.135465 -0.558281
43.69 -0.141048 -0.558276
43.7 -0.14663 -0.558271
43.71 -0.152213 -0.558266
43.72 -0.157796 -0.558259
43.73 -0.163378 -0.558253
43.74 -0.168961 -0.558245
43.75 -0.174543 -0.558237
43.76 -0.180125 -0.558227
43.77 -0.185708 -0.558217
43.78 -0.19129 -0.558206
43.79 -0.196872 -0.558194
43.8 -0.202454 -0.558181
43.81 -0.208035 -0.558166
43.82 -0.213617 -0.558151
43.83 -0.219198 -0.558134
43.84 -0.22478 -0.558115
43.85 -0.230361 -0.558096
43.86 -0.235942 -0.558075
43.87 -0.241522 -0.558052
43.88 -0.247103 -0.558028
43.89 -0.252683 -0.558002
43.9 -0.258263 -0.557974
43.91 -0.263842 -0.557945
43.92 -0.269422 -0.557913
43.93 -0.275001 -0.55788
43.94 -0.280579 -0.557844
43.95 -0.286157 -0.557806
43.96 -0.291735 -0.557766
43.97 -0.297313 -0.557724
43.98 -0.30289 -0.557679
43.99 -0.308466 -0.557632
44 -0.314042 -0.557582
44.01 -0.319618 -0.557529
44.02 -0.325193 -0.557473
44.03 -0.330767 -0.557415
44.04 -0.336341 -0.557353
44.05 -0.341914 -0.557289
44.06 -0.347487 -0.557221
44.07 -0.353059 -0.55715
44.08 -0.35863 -0.557075
44.09 -0.3642 -0.556997
44.1 -0.36977 -0.556915
44.11 -0.375339 -0.55683
44.12 -0.380906 -0.55674
44.13 -0.386473 -0.556647
44.14 -0.392039 -0.556549
44.15 -0.397604 -0.556447
44.16 -0.403168 -0.556341
44.17 -0.408731 -0.556231
44.18 -0.414293 -0.556115
44.19 -0.419853 -0.555995
44.2 -0.425413 -0.555871
44.21 -0.430971 -0.555741
44.22 -0.436528 -0.555606
44.23 -0.442083 -0.555466
44.24 -0.447637 -0.555321
44.25 -0.453189 -0.55517
44.26 -0.45874 -0.555014
44.27 -0.46429 -0.554852
44.28 -0.469837 -0.554684
44.29 -0.475383 -0.55451
44.3 -0.480928 -0.55433
44.31 -0.48647 -0.554143
44.32 -0.49201 -0.553951
44.33 -0.497549 -0.553751
44.34 -0.503085 -0.553545
44.35 -0.50862 -0.553332
44.36 -0.514152 -0.553112
44.37 -0.519682 -0.552885
44.38 -0.52521 -0.55265
44.39 -0.530735 -0.552408
44.4 -0.536258 -0.552159
44.41 -0.541778 -0.551902
44.42 -0.547296 -0.551637
44.43 -0.552811 -0.551363
44.44 -0.558323 -0.551082
44.45 -0.563832 -0.550792
44.46 -0.569339 -0.550494
44.47 -0.574842 -0.550187
44.48 -0.580343 -0.549871
44.49 -0.58584 -0.549546
44.5 -0.591333 -0.549212
44.51 -0.596824 -0.548869
44.52 -0.602311 -0.548516
44.53 -0.607794 -0.548153
44.54 -0.613274 -0.547781
44.55 -0.61875 -0.547399
44.56 -0.624222 -0.547006
44.57 -0.62969 -0.546604
44.58 -0.635154 -0.54619
44.59 -0.640614 -0.545767
44.6 -0.646069 -0.545332
44.61 -0.65152 -0.544886
44.62 -0.656967 -0.544429
44.63 -0.662409 -0.543961
44.64 -0.667846 -0.543481
44.65 -0.673278 -0.54299
44.66 -0.678706 -0.542487
44.67 -0.684128 -0.541972
44.68 -0.689545 -0.541444
44.69 -0.694957 -0.540904
44.7 -0.700363 -0.540352
44.71 -0.705764 -0.539787
44.72 -0.711159 -0.539209
44.73 -0.716548 -0.538618
44.74 -0.721931 -0.538014
44.75 -0.727308 -0.537396
44.76 -0.732679 -0.536765
44.77 -0.738044 -0.53612
44.78 -0.743401 -0.535461
44.79 -0.748753 -0.534787
44.8 -0.754097 -0.5341
44.81 -0.759435 -0.533398
44.82 -0.764765 -0.532682
44.83 -0.770088 -0.53195
44.84 -0.775404 -0.531204
44.85 -0.780712 -0.530442
44.86 -0.786013 -0.529665
44.87 -0.791305 -0.528873
44.88 -0.79659 -0.528064
44.89 -0.801867 -0.52724
44.9 -0.807135 -0.5264
44.91 -0.812395 -0.525544
44.92 -0.817646 -0.524671
44.93 -0.822888 -0.523781
44.94 -0.828121 -0.522875
44.95 -0.833345 -0.521952
44.96 -0.83856 -0.521012
44.97 -0.843766 -0.520055
44.98 -0.848961 -0.51908
44.99 -0.854147 -0.518087
45 -0.859323 -0.517077
45.01 -0.864489 -0.516049
45.02 -0.869644 -0.515002
45.03 -0.874789 -0.513938
45.04 -0.879923 -0.512855
45.05 -0.885046 -0.511753
45.06 -0.890158 -0.510633
45.07 -0.895258 -0.509493
45.08 -0.900347 -0.508335
45.09 -0.905425 -0.507157
45.1 -0.91049 -0.50596
45.11 -0.915544 -0.504743
45.12 -0.920585 -0.503507
45.13 -0.925614 -0.502251
45.14 -0.93063 -0.500974
45.15 -0.935634 -0.499678
45.16 -0.940624 -0.498361
45.17 -0.945601 -0.497024
45.18 -0.950564 -0.495666
45.19 -0.955514 -0.494287
45.2 -0.96045 -0.492888
45.21 -0.965372 -0.491467
45.22 -0.970279 -0.490026
45.23 -0.975172 -0.488563
45.24 -0.98005 -0.487078
45.25 -0.984914 -0.485572
45.26 -0.989762 -0.484044
45.27 -0.994594 -0.482495
45.28 -0.999411 -0.480923
45.29 -1.00421 -0.47933
45.3 -1.009 -0.477714
45.31 -1.01377 -0.476076
45.32 -1.01852 -0.474415
45.33 -1.02326 -0.472732
45.34 -1.02797 -0.471026
45.35 -1.03268 -0.469297
45.36 -1.03736 -0.467546
45.37 -1.04203 -0.465771
45.38 -1.04668 -0.463974
45.39 -1.05131 -0.462153
45.4 -1.05592 -0.460309
45.41 -1.06051 -0.458442
45.42 -1.06509 -0.456551
45.43 -1.06964 -0.454637
45.44 -1.07418 -0.452699
45.45 -1.0787 -0.450737
45.46 -1.08319 -0.448752
45.47 -1.08767 -0.446742
45.48 -1.09213 -0.444709
45.49 -1.09657 -0.442652
45.5 -1.10098 -0.440571
45.51 -1.10538 -0.438465
45.52 -1.10975 -0.436336
45.53 -1.1141 -0.434182
45.54 -1.11843 -0.432004
45.55 -1.12274 -0.429802
45.56 -1.12703 -0.427575
45.57 -1.1313 -0.425324
45.58 -1.13554 -0.423048
45.59 -1.13976 -0.420748
45.6 -1.14395 -0.418424
45.61 -1.14812 -0.416075
45.62 -1.15227 -0.413701
45.63 -1.1564 -0.411303
45.64 -1.1605 -0.40888
45.65 -1.16458 -0.406433
45.66 -1.16863 -0.403961
45.67 -1.17266 -0.401465
45.68 -1.17666 -0.398944
45.69 -1.18063 -0.396398
45.7 -1.18459 -0.393828
45.71 -1.18851 -0.391233
45.72 -1.19241 -0.388614
45.73 -1.19628 -0.38597
45.74 -1.20013 -0.383302
45.75 -1.20395 -0.38061
45.76 -1.20774 -0.377893
45.77 -1.21151 -0.375151
45.78 -1.21524 -0.372385
45.79 -1.21895 -0.369595
45.8 -1.22264 -0.366781
45.81 -1.22629 -0.363943
45.82 -1.22991 -0.36108
45.83 -1.23351 -0.358194
45.84 -1.23708 -0.355283
45.85 -1.24062 -0.352349
45.86 -1.24413 -0.349391
45.87 -1.2476 -0.346409
45.88 -1.25105 -0.343403
45.89 -1.25447 -0.340374
45.9 -1.25786 -0.337321
45.91 -1.26122 -0.334245
45.92 -1.26455 -0.331146
45.93 -1.26784 -0.328024
45.94 -1.27111 -0.324879
45.95 -1.27434 -0.32171
45.96 -1.27754 -0.318519
45.97 -1.28071 -0.315306
45.98 -1.28385 -0.31207
45.99 -1.28695 -0.308811
46 -1.29002 -0.30553
46.01 -1.29306 -0.302228
46.02 -1.29607 -0.298903
46.03 -1.29904 -0.295556
46.04 -1.30198 -0.292188
46.05 -1.30488 -0.288798
46.06 -1.30775 -0.285388
46.07 -1.31059 -0.281955
46.08 -1.31339 -0.278503
46.09 -1.31616 -0.275029
46.1 -1.31889 -0.271534
46.11 -1.32159 -0.26802
46.12 -1.32425 -0.264485
46.13 -1.32688 -0.26093
46.14 -1.32947 -0.257355
46.15 -1.33203 -0.253761
46.16 -1.33455 -0.250147
46.17 -1.33703 -0.246515
46.18 -1.33948 -0.242863
46.19 -1.34189 -0.239192
46.2 -1.34426 -0.235504
46.21 -1.3466 -0.231796
46.22 -1.3489 -0.228071
46.23 -1.35116 -0.224328
46.24 -1.35338 -0.220568
46.25 -1.35557 -0.21679
46.26 -1.35772 -0.212995
46.27 -1.35983 -0.209183
46.28 -1.3619 -0.205355
46.29 -1.36394 -0.20151
46.3 -1.36593 -0.19765
46.31 -1.36789 -0.193774
46.32 -1.36981 -0.189882
46.33 -1.37169 -0.185975
46.34 -1.37353 -0.182053
46.35 -1.37533 -0.178116
46.36 -1.37709 -0.174166
46.37 -1.37881 -0.170201
46.38 -1.38049 -0.166222
46.39 -1.38214 -0.16223
46.4 -1.38374 -0.158225
46.41 -1.3853 -0.154206
46.42 -1.38682 -0.150176
46.43 -1.3883 -0.146132
46.44 -1.38975 -0.142077
46.45 -1.39115 -0.138011
46.46 -1.39251 -0.133933
46.47 -1.39382 -0.129844
46.48 -1.3951 -0.125744
46.49 -1.39634 -0.121634
46.5 -1.39754 -0.117514
46.51 -1.39869 -0.113384
46.52 -1.3998 -0.109245
46.53 -1.40087 -0.105096
46.54 -1.4019 -0.100939
46.55 -1.40289 -0.0967737
46.56 -1.40384 -0.0926001
46.57 -1.40475 -0.0884189
46.58 -1.40561 -0.0842302
46.59 -1.40643 -0.0800346
46.6 -1.40721 -0.0758322
46.61 -1.40795 -0.0716235
46.62 -1.40864 -0.0674088
46.63 -1.40929 -0.0631884
46.64 -1.40991 -0.0589627
46.65 -1.41047 -0.0547321
46.66 -1.411 -0.0504969
46.67 -1.41148 -0.0462574
46.68 -1.41193 -0.042014
46.69 -1.41232 -0.0377672
46.7 -1.41268 -0.0335171
46.71 -1.41299 -0.0292642
46.72 -1.41327 -0.0250088
46.73 -1.41349 -0.0207513
46.74 -1.41368 -0.0164921
46.75 -1.41382 -0.0122315
46.76 -1.41393 -0.00796984
46.77 -1.41398 -0.00370752
46.78 -1.414 0.000555116
46.79 -1.41397 0.0048177
46.8 -1.4139 0.00907988
46.81 -1.41379 0.0133413
46.82 -1.41364 0.0176016
46.83 -1.41344 0.0218604
46.84 -1.4132 0.0261174
46.85 -1.41292 0.0303721
46.86 -1.41259 0.0346243
46.87 -1.41222 0.0388736
46.88 -1.41181 0.0431196
46.89 -1.41136 0.047362
46.9 -1.41087 0.0516004
46.91 -1.41033 0.0558344
46.92 -1.40975 0.0600638
46.93 -1.40913 0.0642881
46.94 -1.40846 0.0685071
46.95 -1.40776 0.0727202
46.96 -1.40701 0.0769273
46.97 -1.40622 0.081128
46.98 -1.40539 0.0853219
46.99 -1.40451 0.0895086
47 -1.4036 0.0936879
47.01 -1.40264 0.0978594
47.02 -1.40164 0.102023
47.03 -1.4006 0.106178
47.04 -1.39952 0.110324
47.05 -1.39839 0.11446
47.06 -1.39723 0.118588
47.07 -1.39602 0.122705
47.08 -1.39477 0.126813
47.09 -1.39349 0.13091
47.1 -1.39216 0.134996
47.11 -1.39079 0.139071
47.12 -1.38937 0.143135
47.13 -1.38792 0.147187
47.14 -1.38643 0.151227
47.15 -1.3849 0.155254
47.16 -1.38333 0.159269
47.17 -1.38171 0.163271
47.18 -1.38006 0.16726
47.19 -1.37837 0.171235
47.2 -1.37664 0.175196
47.21 -1.37486 0.179143
47.22 -1.37305 0.183076
47.23 -1.3712 0.186994
47.24 -1.36931 0.190897
47.25 -1.36738 0.194785
47.26 -1.36542 0.198657
47.27 -1.36341 0.202513
47.28 -1.36137 0.206353
47.29 -1.35928 0.210177
47.3 -1.35716 0.213985
47.31 -1.355 0.217775
47.32 -1.35281 0.221549
47.33 -1.35057 0.225305
47.34 -1.3483 0.229043
47.35 -1.34599 0.232764
47.36 -1.34365 0.236466
47.37 -1.34126 0.24015
47.38 -1.33884 0.243816
47.39 -1.33639 0.247463
47.4 -1.33389 0.25109
47.41 -1.33137 0.254699
47.42 -1.3288 0.258288
47.43 -1.3262 0.261858
47.44 -1.32356 0.265407
47.45 -1.32089 0.268937
47.46 -1.31818 0.272447
47.47 -1.31544 0.275936
47.48 -1.31267 0.279404
47.49 -1.30985 0.282851
47.5 -1.30701 0.286278
47.51 -1.30413 0.289683
47.52 -1.30122 0.293067
47.53 -1.29827 0.29643
47.54 -1.29529 0.299771
47.55 -1.29227 0.30309
47.56 -1.28923 0.306387
47.57 -1.28615 0.309662
47.58 -1.28303 0.312915
47.59 -1.27989 0.316145
47.6 -1.27671 0.319353
47.61 -1.2735 0.322538
47.62 -1.27026 0.3257
47.63 -1.26699 0.328839
47.64 -1.26368 0.331956
47.65 -1.26035 0.335049
47.66 -1.25698 0.338119
47.67 -1.25358 0.341165
47.68 -1.25016 0.344188
47.69 -1.2467 0.347188
47.7 -1.24321 0.350163
47.71 -1.2397 0.353115
47.72 -1.23615 0.356043
47.73 -1.23258 0.358948
47.74 -1.22897 0.361828
47.75 -1.22534 0.364684
47.76 -1.22168 0.367516
47.77 -1.21799 0.370324
47.78 -1.21427 0.373108
47.79 -1.21053 0.375868
47.8 -1.20676 0.378603
47.81 -1.20296 0.381313
47.82 -1.19913 0.384
47.83 -1.19528 0.386661
47.84 -1.1914 0.389299
47.85 -1.18749 0.391912
47.86 -1.18356 0.3945
47.87 -1.1796 0.397064
47.88 -1.17562 0.399603
47.89 -1.17161 0.402117
47.9 -1.16757 0.404607
47.91 -1.16352 0.407073
47.92 -1.15943 0.409514
47.93 -1.15533 0.41193
47.94 -1.1512 0.414322
47.95 -1.14704 0.416689
47.96 -1.14286 0.419032
47.97 -1.13866 0.42135
47.98 -1.13443 0.423643
47.99 -1.13019 0.425912
48 -1.12592 0.428157
48.01 -1.12162 0.430378
48.02 -1.11731 0.432574
48.03 -1.11297 0.434745
48.04 -1.10861 0.436893
48.05 -1.10423 0.439016
48.06 -1.09983 0.441115
48.07 -1.09541 0.44319
48.08 -1.09097 0.445241
48.09 -1.08651 0.447268
48.1 -1.08202 0.449271
48.11 -1.07752 0.45125
48.12 -1.073 0.453206
48.13 -1.06846 0.455137
48.14 -1.0639 0.457046
48.15 -1.05932 0.45893
48.16 -1.05472 0.460792
48.17 -1.0501 0.46263
48.18 -1.04547 0.464444
48.19 -1.04081 0.466236
48.2 -1.03614 0.468004
48.21 -1.03145 0.46975
48.22 -1.02675 0.471472
48.23 -1.02202 0.473172
48.24 -1.01728 0.47485
48.25 -1.01253 0.476504
48.26 -1.00775 0.478137
48.27 -1.00296 0.479747
48.28 -0.998158 0.481335
48.29 -0.993337 0.4829
48.3 -0.9885 0.484444
48.31 -0.983648 0.485966
48.32 -0.978781 0.487467
48.33 -0.973899 0.488946
48.34 -0.969002 0.490403
48.35 -0.964091 0.491839
48.36 -0.959166 0.493254
48.37 -0.954226 0.494649
48.38 -0.949273 0.496022
48.39 -0.944306 0.497374
48.4 -0.939325 0.498706
48.41 -0.934332 0.500018
48.42 -0.929325 0.501309
48.43 -0.924306 0.50258
48.44 -0.919273 0.503831
48.45 -0.914229 0.505062
48.46 -0.909172 0.506274
48.47 -0.904104 0.507466
48.48 -0.899023 0.508638
48.49 -0.893931 0.509792
48.5 -0.888827 0.510926
48.51 -0.883712 0.512042
48.52 -0.878587 0.513139
48.53 -0.87345 0.514217
48.54 -0.868302 0.515277
48.55 -0.863144 0.516318
48.56 -0.857976 0.517342
48.57 -0.852797 0.518347
48.58 -0.847609 0.519335
48.59 -0.842411 0.520306
48.6 -0.837203 0.521259
48.61 -0.831986 0.522194
48.62 -0.826759 0.523113
48.63 -0.821523 0.524015
48.64 -0.816279 0.5249
48.65 -0.811026 0.525768
48.66 -0.805764 0.52662
48.67 -0.800493 0.527456
48.68 -0.795215 0.528276
48.69 -0.789928 0.52908
48.7 -0.784633 0.529869
48.71 -0.77933 0.530642
48.72 -0.77402 0.5314
48.73 -0.768702 0.532142
48.74 -0.763377 0.53287
48.75 -0.758045 0.533582
48.76 -0.752706 0.53428
48.77 -0.74736 0.534964
48.78 -0.742007 0.535634
48.79 -0.736647 0.536289
48.8 -0.731281 0.53693
48.81 -0.725908 0.537558
48.82 -0.72053 0.538172
48.83 -0.715145 0.538773
48.84 -0.709754 0.539361
48.85 -0.704358 0.539935
48.86 -0.698956 0.540497
48.87 -0.693548 0.541046
48.88 -0.688135 0.541583
48.89 -0.682716 0.542107
48.9 -0.677293 0.542619
48.91 -0.671864 0.543119
48.92 -0.66643 0.543608
48.93 -0.660992 0.544084
48.94 -0.655549 0.544549
48.95 -0.650101 0.545003
48.96 -0.644649 0.545446
48.97 -0.639192 0.545878
48.98 -0.633731 0.546299
48.99 -0.628266 0.54671
49 -0.622797 0.54711
49.01 -0.617324 0.547499
49.02 -0.611847 0.547879
49.03 -0.606366 0.548249
49.04 -0.600882 0.548609
49.05 -0.595394 0.548959
49.06 -0.589903 0.5493
49.07 -0.584408 0.549632
49.08 -0.57891 0.549954
49.09 -0.573409 0.550268
49.1 -0.567905 0.550572
49.11 -0.562398 0.550868
49.12 -0.556888 0.551156
49.13 -0.551375 0.551435
49.14 -0.545859 0.551706
49.15 -0.540341 0.551969
49.16 -0.53482 0.552225
49.17 -0.529296 0.552472
49.18 -0.52377 0.552712
49.19 -0.518242 0.552945
49.2 -0.512711 0.55317
49.21 -0.507178 0.553388
49.22 -0.501644 0.553599
49.23 -0.496107 0.553804
49.24 -0.490568 0.554001
49.25 -0.485027 0.554193
49.26 -0.479484 0.554377
49.27 -0.473939 0.554556
49.28 -0.468393 0.554728
49.29 -0.462844 0.554895
49.3 -0.457295 0.555055
49.31 -0.451743 0.55521
49.32 -0.446191 0.55536
49.33 -0.440636 0.555503
49.34 -0.43508 0.555642
49.35 -0.429523 0.555775
49.36 -0.423965 0.555904
49.37 -0.418405 0.556027
49.38 -0.412844 0.556146
49.39 -0.407282 0.55626
49.4 -0.401719 0.556369
49.41 -0.396155 0.556474
49.42 -0.39059 0.556575
49.43 -0.385024 0.556671
49.44 -0.379456 0.556764
49.45 -0.373888 0.556852
49.46 -0.368319 0.556937
49.47 -0.36275 0.557018
49.48 -0.357179 0.557095
49.49 -0.351608 0.557169
49.5 -0.346036 0.557239
49.51 -0.340463 0.557306
49.52 -0.33489 0.55737
49.53 -0.329316 0.55743
49.54 -0.323741 0.557488
49.55 -0.318166 0.557543
49.56 -0.31259 0.557595
49.57 -0.307014 0.557644
49.58 -0.301437 0.557691
49.59 -0.29586 0.557735
49.6 -0.290283 0.557777
49.61 -0.284705 0.557816
49.62 -0.279126 0.557854
49.63 -0.273547 0.557889
49.64 -0.267968 0.557922
49.65 -0.262389 0.557953
49.66 -0.256809 0.557982
49.67 -0.251229 0.558009
49.68 -0.245649 0.558034
49.69 -0.240069 0.558058
49.7 -0.234488 0.55808
49.71 -0.228907 0.558101
49.72 -0.223326 0.55812
49.73 -0.217745 0.558138
49.74 -0.212163 0.558155
49.75 -0.206582 0.55817
49.76 -0.201 0.558184
49.77 -0.195418 0.558197
49.78 -0.189836 0.558209
49.79 -0.184254 0.55822
49.8 -0.178672 0.55823
49.81 -0.173089 0.558239
49.82 -0.167507 0.558247
49.83 -0.161924 0.558254
49.84 -0.156342 0.558261
49.85 -0.150759 0.558267
49.86 -0.145176 0.558273
49.87 -0.139594 0.558277
49.88 -0.134011 0.558282
49.89 -0.128428 0.558285
49.9 -0.122845 0.558289
49.91 -0.117262 0.558292
49.92 -0.111679 0.558294
49.93 -0.106096 0.558296
49.94 -0.100513 0.558298
49.95 -0.0949303 0.5583
49.96 -0.0893473 0.558301
49.97 -0.0837643 0.558302
49.98 -0.0781813 0.558303
49.99 -0.0725983 0.558304
50 -0.0670152 0.558304
