0 0.1 0 0.5
0.01 0.1 -8.33333e-05 0.5
0.02 0.0999998 -0.000166667 0.5
0.03 0.0999995 -0.00025 0.5
0.04 0.099999 -0.000333333 0.5
0.05 0.0999983 -0.000416665 0.5
0.06 0.0999975 -0.000499997 0.5
0.07 0.0999965 -0.000583329 0.5
0.08 0.0999953 -0.000666659 0.500001
0.09 0.099994 -0.000749989 0.500001
0.1 0.0999925 -0.000833317 0.500001
0.11 0.0999908 -0.000916644 0.500001
0.12 0.099989 -0.00099997 0.500001
0.13 0.099987 -0.00108329 0.500002
0.14 0.0999848 -0.00116662 0.500002
0.15 0.0999825 -0.00124994 0.500002
0.16 0.09998 -0.00133326 0.500002
0.17 0.0999773 -0.00141657 0.500003
0.18 0.0999745 -0.00149989 0.500003
0.19 0.0999715 -0.0015832 0.500004
0.2 0.0999683 -0.00166651 0.500004
0.21 0.099965 -0.00174982 0.500004
0.22 0.0999615 -0.00183312 0.500005
0.23 0.0999578 -0.00191643 0.500005
0.24 0.099954 -0.00199973 0.500006
0.25 0.09995 -0.00208302 0.500006
0.26 0.0999458 -0.00216631 0.500007
0.27 0.0999415 -0.0022496 0.500007
0.28 0.099937 -0.00233289 0.500008
0.29 0.0999323 -0.00241617 0.500008
0.3 0.0999275 -0.00249945 0.500009
0.31 0.0999225 -0.00258272 0.50001
0.32 0.0999173 -0.002666 0.50001
0.33 0.099912 -0.00274926 0.500011
0.34 0.0999065 -0.00283252 0.500012
0.35 0.0999008 -0.00291578 0.500012
0.36 0.099895 -0.00299903 0.500013
0.37 0.099889 -0.00308228 0.500014
0.38 0.0998829 -0.00316552 0.500015
0.39 0.0998765 -0.00324876 0.500015
0.4 0.09987 -0.003332 0.500016
0.41 0.0998634 -0.00341522 0.500017
0.42 0.0998565 -0.00349845 0.500018
0.43 0.0998495 -0.00358166 0.500019
0.44 0.0998424 -0.00366487 0.50002
0.45 0.099835 -0.00374808 0.500021
0.46 0.0998275 -0.00383128 0.500022
0.47 0.0998199 -0.00391447 0.500022
0.48 0.099812 -0.00399766 0.500023
0.49 0.0998041 -0.00408084 0.500024
0.5 0.0997959 -0.00416401 0.500025
0.51 0.0997876 -0.00424718 0.500027
0.52 0.0997791 -0.00433034 0.500028
0.53 0.0997704 -0.00441349 0.500029
0.54 0.0997616 -0.00449664 0.50003
0.55 0.0997526 -0.00457978 0.500031
0.56 0.0997434 -0.00466291 0.500032
0.57 0.0997341 -0.00474604 0.500033
0.58 0.0997246 -0.00482916 0.500034
0.59 0.0997149 -0.00491227 0.500036
0.6 0.0997051 -0.00499537 0.500037
0.61 0.0996951 -0.00507846 0.500038
0.62 0.099685 -0.00516155 0.500039
0.63 0.0996746 -0.00524462 0.500041
0.64 0.0996642 -0.00532769 0.500042
0.65 0.0996535 -0.00541075 0.500043
0.66 0.0996427 -0.0054938 0.500045
0.67 0.0996317 -0.00557685 0.500046
0.68 0.0996205 -0.00565988 0.500047
0.69 0.0996092 -0.00574291 0.500049
0.7 0.0995977 -0.00582592 0.50005
0.71 0.0995861 -0.00590893 0.500052
0.72 0.0995743 -0.00599193 0.500053
0.73 0.0995623 -0.00607491 0.500055
0.74 0.0995501 -0.00615789 0.500056
0.75 0.0995378 -0.00624086 0.500058
0.76 0.0995253 -0.00632382 0.500059
0.77 0.0995127 -0.00640676 0.500061
0.78 0.0994999 -0.0064897 0.500062
0.79 0.0994869 -0.00657263 0.500064
0.8 0.0994737 -0.00665554 0.500066
0.81 0.0994604 -0.00673845 0.500067
0.82 0.0994469 -0.00682134 0.500069
0.83 0.0994333 -0.00690423 0.500071
0.84 0.0994195 -0.0069871 0.500072
0.85 0.0994055 -0.00706996 0.500074
0.86 0.0993914 -0.00715281 0.500076
0.87 0.0993771 -0.00723565 0.500078
0.88 0.0993626 -0.00731848 0.500079
0.89 0.0993479 -0.00740129 0.500081
0.9 0.0993331 -0.0074841 0.500083
0.91 0.0993182 -0.00756689 0.500085
0.92 0.099303 -0.00764967 0.500087
0.93 0.0992877 -0.00773244 0.500089
0.94 0.0992723 -0.00781519 0.500091
0.95 0.0992566 -0.00789793 0.500093
0.96 0.0992408 -0.00798066 0.500095
0.97 0.0992249 -0.00806338 0.500097
0.98 0.0992087 -0.00814608 0.500099
0.99 0.0991924 -0.00822877 0.500101
1 0.099176 -0.00831145 0.500103
1.01 0.0991594 -0.00839411 0.500105
1.02 0.0991426 -0.00847676 0.500107
1.03 0.0991256 -0.0085594 0.500109
1.04 0.0991085 -0.00864202 0.500111
1.05 0.0990912 -0.00872463 0.500113
1.06 0.0990737 -0.00880722 0.500115
1.07 0.0990561 -0.0088898 0.500117
1.08 0.0990383 -0.00897237 0.50012
1.09 0.0990204 -0.00905492 0.500122
1.1 0.0990023 -0.00913746 0.500124
1.11 0.098984 -0.00921998 0.500126
1.12 0.0989655 -0.00930249 0.500129
1.13 0.0989469 -0.00938498 0.500131
1.14 0.0989282 -0.00946746 0.500133
1.15 0.0989092 -0.00954992 0.500136
1.16 0.0988901 -0.00963237 0.500138
1.17 0.0988709 -0.0097148 0.50014
1.18 0.0988514 -0.00979721 0.500143
1.19 0.0988318 -0.00987961 0.500145
1.2 0.098812 -0.009962 0.500148
1.21 0.0987921 -0.0100444 0.50015
1.22 0.098772 -0.0101267 0.500153
1.23 0.0987518 -0.0102091 0.500155
1.24 0.0987313 -0.0102914 0.500158
1.25 0.0987108 -0.0103737 0.50016
1.26 0.09869 -0.010456 0.500163
1.27 0.0986691 -0.0105382 0.500165
1.28 0.098648 -0.0106205 0.500168
1.29 0.0986267 -0.0107027 0.50017
1.3 0.0986053 -0.0107849 0.500173
1.31 0.0985838 -0.0108671 0.500176
1.32 0.098562 -0.0109493 0.500178
1.33 0.0985401 -0.0110315 0.500181
1.34 0.098518 -0.0111136 0.500184
1.35 0.0984958 -0.0111958 0.500187
1.36 0.0984734 -0.0112779 0.500189
1.37 0.0984508 -0.01136 0.500192
1.38 0.0984281 -0.011442 0.500195
1.39 0.0984052 -0.0115241 0.500198
1.4 0.0983822 -0.0116061 0.500201
1.41 0.0983589 -0.0116881 0.500203
1.42 0.0983356 -0.0117701 0.500206
1.43 0.098312 -0.0118521 0.500209
1.44 0.0982883 -0.0119341 0.500212
1.45 0.0982644 -0.012016 0.500215
1.46 0.0982404 -0.0120979 0.500218
1.47 0.0982162 -0.0121798 0.500221
1.48 0.0981918 -0.0122617 0.500224
1.49 0.0981673 -0.0123436 0.500227
1.5 0.0981426 -0.0124254 0.50023
1.51 0.0981177 -0.0125073 0.500233
1.52 0.0980927 -0.0125891 0.500236
1.53 0.0980675 -0.0126708 0.500239
1.54 0.0980421 -0.0127526 0.500242
1.55 0.0980166 -0.0128343 0.500245
1.56 0.0979909 -0.0129161 0.500249
1.57 0.0979651 -0.0129978 0.500252
1.58 0.0979391 -0.0130794 0.500255
1.59 0.0979129 -0.0131611 0.500258
1.6 0.0978866 -0.0132427 0.500261
1.61 0.0978601 -0.0133244 0.500265
1.62 0.0978334 -0.0134059 0.500268
1.63 0.0978066 -0.0134875 0.500271
1.64 0.0977796 -0.0135691 0.500274
1.65 0.0977524 -0.0136506 0.500278
1.66 0.0977251 -0.0137321 0.500281
1.67 0.0976976 -0.0138136 0.500284
1.68 0.09767 -0.013895 0.500288
1.69 0.0976422 -0.0139765 0.500291
1.7 0.0976142 -0.0140579 0.500295
1.71 0.0975861 -0.0141393 0.500298
1.72 0.0975578 -0.0142207 0.500301
1.73 0.0975293 -0.014302 0.500305
1.74 0.0975007 -0.0143833 0.500308
1.75 0.0974719 -0.0144646 0.500312
1.76 0.097443 -0.0145459 0.500315
1.77 0.0974139 -0.0146272 0.500319
1.78 0.0973846 -0.0147084 0.500323
1.79 0.0973552 -0.0147896 0.500326
1.8 0.0973256 -0.0148708 0.50033
1.81 0.0972958 -0.0149519 0.500333
1.82 0.0972659 -0.0150331 0.500337
1.83 0.0972358 -0.0151142 0.500341
1.84 0.0972055 -0.0151953 0.500344
1.85 0.0971751 -0.0152763 0.500348
1.86 0.0971446 -0.0153574 0.500352
1.87 0.0971138 -0.0154384 0.500355
1.88 0.0970829 -0.0155194 0.500359
1.89 0.0970519 -0.0156003 0.500363
1.9 0.0970206 -0.0156813 0.500367
1.91 0.0969893 -0.0157622 0.500371
1.92 0.0969577 -0.0158431 0.500374
1.93 0.096926 -0.0159239 0.500378
1.94 0.0968941 -0.0160047 0.500382
1.95 0.0968621 -0.0160856 0.500386
1.96 0.0968299 -0.0161663 0.50039
1.97 0.0967975 -0.0162471 0.500394
1.98 0.096765 -0.0163278 0.500398
1.99 0.0967323 -0.0164085 0.500402
2 0.0966995 -0.0164892 0.500406
2.01 0.0966665 -0.0165698 0.50041
2.02 0.0966333 -0.0166505 0.500414
2.03 0.0966 -0.0167311 0.500418
2.04 0.0965665 -0.0168116 0.500422
2.05 0.0965328 -0.0168922 0.500426
2.06 0.096499 -0.0169727 0.50043
2.07 0.0964651 -0.0170532 0.500434
2.08 0.0964309 -0.0171336 0.500438
2.09 0.0963966 -0.017214 0.500442
2.1 0.0963622 -0.0172944 0.500446
2.11 0.0963275 -0.0173748 0.50045
2.12 0.0962928 -0.0174552 0.500455
2.13 0.0962578 -0.0175355 0.500459
2.14 0.0962227 -0.0176158 0.500463
2.15 0.0961875 -0.017696 0.500467
2.16 0.096152 -0.0177763 0.500472
2.17 0.0961164 -0.0178565 0.500476
2.18 0.0960807 -0.0179366 0.50048
2.19 0.0960448 -0.0180168 0.500484
2.2 0.0960087 -0.0180969 0.500489
2.21 0.0959725 -0.018177 0.500493
2.22 0.0959361 -0.018257 0.500497
2.23 0.0958996 -0.0183371 0.500502
2.24 0.0958628 -0.0184171 0.500506
2.25 0.095826 -0.018497 0.500511
2.26 0.0957889 -0.018577 0.500515
2.27 0.0957517 -0.0186569 0.50052
2.28 0.0957144 -0.0187367 0.500524
2.29 0.0956769 -0.0188166 0.500528
2.3 0.0956392 -0.0188964 0.500533
2.31 0.0956014 -0.0189762 0.500538
2.32 0.0955634 -0.0190559 0.500542
2.33 0.0955252 -0.0191357 0.500547
2.34 0.0954869 -0.0192154 0.500551
2.35 0.0954484 -0.019295 0.500556
2.36 0.0954098 -0.0193746 0.50056
2.37 0.095371 -0.0194542 0.500565
2.38 0.0953321 -0.0195338 0.50057
2.39 0.095293 -0.0196133 0.500574
2.4 0.0952537 -0.0196928 0.500579
2.41 0.0952143 -0.0197723 0.500584
2.42 0.0951747 -0.0198518 0.500588
2.43 0.0951349 -0.0199312 0.500593
2.44 0.095095 -0.0200105 0.500598
2.45 0.0950549 -0.0200899 0.500603
2.46 0.0950147 -0.0201692 0.500607
2.47 0.0949743 -0.0202485 0.500612
2.48 0.0949338 -0.0203277 0.500617
2.49 0.0948931 -0.0204069 0.500622
2.5 0.0948522 -0.0204861 0.500627
2.51 0.0948112 -0.0205652 0.500631
2.52 0.09477 -0.0206443 0.500636
2.53 0.0947287 -0.0207234 0.500641
2.54 0.0946872 -0.0208025 0.500646
2.55 0.0946455 -0.0208815 0.500651
2.56 0.0946037 -0.0209604 0.500656
2.57 0.0945617 -0.0210394 0.500661
2.58 0.0945196 -0.0211183 0.500666
2.59 0.0944773 -0.0211972 0.500671
2.6 0.0944348 -0.021276 0.500676
2.61 0.0943922 -0.0213548 0.500681
2.62 0.0943494 -0.0214336 0.500686
2.63 0.0943065 -0.0215123 0.500691
2.64 0.0942634 -0.021591 0.500696
2.65 0.0942202 -0.0216697 0.500701
2.66 0.0941768 -0.0217483 0.500706
2.67 0.0941332 -0.0218269 0.500711
2.68 0.0940895 -0.0219054 0.500717
2.69 0.0940456 -0.0219839 0.500722
2.7 0.0940016 -0.0220624 0.500727
2.71 0.0939574 -0.0221409 0.500732
2.72 0.0939131 -0.0222193 0.500737
2.73 0.0938686 -0.0222977 0.500742
2.74 0.0938239 -0.022376 0.500748
2.75 0.0937791 -0.0224543 0.500753
2.76 0.0937341 -0.0225326 0.500758
2.77 0.093689 -0.0226108 0.500764
2.78 0.0936437 -0.022689 0.500769
2.79 0.0935982 -0.0227672 0.500774
2.8 0.0935526 -0.0228453 0.500779
2.81 0.0935069 -0.0229234 0.500785
2.82 0.093461 -0.0230014 0.50079
2.83 0.0934149 -0.0230794 0.500796
2.84 0.0933687 -0.0231574 0.500801
2.85 0.0933223 -0.0232353 0.500806
2.86 0.0932757 -0.0233132 0.500812
2.87 0.093229 -0.0233911 0.500817
2.88 0.0931822 -0.0234689 0.500823
2.89 0.0931351 -0.0235467 0.500828
2.9 0.093088 -0.0236244 0.500834
2.91 0.0930406 -0.0237021 0.500839
2.92 0.0929932 -0.0237798 0.500845
2.93 0.0929455 -0.0238574 0.50085
2.94 0.0928977 -0.023935 0.500856
2.95 0.0928498 -0.0240125 0.500861
2.96 0.0928017 -0.02409 0.500867
2.97 0.0927534 -0.0241675 0.500872
2.98 0.092705 -0.0242449 0.500878
2.99 0.0926564 -0.0243223 0.500884
3 0.0926077 -0.0243997 0.500889
3.01 0.0925588 -0.024477 0.500895
3.02 0.0925097 -0.0245543 0.500901
3.03 0.0924606 -0.0246315 0.500906
3.04 0.0924112 -0.0247087 0.500912
3.05 0.0923617 -0.0247858 0.500918
3.06 0.092312 -0.0248629 0.500923
3.07 0.0922622 -0.02494 0.500929
3.08 0.0922122 -0.025017 0.500935
3.09 0.0921621 -0.025094 0.500941
3.1 0.0921118 -0.025171 0.500946
3.11 0.0920614 -0.0252479 0.500952
3.12 0.0920108 -0.0253247 0.500958
3.13 0.0919601 -0.0254016 0.500964
3.14 0.0919092 -0.0254783 0.50097
3.15 0.0918581 -0.0255551 0.500976
3.16 0.0918069 -0.0256318 0.500981
3.17 0.0917555 -0.0257084 0.500987
3.18 0.091704 -0.025785 0.500993
3.19 0.0916523 -0.0258616 0.500999
3.2 0.0916005 -0.0259381 0.501005
3.21 0.0915485 -0.0260146 0.501011
3.22 0.0914964 -0.0260911 0.501017
3.23 0.0914441 -0.0261675 0.501023
3.24 0.0913917 -0.0262438 0.501029
3.25 0.0913391 -0.0263202 0.501035
3.26 0.0912863 -0.0263964 0.501041
3.27 0.0912334 -0.0264727 0.501047
3.28 0.0911804 -0.0265488 0.501053
3.29 0.0911271 -0.026625 0.501059
3.3 0.0910738 -0.0267011 0.501065
3.31 0.0910203 -0.0267771 0.501071
3.32 0.0909666 -0.0268532 0.501077
3.33 0.0909128 -0.0269291 0.501083
3.34 0.0908588 -0.0270051 0.501089
3.35 0.0908047 -0.0270809 0.501096
3.36 0.0907504 -0.0271568 0.501102
3.37 0.090696 -0.0272326 0.501108
3.38 0.0906414 -0.0273083 0.501114
3.39 0.0905866 -0.027384 0.50112
3.4 0.0905317 -0.0274597 0.501126
3.41 0.0904767 -0.0275353 0.501133
3.42 0.0904215 -0.0276108 0.501139
3.43 0.0903662 -0.0276864 0.501145
3.44 0.0903107 -0.0277618 0.501151
3.45 0.090255 -0.0278373 0.501158
3.46 0.0901992 -0.0279127 0.501164
3.47 0.0901432 -0.027988 0.50117
3.48 0.0900871 -0.0280633 0.501177
3.49 0.0900309 -0.0281386 0.501183
3.5 0.0899745 -0.0282138 0.501189
3.51 0.0899179 -0.0282889 0.501196
3.52 0.0898612 -0.028364 0.501202
3.53 0.0898043 -0.0284391 0.501208
3.54 0.0897473 -0.0285141 0.501215
3.55 0.0896902 -0.0285891 0.501221
3.56 0.0896328 -0.028664 0.501227
3.57 0.0895754 -0.0287389 0.501234
3.58 0.0895177 -0.0288137 0.50124
3.59 0.08946 -0.0288885 0.501247
3.6 0.0894021 -0.0289632 0.501253
3.61 0.089344 -0.0290379 0.50126
3.62 0.0892858 -0.0291126 0.501266
3.63 0.0892274 -0.0291872 0.501273
3.64 0.0891689 -0.0292617 0.501279
3.65 0.0891102 -0.0293362 0.501286
3.66 0.0890514 -0.0294106 0.501292
3.67 0.0889924 -0.029485 0.501299
3.68 0.0889333 -0.0295594 0.501305
3.69 0.088874 -0.0296337 0.501312
3.7 0.0888146 -0.029708 0.501319
3.71 0.088755 -0.0297822 0.501325
3.72 0.0886953 -0.0298563 0.501332
3.73 0.0886354 -0.0299304 0.501338
3.74 0.0885754 -0.0300045 0.501345
3.75 0.0885152 -0.0300785 0.501352
3.76 0.0884549 -0.0301525 0.501358
3.77 0.0883944 -0.0302264 0.501365
3.78 0.0883338 -0.0303002 0.501372
3.79 0.088273 -0.0303741 0.501378
3.8 0.0882121 -0.0304478 0.501385
3.81 0.0881511 -0.0305215 0.501392
3.82 0.0880899 -0.0305952 0.501398
3.83 0.0880285 -0.0306688 0.501405
3.84 0.087967 -0.0307424 0.501412
3.85 0.0879053 -0.0308159 0.501419
3.86 0.0878435 -0.0308894 0.501425
3.87 0.0877816 -0.0309628 0.501432
3.88 0.0877195 -0.0310361 0.501439
3.89 0.0876572 -0.0311094 0.501446
3.9 0.0875948 -0.0311827 0.501453
3.91 0.0875323 -0.0312559 0.50146
3.92 0.0874696 -0.0313291 0.501466
3.93 0.0874067 -0.0314022 0.501473
3.94 0.0873437 -0.0314752 0.50148
3.95 0.0872806 -0.0315482 0.501487
3.96 0.0872173 -0.0316212 0.501494
3.97 0.0871539 -0.0316941 0.501501
3.98 0.0870903 -0.0317669 0.501508
3.99 0.0870266 -0.0318397 0.501515
4 0.0869627 -0.0319124 0.501521
4.01 0.0868987 -0.0319851 0.501528
4.02 0.0868345 -0.0320578 0.501535
4.03 0.0867702 -0.0321304 0.501542
4.04 0.0867058 -0.0322029 0.501549
4.05 0.0866411 -0.0322754 0.501556
4.06 0.0865764 -0.0323478 0.501563
4.07 0.0865115 -0.0324202 0.50157
4.08 0.0864465 -0.0324925 0.501577
4.09 0.0863813 -0.0325648 0.501584
4.1 0.0863159 -0.032637 0.501591
4.11 0.0862504 -0.0327091 0.501598
4.12 0.0861848 -0.0327812 0.501605
4.13 0.086119 -0.0328533 0.501612
4.14 0.0860531 -0.0329253 0.50162
4.15 0.0859871 -0.0329972 0.501627
4.16 0.0859209 -0.0330691 0.501634
4.17 0.0858545 -0.0331409 0.501641
4.18 0.085788 -0.0332127 0.501648
4.19 0.0857214 -0.0332844 0.501655
4.2 0.0856546 -0.0333561 0.501662
4.21 0.0855876 -0.0334277 0.501669
4.22 0.0855206 -0.0334993 0.501677
4.23 0.0854533 -0.0335708 0.501684
4.24 0.085386 -0.0336423 0.501691
4.25 0.0853185 -0.0337137 0.501698
4.26 0.0852508 -0.033785 0.501705
4.27 0.085183 -0.0338563 0.501712
4.28 0.085115 -0.0339275 0.50172
4.29 0.085047 -0.0339987 0.501727
4.3 0.0849787 -0.0340698 0.501734
4.31 0.0849104 -0.0341409 0.501741
4.32 0.0848418 -0.0342119 0.501749
4.33 0.0847732 -0.0342828 0.501756
4.34 0.0847044 -0.0343537 0.501763
4.35 0.0846354 -0.0344245 0.50177
4.36 0.0845663 -0.0344953 0.501778
4.37 0.0844971 -0.034566 0.501785
4.38 0.0844277 -0.0346367 0.501792
4.39 0.0843582 -0.0347073 0.5018
4.4 0.0842885 -0.0347779 0.501807
4.41 0.0842187 -0.0348484 0.501814
4.42 0.0841488 -0.0349188 0.501822
4.43 0.0840787 -0.0349892 0.501829
4.44 0.0840084 -0.0350595 0.501836
4.45 0.0839381 -0.0351298 0.501844
4.46 0.0838675 -0.0352 0.501851
4.47 0.0837969 -0.0352701 0.501858
4.48 0.0837261 -0.0353402 0.501866
4.49 0.0836551 -0.0354102 0.501873
4.5 0.083584 -0.0354802 0.501881
4.51 0.0835128 -0.0355501 0.501888
4.52 0.0834415 -0.03562 0.501895
4.53 0.0833699 -0.0356898 0.501903
4.54 0.0832983 -0.0357595 0.50191
4.55 0.0832265 -0.0358292 0.501918
4.56 0.0831546 -0.0358988 0.501925
4.57 0.0830825 -0.0359684 0.501933
4.58 0.0830103 -0.0360379 0.50194
4.59 0.0829379 -0.0361073 0.501948
4.6 0.0828654 -0.0361767 0.501955
4.61 0.0827928 -0.036246 0.501963
4.62 0.08272 -0.0363153 0.50197
4.63 0.0826471 -0.0363845 0.501978
4.64 0.082574 -0.0364537 0.501985
4.65 0.0825008 -0.0365227 0.501993
4.66 0.0824275 -0.0365918 0.502
4.67 0.082354 -0.0366607 0.502008
4.68 0.0822804 -0.0367296 0.502015
4.69 0.0822067 -0.0367985 0.502023
4.7 0.0821328 -0.0368673 0.50203
4.71 0.0820587 -0.036936 0.502038
4.72 0.0819846 -0.0370046 0.502045
4.73 0.0819102 -0.0370732 0.502053
4.74 0.0818358 -0.0371418 0.502061
4.75 0.0817612 -0.0372103 0.502068
4.76 0.0816865 -0.0372787 0.502076
4.77 0.0816116 -0.037347 0.502083
4.78 0.0815366 -0.0374153 0.502091
4.79 0.0814615 -0.0374836 0.502099
4.8 0.0813862 -0.0375517 0.502106
4.81 0.0813108 -0.0376198 0.502114
4.82 0.0812352 -0.0376879 0.502122
4.83 0.0811595 -0.0377559 0.502129
4.84 0.0810837 -0.0378238 0.502137
4.85 0.0810077 -0.0378916 0.502145
4.86 0.0809316 -0.0379594 0.502152
4.87 0.0808553 -0.0380272 0.50216
4.88 0.080779 -0.0380948 0.502168
4.89 0.0807024 -0.0381624 0.502175
4.9 0.0806258 -0.03823 0.502183
4.91 0.080549 -0.0382975 0.502191
4.92 0.0804721 -0.0383649 0.502198
4.93 0.080395 -0.0384322 0.502206
4.94 0.0803178 -0.0384995 0.502214
4.95 0.0802405 -0.0385668 0.502222
4.96 0.080163 -0.0386339 0.502229
4.97 0.0800854 -0.038701 0.502237
4.98 0.0800076 -0.0387681 0.502245
4.99 0.0799297 -0.038835 0.502253
5 0.0798517 -0.0389019 0.50226
5.01 0.0797736 -0.0389688 0.502268
5.02 0.0796953 -0.0390356 0.502276
5.03 0.0796168 -0.0391023 0.502284
5.04 0.0795383 -0.0391689 0.502291
5.05 0.0794596 -0.0392355 0.502299
5.06 0.0793807 -0.039302 0.502307
5.07 0.0793018 -0.0393685 0.502315
5.08 0.0792227 -0.0394349 0.502323
5.09 0.0791434 -0.0395012 0.50233
5.1 0.0790641 -0.0395675 0.502338
5.11 0.0789846 -0.0396337 0.502346
5.12 0.0789049 -0.0396998 0.502354
5.13 0.0788252 -0.0397659 0.502362
5.14 0.0787452 -0.0398319 0.50237
5.15 0.0786652 -0.0398978 0.502377
5.16 0.078585 -0.0399637 0.502385
5.17 0.0785047 -0.0400295 0.502393
5.18 0.0784243 -0.0400952 0.502401
5.19 0.0783437 -0.0401609 0.502409
5.2 0.078263 -0.0402265 0.502417
5.21 0.0781822 -0.040292 0.502425
5.22 0.0781012 -0.0403575 0.502432
5.23 0.0780201 -0.0404229 0.50244
5.24 0.0779388 -0.0404882 0.502448
5.25 0.0778575 -0.0405535 0.502456
5.26 0.077776 -0.0406187 0.502464
5.27 0.0776943 -0.0406838 0.502472
5.28 0.0776125 -0.0407489 0.50248
5.29 0.0775306 -0.0408139 0.502488
5.3 0.0774486 -0.0408788 0.502496
5.31 0.0773664 -0.0409437 0.502504
5.32 0.0772841 -0.0410084 0.502511
5.33 0.0772017 -0.0410732 0.502519
5.34 0.0771192 -0.0411378 0.502527
5.35 0.0770365 -0.0412024 0.502535
5.36 0.0769536 -0.0412669 0.502543
5.37 0.0768707 -0.0413314 0.502551
5.38 0.0767876 -0.0413958 0.502559
5.39 0.0767044 -0.0414601 0.502567
5.4 0.076621 -0.0415244 0.502575
5.41 0.0765376 -0.0415885 0.502583
5.42 0.076454 -0.0416526 0.502591
5.43 0.0763702 -0.0417167 0.502599
5.44 0.0762864 -0.0417807 0.502607
5.45 0.0762024 -0.0418446 0.502615
5.46 0.0761182 -0.0419084 0.502623
5.47 0.076034 -0.0419722 0.502631
5.48 0.0759496 -0.0420359 0.502639
5.49 0.0758651 -0.0420995 0.502647
5.5 0.0757804 -0.042163 0.502655
5.51 0.0756957 -0.0422265 0.502663
5.52 0.0756108 -0.0422899 0.502671
5.53 0.0755257 -0.0423533 0.502679
5.54 0.0754406 -0.0424166 0.502687
5.55 0.0753553 -0.0424798 0.502695
5.56 0.0752699 -0.0425429 0.502703
5.57 0.0751843 -0.042606 0.502711
5.58 0.0750986 -0.042669 0.502719
5.59 0.0750128 -0.0427319 0.502727
5.6 0.0749269 -0.0427947 0.502735
5.61 0.0748408 -0.0428575 0.502743
5.62 0.0747547 -0.0429202 0.502751
5.63 0.0746683 -0.0429829 0.502759
5.64 0.0745819 -0.0430454 0.502767
5.65 0.0744953 -0.0431079 0.502775
5.66 0.0744086 -0.0431703 0.502783
5.67 0.0743218 -0.0432327 0.502791
5.68 0.0742349 -0.043295 0.502799
5.69 0.0741478 -0.0433572 0.502807
5.7 0.0740606 -0.0434193 0.502815
5.71 0.0739733 -0.0434814 0.502823
5.72 0.0738858 -0.0435434 0.502831
5.73 0.0737982 -0.0436053 0.502839
5.74 0.0737105 -0.0436671 0.502847
5.75 0.0736227 -0.0437289 0.502855
5.76 0.0735347 -0.0437906 0.502863
5.77 0.0734467 -0.0438523 0.502871
5.78 0.0733585 -0.0439138 0.502879
5.79 0.0732701 -0.0439753 0.502887
5.8 0.0731817 -0.0440367 0.502895
5.81 0.0730931 -0.044098 0.502903
5.82 0.0730044 -0.0441593 0.502912
5.83 0.0729155 -0.0442205 0.50292
5.84 0.0728266 -0.0442816 0.502928
5.85 0.0727375 -0.0443427 0.502936
5.86 0.0726483 -0.0444036 0.502944
5.87 0.072559 -0.0444645 0.502952
5.88 0.0724695 -0.0445254 0.50296
5.89 0.0723799 -0.0445861 0.502968
5.9 0.0722902 -0.0446468 0.502976
5.91 0.0722004 -0.0447074 0.502984
5.92 0.0721105 -0.0447679 0.502992
5.93 0.0720204 -0.0448284 0.503
5.94 0.0719302 -0.0448887 0.503008
5.95 0.0718399 -0.044949 0.503016
5.96 0.0717494 -0.0450093 0.503024
5.97 0.0716589 -0.0450694 0.503033
5.98 0.0715682 -0.0451295 0.503041
5.99 0.0714774 -0.0451895 0.503049
6 0.0713864 -0.0452494 0.503057
6.01 0.0712954 -0.0453093 0.503065
6.02 0.0712042 -0.0453691 0.503073
6.03 0.0711129 -0.0454288 0.503081
6.04 0.0710215 -0.0454884 0.503089
6.05 0.07093 -0.0455479 0.503097
6.06 0.0708383 -0.0456074 0.503105
6.07 0.0707465 -0.0456668 0.503113
6.08 0.0706546 -0.0457261 0.503121
6.09 0.0705626 -0.0457854 0.503129
6.1 0.0704705 -0.0458445 0.503138
6.11 0.0703782 -0.0459036 0.503146
6.12 0.0702858 -0.0459627 0.503154
6.13 0.0701933 -0.0460216 0.503162
6.14 0.0701007 -0.0460805 0.50317
6.15 0.0700079 -0.0461392 0.503178
6.16 0.0699151 -0.046198 0.503186
6.17 0.0698221 -0.0462566 0.503194
6.18 0.069729 -0.0463151 0.503202
6.19 0.0696358 -0.0463736 0.50321
6.2 0.0695424 -0.046432 0.503218
6.21 0.069449 -0.0464904 0.503226
6.22 0.0693554 -0.0465486 0.503234
6.23 0.0692617 -0.0466068 0.503243
6.24 0.0691679 -0.0466649 0.503251
6.25 0.0690739 -0.0467229 0.503259
6.26 0.0689799 -0.0467808 0.503267
6.27 0.0688857 -0.0468387 0.503275
6.28 0.0687914 -0.0468965 0.503283
6.29 0.068697 -0.0469542 0.503291
6.3 0.0686025 -0.0470118 0.503299
6.31 0.0685078 -0.0470693 0.503307
6.32 0.0684131 -0.0471268 0.503315
6.33 0.0683182 -0.0471842 0.503323
6.34 0.0682232 -0.0472415 0.503331
6.35 0.0681281 -0.0472987 0.503339
6.36 0.0680328 -0.0473559 0.503347
6.37 0.0679375 -0.047413 0.503355
6.38 0.067842 -0.0474699 0.503363
6.39 0.0677465 -0.0475269 0.503371
6.4 0.0676508 -0.0475837 0.50338
6.41 0.0675549 -0.0476405 0.503388
6.42 0.067459 -0.0476971 0.503396
6.43 0.067363 -0.0477537 0.503404
6.44 0.0672668 -0.0478102 0.503412
6.45 0.0671705 -0.0478667 0.50342
6.46 0.0670742 -0.047923 0.503428
6.47 0.0669777 -0.0479793 0.503436
6.48 0.066881 -0.0480355 0.503444
6.49 0.0667843 -0.0480916 0.503452
6.5 0.0666875 -0.0481477 0.50346
6.51 0.0665905 -0.0482036 0.503468
6.52 0.0664934 -0.0482595 0.503476
6.53 0.0663962 -0.0483153 0.503484
6.54 0.0662989 -0.048371 0.503492
6.55 0.0662015 -0.0484267 0.5035
6.56 0.066104 -0.0484822 0.503508
6.57 0.0660063 -0.0485377 0.503516
6.58 0.0659086 -0.0485931 0.503524
6.59 0.0658107 -0.0486484 0.503532
6.6 0.0657127 -0.0487036 0.50354
6.61 0.0656146 -0.0487588 0.503548
6.62 0.0655164 -0.0488138 0.503556
6.63 0.0654181 -0.0488688 0.503564
6.64 0.0653197 -0.0489237 0.503572
6.65 0.0652211 -0.0489785 0.50358
6.66 0.0651225 -0.0490333 0.503588
6.67 0.0650237 -0.0490879 0.503596
6.68 0.0649248 -0.0491425 0.503604
6.69 0.0648258 -0.049197 0.503612
6.7 0.0647267 -0.0492514 0.50362
6.71 0.0646275 -0.0493058 0.503628
6.72 0.0645282 -0.04936 0.503636
6.73 0.0644287 -0.0494142 0.503644
6.74 0.0643292 -0.0494682 0.503652
6.75 0.0642295 -0.0495222 0.50366
6.76 0.0641297 -0.0495762 0.503668
6.77 0.0640299 -0.04963 0.503676
6.78 0.0639299 -0.0496837 0.503684
6.79 0.0638298 -0.0497374 0.503692
6.8 0.0637296 -0.049791 0.5037
6.81 0.0636292 -0.0498445 0.503707
6.82 0.0635288 -0.0498979 0.503715
6.83 0.0634283 -0.0499513 0.503723
6.84 0.0633276 -0.0500045 0.503731
6.85 0.0632269 -0.0500577 0.503739
6.86 0.063126 -0.0501108 0.503747
6.87 0.063025 -0.0501638 0.503755
6.88 0.062924 -0.0502167 0.503763
6.89 0.0628228 -0.0502695 0.503771
6.9 0.0627215 -0.0503222 0.503779
6.91 0.0626201 -0.0503749 0.503787
6.92 0.0625186 -0.0504275 0.503794
6.93 0.0624169 -0.05048 0.503802
6.94 0.0623152 -0.0505324 0.50381
6.95 0.0622134 -0.0505847 0.503818
6.96 0.0621114 -0.050637 0.503826
6.97 0.0620094 -0.0506891 0.503834
6.98 0.0619072 -0.0507412 0.503842
6.99 0.061805 -0.0507932 0.503849
7 0.0617026 -0.0508451 0.503857
7.01 0.0616001 -0.0508969 0.503865
7.02 0.0614975 -0.0509486 0.503873
7.03 0.0613949 -0.0510003 0.503881
7.04 0.0612921 -0.0510518 0.503889
7.05 0.0611892 -0.0511033 0.503897
7.06 0.0610862 -0.0511547 0.503904
7.07 0.0609831 -0.051206 0.503912
7.08 0.0608798 -0.0512572 0.50392
7.09 0.0607765 -0.0513083 0.503928
7.1 0.0606731 -0.0513594 0.503936
7.11 0.0605696 -0.0514103 0.503943
7.12 0.0604659 -0.0514612 0.503951
7.13 0.0603622 -0.051512 0.503959
7.14 0.0602584 -0.0515627 0.503967
7.15 0.0601544 -0.0516133 0.503974
7.16 0.0600504 -0.0516638 0.503982
7.17 0.0599462 -0.0517143 0.50399
7.18 0.059842 -0.0517646 0.503998
7.19 0.0597376 -0.0518149 0.504005
7.2 0.0596332 -0.0518651 0.504013
7.21 0.0595286 -0.0519152 0.504021
7.22 0.0594239 -0.0519652 0.504029
7.23 0.0593192 -0.0520151 0.504036
7.24 0.0592143 -0.0520649 0.504044
7.25 0.0591093 -0.0521147 0.504052
7.26 0.0590042 -0.0521643 0.504059
7.27 0.0588991 -0.0522139 0.504067
7.28 0.0587938 -0.0522634 0.504075
7.29 0.0586884 -0.0523128 0.504083
7.3 0.0585829 -0.0523621 0.50409
7.31 0.0584774 -0.0524113 0.504098
7.32 0.0583717 -0.0524604 0.504106
7.33 0.0582659 -0.0525095 0.504113
7.34 0.05816 -0.0525584 0.504121
7.35 0.058054 -0.0526073 0.504129
7.36 0.0579479 -0.0526561 0.504136
7.37 0.0578418 -0.0527048 0.504144
7.38 0.0577355 -0.0527534 0.504151
7.39 0.0576291 -0.0528019 0.504159
7.4 0.0575226 -0.0528503 0.504167
7.41 0.057416 -0.0528986 0.504174
7.42 0.0573093 -0.0529469 0.504182
7.43 0.0572026 -0.052995 0.504189
7.44 0.0570957 -0.0530431 0.504197
7.45 0.0569887 -0.0530911 0.504205
7.46 0.0568816 -0.053139 0.504212
7.47 0.0567745 -0.0531868 0.50422
7.48 0.0566672 -0.0532345 0.504227
7.49 0.0565598 -0.0532821 0.504235
7.5 0.0564524 -0.0533296 0.504242
7.51 0.0563448 -0.0533771 0.50425
7.52 0.0562371 -0.0534244 0.504257
7.53 0.0561294 -0.0534717 0.504265
7.54 0.0560215 -0.0535189 0.504272
7.55 0.0559136 -0.053566 0.50428
7.56 0.0558055 -0.0536129 0.504287
7.57 0.0556974 -0.0536598 0.504295
7.58 0.0555891 -0.0537067 0.504302
7.59 0.0554808 -0.0537534 0.50431
7.6 0.0553724 -0.0538 0.504317
7.61 0.0552638 -0.0538466 0.504325
7.62 0.0551552 -0.053893 0.504332
7.63 0.0550465 -0.0539394 0.50434
7.64 0.0549377 -0.0539856 0.504347
7.65 0.0548288 -0.0540318 0.504354
7.66 0.0547198 -0.0540779 0.504362
7.67 0.0546107 -0.0541239 0.504369
7.68 0.0545015 -0.0541698 0.504377
7.69 0.0543922 -0.0542156 0.504384
7.7 0.0542828 -0.0542614 0.504391
7.71 0.0541733 -0.054307 0.504399
7.72 0.0540637 -0.0543525 0.504406
7.73 0.0539541 -0.054398 0.504413
7.74 0.0538443 -0.0544433 0.504421
7.75 0.0537345 -0.0544886 0.504428
7.76 0.0536245 -0.0545338 0.504435
7.77 0.0535145 -0.0545789 0.504443
7.78 0.0534044 -0.0546239 0.50445
7.79 0.0532942 -0.0546688 0.504457
7.8 0.0531838 -0.0547136 0.504465
7.81 0.0530734 -0.0547583 0.504472
7.82 0.0529629 -0.0548029 0.504479
7.83 0.0528524 -0.0548474 0.504486
7.84 0.0527417 -0.0548919 0.504494
7.85 0.0526309 -0.0549362 0.504501
7.86 0.05252 -0.0549805 0.504508
7.87 0.0524091 -0.0550246 0.504515
7.88 0.052298 -0.0550687 0.504522
7.89 0.0521869 -0.0551127 0.50453
7.9 0.0520757 -0.0551566 0.504537
7.91 0.0519644 -0.0552004 0.504544
7.92 0.051853 -0.055244 0.504551
7.93 0.0517415 -0.0552877 0.504558
7.94 0.0516299 -0.0553312 0.504566
7.95 0.0515182 -0.0553746 0.504573
7.96 0.0514065 -0.0554179 0.50458
7.97 0.0512946 -0.0554611 0.504587
7.98 0.0511827 -0.0555043 0.504594
7.99 0.0510706 -0.0555473 0.504601
8 0.0509585 -0.0555903 0.504608
8.01 0.0508463 -0.0556331 0.504615
8.02 0.050734 -0.0556759 0.504622
8.03 0.0506216 -0.0557186 0.504629
8.04 0.0505092 -0.0557611 0.504637
8.05 0.0503966 -0.0558036 0.504644
8.06 0.050284 -0.055846 0.504651
8.07 0.0501712 -0.0558883 0.504658
8.08 0.0500584 -0.0559305 0.504665
8.09 0.0499455 -0.0559726 0.504672
8.1 0.0498325 -0.0560146 0.504679
8.11 0.0497194 -0.0560565 0.504686
8.12 0.0496063 -0.0560983 0.504693
8.13 0.049493 -0.0561401 0.5047
8.14 0.0493797 -0.0561817 0.504706
8.15 0.0492663 -0.0562232 0.504713
8.16 0.0491528 -0.0562647 0.50472
8.17 0.0490392 -0.056306 0.504727
8.18 0.0489255 -0.0563473 0.504734
8.19 0.0488117 -0.0563884 0.504741
8.2 0.0486979 -0.0564295 0.504748
8.21 0.048584 -0.0564705 0.504755
8.22 0.04847 -0.0565113 0.504762
8.23 0.0483559 -0.0565521 0.504768
8.24 0.0482417 -0.0565928 0.504775
8.25 0.0481274 -0.0566334 0.504782
8.26 0.0480131 -0.0566739 0.504789
8.27 0.0478986 -0.0567143 0.504796
8.28 0.0477841 -0.0567546 0.504803
8.29 0.0476695 -0.0567948 0.504809
8.3 0.0475548 -0.0568349 0.504816
8.31 0.0474401 -0.0568749 0.504823
8.32 0.0473252 -0.0569148 0.50483
8.33 0.0472103 -0.0569546 0.504836
8.34 0.0470953 -0.0569943 0.504843
8.35 0.0469802 -0.057034 0.50485
8.36 0.046865 -0.0570735 0.504856
8.37 0.0467497 -0.0571129 0.504863
8.38 0.0466344 -0.0571523 0.50487
8.39 0.046519 -0.0571915 0.504876
8.4 0.0464035 -0.0572307 0.504883
8.41 0.0462879 -0.0572697 0.50489
8.42 0.0461723 -0.0573087 0.504896
8.43 0.0460565 -0.0573475 0.504903
8.44 0.0459407 -0.0573863 0.50491
8.45 0.0458248 -0.0574249 0.504916
8.46 0.0457088 -0.0574635 0.504923
8.47 0.0455928 -0.0575019 0.504929
8.48 0.0454766 -0.0575403 0.504936
8.49 0.0453604 -0.0575786 0.504942
8.5 0.0452441 -0.0576168 0.504949
8.51 0.0451277 -0.0576548 0.504955
8.52 0.0450113 -0.0576928 0.504962
8.53 0.0448948 -0.0577307 0.504968
8.54 0.0447781 -0.0577685 0.504975
8.55 0.0446615 -0.0578062 0.504981
8.56 0.0445447 -0.0578438 0.504988
8.57 0.0444279 -0.0578813 0.504994
8.58 0.0443109 -0.0579186 0.505001
8.59 0.0441939 -0.0579559 0.505007
8.6 0.0440769 -0.0579931 0.505014
8.61 0.0439597 -0.0580302 0.50502
8.62 0.0438425 -0.0580672 0.505026
8.63 0.0437252 -0.0581041 0.505033
8.64 0.0436078 -0.0581409 0.505039
8.65 0.0434904 -0.0581776 0.505045
8.66 0.0433728 -0.0582143 0.505052
8.67 0.0432552 -0.0582508 0.505058
8.68 0.0431375 -0.0582872 0.505064
8.69 0.0430198 -0.0583235 0.505071
8.7 0.042902 -0.0583597 0.505077
8.71 0.0427841 -0.0583958 0.505083
8.72 0.0426661 -0.0584318 0.505089
8.73 0.042548 -0.0584677 0.505096
8.74 0.0424299 -0.0585036 0.505102
8.75 0.0423117 -0.0585393 0.505108
8.76 0.0421934 -0.0585749 0.505114
8.77 0.0420751 -0.0586104 0.50512
8.78 0.0419566 -0.0586458 0.505127
8.79 0.0418382 -0.0586812 0.505133
8.8 0.0417196 -0.0587164 0.505139
8.81 0.0416009 -0.0587515 0.505145
8.82 0.0414822 -0.0587865 0.505151
8.83 0.0413634 -0.0588215 0.505157
8.84 0.0412446 -0.0588563 0.505163
8.85 0.0411257 -0.058891 0.505169
8.86 0.0410067 -0.0589256 0.505175
8.87 0.0408876 -0.0589602 0.505181
8.88 0.0407685 -0.0589946 0.505187
8.89 0.0406492 -0.0590289 0.505194
8.9 0.04053 -0.0590631 0.5052
8.91 0.0404106 -0.0590973 0.505205
8.92 0.0402912 -0.0591313 0.505211
8.93 0.0401717 -0.0591652 0.505217
8.94 0.0400521 -0.0591991 0.505223
8.95 0.0399325 -0.0592328 0.505229
8.96 0.0398128 -0.0592664 0.505235
8.97 0.039693 -0.0592999 0.505241
8.98 0.0395732 -0.0593334 0.505247
8.99 0.0394532 -0.0593667 0.505253
9 0.0393333 -0.0593999 0.505259
9.01 0.0392132 -0.059433 0.505265
9.02 0.0390931 -0.059466 0.50527
9.03 0.0389729 -0.059499 0.505276
9.04 0.0388527 -0.0595318 0.505282
9.05 0.0387323 -0.0595645 0.505288
9.06 0.0386119 -0.0595971 0.505294
9.07 0.0384915 -0.0596296 0.505299
9.08 0.038371 -0.0596621 0.505305
9.09 0.0382504 -0.0596944 0.505311
9.1 0.0381297 -0.0597266 0.505316
9.11 0.038009 -0.0597587 0.505322
9.12 0.0378882 -0.0597907 0.505328
9.13 0.0377674 -0.0598226 0.505333
9.14 0.0376464 -0.0598544 0.505339
9.15 0.0375254 -0.0598861 0.505345
9.16 0.0374044 -0.0599177 0.50535
9.17 0.0372833 -0.0599492 0.505356
9.18 0.0371621 -0.0599806 0.505362
9.19 0.0370408 -0.0600119 0.505367
9.2 0.0369195 -0.0600431 0.505373
9.21 0.0367982 -0.0600742 0.505378
9.22 0.0366767 -0.0601052 0.505384
9.23 0.0365552 -0.0601361 0.505389
9.24 0.0364336 -0.0601669 0.505395
9.25 0.036312 -0.0601976 0.5054
9.26 0.0361903 -0.0602282 0.505406
9.27 0.0360686 -0.0602587 0.505411
9.28 0.0359467 -0.0602891 0.505417
9.29 0.0358248 -0.0603193 0.505422
9.3 0.0357029 -0.0603495 0.505427
9.31 0.0355809 -0.0603796 0.505433
9.32 0.0354588 -0.0604096 0.505438
9.33 0.0353367 -0.0604394 0.505444
9.34 0.0352145 -0.0604692 0.505449
9.35 0.0350922 -0.0604989 0.505454
9.36 0.0349699 -0.0605284 0.50546
9.37 0.0348475 -0.0605579 0.505465
9.38 0.0347251 -0.0605873 0.50547
9.39 0.0346026 -0.0606165 0.505475
9.4 0.03448 -0.0606457 0.505481
9.41 0.0343574 -0.0606747 0.505486
9.42 0.0342347 -0.0607036 0.505491
9.43 0.034112 -0.0607325 0.505496
9.44 0.0339892 -0.0607612 0.505501
9.45 0.0338663 -0.0607899 0.505507
9.46 0.0337434 -0.0608184 0.505512
9.47 0.0336204 -0.0608468 0.505517
9.48 0.0334974 -0.0608752 0.505522
9.49 0.0333743 -0.0609034 0.505527
9.5 0.0332512 -0.0609315 0.505532
9.51 0.0331279 -0.0609595 0.505537
9.52 0.0330047 -0.0609874 0.505542
9.53 0.0328813 -0.0610152 0.505547
9.54 0.032758 -0.0610429 0.505552
9.55 0.0326345 -0.0610705 0.505557
9.56 0.032511 -0.061098 0.505562
9.57 0.0323875 -0.0611254 0.505567
9.58 0.0322639 -0.0611527 0.505572
9.59 0.0321402 -0.0611799 0.505577
9.6 0.0320165 -0.061207 0.505582
9.61 0.0318927 -0.061234 0.505587
9.62 0.0317688 -0.0612608 0.505592
9.63 0.031645 -0.0612876 0.505597
9.64 0.031521 -0.0613143 0.505602
9.65 0.031397 -0.0613408 0.505606
9.66 0.0312729 -0.0613673 0.505611
9.67 0.0311488 -0.0613937 0.505616
9.68 0.0310247 -0.0614199 0.505621
9.69 0.0309004 -0.061446 0.505626
9.7 0.0307762 -0.0614721 0.50563
9.71 0.0306518 -0.061498 0.505635
9.72 0.0305275 -0.0615239 0.50564
9.73 0.030403 -0.0615496 0.505644
9.74 0.0302785 -0.0615752 0.505649
9.75 0.030154 -0.0616007 0.505654
9.76 0.0300294 -0.0616261 0.505658
9.77 0.0299048 -0.0616514 0.505663
9.78 0.0297801 -0.0616766 0.505668
9.79 0.0296553 -0.0617017 0.505672
9.8 0.0295305 -0.0617267 0.505677
9.81 0.0294056 -0.0617516 0.505681
9.82 0.0292807 -0.0617764 0.505686
9.83 0.0291558 -0.0618011 0.50569
9.84 0.0290308 -0.0618257 0.505695
9.85 0.0289057 -0.0618501 0.505699
9.86 0.0287806 -0.0618745 0.505704
9.87 0.0286554 -0.0618987 0.505708
9.88 0.0285302 -0.0619229 0.505713
9.89 0.028405 -0.0619469 0.505717
9.9 0.0282797 -0.0619709 0.505722
9.91 0.0281543 -0.0619947 0.505726
9.92 0.0280289 -0.0620184 0.50573
9.93 0.0279034 -0.0620421 0.505735
9.94 0.0277779 -0.0620656 0.505739
9.95 0.0276524 -0.062089 0.505743
9.96 0.0275268 -0.0621123 0.505748
9.97 0.0274011 -0.0621355 0.505752
9.98 0.0272754 -0.0621586 0.505756
9.99 0.0271497 -0.0621816 0.50576
10 0.0270239 -0.0622045 0.505765
10.01 0.026898 -0.0622273 0.505769
10.02 0.0267721 -0.0622499 0.505773
10.03 0.0266462 -0.0622725 0.505777
10.04 0.0265202 -0.062295 0.505781
10.05 0.0263942 -0.0623173 0.505785
10.06 0.0262681 -0.0623396 0.50579
10.07 0.026142 -0.0623617 0.505794
10.08 0.0260158 -0.0623838 0.505798
10.09 0.0258896 -0.0624057 0.505802
10.1 0.0257633 -0.0624275 0.505806
10.11 0.025637 -0.0624492 0.50581
10.12 0.0255107 -0.0624708 0.505814
10.13 0.0253843 -0.0624924 0.505818
10.14 0.0252579 -0.0625138 0.505822
10.15 0.0251314 -0.062535 0.505826
10.16 0.0250048 -0.0625562 0.50583
10.17 0.0248783 -0.0625773 0.505834
10.18 0.0247517 -0.0625983 0.505837
10.19 0.024625 -0.0626192 0.505841
10.2 0.0244983 -0.0626399 0.505845
10.21 0.0243715 -0.0626606 0.505849
10.22 0.0242448 -0.0626811 0.505853
10.23 0.0241179 -0.0627016 0.505857
10.24 0.0239911 -0.0627219 0.50586
10.25 0.0238641 -0.0627421 0.505864
10.26 0.0237372 -0.0627622 0.505868
10.27 0.0236102 -0.0627823 0.505872
10.28 0.0234832 -0.0628022 0.505875
10.29 0.0233561 -0.062822 0.505879
10.3 0.023229 -0.0628416 0.505883
10.31 0.0231018 -0.0628612 0.505886
10.32 0.0229746 -0.0628807 0.50589
10.33 0.0228473 -0.0629001 0.505894
10.34 0.0227201 -0.0629193 0.505897
10.35 0.0225927 -0.0629385 0.505901
10.36 0.0224654 -0.0629576 0.505904
10.37 0.022338 -0.0629765 0.505908
10.38 0.0222105 -0.0629953 0.505911
10.39 0.0220831 -0.0630141 0.505915
10.4 0.0219555 -0.0630327 0.505918
10.41 0.021828 -0.0630512 0.505922
10.42 0.0217004 -0.0630696 0.505925
10.43 0.0215727 -0.0630879 0.505929
10.44 0.0214451 -0.0631061 0.505932
10.45 0.0213174 -0.0631242 0.505935
10.46 0.0211896 -0.0631421 0.505939
10.47 0.0210618 -0.06316 0.505942
10.48 0.020934 -0.0631778 0.505945
10.49 0.0208062 -0.0631954 0.505949
10.5 0.0206783 -0.063213 0.505952
10.51 0.0205503 -0.0632304 0.505955
10.52 0.0204224 -0.0632477 0.505959
10.53 0.0202944 -0.063265 0.505962
10.54 0.0201663 -0.0632821 0.505965
10.55 0.0200382 -0.0632991 0.505968
10.56 0.0199101 -0.063316 0.505971
10.57 0.019782 -0.0633328 0.505975
10.58 0.0196538 -0.0633494 0.505978
10.59 0.0195256 -0.063366 0.505981
10.6 0.0193974 -0.0633825 0.505984
10.61 0.0192691 -0.0633988 0.505987
10.62 0.0191408 -0.0634151 0.50599
10.63 0.0190124 -0.0634312 0.505993
10.64 0.018884 -0.0634473 0.505996
10.65 0.0187556 -0.0634632 0.505999
10.66 0.0186272 -0.063479 0.506002
10.67 0.0184987 -0.0634947 0.506005
10.68 0.0183702 -0.0635103 0.506008
10.69 0.0182416 -0.0635258 0.506011
10.7 0.018113 -0.0635412 0.506014
10.71 0.0179844 -0.0635565 0.506017
10.72 0.0178558 -0.0635716 0.506019
10.73 0.0177271 -0.0635867 0.506022
10.74 0.0175984 -0.0636017 0.506025
10.75 0.0174697 -0.0636165 0.506028
10.76 0.0173409 -0.0636312 0.506031
10.77 0.0172121 -0.0636459 0.506033
10.78 0.0170833 -0.0636604 0.506036
10.79 0.0169544 -0.0636748 0.506039
10.8 0.0168255 -0.0636891 0.506042
10.81 0.0166966 -0.0637033 0.506044
10.82 0.0165677 -0.0637173 0.506047
10.83 0.0164387 -0.0637313 0.50605
10.84 0.0163097 -0.0637452 0.506052
10.85 0.0161806 -0.0637589 0.506055
10.86 0.0160516 -0.0637726 0.506057
10.87 0.0159225 -0.0637861 0.50606
10.88 0.0157934 -0.0637996 0.506063
10.89 0.0156642 -0.0638129 0.506065
10.9 0.0155351 -0.0638261 0.506068
10.91 0.0154059 -0.0638392 0.50607
10.92 0.0152766 -0.0638522 0.506072
10.93 0.0151474 -0.0638651 0.506075
10.94 0.0150181 -0.0638778 0.506077
10.95 0.0148888 -0.0638905 0.50608
10.96 0.0147594 -0.0639031 0.506082
10.97 0.0146301 -0.0639155 0.506084
10.98 0.0145007 -0.0639279 0.506087
10.99 0.0143713 -0.0639401 0.506089
11 0.0142419 -0.0639522 0.506091
11.01 0.0141124 -0.0639642 0.506094
11.02 0.0139829 -0.0639761 0.506096
11.03 0.0138534 -0.0639879 0.506098
11.04 0.0137239 -0.0639996 0.5061
11.05 0.0135943 -0.0640112 0.506103
11.06 0.0134647 -0.0640227 0.506105
11.07 0.0133351 -0.064034 0.506107
11.08 0.0132055 -0.0640453 0.506109
11.09 0.0130758 -0.0640564 0.506111
11.1 0.0129461 -0.0640674 0.506113
11.11 0.0128164 -0.0640783 0.506115
11.12 0.0126867 -0.0640892 0.506117
11.13 0.012557 -0.0640999 0.506119
11.14 0.0124272 -0.0641105 0.506121
11.15 0.0122974 -0.0641209 0.506123
11.16 0.0121676 -0.0641313 0.506125
11.17 0.0120378 -0.0641416 0.506127
11.18 0.0119079 -0.0641517 0.506129
11.19 0.011778 -0.0641618 0.506131
11.2 0.0116481 -0.0641717 0.506133
11.21 0.0115182 -0.0641815 0.506135
11.22 0.0113883 -0.0641913 0.506137
11.23 0.0112583 -0.0642009 0.506139
11.24 0.0111283 -0.0642104 0.50614
11.25 0.0109983 -0.0642197 0.506142
11.26 0.0108683 -0.064229 0.506144
11.27 0.0107383 -0.0642382 0.506146
11.28 0.0106082 -0.0642472 0.506147
11.29 0.0104782 -0.0642562 0.506149
11.3 0.0103481 -0.064265 0.506151
11.31 0.0102179 -0.0642738 0.506152
11.32 0.0100878 -0.0642824 0.506154
11.33 0.00995767 -0.0642909 0.506156
11.34 0.0098275 -0.0642993 0.506157
11.35 0.00969732 -0.0643076 0.506159
11.36 0.00956712 -0.0643158 0.506161
11.37 0.00943691 -0.0643238 0.506162
11.38 0.00930667 -0.0643318 0.506164
11.39 0.00917642 -0.0643396 0.506165
11.4 0.00904616 -0.0643474 0.506167
11.41 0.00891588 -0.064355 0.506168
11.42 0.00878558 -0.0643625 0.506169
11.43 0.00865526 -0.06437 0.506171
11.44 0.00852494 -0.0643773 0.506172
11.45 0.00839459 -0.0643844 0.506174
11.46 0.00826423 -0.0643915 0.506175
11.47 0.00813386 -0.0643985 0.506176
11.48 0.00800347 -0.0644054 0.506178
11.49 0.00787307 -0.0644121 0.506179
11.5 0.00774265 -0.0644188 0.50618
11.51 0.00761222 -0.0644253 0.506181
11.52 0.00748178 -0.0644317 0.506183
11.53 0.00735132 -0.064438 0.506184
11.54 0.00722085 -0.0644442 0.506185
11.55 0.00709037 -0.0644503 0.506186
11.56 0.00695988 -0.0644563 0.506187
11.57 0.00682937 -0.0644622 0.506188
11.58 0.00669885 -0.0644679 0.50619
11.59 0.00656832 -0.0644736 0.506191
11.6 0.00643777 -0.0644791 0.506192
11.61 0.00630722 -0.0644846 0.506193
11.62 0.00617665 -0.0644899 0.506194
11.63 0.00604607 -0.0644951 0.506195
11.64 0.00591548 -0.0645002 0.506196
11.65 0.00578489 -0.0645052 0.506197
11.66 0.00565428 -0.0645101 0.506198
11.67 0.00552366 -0.0645148 0.506198
11.68 0.00539303 -0.0645195 0.506199
11.69 0.00526239 -0.064524 0.5062
11.7 0.00513174 -0.0645285 0.506201
11.71 0.00500108 -0.0645328 0.506202
11.72 0.00487042 -0.064537 0.506203
11.73 0.00473974 -0.0645411 0.506204
11.74 0.00460906 -0.0645451 0.506204
11.75 0.00447836 -0.064549 0.506205
11.76 0.00434766 -0.0645528 0.506206
11.77 0.00421696 -0.0645565 0.506206
11.78 0.00408624 -0.06456 0.506207
11.79 0.00395552 -0.0645635 0.506208
11.8 0.00382479 -0.0645668 0.506208
11.81 0.00369405 -0.06457 0.506209
11.82 0.00356331 -0.0645732 0.50621
11.83 0.00343256 -0.0645762 0.50621
11.84 0.0033018 -0.0645791 0.506211
11.85 0.00317104 -0.0645818 0.506211
11.86 0.00304027 -0.0645845 0.506212
11.87 0.0029095 -0.0645871 0.506212
11.88 0.00277872 -0.0645895 0.506213
11.89 0.00264793 -0.0645919 0.506213
11.9 0.00251714 -0.0645941 0.506214
11.91 0.00238635 -0.0645962 0.506214
11.92 0.00225555 -0.0645983 0.506214
11.93 0.00212475 -0.0646002 0.506215
11.94 0.00199394 -0.064602 0.506215
11.95 0.00186313 -0.0646036 0.506215
11.96 0.00173232 -0.0646052 0.506216
11.97 0.0016015 -0.0646067 0.506216
11.98 0.00147068 -0.064608 0.506216
11.99 0.00133986 -0.0646093 0.506217
12 0.00120904 -0.0646104 0.506217
12.01 0.00107821 -0.0646114 0.506217
12.02 0.000947379 -0.0646123 0.506217
12.03 0.000816547 -0.0646131 0.506217
12.04 0.000685714 -0.0646138 0.506217
12.05 0.00055488 -0.0646144 0.506218
12.06 0.000424044 -0.0646149 0.506218
12.07 0.000293207 -0.0646152 0.506218
12.08 0.00016237 -0.0646155 0.506218
12.09 3.15318e-05 -0.0646156 0.506218
12.1 -9.93065e-05 -0.0646156 0.506218
12.11 -0.000230145 -0.0646155 0.506218
12.12 -0.000360983 -0.0646153 0.506218
12.13 -0.000491821 -0.064615 0.506218
12.14 -0.000622658 -0.0646146 0.506218
12.15 -0.000753494 -0.0646141 0.506217
12.16 -0.000884329 -0.0646135 0.506217
12.17 -0.00101516 -0.0646127 0.506217
12.18 -0.001146 -0.0646119 0.506217
12.19 -0.00127683 -0.0646109 0.506217
12.2 -0.00140765 -0.0646098 0.506217
12.21 -0.00153848 -0.0646086 0.506216
12.22 -0.0016693 -0.0646073 0.506216
12.23 -0.00180013 -0.0646059 0.506216
12.24 -0.00193094 -0.0646044 0.506216
12.25 -0.00206176 -0.0646028 0.506215
12.26 -0.00219257 -0.064601 0.506215
12.27 -0.00232338 -0.0645992 0.506215
12.28 -0.00245418 -0.0645972 0.506214
12.29 -0.00258498 -0.0645952 0.506214
12.3 -0.00271578 -0.064593 0.506213
12.31 -0.00284657 -0.0645907 0.506213
12.32 -0.00297736 -0.0645883 0.506213
12.33 -0.00310814 -0.0645858 0.506212
12.34 -0.00323891 -0.0645831 0.506212
12.35 -0.00336969 -0.0645804 0.506211
12.36 -0.00350045 -0.0645776 0.50621
12.37 -0.00363121 -0.0645746 0.50621
12.38 -0.00376196 -0.0645716 0.506209
12.39 -0.00389271 -0.0645684 0.506209
12.4 -0.00402345 -0.0645651 0.506208
12.41 -0.00415418 -0.0645617 0.506207
12.42 -0.00428491 -0.0645582 0.506207
12.43 -0.00441563 -0.0645546 0.506206
12.44 -0.00454634 -0.0645509 0.506205
12.45 -0.00467705 -0.064547 0.506205
12.46 -0.00480774 -0.0645431 0.506204
12.47 -0.00493843 -0.064539 0.506203
12.48 -0.00506911 -0.0645349 0.506202
12.49 -0.00519978 -0.0645306 0.506202
12.5 -0.00533044 -0.0645262 0.506201
12.51 -0.00546109 -0.0645217 0.5062
12.52 -0.00559174 -0.0645171 0.506199
12.53 -0.00572237 -0.0645124 0.506198
12.54 -0.005853 -0.0645075 0.506197
12.55 -0.00598361 -0.0645026 0.506196
12.56 -0.00611421 -0.0644976 0.506195
12.57 -0.00624481 -0.0644924 0.506194
12.58 -0.00637539 -0.0644871 0.506193
12.59 -0.00650596 -0.0644817 0.506192
12.6 -0.00663652 -0.0644763 0.506191
12.61 -0.00676707 -0.0644707 0.50619
12.62 -0.00689761 -0.064465 0.506189
12.63 -0.00702813 -0.0644591 0.506188
12.64 -0.00715865 -0.0644532 0.506187
12.65 -0.00728915 -0.0644472 0.506186
12.66 -0.00741964 -0.064441 0.506184
12.67 -0.00755011 -0.0644348 0.506183
12.68 -0.00768058 -0.0644284 0.506182
12.69 -0.00781103 -0.0644219 0.506181
12.7 -0.00794146 -0.0644153 0.506179
12.71 -0.00807189 -0.0644086 0.506178
12.72 -0.0082023 -0.0644018 0.506177
12.73 -0.00833269 -0.0643949 0.506176
12.74 -0.00846307 -0.0643879 0.506174
12.75 -0.00859344 -0.0643807 0.506173
12.76 -0.00872379 -0.0643735 0.506171
12.77 -0.00885412 -0.0643661 0.50617
12.78 -0.00898445 -0.0643586 0.506169
12.79 -0.00911475 -0.0643511 0.506167
12.8 -0.00924504 -0.0643434 0.506166
12.81 -0.00937531 -0.0643356 0.506164
12.82 -0.00950557 -0.0643277 0.506163
12.83 -0.00963581 -0.0643196 0.506161
12.84 -0.00976604 -0.0643115 0.50616
12.85 -0.00989624 -0.0643033 0.506158
12.86 -0.0100264 -0.0642949 0.506157
12.87 -0.0101566 -0.0642865 0.506155
12.88 -0.0102868 -0.0642779 0.506153
12.89 -0.0104169 -0.0642692 0.506152
12.9 -0.010547 -0.0642604 0.50615
12.91 -0.0106771 -0.0642515 0.506148
12.92 -0.0108072 -0.0642425 0.506147
12.93 -0.0109373 -0.0642334 0.506145
12.94 -0.0110673 -0.0642242 0.506143
12.95 -0.0111973 -0.0642149 0.506141
12.96 -0.0113274 -0.0642054 0.506139
12.97 -0.0114573 -0.0641959 0.506138
12.98 -0.0115873 -0.0641862 0.506136
12.99 -0.0117173 -0.0641764 0.506134
13 -0.0118472 -0.0641665 0.506132
13.01 -0.0119771 -0.0641565 0.50613
13.02 -0.012107 -0.0641464 0.506128
13.03 -0.0122368 -0.0641362 0.506126
13.04 -0.0123667 -0.0641259 0.506124
13.05 -0.0124965 -0.0641155 0.506122
13.06 -0.0126263 -0.0641049 0.50612
13.07 -0.0127561 -0.0640943 0.506118
13.08 -0.0128858 -0.0640835 0.506116
13.09 -0.0130156 -0.0640726 0.506114
13.1 -0.0131453 -0.0640617 0.506112
13.11 -0.013275 -0.0640506 0.50611
13.12 -0.0134046 -0.0640394 0.506108
13.13 -0.0135343 -0.0640281 0.506106
13.14 -0.0136639 -0.0640167 0.506104
13.15 -0.0137935 -0.0640051 0.506101
13.16 -0.0139231 -0.0639935 0.506099
13.17 -0.0140526 -0.0639817 0.506097
13.18 -0.0141822 -0.0639699 0.506095
13.19 -0.0143117 -0.0639579 0.506092
13.2 -0.0144411 -0.0639459 0.50609
13.21 -0.0145706 -0.0639337 0.506088
13.22 -0.0147 -0.0639214 0.506086
13.23 -0.0148294 -0.063909 0.506083
13.24 -0.0149588 -0.0638965 0.506081
13.25 -0.0150881 -0.0638839 0.506078
13.26 -0.0152174 -0.0638711 0.506076
13.27 -0.0153467 -0.0638583 0.506074
13.28 -0.015476 -0.0638454 0.506071
13.29 -0.0156052 -0.0638323 0.506069
13.3 -0.0157345 -0.0638191 0.506066
13.31 -0.0158636 -0.0638059 0.506064
13.32 -0.0159928 -0.0637925 0.506061
13.33 -0.0161219 -0.063779 0.506059
13.34 -0.016251 -0.0637654 0.506056
13.35 -0.0163801 -0.0637517 0.506053
13.36 -0.0165092 -0.0637379 0.506051
13.37 -0.0166382 -0.063724 0.506048
13.38 -0.0167672 -0.0637099 0.506046
13.39 -0.0168961 -0.0636958 0.506043
13.4 -0.0170251 -0.0636815 0.50604
13.41 -0.017154 -0.0636672 0.506037
13.42 -0.0172828 -0.0636527 0.506035
13.43 -0.0174117 -0.0636381 0.506032
13.44 -0.0175405 -0.0636234 0.506029
13.45 -0.0176693 -0.0636087 0.506026
13.46 -0.017798 -0.0635938 0.506024
13.47 -0.0179267 -0.0635787 0.506021
13.48 -0.0180554 -0.0635636 0.506018
13.49 -0.0181841 -0.0635484 0.506015
13.5 -0.0183127 -0.0635331 0.506012
13.51 -0.0184413 -0.0635176 0.506009
13.52 -0.0185699 -0.0635021 0.506006
13.53 -0.0186984 -0.0634864 0.506003
13.54 -0.0188269 -0.0634706 0.506
13.55 -0.0189554 -0.0634548 0.505997
13.56 -0.0190838 -0.0634388 0.505994
13.57 -0.0192122 -0.0634227 0.505991
13.58 -0.0193406 -0.0634065 0.505988
13.59 -0.0194689 -0.0633902 0.505985
13.6 -0.0195972 -0.0633737 0.505982
13.61 -0.0197254 -0.0633572 0.505979
13.62 -0.0198537 -0.0633406 0.505976
13.63 -0.0199819 -0.0633238 0.505973
13.64 -0.02011 -0.063307 0.50597
13.65 -0.0202382 -0.06329 0.505966
13.66 -0.0203662 -0.063273 0.505963
13.67 -0.0204943 -0.0632558 0.50596
13.68 -0.0206223 -0.0632385 0.505957
13.69 -0.0207503 -0.0632211 0.505954
13.7 -0.0208783 -0.0632036 0.50595
13.71 -0.0210062 -0.063186 0.505947
13.72 -0.021134 -0.0631683 0.505944
13.73 -0.0212619 -0.0631505 0.50594
13.74 -0.0213897 -0.0631326 0.505937
13.75 -0.0215174 -0.0631145 0.505934
13.76 -0.0216452 -0.0630964 0.50593
13.77 -0.0217729 -0.0630781 0.505927
13.78 -0.0219005 -0.0630598 0.505923
13.79 -0.0220281 -0.0630413 0.50592
13.8 -0.0221557 -0.0630227 0.505916
13.81 -0.0222832 -0.063004 0.505913
13.82 -0.0224107 -0.0629853 0.505909
13.83 -0.0225382 -0.0629664 0.505906
13.84 -0.0226656 -0.0629474 0.505902
13.85 -0.022793 -0.0629282 0.505899
13.86 -0.0229203 -0.062909 0.505895
13.87 -0.0230476 -0.0628897 0.505892
13.88 -0.0231749 -0.0628703 0.505888
13.89 -0.0233021 -0.0628507 0.505884
13.9 -0.0234293 -0.0628311 0.505881
13.91 -0.0235564 -0.0628113 0.505877
13.92 -0.0236835 -0.0627915 0.505873
13.93 -0.0238106 -0.0627715 0.50587
13.94 -0.0239376 -0.0627514 0.505866
13.95 -0.0240646 -0.0627312 0.505862
13.96 -0.0241915 -0.0627109 0.505858
13.97 -0.0243184 -0.0626906 0.505855
13.98 -0.0244453 -0.0626701 0.505851
13.99 -0.0245721 -0.0626494 0.505847
14 -0.0246988 -0.0626287 0.505843
14.01 -0.0248256 -0.0626079 0.505839
14.02 -0.0249522 -0.062587 0.505835
14.03 -0.0250789 -0.0625659 0.505831
14.04 -0.0252055 -0.0625448 0.505827
14.05 -0.025332 -0.0625235 0.505824
14.06 -0.0254585 -0.0625022 0.50582
14.07 -0.025585 -0.0624807 0.505816
14.08 -0.0257114 -0.0624592 0.505812
14.09 -0.0258378 -0.0624375 0.505808
14.1 -0.0259641 -0.0624157 0.505804
14.11 -0.0260904 -0.0623938 0.505799
14.12 -0.0262166 -0.0623718 0.505795
14.13 -0.0263428 -0.0623497 0.505791
14.14 -0.0264689 -0.0623275 0.505787
14.15 -0.026595 -0.0623052 0.505783
14.16 -0.0267211 -0.0622828 0.505779
14.17 -0.0268471 -0.0622603 0.505775
14.18 -0.026973 -0.0622376 0.505771
14.19 -0.027099 -0.0622149 0.505766
14.2 -0.0272248 -0.062192 0.505762
14.21 -0.0273506 -0.0621691 0.505758
14.22 -0.0274764 -0.062146 0.505754
14.23 -0.0276021 -0.0621229 0.505749
14.24 -0.0277278 -0.0620996 0.505745
14.25 -0.0278534 -0.0620762 0.505741
14.26 -0.027979 -0.0620528 0.505737
14.27 -0.0281045 -0.0620292 0.505732
14.28 -0.02823 -0.0620055 0.505728
14.29 -0.0283555 -0.0619817 0.505723
14.3 -0.0284808 -0.0619578 0.505719
14.31 -0.0286062 -0.0619338 0.505715
14.32 -0.0287315 -0.0619097 0.50571
14.33 -0.0288567 -0.0618855 0.505706
14.34 -0.0289819 -0.0618611 0.505701
14.35 -0.029107 -0.0618367 0.505697
14.36 -0.0292321 -0.0618122 0.505692
14.37 -0.0293571 -0.0617875 0.505688
14.38 -0.0294821 -0.0617628 0.505683
14.39 -0.029607 -0.061738 0.505679
14.4 -0.0297319 -0.061713 0.505674
14.41 -0.0298567 -0.0616879 0.50567
14.42 -0.0299815 -0.0616628 0.505665
14.43 -0.0301062 -0.0616375 0.50566
14.44 -0.0302309 -0.0616121 0.505656
14.45 -0.0303555 -0.0615867 0.505651
14.46 -0.0304801 -0.0615611 0.505646
14.47 -0.0306046 -0.0615354 0.505642
14.48 -0.0307291 -0.0615096 0.505637
14.49 -0.0308535 -0.0614837 0.505632
14.5 -0.0309778 -0.0614577 0.505627
14.51 -0.0311021 -0.0614316 0.505623
14.52 -0.0312264 -0.0614054 0.505618
14.53 -0.0313506 -0.0613791 0.505613
14.54 -0.0314747 -0.0613527 0.505608
14.55 -0.0315988 -0.0613261 0.505604
14.56 -0.0317228 -0.0612995 0.505599
14.57 -0.0318468 -0.0612728 0.505594
14.58 -0.0319707 -0.0612459 0.505589
14.59 -0.0320945 -0.061219 0.505584
14.6 -0.0322184 -0.061192 0.505579
14.61 -0.0323421 -0.0611648 0.505574
14.62 -0.0324658 -0.0611376 0.505569
14.63 -0.0325894 -0.0611102 0.505564
14.64 -0.032713 -0.0610827 0.505559
14.65 -0.0328365 -0.0610552 0.505554
14.66 -0.03296 -0.0610275 0.505549
14.67 -0.0330834 -0.0609997 0.505544
14.68 -0.0332068 -0.0609719 0.505539
14.69 -0.0333301 -0.0609439 0.505534
14.7 -0.0334533 -0.0609158 0.505529
14.71 -0.0335765 -0.0608876 0.505524
14.72 -0.0336996 -0.0608593 0.505519
14.73 -0.0338227 -0.0608309 0.505514
14.74 -0.0339457 -0.0608024 0.505509
14.75 -0.0340686 -0.0607738 0.505503
14.76 -0.0341915 -0.0607451 0.505498
14.77 -0.0343143 -0.0607163 0.505493
14.78 -0.0344371 -0.0606874 0.505488
14.79 -0.0345598 -0.0606584 0.505483
14.8 -0.0346824 -0.0606293 0.505477
14.81 -0.034805 -0.0606001 0.505472
14.82 -0.0349276 -0.0605707 0.505467
14.83 -0.03505 -0.0605413 0.505462
14.84 -0.0351724 -0.0605118 0.505456
14.85 -0.0352948 -0.0604822 0.505451
14.86 -0.035417 -0.0604524 0.505446
14.87 -0.0355393 -0.0604226 0.50544
14.88 -0.0356614 -0.0603927 0.505435
14.89 -0.0357835 -0.0603626 0.50543
14.9 -0.0359056 -0.0603325 0.505424
14.91 -0.0360275 -0.0603022 0.505419
14.92 -0.0361495 -0.0602719 0.505413
14.93 -0.0362713 -0.0602414 0.505408
14.94 -0.0363931 -0.0602109 0.505402
14.95 -0.0365148 -0.0601802 0.505397
14.96 -0.0366365 -0.0601495 0.505391
14.97 -0.0367581 -0.0601186 0.505386
14.98 -0.0368796 -0.0600876 0.50538
14.99 -0.0370011 -0.0600566 0.505375
15 -0.0371225 -0.0600254 0.505369
15.01 -0.0372438 -0.0599941 0.505364
15.02 -0.0373651 -0.0599628 0.505358
15.03 -0.0374863 -0.0599313 0.505353
15.04 -0.0376074 -0.0598997 0.505347
15.05 -0.0377285 -0.0598681 0.505341
15.06 -0.0378495 -0.0598363 0.505336
15.07 -0.0379705 -0.0598044 0.50533
15.08 -0.0380914 -0.0597724 0.505324
15.09 -0.0382122 -0.0597403 0.505319
15.1 -0.0383329 -0.0597082 0.505313
15.11 -0.0384536 -0.0596759 0.505307
15.12 -0.0385742 -0.0596435 0.505301
15.13 -0.0386948 -0.059611 0.505296
15.14 -0.0388153 -0.0595784 0.50529
15.15 -0.0389357 -0.0595457 0.505284
15.16 -0.039056 -0.0595129 0.505278
15.17 -0.0391763 -0.0594801 0.505273
15.18 -0.0392965 -0.0594471 0.505267
15.19 -0.0394167 -0.059414 0.505261
15.2 -0.0395368 -0.0593808 0.505255
15.21 -0.0396568 -0.0593475 0.505249
15.22 -0.0397767 -0.0593141 0.505243
15.23 -0.0398966 -0.0592806 0.505237
15.24 -0.0400164 -0.059247 0.505231
15.25 -0.0401361 -0.0592133 0.505226
15.26 -0.0402558 -0.0591795 0.50522
15.27 -0.0403754 -0.0591456 0.505214
15.28 -0.0404949 -0.0591116 0.505208
15.29 -0.0406144 -0.0590775 0.505202
15.3 -0.0407338 -0.0590433 0.505196
15.31 -0.0408531 -0.059009 0.50519
15.32 -0.0409723 -0.0589746 0.505184
15.33 -0.0410915 -0.0589401 0.505178
15.34 -0.0412106 -0.0589055 0.505172
15.35 -0.0413296 -0.0588708 0.505165
15.36 -0.0414486 -0.058836 0.505159
15.37 -0.0415675 -0.0588011 0.505153
15.38 -0.0416863 -0.0587661 0.505147
15.39 -0.041805 -0.058731 0.505141
15.4 -0.0419237 -0.0586958 0.505135
15.41 -0.0420423 -0.0586606 0.505129
15.42 -0.0421608 -0.0586252 0.505123
15.43 -0.0422793 -0.0585897 0.505116
15.44 -0.0423976 -0.0585541 0.50511
15.45 -0.0425159 -0.0585184 0.505104
15.46 -0.0426342 -0.0584826 0.505098
15.47 -0.0427523 -0.0584467 0.505092
15.48 -0.0428704 -0.0584107 0.505085
15.49 -0.0429884 -0.0583746 0.505079
15.5 -0.0431064 -0.0583384 0.505073
15.51 -0.0432242 -0.0583021 0.505066
15.52 -0.043342 -0.0582658 0.50506
15.53 -0.0434597 -0.0582293 0.505054
15.54 -0.0435773 -0.0581927 0.505048
15.55 -0.0436949 -0.058156 0.505041
15.56 -0.0438124 -0.0581192 0.505035
15.57 -0.0439298 -0.0580824 0.505028
15.58 -0.0440471 -0.0580454 0.505022
15.59 -0.0441644 -0.0580083 0.505016
15.6 -0.0442816 -0.0579711 0.505009
15.61 -0.0443987 -0.0579339 0.505003
15.62 -0.0445157 -0.0578965 0.504996
15.63 -0.0446327 -0.057859 0.50499
15.64 -0.0447495 -0.0578215 0.504984
15.65 -0.0448663 -0.0577838 0.504977
15.66 -0.044983 -0.057746 0.504971
15.67 -0.0450997 -0.0577082 0.504964
15.68 -0.0452162 -0.0576702 0.504958
15.69 -0.0453327 -0.0576322 0.504951
15.7 -0.0454491 -0.057594 0.504945
15.71 -0.0455655 -0.0575558 0.504938
15.72 -0.0456817 -0.0575174 0.504931
15.73 -0.0457979 -0.057479 0.504925
15.74 -0.045914 -0.0574404 0.504918
15.75 -0.04603 -0.0574018 0.504912
15.76 -0.0461459 -0.0573631 0.504905
15.77 -0.0462618 -0.0573242 0.504898
15.78 -0.0463775 -0.0572853 0.504892
15.79 -0.0464932 -0.0572463 0.504885
15.8 -0.0466088 -0.0572072 0.504879
15.81 -0.0467244 -0.0571679 0.504872
15.82 -0.0468398 -0.0571286 0.504865
15.83 -0.0469552 -0.0570892 0.504859
15.84 -0.0470705 -0.0570497 0.504852
15.85 -0.0471857 -0.0570101 0.504845
15.86 -0.0473008 -0.0569704 0.504838
15.87 -0.0474158 -0.0569306 0.504832
15.88 -0.0475308 -0.0568907 0.504825
15.89 -0.0476457 -0.0568507 0.504818
15.9 -0.0477605 -0.0568106 0.504811
15.91 -0.0478752 -0.0567704 0.504805
15.92 -0.0479898 -0.0567301 0.504798
15.93 -0.0481044 -0.0566898 0.504791
15.94 -0.0482188 -0.0566493 0.504784
15.95 -0.0483332 -0.0566087 0.504777
15.96 -0.0484475 -0.0565681 0.504771
15.97 -0.0485617 -0.0565273 0.504764
15.98 -0.0486759 -0.0564865 0.504757
15.99 -0.0487899 -0.0564455 0.50475
16 -0.0489039 -0.0564045 0.504743
16.01 -0.0490178 -0.0563633 0.504736
16.02 -0.0491316 -0.0563221 0.504729
16.03 -0.0492453 -0.0562808 0.504722
16.04 -0.0493589 -0.0562393 0.504715
16.05 -0.0494724 -0.0561978 0.504708
16.06 -0.0495859 -0.0561562 0.504701
16.07 -0.0496993 -0.0561145 0.504695
16.08 -0.0498125 -0.0560727 0.504688
16.09 -0.0499257 -0.0560308 0.504681
16.1 -0.0500388 -0.0559888 0.504674
16.11 -0.0501519 -0.0559467 0.504667
16.12 -0.0502648 -0.0559045 0.50466
16.13 -0.0503777 -0.0558622 0.504653
16.14 -0.0504904 -0.0558199 0.504646
16.15 -0.0506031 -0.0557774 0.504638
16.16 -0.0507157 -0.0557348 0.504631
16.17 -0.0508282 -0.0556922 0.504624
16.18 -0.0509406 -0.0556494 0.504617
16.19 -0.0510529 -0.0556066 0.50461
16.2 -0.0511652 -0.0555637 0.504603
16.21 -0.0512773 -0.0555206 0.504596
16.22 -0.0513894 -0.0554775 0.504589
16.23 -0.0515014 -0.0554343 0.504582
16.24 -0.0516132 -0.055391 0.504575
16.25 -0.051725 -0.0553476 0.504567
16.26 -0.0518367 -0.0553041 0.50456
16.27 -0.0519484 -0.0552605 0.504553
16.28 -0.0520599 -0.0552168 0.504546
16.29 -0.0521713 -0.055173 0.504539
16.3 -0.0522827 -0.0551292 0.504532
16.31 -0.0523939 -0.0550852 0.504524
16.32 -0.0525051 -0.0550411 0.504517
16.33 -0.0526162 -0.054997 0.50451
16.34 -0.0527272 -0.0549527 0.504503
16.35 -0.0528381 -0.0549084 0.504495
16.36 -0.0529489 -0.054864 0.504488
16.37 -0.0530596 -0.0548195 0.504481
16.38 -0.0531702 -0.0547748 0.504474
16.39 -0.0532807 -0.0547301 0.504466
16.4 -0.0533912 -0.0546853 0.504459
16.41 -0.0535015 -0.0546405 0.504452
16.42 -0.0536118 -0.0545955 0.504444
16.43 -0.0537219 -0.0545504 0.504437
16.44 -0.053832 -0.0545052 0.50443
16.45 -0.053942 -0.05446 0.504422
16.46 -0.0540519 -0.0544146 0.504415
16.47 -0.0541616 -0.0543692 0.504408
16.48 -0.0542713 -0.0543237 0.5044
16.49 -0.0543809 -0.054278 0.504393
16.5 -0.0544905 -0.0542323 0.504386
16.51 -0.0545999 -0.0541865 0.504378
16.52 -0.0547092 -0.0541406 0.504371
16.53 -0.0548184 -0.0540946 0.504363
16.54 -0.0549276 -0.0540485 0.504356
16.55 -0.0550366 -0.0540024 0.504349
16.56 -0.0551455 -0.0539561 0.504341
16.57 -0.0552544 -0.0539097 0.504334
16.58 -0.0553631 -0.0538633 0.504326
16.59 -0.0554718 -0.0538168 0.504319
16.6 -0.0555804 -0.0537701 0.504311
16.61 -0.0556888 -0.0537234 0.504304
16.62 -0.0557972 -0.0536766 0.504296
16.63 -0.0559055 -0.0536297 0.504289
16.64 -0.0560137 -0.0535827 0.504281
16.65 -0.0561217 -0.0535357 0.504274
16.66 -0.0562297 -0.0534885 0.504266
16.67 -0.0563376 -0.0534412 0.504259
16.68 -0.0564454 -0.0533939 0.504251
16.69 -0.0565531 -0.0533464 0.504244
16.7 -0.0566607 -0.0532989 0.504236
16.71 -0.0567682 -0.0532513 0.504229
16.72 -0.0568756 -0.0532036 0.504221
16.73 -0.0569829 -0.0531558 0.504214
16.74 -0.0570901 -0.0531079 0.504206
16.75 -0.0571972 -0.0530599 0.504199
16.76 -0.0573042 -0.0530119 0.504191
16.77 -0.0574112 -0.0529637 0.504183
16.78 -0.057518 -0.0529155 0.504176
16.79 -0.0576247 -0.0528671 0.504168
16.8 -0.0577313 -0.0528187 0.504161
16.81 -0.0578378 -0.0527702 0.504153
16.82 -0.0579442 -0.0527216 0.504145
16.83 -0.0580506 -0.0526729 0.504138
16.84 -0.0581568 -0.0526242 0.50413
16.85 -0.0582629 -0.0525753 0.504122
16.86 -0.0583689 -0.0525263 0.504115
16.87 -0.0584748 -0.0524773 0.504107
16.88 -0.0585806 -0.0524282 0.504099
16.89 -0.0586864 -0.0523789 0.504092
16.9 -0.058792 -0.0523296 0.504084
16.91 -0.0588975 -0.0522802 0.504076
16.92 -0.0590029 -0.0522308 0.504069
16.93 -0.0591082 -0.0521812 0.504061
16.94 -0.0592134 -0.0521315 0.504053
16.95 -0.0593185 -0.0520818 0.504045
16.96 -0.0594235 -0.052032 0.504038
16.97 -0.0595284 -0.051982 0.50403
16.98 -0.0596332 -0.051932 0.504022
16.99 -0.0597379 -0.0518819 0.504015
17 -0.0598425 -0.0518318 0.504007
17.01 -0.059947 -0.0517815 0.503999
17.02 -0.0600514 -0.0517311 0.503991
17.03 -0.0601557 -0.0516807 0.503983
17.04 -0.0602599 -0.0516302 0.503976
17.05 -0.060364 -0.0515796 0.503968
17.06 -0.060468 -0.0515288 0.50396
17.07 -0.0605718 -0.0514781 0.503952
17.08 -0.0606756 -0.0514272 0.503945
17.09 -0.0607793 -0.0513762 0.503937
17.1 -0.0608828 -0.0513252 0.503929
17.11 -0.0609863 -0.051274 0.503921
17.12 -0.0610896 -0.0512228 0.503913
17.13 -0.0611929 -0.0511715 0.503906
17.14 -0.061296 -0.0511201 0.503898
17.15 -0.0613991 -0.0510686 0.50389
17.16 -0.061502 -0.0510171 0.503882
17.17 -0.0616048 -0.0509654 0.503874
17.18 -0.0617075 -0.0509137 0.503866
17.19 -0.0618102 -0.0508619 0.503858
17.2 -0.0619127 -0.05081 0.503851
17.21 -0.0620151 -0.050758 0.503843
17.22 -0.0621174 -0.0507059 0.503835
17.23 -0.0622196 -0.0506537 0.503827
17.24 -0.0623216 -0.0506015 0.503819
17.25 -0.0624236 -0.0505492 0.503811
17.26 -0.0625255 -0.0504967 0.503803
17.27 -0.0626272 -0.0504442 0.503795
17.28 -0.0627289 -0.0503917 0.503788
17.29 -0.0628304 -0.050339 0.50378
17.3 -0.0629319 -0.0502862 0.503772
17.31 -0.0630332 -0.0502334 0.503764
17.32 -0.0631344 -0.0501805 0.503756
17.33 -0.0632355 -0.0501275 0.503748
17.34 -0.0633366 -0.0500744 0.50374
17.35 -0.0634375 -0.0500212 0.503732
17.36 -0.0635382 -0.0499679 0.503724
17.37 -0.0636389 -0.0499146 0.503716
17.38 -0.0637395 -0.0498612 0.503708
17.39 -0.06384 -0.0498077 0.5037
17.4 -0.0639403 -0.0497541 0.503692
17.41 -0.0640406 -0.0497004 0.503684
17.42 -0.0641407 -0.0496466 0.503677
17.43 -0.0642407 -0.0495928 0.503669
17.44 -0.0643406 -0.0495389 0.503661
17.45 -0.0644404 -0.0494848 0.503653
17.46 -0.0645401 -0.0494308 0.503645
17.47 -0.0646397 -0.0493766 0.503637
17.48 -0.0647392 -0.0493223 0.503629
17.49 -0.0648385 -0.049268 0.503621
17.5 -0.0649378 -0.0492136 0.503613
17.51 -0.0650369 -0.0491591 0.503605
17.52 -0.0651359 -0.0491045 0.503597
17.53 -0.0652349 -0.0490498 0.503589
17.54 -0.0653337 -0.048995 0.503581
17.55 -0.0654324 -0.0489402 0.503573
17.56 -0.0655309 -0.0488853 0.503565
17.57 -0.0656294 -0.0488303 0.503557
17.58 -0.0657278 -0.0487752 0.503549
17.59 -0.065826 -0.04872 0.503541
17.6 -0.0659241 -0.0486648 0.503533
17.61 -0.0660221 -0.0486095 0.503525
17.62 -0.0661201 -0.0485541 0.503517
17.63 -0.0662178 -0.0484986 0.503509
17.64 -0.0663155 -0.048443 0.503501
17.65 -0.0664131 -0.0483874 0.503493
17.66 -0.0665105 -0.0483316 0.503485
17.67 -0.0666079 -0.0482758 0.503476
17.68 -0.0667051 -0.0482199 0.503468
17.69 -0.0668022 -0.048164 0.50346
17.7 -0.0668992 -0.0481079 0.503452
17.71 -0.0669961 -0.0480518 0.503444
17.72 -0.0670928 -0.0479956 0.503436
17.73 -0.0671895 -0.0479393 0.503428
17.74 -0.067286 -0.0478829 0.50342
17.75 -0.0673825 -0.0478264 0.503412
17.76 -0.0674788 -0.0477699 0.503404
17.77 -0.067575 -0.0477133 0.503396
17.78 -0.067671 -0.0476566 0.503388
17.79 -0.067767 -0.0475998 0.50338
17.8 -0.0678628 -0.047543 0.503372
17.81 -0.0679586 -0.047486 0.503364
17.82 -0.0680542 -0.047429 0.503356
17.83 -0.0681497 -0.0473719 0.503348
17.84 -0.068245 -0.0473147 0.50334
17.85 -0.0683403 -0.0472575 0.503331
17.86 -0.0684354 -0.0472002 0.503323
17.87 -0.0685305 -0.0471428 0.503315
17.88 -0.0686254 -0.0470853 0.503307
17.89 -0.0687202 -0.0470277 0.503299
17.9 -0.0688149 -0.0469701 0.503291
17.91 -0.0689094 -0.0469123 0.503283
17.92 -0.0690039 -0.0468545 0.503275
17.93 -0.0690982 -0.0467967 0.503267
17.94 -0.0691924 -0.0467387 0.503259
17.95 -0.0692865 -0.0466807 0.503251
17.96 -0.0693804 -0.0466225 0.503243
17.97 -0.0694743 -0.0465644 0.503235
17.98 -0.069568 -0.0465061 0.503226
17.99 -0.0696616 -0.0464477 0.503218
18 -0.0697551 -0.0463893 0.50321
18.01 -0.0698485 -0.0463308 0.503202
18.02 -0.0699418 -0.0462722 0.503194
18.03 -0.0700349 -0.0462136 0.503186
18.04 -0.0701279 -0.0461548 0.503178
18.05 -0.0702208 -0.046096 0.50317
18.06 -0.0703136 -0.0460371 0.503162
18.07 -0.0704062 -0.0459782 0.503154
18.08 -0.0704988 -0.0459191 0.503146
18.09 -0.0705912 -0.04586 0.503137
18.1 -0.0706835 -0.0458008 0.503129
18.11 -0.0707757 -0.0457415 0.503121
18.12 -0.0708677 -0.0456822 0.503113
18.13 -0.0709596 -0.0456228 0.503105
18.14 -0.0710515 -0.0455633 0.503097
18.15 -0.0711431 -0.0455037 0.503089
18.16 -0.0712347 -0.045444 0.503081
18.17 -0.0713262 -0.0453843 0.503073
18.18 -0.0714175 -0.0453245 0.503065
18.19 -0.0715087 -0.0452646 0.503056
18.2 -0.0715998 -0.0452047 0.503048
18.21 -0.0716907 -0.0451446 0.50304
18.22 -0.0717816 -0.0450845 0.503032
18.23 -0.0718723 -0.0450244 0.503024
18.24 -0.0719629 -0.0449641 0.503016
18.25 -0.0720534 -0.0449038 0.503008
18.26 -0.0721437 -0.0448434 0.503
18.27 -0.0722339 -0.0447829 0.502992
18.28 -0.072324 -0.0447223 0.502984
18.29 -0.072414 -0.0446617 0.502976
18.3 -0.0725039 -0.044601 0.502968
18.31 -0.0725936 -0.0445402 0.502959
18.32 -0.0726832 -0.0444794 0.502951
18.33 -0.0727727 -0.0444184 0.502943
18.34 -0.072862 -0.0443574 0.502935
18.35 -0.0729513 -0.0442964 0.502927
18.36 -0.0730404 -0.0442352 0.502919
18.37 -0.0731294 -0.044174 0.502911
18.38 -0.0732182 -0.0441127 0.502903
18.39 -0.073307 -0.0440513 0.502895
18.4 -0.0733956 -0.0439899 0.502887
18.41 -0.0734841 -0.0439284 0.502879
18.42 -0.0735724 -0.0438668 0.502871
18.43 -0.0736607 -0.0438051 0.502862
18.44 -0.0737488 -0.0437434 0.502854
18.45 -0.0738368 -0.0436816 0.502846
18.46 -0.0739246 -0.0436197 0.502838
18.47 -0.0740124 -0.0435577 0.50283
18.48 -0.0741 -0.0434957 0.502822
18.49 -0.0741875 -0.0434336 0.502814
18.5 -0.0742748 -0.0433714 0.502806
18.51 -0.074362 -0.0433092 0.502798
18.52 -0.0744492 -0.0432469 0.50279
18.53 -0.0745361 -0.0431845 0.502782
18.54 -0.074623 -0.043122 0.502774
18.55 -0.0747097 -0.0430595 0.502766
18.56 -0.0747963 -0.0429969 0.502758
18.57 -0.0748828 -0.0429342 0.50275
18.58 -0.0749691 -0.0428715 0.502742
18.59 -0.0750553 -0.0428087 0.502734
18.6 -0.0751414 -0.0427458 0.502726
18.61 -0.0752274 -0.0426828 0.502718
18.62 -0.0753132 -0.0426198 0.50271
18.63 -0.0753989 -0.0425567 0.502702
18.64 -0.0754845 -0.0424935 0.502694
18.65 -0.0755699 -0.0424303 0.502686
18.66 -0.0756552 -0.042367 0.502677
18.67 -0.0757404 -0.0423036 0.502669
18.68 -0.0758255 -0.0422401 0.502661
18.69 -0.0759104 -0.0421766 0.502653
18.7 -0.0759952 -0.042113 0.502645
18.71 -0.0760799 -0.0420493 0.502637
18.72 -0.0761644 -0.0419856 0.502629
18.73 -0.0762488 -0.0419218 0.502621
18.74 -0.0763331 -0.0418579 0.502613
18.75 -0.0764173 -0.041794 0.502605
18.76 -0.0765013 -0.04173 0.502598
18.77 -0.0765852 -0.0416659 0.50259
18.78 -0.0766689 -0.0416017 0.502582
18.79 -0.0767526 -0.0415375 0.502574
18.8 -0.0768361 -0.0414732 0.502566
18.81 -0.0769195 -0.0414089 0.502558
18.82 -0.0770027 -0.0413444 0.50255
18.83 -0.0770858 -0.04128 0.502542
18.84 -0.0771688 -0.0412154 0.502534
18.85 -0.0772516 -0.0411508 0.502526
18.86 -0.0773344 -0.0410861 0.502518
18.87 -0.0774169 -0.0410213 0.50251
18.88 -0.0774994 -0.0409564 0.502502
18.89 -0.0775817 -0.0408915 0.502494
18.9 -0.0776639 -0.0408266 0.502486
18.91 -0.077746 -0.0407615 0.502478
18.92 -0.0778279 -0.0406964 0.50247
18.93 -0.0779097 -0.0406312 0.502462
18.94 -0.0779914 -0.040566 0.502454
18.95 -0.0780729 -0.0405007 0.502447
18.96 -0.0781543 -0.0404353 0.502439
18.97 -0.0782355 -0.0403699 0.502431
18.98 -0.0783167 -0.0403043 0.502423
18.99 -0.0783977 -0.0402388 0.502415
19 -0.0784785 -0.0401731 0.502407
19.01 -0.0785593 -0.0401074 0.502399
19.02 -0.0786399 -0.0400416 0.502391
19.03 -0.0787203 -0.0399758 0.502383
19.04 -0.0788007 -0.0399099 0.502376
19.05 -0.0788809 -0.0398439 0.502368
19.06 -0.0789609 -0.0397778 0.50236
19.07 -0.0790409 -0.0397117 0.502352
19.08 -0.0791207 -0.0396455 0.502344
19.09 -0.0792003 -0.0395793 0.502336
19.1 -0.0792799 -0.039513 0.502328
19.11 -0.0793593 -0.0394466 0.502321
19.12 -0.0794385 -0.0393802 0.502313
19.13 -0.0795176 -0.0393137 0.502305
19.14 -0.0795966 -0.0392471 0.502297
19.15 -0.0796755 -0.0391805 0.502289
19.16 -0.0797542 -0.0391138 0.502282
19.17 -0.0798328 -0.039047 0.502274
19.18 -0.0799112 -0.0389802 0.502266
19.19 -0.0799895 -0.0389133 0.502258
19.2 -0.0800677 -0.0388463 0.50225
19.21 -0.0801458 -0.0387793 0.502243
19.22 -0.0802237 -0.0387122 0.502235
19.23 -0.0803014 -0.0386451 0.502227
19.24 -0.0803791 -0.0385778 0.502219
19.25 -0.0804566 -0.0385106 0.502212
19.26 -0.0805339 -0.0384432 0.502204
19.27 -0.0806112 -0.0383758 0.502196
19.28 -0.0806883 -0.0383083 0.502188
19.29 -0.0807652 -0.0382408 0.502181
19.3 -0.080842 -0.0381732 0.502173
19.31 -0.0809187 -0.0381055 0.502165
19.32 -0.0809952 -0.0380378 0.502157
19.33 -0.0810716 -0.03797 0.50215
19.34 -0.0811479 -0.0379022 0.502142
19.35 -0.081224 -0.0378343 0.502134
19.36 -0.0813 -0.0377663 0.502127
19.37 -0.0813759 -0.0376983 0.502119
19.38 -0.0814516 -0.0376302 0.502111
19.39 -0.0815272 -0.037562 0.502104
19.4 -0.0816026 -0.0374938 0.502096
19.41 -0.0816779 -0.0374255 0.502088
19.42 -0.0817531 -0.0373571 0.502081
19.43 -0.0818281 -0.0372887 0.502073
19.44 -0.081903 -0.0372202 0.502065
19.45 -0.0819777 -0.0371517 0.502058
19.46 -0.0820524 -0.0370831 0.50205
19.47 -0.0821268 -0.0370145 0.502043
19.48 -0.0822012 -0.0369457 0.502035
19.49 -0.0822753 -0.036877 0.502027
19.5 -0.0823494 -0.0368081 0.50202
19.51 -0.0824233 -0.0367392 0.502012
19.52 -0.0824971 -0.0366703 0.502005
19.53 -0.0825707 -0.0366012 0.501997
19.54 -0.0826442 -0.0365322 0.50199
19.55 -0.0827176 -0.036463 0.501982
19.56 -0.0827908 -0.0363938 0.501975
19.57 -0.0828639 -0.0363245 0.501967
19.58 -0.0829368 -0.0362552 0.501959
19.59 -0.0830096 -0.0361858 0.501952
19.6 -0.0830822 -0.0361164 0.501944
19.61 -0.0831548 -0.0360469 0.501937
19.62 -0.0832271 -0.0359773 0.501929
19.63 -0.0832994 -0.0359077 0.501922
19.64 -0.0833715 -0.035838 0.501914
19.65 -0.0834434 -0.0357683 0.501907
19.66 -0.0835152 -0.0356985 0.5019
19.67 -0.0835869 -0.0356286 0.501892
19.68 -0.0836584 -0.0355587 0.501885
19.69 -0.0837298 -0.0354887 0.501877
19.7 -0.083801 -0.0354187 0.50187
19.71 -0.0838721 -0.0353486 0.501862
19.72 -0.0839431 -0.0352784 0.501855
19.73 -0.0840139 -0.0352082 0.501848
19.74 -0.0840846 -0.0351379 0.50184
19.75 -0.0841551 -0.0350676 0.501833
19.76 -0.0842255 -0.0349972 0.501825
19.77 -0.0842958 -0.0349268 0.501818
19.78 -0.0843659 -0.0348563 0.501811
19.79 -0.0844358 -0.0347857 0.501803
19.8 -0.0845057 -0.0347151 0.501796
19.81 -0.0845754 -0.0346444 0.501789
19.82 -0.0846449 -0.0345737 0.501781
19.83 -0.0847143 -0.0345029 0.501774
19.84 -0.0847835 -0.0344321 0.501767
19.85 -0.0848526 -0.0343612 0.501759
19.86 -0.0849216 -0.0342902 0.501752
19.87 -0.0849904 -0.0342192 0.501745
19.88 -0.0850591 -0.0341481 0.501738
19.89 -0.0851276 -0.034077 0.50173
19.9 -0.085196 -0.0340058 0.501723
19.91 -0.0852643 -0.0339346 0.501716
19.92 -0.0853324 -0.0338633 0.501709
19.93 -0.0854003 -0.0337919 0.501701
19.94 -0.0854681 -0.0337205 0.501694
19.95 -0.0855358 -0.033649 0.501687
19.96 -0.0856033 -0.0335775 0.50168
19.97 -0.0856707 -0.0335059 0.501673
19.98 -0.085738 -0.0334343 0.501665
19.99 -0.085805 -0.0333626 0.501658
20 -0.085872 -0.0332909 0.501651
20.01 -0.0859388 -0.0332191 0.501644
20.02 -0.0860055 -0.0331472 0.501637
20.03 -0.086072 -0.0330753 0.50163
20.04 -0.0861383 -0.0330034 0.501622
20.05 -0.0862045 -0.0329313 0.501615
20.06 -0.0862706 -0.0328593 0.501608
20.07 -0.0863366 -0.0327872 0.501601
20.08 -0.0864023 -0.032715 0.501594
20.09 -0.086468 -0.0326427 0.501587
20.1 -0.0865335 -0.0325705 0.50158
20.11 -0.0865988 -0.0324981 0.501573
20.12 -0.086664 -0.0324257 0.501566
20.13 -0.0867291 -0.0323533 0.501559
20.14 -0.086794 -0.0322808 0.501552
20.15 -0.0868587 -0.0322082 0.501545
20.16 -0.0869234 -0.0321356 0.501538
20.17 -0.0869878 -0.032063 0.501531
20.18 -0.0870521 -0.0319903 0.501524
20.19 -0.0871163 -0.0319175 0.501517
20.2 -0.0871804 -0.0318447 0.50151
20.21 -0.0872442 -0.0317718 0.501503
20.22 -0.087308 -0.0316989 0.501496
20.23 -0.0873716 -0.0316259 0.501489
20.24 -0.087435 -0.0315529 0.501482
20.25 -0.0874983 -0.0314798 0.501475
20.26 -0.0875614 -0.0314067 0.501469
20.27 -0.0876244 -0.0313335 0.501462
20.28 -0.0876873 -0.0312603 0.501455
20.29 -0.08775 -0.031187 0.501448
20.3 -0.0878125 -0.0311136 0.501441
20.31 -0.0878749 -0.0310402 0.501434
20.32 -0.0879372 -0.0309668 0.501427
20.33 -0.0879993 -0.0308933 0.501421
20.34 -0.0880613 -0.0308198 0.501414
20.35 -0.0881231 -0.0307462 0.501407
20.36 -0.0881848 -0.0306725 0.5014
20.37 -0.0882463 -0.0305988 0.501394
20.38 -0.0883076 -0.0305251 0.501387
20.39 -0.0883689 -0.0304513 0.50138
20.4 -0.0884299 -0.0303775 0.501373
20.41 -0.0884909 -0.0303036 0.501367
20.42 -0.0885516 -0.0302296 0.50136
20.43 -0.0886123 -0.0301556 0.501353
20.44 -0.0886727 -0.0300816 0.501347
20.45 -0.0887331 -0.0300075 0.50134
20.46 -0.0887932 -0.0299334 0.501333
20.47 -0.0888533 -0.0298592 0.501327
20.48 -0.0889131 -0.0297849 0.50132
20.49 -0.0889729 -0.0297106 0.501313
20.5 -0.0890324 -0.0296363 0.501307
20.51 -0.0890919 -0.0295619 0.5013
20.52 -0.0891511 -0.0294875 0.501293
20.53 -0.0892103 -0.029413 0.501287
20.54 -0.0892692 -0.0293385 0.50128
20.55 -0.0893281 -0.0292639 0.501274
20.56 -0.0893867 -0.0291892 0.501267
20.57 -0.0894453 -0.0291146 0.501261
20.58 -0.0895037 -0.0290398 0.501254
20.59 -0.0895619 -0.0289651 0.501248
20.6 -0.08962 -0.0288902 0.501241
20.61 -0.0896779 -0.0288154 0.501235
20.62 -0.0897356 -0.0287405 0.501228
20.63 -0.0897933 -0.0286655 0.501222
20.64 -0.0898507 -0.0285905 0.501215
20.65 -0.0899081 -0.0285154 0.501209
20.66 -0.0899652 -0.0284403 0.501203
20.67 -0.0900222 -0.0283652 0.501196
20.68 -0.0900791 -0.02829 0.50119
20.69 -0.0901358 -0.0282147 0.501183
20.7 -0.0901924 -0.0281394 0.501177
20.71 -0.0902488 -0.0280641 0.501171
20.72 -0.0903051 -0.0279887 0.501164
20.73 -0.0903612 -0.0279133 0.501158
20.74 -0.0904171 -0.0278378 0.501152
20.75 -0.0904729 -0.0277623 0.501146
20.76 -0.0905286 -0.0276867 0.501139
20.77 -0.0905841 -0.0276111 0.501133
20.78 -0.0906394 -0.0275355 0.501127
20.79 -0.0906946 -0.0274597 0.50112
20.8 -0.0907497 -0.027384 0.501114
20.81 -0.0908046 -0.0273082 0.501108
20.82 -0.0908593 -0.0272324 0.501102
20.83 -0.0909139 -0.0271565 0.501096
20.84 -0.0909683 -0.0270806 0.501089
20.85 -0.0910226 -0.0270046 0.501083
20.86 -0.0910767 -0.0269286 0.501077
20.87 -0.0911307 -0.0268525 0.501071
20.88 -0.0911845 -0.0267764 0.501065
20.89 -0.0912382 -0.0267003 0.501059
20.9 -0.0912917 -0.0266241 0.501053
20.91 -0.091345 -0.0265478 0.501047
20.92 -0.0913983 -0.0264715 0.501041
20.93 -0.0914513 -0.0263952 0.501035
20.94 -0.0915042 -0.0263189 0.501029
20.95 -0.091557 -0.0262424 0.501022
20.96 -0.0916095 -0.026166 0.501016
20.97 -0.091662 -0.0260895 0.50101
20.98 -0.0917143 -0.026013 0.501005
20.99 -0.0917664 -0.0259364 0.500999
21 -0.0918184 -0.0258597 0.500993
21.01 -0.0918702 -0.0257831 0.500987
21.02 -0.0919219 -0.0257064 0.500981
21.03 -0.0919734 -0.0256296 0.500975
21.04 -0.0920247 -0.0255528 0.500969
21.05 -0.0920759 -0.025476 0.500963
21.06 -0.092127 -0.0253991 0.500957
21.07 -0.0921779 -0.0253222 0.500951
21.08 -0.0922286 -0.0252452 0.500946
21.09 -0.0922792 -0.0251682 0.50094
21.1 -0.0923296 -0.0250912 0.500934
21.11 -0.0923799 -0.0250141 0.500928
21.12 -0.09243 -0.024937 0.500922
21.13 -0.09248 -0.0248598 0.500917
21.14 -0.0925298 -0.0247826 0.500911
21.15 -0.0925795 -0.0247054 0.500905
21.16 -0.092629 -0.0246281 0.500899
21.17 -0.0926783 -0.0245507 0.500894
21.18 -0.0927275 -0.0244734 0.500888
21.19 -0.0927765 -0.024396 0.500882
21.2 -0.0928254 -0.0243185 0.500877
21.21 -0.0928741 -0.024241 0.500871
21.22 -0.0929227 -0.0241635 0.500865
21.23 -0.0929711 -0.0240859 0.50086
21.24 -0.0930194 -0.0240083 0.500854
21.25 -0.0930675 -0.0239307 0.500849
21.26 -0.0931154 -0.023853 0.500843
21.27 -0.0931632 -0.0237752 0.500837
21.28 -0.0932108 -0.0236975 0.500832
21.29 -0.0932583 -0.0236197 0.500826
21.3 -0.0933056 -0.0235418 0.500821
21.31 -0.0933528 -0.0234639 0.500815
21.32 -0.0933998 -0.023386 0.50081
21.33 -0.0934466 -0.0233081 0.500804
21.34 -0.0934933 -0.0232301 0.500799
21.35 -0.0935399 -0.023152 0.500794
21.36 -0.0935862 -0.023074 0.500788
21.37 -0.0936325 -0.0229958 0.500783
21.38 -0.0936785 -0.0229177 0.500777
21.39 -0.0937244 -0.0228395 0.500772
21.4 -0.0937702 -0.0227613 0.500767
21.41 -0.0938158 -0.022683 0.500761
21.42 -0.0938612 -0.0226047 0.500756
21.43 -0.0939065 -0.0225264 0.500751
21.44 -0.0939516 -0.022448 0.500745
21.45 -0.0939966 -0.0223696 0.50074
21.46 -0.0940414 -0.0222912 0.500735
21.47 -0.094086 -0.0222127 0.50073
21.48 -0.0941305 -0.0221342 0.500724
21.49 -0.0941748 -0.0220556 0.500719
21.5 -0.094219 -0.021977 0.500714
21.51 -0.094263 -0.0218984 0.500709
21.52 -0.0943069 -0.0218197 0.500704
21.53 -0.0943506 -0.021741 0.500699
21.54 -0.0943941 -0.0216623 0.500693
21.55 -0.0944375 -0.0215835 0.500688
21.56 -0.0944808 -0.0215047 0.500683
21.57 -0.0945238 -0.0214259 0.500678
21.58 -0.0945667 -0.021347 0.500673
21.59 -0.0946095 -0.0212681 0.500668
21.6 -0.0946521 -0.0211891 0.500663
21.61 -0.0946945 -0.0211101 0.500658
21.62 -0.0947368 -0.0210311 0.500653
21.63 -0.0947789 -0.0209521 0.500648
21.64 -0.0948209 -0.020873 0.500643
21.65 -0.0948627 -0.0207939 0.500638
21.66 -0.0949043 -0.0207147 0.500633
21.67 -0.0949458 -0.0206355 0.500628
21.68 -0.0949871 -0.0205563 0.500623
21.69 -0.0950283 -0.0204771 0.500618
21.7 -0.0950693 -0.0203978 0.500614
21.71 -0.0951101 -0.0203185 0.500609
21.72 -0.0951508 -0.0202391 0.500604
21.73 -0.0951913 -0.0201597 0.500599
21.74 -0.0952317 -0.0200803 0.500594
21.75 -0.0952719 -0.0200008 0.50059
21.76 -0.095312 -0.0199213 0.500585
21.77 -0.0953518 -0.0198418 0.50058
21.78 -0.0953916 -0.0197623 0.500575
21.79 -0.0954311 -0.0196827 0.500571
21.8 -0.0954706 -0.0196031 0.500566
21.81 -0.0955098 -0.0195234 0.500561
21.82 -0.0955489 -0.0194437 0.500557
21.83 -0.0955878 -0.019364 0.500552
21.84 -0.0956266 -0.0192843 0.500547
21.85 -0.0956652 -0.0192045 0.500543
21.86 -0.0957037 -0.0191247 0.500538
21.87 -0.095742 -0.0190449 0.500533
21.88 -0.0957801 -0.018965 0.500529
21.89 -0.0958181 -0.0188851 0.500524
21.9 -0.0958559 -0.0188052 0.50052
21.91 -0.0958935 -0.0187252 0.500515
21.92 -0.095931 -0.0186452 0.500511
21.93 -0.0959683 -0.0185652 0.500506
21.94 -0.0960055 -0.0184851 0.500502
21.95 -0.0960425 -0.018405 0.500497
21.96 -0.0960794 -0.0183249 0.500493
21.97 -0.096116 -0.0182448 0.500489
21.98 -0.0961526 -0.0181646 0.500484
21.99 -0.0961889 -0.0180844 0.50048
22 -0.0962251 -0.0180042 0.500476
22.01 -0.0962612 -0.0179239 0.500471
22.02 -0.0962971 -0.0178436 0.500467
22.03 -0.0963328 -0.0177633 0.500463
22.04 -0.0963683 -0.0176829 0.500458
22.05 -0.0964037 -0.0176026 0.500454
22.06 -0.096439 -0.0175221 0.50045
22.07 -0.096474 -0.0174417 0.500446
22.08 -0.096509 -0.0173612 0.500441
22.09 -0.0965437 -0.0172807 0.500437
22.1 -0.0965783 -0.0172002 0.500433
22.11 -0.0966127 -0.0171197 0.500429
22.12 -0.096647 -0.0170391 0.500425
22.13 -0.0966811 -0.0169585 0.500421
22.14 -0.0967151 -0.0168778 0.500417
22.15 -0.0967488 -0.0167972 0.500412
22.16 -0.0967825 -0.0167165 0.500408
22.17 -0.0968159 -0.0166358 0.500404
22.18 -0.0968492 -0.016555 0.5004
22.19 -0.0968824 -0.0164743 0.500396
22.2 -0.0969153 -0.0163935 0.500392
22.21 -0.0969481 -0.0163126 0.500388
22.22 -0.0969808 -0.0162318 0.500384
22.23 -0.0970133 -0.0161509 0.50038
22.24 -0.0970456 -0.01607 0.500377
22.25 -0.0970778 -0.0159891 0.500373
22.26 -0.0971098 -0.0159081 0.500369
22.27 -0.0971416 -0.0158271 0.500365
22.28 -0.0971733 -0.0157461 0.500361
22.29 -0.0972048 -0.0156651 0.500357
22.3 -0.0972362 -0.015584 0.500353
22.31 -0.0972674 -0.0155029 0.50035
22.32 -0.0972984 -0.0154218 0.500346
22.33 -0.0973292 -0.0153407 0.500342
22.34 -0.0973599 -0.0152595 0.500338
22.35 -0.0973905 -0.0151783 0.500335
22.36 -0.0974209 -0.0150971 0.500331
22.37 -0.0974511 -0.0150159 0.500327
22.38 -0.0974811 -0.0149346 0.500324
22.39 -0.097511 -0.0148533 0.50032
22.4 -0.0975407 -0.014772 0.500316
22.41 -0.0975703 -0.0146907 0.500313
22.42 -0.0975997 -0.0146093 0.500309
22.43 -0.0976289 -0.0145279 0.500306
22.44 -0.097658 -0.0144465 0.500302
22.45 -0.0976869 -0.0143651 0.500299
22.46 -0.0977157 -0.0142836 0.500295
22.47 -0.0977443 -0.0142022 0.500292
22.48 -0.0977727 -0.0141207 0.500288
22.49 -0.0978009 -0.0140391 0.500285
22.5 -0.097829 -0.0139576 0.500281
22.51 -0.097857 -0.013876 0.500278
22.52 -0.0978847 -0.0137944 0.500274
22.53 -0.0979123 -0.0137128 0.500271
22.54 -0.0979398 -0.0136312 0.500268
22.55 -0.0979671 -0.0135495 0.500264
22.56 -0.0979942 -0.0134678 0.500261
22.57 -0.0980211 -0.0133861 0.500258
22.58 -0.0980479 -0.0133044 0.500254
22.59 -0.0980745 -0.0132227 0.500251
22.6 -0.098101 -0.0131409 0.500248
22.61 -0.0981273 -0.0130591 0.500245
22.62 -0.0981534 -0.0129773 0.500242
22.63 -0.0981794 -0.0128954 0.500238
22.64 -0.0982052 -0.0128136 0.500235
22.65 -0.0982308 -0.0127317 0.500232
22.66 -0.0982563 -0.0126498 0.500229
22.67 -0.0982816 -0.0125679 0.500226
22.68 -0.0983067 -0.012486 0.500223
22.69 -0.0983317 -0.012404 0.50022
22.7 -0.0983566 -0.012322 0.500217
22.71 -0.0983812 -0.01224 0.500214
22.72 -0.0984057 -0.012158 0.500211
22.73 -0.09843 -0.012076 0.500208
22.74 -0.0984542 -0.0119939 0.500205
22.75 -0.0984782 -0.0119118 0.500202
22.76 -0.098502 -0.0118297 0.500199
22.77 -0.0985257 -0.0117476 0.500196
22.78 -0.0985492 -0.0116655 0.500193
22.79 -0.0985725 -0.0115833 0.50019
22.8 -0.0985957 -0.0115011 0.500187
22.81 -0.0986187 -0.0114189 0.500184
22.82 -0.0986416 -0.0113367 0.500182
22.83 -0.0986642 -0.0112545 0.500179
22.84 -0.0986868 -0.0111723 0.500176
22.85 -0.0987091 -0.01109 0.500173
22.86 -0.0987313 -0.0110077 0.50017
22.87 -0.0987533 -0.0109254 0.500168
22.88 -0.0987752 -0.0108431 0.500165
22.89 -0.0987969 -0.0107607 0.500162
22.9 -0.0988184 -0.0106784 0.50016
22.91 -0.0988398 -0.010596 0.500157
22.92 -0.098861 -0.0105136 0.500154
22.93 -0.098882 -0.0104312 0.500152
22.94 -0.0989029 -0.0103488 0.500149
22.95 -0.0989236 -0.0102663 0.500147
22.96 -0.0989441 -0.0101839 0.500144
22.97 -0.0989645 -0.0101014 0.500142
22.98 -0.0989847 -0.0100189 0.500139
22.99 -0.0990047 -0.00993639 0.500137
23 -0.0990246 -0.00985386 0.500134
23.01 -0.0990443 -0.00977132 0.500132
23.02 -0.0990639 -0.00968876 0.500129
23.03 -0.0990833 -0.00960619 0.500127
23.04 -0.0991025 -0.0095236 0.500125
23.05 -0.0991215 -0.00944099 0.500122
23.06 -0.0991404 -0.00935837 0.50012
23.07 -0.0991591 -0.00927573 0.500118
23.08 -0.0991777 -0.00919308 0.500115
23.09 -0.0991961 -0.00911041 0.500113
23.1 -0.0992143 -0.00902773 0.500111
23.11 -0.0992324 -0.00894503 0.500108
23.12 -0.0992503 -0.00886232 0.500106
23.13 -0.099268 -0.0087796 0.500104
23.14 -0.0992856 -0.00869686 0.500102
23.15 -0.0993029 -0.0086141 0.5001
23.16 -0.0993202 -0.00853133 0.500098
23.17 -0.0993372 -0.00844855 0.500095
23.18 -0.0993541 -0.00836575 0.500093
23.19 -0.0993709 -0.00828294 0.500091
23.2 -0.0993874 -0.00820012 0.500089
23.21 -0.0994039 -0.00811728 0.500087
23.22 -0.0994201 -0.00803443 0.500085
23.23 -0.0994362 -0.00795156 0.500083
23.24 -0.0994521 -0.00786869 0.500081
23.25 -0.0994678 -0.0077858 0.500079
23.26 -0.0994834 -0.00770289 0.500077
23.27 -0.0994988 -0.00761998 0.500075
23.28 -0.099514 -0.00753705 0.500073
23.29 -0.0995291 -0.00745411 0.500072
23.3 -0.099544 -0.00737116 0.50007
23.31 -0.0995588 -0.00728819 0.500068
23.32 -0.0995733 -0.00720521 0.500066
23.33 -0.0995878 -0.00712223 0.500064
23.34 -0.099602 -0.00703923 0.500063
23.35 -0.0996161 -0.00695621 0.500061
23.36 -0.09963 -0.00687319 0.500059
23.37 -0.0996437 -0.00679015 0.500057
23.38 -0.0996573 -0.00670711 0.500056
23.39 -0.0996707 -0.00662405 0.500054
23.4 -0.099684 -0.00654098 0.500052
23.41 -0.0996971 -0.00645791 0.500051
23.42 -0.09971 -0.00637482 0.500049
23.43 -0.0997227 -0.00629172 0.500048
23.44 -0.0997353 -0.00620861 0.500046
23.45 -0.0997477 -0.00612549 0.500044
23.46 -0.09976 -0.00604236 0.500043
23.47 -0.0997721 -0.00595921 0.500041
23.48 -0.099784 -0.00587606 0.50004
23.49 -0.0997958 -0.0057929 0.500038
23.5 -0.0998073 -0.00570973 0.500037
23.51 -0.0998188 -0.00562656 0.500036
23.52 -0.09983 -0.00554337 0.500034
23.53 -0.0998411 -0.00546017 0.500033
23.54 -0.099852 -0.00537696 0.500031
23.55 -0.0998628 -0.00529375 0.50003
23.56 -0.0998734 -0.00521052 0.500029
23.57 -0.0998838 -0.00512729 0.500027
23.58 -0.099894 -0.00504405 0.500026
23.59 -0.0999041 -0.0049608 0.500025
23.6 -0.0999141 -0.00487754 0.500024
23.61 -0.0999238 -0.00479428 0.500022
23.62 -0.0999334 -0.00471101 0.500021
23.63 -0.0999428 -0.00462772 0.50002
23.64 -0.0999521 -0.00454443 0.500019
23.65 -0.0999612 -0.00446114 0.500018
23.66 -0.0999701 -0.00437783 0.500017
23.67 -0.0999788 -0.00429452 0.500016
23.68 -0.0999874 -0.0042112 0.500014
23.69 -0.0999959 -0.00412788 0.500013
23.7 -0.100004 -0.00404455 0.500012
23.71 -0.100012 -0.00396121 0.500011
23.72 -0.10002 -0.00387786 0.50001
23.73 -0.100028 -0.00379451 0.500009
23.74 -0.100035 -0.00371115 0.500008
23.75 -0.100043 -0.00362779 0.500008
23.76 -0.10005 -0.00354442 0.500007
23.77 -0.100057 -0.00346104 0.500006
23.78 -0.100064 -0.00337766 0.500005
23.79 -0.100071 -0.00329427 0.500004
23.8 -0.100078 -0.00321088 0.500003
23.81 -0.100084 -0.00312748 0.500002
23.82 -0.10009 -0.00304408 0.500002
23.83 -0.100096 -0.00296067 0.500001
23.84 -0.100102 -0.00287725 0.5
23.85 -0.100108 -0.00279384 0.499999
23.86 -0.100114 -0.00271041 0.499999
23.87 -0.100119 -0.00262699 0.499998
23.88 -0.100124 -0.00254355 0.499997
23.89 -0.100129 -0.00246012 0.499997
23.9 -0.100134 -0.00237668 0.499996
23.91 -0.100139 -0.00229323 0.499996
23.92 -0.100144 -0.00220978 0.499995
23.93 -0.100148 -0.00212633 0.499994
23.94 -0.100152 -0.00204288 0.499994
23.95 -0.100156 -0.00195942 0.499993
23.96 -0.10016 -0.00187595 0.499993
23.97 -0.100164 -0.00179249 0.499992
23.98 -0.100168 -0.00170902 0.499992
23.99 -0.100171 -0.00162555 0.499992
24 -0.100174 -0.00154207 0.499991
24.01 -0.100177 -0.0014586 0.499991
24.02 -0.10018 -0.00137512 0.49999
24.03 -0.100183 -0.00129164 0.49999
24.04 -0.100186 -0.00120815 0.49999
24.05 -0.100188 -0.00112466 0.499989
24.06 -0.10019 -0.00104118 0.499989
24.07 -0.100192 -0.000957687 0.499989
24.08 -0.100194 -0.000874195 0.499989
24.09 -0.100196 -0.000790702 0.499988
24.1 -0.100198 -0.000707207 0.499988
24.11 -0.100199 -0.000623711 0.499988
24.12 -0.1002 -0.000540214 0.499988
24.13 -0.100201 -0.000456716 0.499988
24.14 -0.100202 -0.000373217 0.499988
24.15 -0.100203 -0.000289717 0.499988
24.16 -0.100204 -0.000206216 0.499987
24.17 -0.100204 -0.000122716 0.499987
24.18 -0.100204 -3.92143e-05 0.499987
24.19 -0.100204 4.42871e-05 0.499987
24.2 -0.100204 0.000127789 0.499987
24.21 -0.100204 0.00021129 0.499987
24.22 -0.100204 0.000294791 0.499987
24.23 -0.100203 0.000378292 0.499988
24.24 -0.100202 0.000461792 0.499988
24.25 -0.100201 0.000545292 0.499988
24.26 -0.1002 0.000628791 0.499988
24.27 -0.100199 0.000712289 0.499988
24.28 -0.100197 0.000795786 0.499988
24.29 -0.100196 0.000879282 0.499988
24.3 -0.100194 0.000962777 0.499989
24.31 -0.100192 0.00104627 0.499989
24.32 -0.10019 0.00112976 0.499989
24.33 -0.100188 0.00121325 0.499989
24.34 -0.100185 0.00129674 0.49999
24.35 -0.100183 0.00138023 0.49999
24.36 -0.10018 0.00146371 0.49999
24.37 -0.100177 0.00154719 0.499991
24.38 -0.100174 0.00163067 0.499991
24.39 -0.100171 0.00171415 0.499992
24.4 -0.100167 0.00179762 0.499992
24.41 -0.100164 0.00188109 0.499992
24.42 -0.10016 0.00196456 0.499993
24.43 -0.100156 0.00204803 0.499993
24.44 -0.100152 0.00213149 0.499994
24.45 -0.100148 0.00221495 0.499994
24.46 -0.100143 0.0022984 0.499995
24.47 -0.100139 0.00238186 0.499996
24.48 -0.100134 0.0024653 0.499996
24.49 -0.100129 0.00254875 0.499997
24.5 -0.100124 0.00263219 0.499997
24.51 -0.100119 0.00271562 0.499998
24.52 -0.100113 0.00279906 0.499999
24.53 -0.100108 0.00288248 0.499999
24.54 -0.100102 0.00296591 0.5
24.55 -0.100096 0.00304933 0.500001
24.56 -0.10009 0.00313274 0.500002
24.57 -0.100084 0.00321615 0.500002
24.58 -0.100077 0.00329955 0.500003
24.59 -0.100071 0.00338295 0.500004
24.6 -0.100064 0.00346634 0.500005
24.61 -0.100057 0.00354973 0.500006
24.62 -0.10005 0.00363311 0.500007
24.63 -0.100042 0.00371649 0.500008
24.64 -0.100035 0.00379986 0.500009
24.65 -0.100027 0.00388322 0.500009
24.66 -0.10002 0.00396658 0.50001
24.67 -0.100012 0.00404993 0.500011
24.68 -0.100004 0.00413327 0.500012
24.69 -0.0999953 0.00421661 0.500013
24.7 -0.0999869 0.00429994 0.500015
24.71 -0.0999783 0.00438327 0.500016
24.72 -0.0999695 0.00446659 0.500017
24.73 -0.0999606 0.0045499 0.500018
24.74 -0.0999515 0.0046332 0.500019
24.75 -0.0999422 0.0047165 0.50002
24.76 -0.0999328 0.00479979 0.500021
24.77 -0.0999232 0.00488307 0.500022
24.78 -0.0999134 0.00496634 0.500024
24.79 -0.0999035 0.00504961 0.500025
24.8 -0.0998934 0.00513286 0.500026
24.81 -0.0998831 0.00521611 0.500027
24.82 -0.0998727 0.00529935 0.500029
24.83 -0.0998621 0.00538258 0.50003
24.84 -0.0998513 0.00546581 0.500031
24.85 -0.0998404 0.00554902 0.500033
24.86 -0.0998293 0.00563223 0.500034
24.87 -0.099818 0.00571542 0.500036
24.88 -0.0998066 0.00579861 0.500037
24.89 -0.099795 0.00588179 0.500038
24.9 -0.0997832 0.00596496 0.50004
24.91 -0.0997713 0.00604812 0.500041
24.92 -0.0997592 0.00613127 0.500043
24.93 -0.099747 0.00621441 0.500044
24.94 -0.0997345 0.00629754 0.500046
24.95 -0.0997219 0.00638066 0.500048
24.96 -0.0997092 0.00646377 0.500049
24.97 -0.0996962 0.00654687 0.500051
24.98 -0.0996831 0.00662995 0.500052
24.99 -0.0996699 0.00671303 0.500054
25 -0.0996565 0.0067961 0.500056
25.01 -0.0996429 0.00687916 0.500057
25.02 -0.0996291 0.0069622 0.500059
25.03 -0.0996152 0.00704524 0.500061
25.04 -0.0996011 0.00712826 0.500063
25.05 -0.0995868 0.00721127 0.500064
25.06 -0.0995724 0.00729427 0.500066
25.07 -0.0995578 0.00737726 0.500068
25.08 -0.0995431 0.00746023 0.50007
25.09 -0.0995281 0.0075432 0.500072
25.1 -0.099513 0.00762615 0.500074
25.11 -0.0994978 0.00770909 0.500076
25.12 -0.0994824 0.00779202 0.500077
25.13 -0.0994668 0.00787493 0.500079
25.14 -0.099451 0.00795783 0.500081
25.15 -0.0994351 0.00804072 0.500083
25.16 -0.099419 0.0081236 0.500085
25.17 -0.0994028 0.00820646 0.500087
25.18 -0.0993864 0.00828931 0.500089
25.19 -0.0993698 0.00837215 0.500091
25.2 -0.099353 0.00845497 0.500094
25.21 -0.0993361 0.00853778 0.500096
25.22 -0.099319 0.00862058 0.500098
25.23 -0.0993018 0.00870336 0.5001
25.24 -0.0992844 0.00878613 0.500102
25.25 -0.0992668 0.00886888 0.500104
25.26 -0.0992491 0.00895162 0.500106
25.27 -0.0992312 0.00903435 0.500109
25.28 -0.0992131 0.00911706 0.500111
25.29 -0.0991949 0.00919975 0.500113
25.3 -0.0991764 0.00928244 0.500115
25.31 -0.0991579 0.0093651 0.500118
25.32 -0.0991391 0.00944775 0.50012
25.33 -0.0991202 0.00953039 0.500122
25.34 -0.0991012 0.00961301 0.500125
25.35 -0.0990819 0.00969561 0.500127
25.36 -0.0990626 0.0097782 0.50013
25.37 -0.099043 0.00986078 0.500132
25.38 -0.0990233 0.00994333 0.500134
25.39 -0.0990034 0.0100259 0.500137
25.4 -0.0989833 0.0101084 0.500139
25.41 -0.0989631 0.0101909 0.500142
25.42 -0.0989427 0.0102734 0.500144
25.43 -0.0989222 0.0103559 0.500147
25.44 -0.0989014 0.0104383 0.500149
25.45 -0.0988805 0.0105208 0.500152
25.46 -0.0988595 0.0106032 0.500155
25.47 -0.0988383 0.0106856 0.500157
25.48 -0.0988169 0.010768 0.50016
25.49 -0.0987954 0.0108504 0.500163
25.5 -0.0987737 0.0109327 0.500165
25.51 -0.0987518 0.0110151 0.500168
25.52 -0.0987298 0.0110974 0.500171
25.53 -0.0987075 0.0111797 0.500173
25.54 -0.0986852 0.011262 0.500176
25.55 -0.0986626 0.0113442 0.500179
25.56 -0.09864 0.0114265 0.500182
25.57 -0.0986171 0.0115087 0.500185
25.58 -0.0985941 0.0115909 0.500187
25.59 -0.0985709 0.0116731 0.50019
25.6 -0.0985475 0.0117553 0.500193
25.61 -0.098524 0.0118375 0.500196
25.62 -0.0985003 0.0119196 0.500199
25.63 -0.0984765 0.0120017 0.500202
25.64 -0.0984525 0.0120838 0.500205
25.65 -0.0984283 0.0121659 0.500208
25.66 -0.0984039 0.0122479 0.500211
25.67 -0.0983794 0.01233 0.500214
25.68 -0.0983548 0.012412 0.500217
25.69 -0.0983299 0.012494 0.50022
25.7 -0.0983049 0.012576 0.500223
25.71 -0.0982798 0.0126579 0.500226
25.72 -0.0982544 0.0127399 0.500229
25.73 -0.0982289 0.0128218 0.500232
25.74 -0.0982033 0.0129037 0.500235
25.75 -0.0981775 0.0129856 0.500239
25.76 -0.0981515 0.0130674 0.500242
25.77 -0.0981253 0.0131492 0.500245
25.78 -0.098099 0.0132311 0.500248
25.79 -0.0980725 0.0133128 0.500251
25.8 -0.0980459 0.0133946 0.500255
25.81 -0.0980191 0.0134764 0.500258
25.82 -0.0979921 0.0135581 0.500261
25.83 -0.097965 0.0136398 0.500265
25.84 -0.0979377 0.0137215 0.500268
25.85 -0.0979103 0.0138031 0.500271
25.86 -0.0978826 0.0138848 0.500275
25.87 -0.0978549 0.0139664 0.500278
25.88 -0.0978269 0.014048 0.500282
25.89 -0.0977988 0.0141295 0.500285
25.9 -0.0977705 0.0142111 0.500288
25.91 -0.0977421 0.0142926 0.500292
25.92 -0.0977135 0.0143741 0.500295
25.93 -0.0976847 0.0144556 0.500299
25.94 -0.0976558 0.014537 0.500302
25.95 -0.0976267 0.0146185 0.500306
25.96 -0.0975974 0.0146999 0.50031
25.97 -0.097568 0.0147812 0.500313
25.98 -0.0975384 0.0148626 0.500317
25.99 -0.0975087 0.0149439 0.50032
26 -0.0974788 0.0150252 0.500324
26.01 -0.0974487 0.0151065 0.500328
26.02 -0.0974185 0.0151878 0.500331
26.03 -0.0973881 0.015269 0.500335
26.04 -0.0973575 0.0153502 0.500339
26.05 -0.0973268 0.0154314 0.500343
26.06 -0.0972959 0.0155126 0.500346
26.07 -0.0972649 0.0155937 0.50035
26.08 -0.0972337 0.0156748 0.500354
26.09 -0.0972023 0.0157559 0.500358
26.1 -0.0971708 0.015837 0.500361
26.11 -0.0971391 0.015918 0.500365
26.12 -0.0971072 0.015999 0.500369
26.13 -0.0970752 0.01608 0.500373
26.14 -0.097043 0.016161 0.500377
26.15 -0.0970107 0.0162419 0.500381
26.16 -0.0969781 0.0163228 0.500385
26.17 -0.0969455 0.0164037 0.500389
26.18 -0.0969126 0.0164845 0.500393
26.19 -0.0968796 0.0165653 0.500397
26.2 -0.0968465 0.0166461 0.500401
26.21 -0.0968132 0.0167269 0.500405
26.22 -0.0967797 0.0168077 0.500409
26.23 -0.096746 0.0168884 0.500413
26.24 -0.0967122 0.0169691 0.500417
26.25 -0.0966783 0.0170497 0.500421
26.26 -0.0966441 0.0171304 0.500425
26.27 -0.0966099 0.017211 0.500429
26.28 -0.0965754 0.0172915 0.500434
26.29 -0.0965408 0.0173721 0.500438
26.3 -0.096506 0.0174526 0.500442
26.31 -0.0964711 0.0175331 0.500446
26.32 -0.096436 0.0176136 0.50045
26.33 -0.0964007 0.017694 0.500455
26.34 -0.0963653 0.0177744 0.500459
26.35 -0.0963297 0.0178548 0.500463
26.36 -0.096294 0.0179351 0.500467
26.37 -0.0962581 0.0180155 0.500472
26.38 -0.096222 0.0180957 0.500476
26.39 -0.0961858 0.018176 0.50048
26.4 -0.0961494 0.0182562 0.500485
26.41 -0.0961129 0.0183364 0.500489
26.42 -0.0960761 0.0184166 0.500494
26.43 -0.0960393 0.0184968 0.500498
26.44 -0.0960022 0.0185769 0.500502
26.45 -0.0959651 0.0186569 0.500507
26.46 -0.0959277 0.018737 0.500511
26.47 -0.0958902 0.018817 0.500516
26.48 -0.0958525 0.018897 0.50052
26.49 -0.0958147 0.018977 0.500525
26.5 -0.0957767 0.0190569 0.500529
26.51 -0.0957385 0.0191368 0.500534
26.52 -0.0957002 0.0192167 0.500539
26.53 -0.0956617 0.0192965 0.500543
26.54 -0.0956231 0.0193763 0.500548
26.55 -0.0955843 0.0194561 0.500552
26.56 -0.0955454 0.0195358 0.500557
26.57 -0.0955062 0.0196155 0.500562
26.58 -0.095467 0.0196952 0.500566
26.59 -0.0954275 0.0197749 0.500571
26.6 -0.0953879 0.0198545 0.500576
26.61 -0.0953482 0.0199341 0.500581
26.62 -0.0953083 0.0200136 0.500585
26.63 -0.0952682 0.0200931 0.50059
26.64 -0.095228 0.0201726 0.500595
26.65 -0.0951876 0.0202521 0.5006
26.66 -0.095147 0.0203315 0.500605
26.67 -0.0951063 0.0204109 0.500609
26.68 -0.0950654 0.0204902 0.500614
26.69 -0.0950244 0.0205695 0.500619
26.7 -0.0949832 0.0206488 0.500624
26.71 -0.0949419 0.0207281 0.500629
26.72 -0.0949004 0.0208073 0.500634
26.73 -0.0948587 0.0208865 0.500639
26.74 -0.0948169 0.0209656 0.500644
26.75 -0.0947749 0.0210447 0.500649
26.76 -0.0947327 0.0211238 0.500654
26.77 -0.0946904 0.0212029 0.500659
26.78 -0.094648 0.0212819 0.500664
26.79 -0.0946053 0.0213608 0.500669
26.8 -0.0945626 0.0214398 0.500674
26.81 -0.0945196 0.0215187 0.500679
26.82 -0.0944765 0.0215976 0.500684
26.83 -0.0944333 0.0216764 0.500689
26.84 -0.0943899 0.0217552 0.500694
26.85 -0.0943463 0.021834 0.500699
26.86 -0.0943026 0.0219127 0.500704
26.87 -0.0942587 0.0219914 0.50071
26.88 -0.0942146 0.0220701 0.500715
26.89 -0.0941704 0.0221487 0.50072
26.9 -0.0941261 0.0222273 0.500725
26.91 -0.0940816 0.0223058 0.50073
26.92 -0.0940369 0.0223844 0.500736
26.93 -0.093992 0.0224628 0.500741
26.94 -0.0939471 0.0225413 0.500746
26.95 -0.0939019 0.0226197 0.500751
26.96 -0.0938566 0.022698 0.500757
26.97 -0.0938111 0.0227764 0.500762
26.98 -0.0937655 0.0228547 0.500767
26.99 -0.0937197 0.0229329 0.500773
27 -0.0936738 0.0230112 0.500778
27.01 -0.0936277 0.0230893 0.500784
27.02 -0.0935814 0.0231675 0.500789
27.03 -0.093535 0.0232456 0.500794
27.04 -0.0934885 0.0233237 0.5008
27.05 -0.0934418 0.0234017 0.500805
27.06 -0.0933949 0.0234797 0.500811
27.07 -0.0933478 0.0235576 0.500816
27.08 -0.0933006 0.0236356 0.500822
27.09 -0.0932533 0.0237134 0.500827
27.1 -0.0932058 0.0237913 0.500833
27.11 -0.0931581 0.0238691 0.500838
27.12 -0.0931103 0.0239468 0.500844
27.13 -0.0930623 0.0240246 0.500849
27.14 -0.0930142 0.0241022 0.500855
27.15 -0.0929659 0.0241799 0.500861
27.16 -0.0929175 0.0242575 0.500866
27.17 -0.0928689 0.0243351 0.500872
27.18 -0.0928201 0.0244126 0.500878
27.19 -0.0927712 0.0244901 0.500883
27.2 -0.0927221 0.0245675 0.500889
27.21 -0.0926729 0.0246449 0.500895
27.22 -0.0926235 0.0247223 0.5009
27.23 -0.092574 0.0247996 0.500906
27.24 -0.0925243 0.0248769 0.500912
27.25 -0.0924745 0.0249541 0.500918
27.26 -0.0924245 0.0250313 0.500923
27.27 -0.0923743 0.0251085 0.500929
27.28 -0.092324 0.0251856 0.500935
27.29 -0.0922735 0.0252627 0.500941
27.3 -0.0922229 0.0253398 0.500947
27.31 -0.0921721 0.0254167 0.500952
27.32 -0.0921212 0.0254937 0.500958
27.33 -0.0920701 0.0255706 0.500964
27.34 -0.0920189 0.0256475 0.50097
27.35 -0.0919675 0.0257243 0.500976
27.36 -0.0919159 0.0258011 0.500982
27.37 -0.0918642 0.0258779 0.500988
27.38 -0.0918124 0.0259546 0.500994
27.39 -0.0917604 0.0260312 0.501
27.4 -0.0917082 0.0261078 0.501006
27.41 -0.0916559 0.0261844 0.501012
27.42 -0.0916034 0.026261 0.501018
27.43 -0.0915508 0.0263374 0.501024
27.44 -0.091498 0.0264139 0.50103
27.45 -0.0914451 0.0264903 0.501036
27.46 -0.091392 0.0265667 0.501042
27.47 -0.0913387 0.026643 0.501048
27.48 -0.0912853 0.0267193 0.501054
27.49 -0.0912318 0.0267955 0.50106
27.5 -0.0911781 0.0268717 0.501066
27.51 -0.0911242 0.0269478 0.501072
27.52 -0.0910702 0.0270239 0.501078
27.53 -0.091016 0.0271 0.501084
27.54 -0.0909617 0.027176 0.501091
27.55 -0.0909073 0.027252 0.501097
27.56 -0.0908526 0.0273279 0.501103
27.57 -0.0907979 0.0274038 0.501109
27.58 -0.0907429 0.0274796 0.501115
27.59 -0.0906878 0.0275554 0.501122
27.6 -0.0906326 0.0276311 0.501128
27.61 -0.0905772 0.0277068 0.501134
27.62 -0.0905217 0.0277825 0.50114
27.63 -0.090466 0.0278581 0.501147
27.64 -0.0904101 0.0279336 0.501153
27.65 -0.0903542 0.0280092 0.501159
27.66 -0.090298 0.0280846 0.501166
27.67 -0.0902417 0.02816 0.501172
27.68 -0.0901853 0.0282354 0.501178
27.69 -0.0901286 0.0283108 0.501185
27.7 -0.0900719 0.028386 0.501191
27.71 -0.090015 0.0284613 0.501198
27.72 -0.0899579 0.0285365 0.501204
27.73 -0.0899007 0.0286116 0.50121
27.74 -0.0898434 0.0286867 0.501217
27.75 -0.0897858 0.0287618 0.501223
27.76 -0.0897282 0.0288368 0.50123
27.77 -0.0896704 0.0289117 0.501236
27.78 -0.0896124 0.0289866 0.501243
27.79 -0.0895543 0.0290615 0.501249
27.8 -0.089496 0.0291363 0.501256
27.81 -0.0894376 0.0292111 0.501262
27.82 -0.089379 0.0292858 0.501269
27.83 -0.0893203 0.0293605 0.501275
27.84 -0.0892614 0.0294351 0.501282
27.85 -0.0892024 0.0295097 0.501288
27.86 -0.0891432 0.0295842 0.501295
27.87 -0.0890839 0.0296587 0.501302
27.88 -0.0890244 0.0297331 0.501308
27.89 -0.0889648 0.0298075 0.501315
27.9 -0.0889051 0.0298818 0.501321
27.91 -0.0888451 0.0299561 0.501328
27.92 -0.0887851 0.0300303 0.501335
27.93 -0.0887248 0.0301045 0.501341
27.94 -0.0886645 0.0301787 0.501348
27.95 -0.0886039 0.0302527 0.501355
27.96 -0.0885433 0.0303268 0.501361
27.97 -0.0884825 0.0304008 0.501368
27.98 -0.0884215 0.0304747 0.501375
27.99 -0.0883604 0.0305486 0.501382
28 -0.0882991 0.0306224 0.501388
28.01 -0.0882377 0.0306962 0.501395
28.02 -0.0881761 0.03077 0.501402
28.03 -0.0881144 0.0308436 0.501409
28.04 -0.0880526 0.0309173 0.501415
28.05 -0.0879905 0.0309909 0.501422
28.06 -0.0879284 0.0310644 0.501429
28.07 -0.0878661 0.0311379 0.501436
28.08 -0.0878036 0.0312113 0.501443
28.09 -0.087741 0.0312847 0.50145
28.1 -0.0876783 0.031358 0.501456
28.11 -0.0876154 0.0314313 0.501463
28.12 -0.0875523 0.0315045 0.50147
28.13 -0.0874891 0.0315777 0.501477
28.14 -0.0874258 0.0316508 0.501484
28.15 -0.0873623 0.0317239 0.501491
28.16 -0.0872987 0.0317969 0.501498
28.17 -0.0872349 0.0318699 0.501505
28.18 -0.0871709 0.0319428 0.501512
28.19 -0.0871069 0.0320157 0.501519
28.2 -0.0870426 0.0320885 0.501526
28.21 -0.0869783 0.0321612 0.501533
28.22 -0.0869138 0.0322339 0.50154
28.23 -0.0868491 0.0323066 0.501547
28.24 -0.0867843 0.0323792 0.501554
28.25 -0.0867193 0.0324517 0.501561
28.26 -0.0866542 0.0325242 0.501568
28.27 -0.086589 0.0325967 0.501575
28.28 -0.0865236 0.032669 0.501582
28.29 -0.086458 0.0327414 0.501589
28.3 -0.0863923 0.0328136 0.501596
28.31 -0.0863265 0.0328859 0.501603
28.32 -0.0862605 0.032958 0.50161
28.33 -0.0861944 0.0330302 0.501617
28.34 -0.0861281 0.0331022 0.501624
28.35 -0.0860617 0.0331742 0.501632
28.36 -0.0859951 0.0332462 0.501639
28.37 -0.0859284 0.0333181 0.501646
28.38 -0.0858615 0.0333899 0.501653
28.39 -0.0857945 0.0334617 0.50166
28.4 -0.0857274 0.0335334 0.501667
28.41 -0.0856601 0.0336051 0.501674
28.42 -0.0855927 0.0336767 0.501682
28.43 -0.0855251 0.0337483 0.501689
28.44 -0.0854574 0.0338198 0.501696
28.45 -0.0853895 0.0338913 0.501703
28.46 -0.0853215 0.0339627 0.501711
28.47 -0.0852533 0.034034 0.501718
28.48 -0.085185 0.0341053 0.501725
28.49 -0.0851166 0.0341765 0.501732
28.5 -0.085048 0.0342477 0.50174
28.51 -0.0849793 0.0343188 0.501747
28.52 -0.0849104 0.0343899 0.501754
28.53 -0.0848414 0.0344609 0.501761
28.54 -0.0847722 0.0345319 0.501769
28.55 -0.0847029 0.0346027 0.501776
28.56 -0.0846334 0.0346736 0.501783
28.57 -0.0845638 0.0347444 0.501791
28.58 -0.0844941 0.0348151 0.501798
28.59 -0.0844242 0.0348857 0.501805
28.6 -0.0843542 0.0349564 0.501813
28.61 -0.084284 0.0350269 0.50182
28.62 -0.0842137 0.0350974 0.501828
28.63 -0.0841433 0.0351678 0.501835
28.64 -0.0840727 0.0352382 0.501842
28.65 -0.0840019 0.0353085 0.50185
28.66 -0.0839311 0.0353788 0.501857
28.67 -0.08386 0.035449 0.501865
28.68 -0.0837889 0.0355191 0.501872
28.69 -0.0837176 0.0355892 0.501879
28.7 -0.0836461 0.0356592 0.501887
28.71 -0.0835745 0.0357292 0.501894
28.72 -0.0835028 0.0357991 0.501902
28.73 -0.0834309 0.035869 0.501909
28.74 -0.0833589 0.0359388 0.501917
28.75 -0.0832868 0.0360085 0.501924
28.76 -0.0832145 0.0360782 0.501932
28.77 -0.0831421 0.0361478 0.501939
28.78 -0.0830695 0.0362173 0.501947
28.79 -0.0829968 0.0362868 0.501954
28.8 -0.0829239 0.0363563 0.501962
28.81 -0.0828509 0.0364256 0.501969
28.82 -0.0827778 0.036495 0.501977
28.83 -0.0827045 0.0365642 0.501984
28.84 -0.0826311 0.0366334 0.501992
28.85 -0.0825575 0.0367025 0.502
28.86 -0.0824838 0.0367716 0.502007
28.87 -0.08241 0.0368406 0.502015
28.88 -0.082336 0.0369096 0.502022
28.89 -0.0822619 0.0369785 0.50203
28.9 -0.0821876 0.0370473 0.502038
28.91 -0.0821132 0.0371161 0.502045
28.92 -0.0820387 0.0371848 0.502053
28.93 -0.081964 0.0372534 0.50206
28.94 -0.0818892 0.037322 0.502068
28.95 -0.0818142 0.0373905 0.502076
28.96 -0.0817392 0.037459 0.502083
28.97 -0.0816639 0.0375274 0.502091
28.98 -0.0815886 0.0375957 0.502099
28.99 -0.081513 0.037664 0.502106
29 -0.0814374 0.0377322 0.502114
29.01 -0.0813616 0.0378004 0.502122
29.02 -0.0812857 0.0378685 0.502129
29.03 -0.0812096 0.0379365 0.502137
29.04 -0.0811334 0.0380044 0.502145
29.05 -0.0810571 0.0380723 0.502152
29.06 -0.0809806 0.0381402 0.50216
29.07 -0.080904 0.038208 0.502168
29.08 -0.0808273 0.0382757 0.502176
29.09 -0.0807504 0.0383433 0.502183
29.1 -0.0806734 0.0384109 0.502191
29.11 -0.0805962 0.0384784 0.502199
29.12 -0.0805189 0.0385459 0.502207
29.13 -0.0804415 0.0386133 0.502214
29.14 -0.0803639 0.0386806 0.502222
29.15 -0.0802862 0.0387479 0.50223
29.16 -0.0802084 0.0388151 0.502238
29.17 -0.0801304 0.0388822 0.502245
29.18 -0.0800523 0.0389493 0.502253
29.19 -0.079974 0.0390163 0.502261
29.2 -0.0798956 0.0390833 0.502269
29.21 -0.0798171 0.0391501 0.502277
29.22 -0.0797385 0.039217 0.502284
29.23 -0.0796597 0.0392837 0.502292
29.24 -0.0795807 0.0393504 0.5023
29.25 -0.0795017 0.039417 0.502308
29.26 -0.0794225 0.0394836 0.502316
29.27 -0.0793432 0.0395501 0.502324
29.28 -0.0792637 0.0396165 0.502331
29.29 -0.0791841 0.0396829 0.502339
29.3 -0.0791043 0.0397492 0.502347
29.31 -0.0790245 0.0398154 0.502355
29.32 -0.0789445 0.0398815 0.502363
29.33 -0.0788643 0.0399476 0.502371
29.34 -0.0787841 0.0400137 0.502379
29.35 -0.0787036 0.0400796 0.502387
29.36 -0.0786231 0.0401455 0.502394
29.37 -0.0785424 0.0402114 0.502402
29.38 -0.0784616 0.0402771 0.50241
29.39 -0.0783807 0.0403428 0.502418
29.4 -0.0782996 0.0404085 0.502426
29.41 -0.0782184 0.040474 0.502434
29.42 -0.0781371 0.0405395 0.502442
29.43 -0.0780556 0.040605 0.50245
29.44 -0.077974 0.0406703 0.502458
29.45 -0.0778922 0.0407356 0.502466
29.46 -0.0778104 0.0408009 0.502474
29.47 -0.0777283 0.040866 0.502481
29.48 -0.0776462 0.0409311 0.502489
29.49 -0.0775639 0.0409961 0.502497
29.5 -0.0774815 0.0410611 0.502505
29.51 -0.077399 0.041126 0.502513
29.52 -0.0773163 0.0411908 0.502521
29.53 -0.0772335 0.0412556 0.502529
29.54 -0.0771506 0.0413203 0.502537
29.55 -0.0770676 0.0413849 0.502545
29.56 -0.0769844 0.0414494 0.502553
29.57 -0.076901 0.0415139 0.502561
29.58 -0.0768176 0.0415783 0.502569
29.59 -0.076734 0.0416427 0.502577
29.6 -0.0766503 0.0417069 0.502585
29.61 -0.0765664 0.0417712 0.502593
29.62 -0.0764825 0.0418353 0.502601
29.63 -0.0763984 0.0418994 0.502609
29.64 -0.0763141 0.0419634 0.502617
29.65 -0.0762298 0.0420273 0.502625
29.66 -0.0761453 0.0420911 0.502633
29.67 -0.0760606 0.0421549 0.502641
29.68 -0.0759759 0.0422186 0.502649
29.69 -0.075891 0.0422823 0.502657
29.7 -0.075806 0.0423459 0.502665
29.71 -0.0757208 0.0424094 0.502673
29.72 -0.0756356 0.0424728 0.502681
29.73 -0.0755502 0.0425362 0.502689
29.74 -0.0754646 0.0425995 0.502697
29.75 -0.075379 0.0426627 0.502705
29.76 -0.0752932 0.0427259 0.502713
29.77 -0.0752073 0.0427889 0.502721
29.78 -0.0751212 0.042852 0.502729
29.79 -0.0750351 0.0429149 0.502737
29.8 -0.0749488 0.0429778 0.502745
29.81 -0.0748623 0.0430406 0.502754
29.82 -0.0747758 0.0431033 0.502762
29.83 -0.0746891 0.043166 0.50277
29.84 -0.0746023 0.0432285 0.502778
29.85 -0.0745154 0.0432911 0.502786
29.86 -0.0744283 0.0433535 0.502794
29.87 -0.0743411 0.0434159 0.502802
29.88 -0.0742538 0.0434782 0.50281
29.89 -0.0741663 0.0435404 0.502818
29.9 -0.0740788 0.0436026 0.502826
29.91 -0.0739911 0.0436646 0.502834
29.92 -0.0739032 0.0437266 0.502842
29.93 -0.0738153 0.0437886 0.50285
29.94 -0.0737272 0.0438504 0.502858
29.95 -0.073639 0.0439122 0.502867
29.96 -0.0735507 0.043974 0.502875
29.97 -0.0734622 0.0440356 0.502883
29.98 -0.0733736 0.0440972 0.502891
29.99 -0.0732849 0.0441587 0.502899
30 -0.0731961 0.0442201 0.502907
30.01 -0.0731072 0.0442814 0.502915
30.02 -0.0730181 0.0443427 0.502923
30.03 -0.0729289 0.0444039 0.502931
30.04 -0.0728395 0.0444651 0.502939
30.05 -0.0727501 0.0445261 0.502947
30.06 -0.0726605 0.0445871 0.502956
30.07 -0.0725708 0.044648 0.502964
30.08 -0.072481 0.0447088 0.502972
30.09 -0.072391 0.0447696 0.50298
30.1 -0.072301 0.0448303 0.502988
30.11 -0.0722108 0.0448909 0.502996
30.12 -0.0721205 0.0449514 0.503004
30.13 -0.07203 0.0450119 0.503012
30.14 -0.0719394 0.0450723 0.50302
30.15 -0.0718488 0.0451326 0.503028
30.16 -0.0717579 0.0451928 0.503037
30.17 -0.071667 0.045253 0.503045
30.18 -0.071576 0.0453131 0.503053
30.19 -0.0714848 0.0453731 0.503061
30.2 -0.0713935 0.045433 0.503069
30.21 -0.071302 0.0454929 0.503077
30.22 -0.0712105 0.0455527 0.503085
30.23 -0.0711188 0.0456124 0.503093
30.24 -0.071027 0.045672 0.503101
30.25 -0.0709351 0.0457316 0.50311
30.26 -0.0708431 0.045791 0.503118
30.27 -0.0707509 0.0458504 0.503126
30.28 -0.0706587 0.0459098 0.503134
30.29 -0.0705663 0.045969 0.503142
30.3 -0.0704738 0.0460282 0.50315
30.31 -0.0703811 0.0460873 0.503158
30.32 -0.0702884 0.0461463 0.503166
30.33 -0.0701955 0.0462053 0.503174
30.34 -0.0701025 0.0462641 0.503183
30.35 -0.0700094 0.0463229 0.503191
30.36 -0.0699161 0.0463816 0.503199
30.37 -0.0698228 0.0464403 0.503207
30.38 -0.0697293 0.0464988 0.503215
30.39 -0.0696357 0.0465573 0.503223
30.4 -0.069542 0.0466157 0.503231
30.41 -0.0694482 0.046674 0.503239
30.42 -0.0693542 0.0467323 0.503247
30.43 -0.0692601 0.0467905 0.503255
30.44 -0.0691659 0.0468486 0.503264
30.45 -0.0690716 0.0469066 0.503272
30.46 -0.0689772 0.0469645 0.50328
30.47 -0.0688827 0.0470224 0.503288
30.48 -0.068788 0.0470801 0.503296
30.49 -0.0686932 0.0471378 0.503304
30.5 -0.0685983 0.0471955 0.503312
30.51 -0.0685033 0.047253 0.50332
30.52 -0.0684082 0.0473105 0.503328
30.53 -0.0683129 0.0473679 0.503336
30.54 -0.0682176 0.0474252 0.503345
30.55 -0.0681221 0.0474824 0.503353
30.56 -0.0680265 0.0475395 0.503361
30.57 -0.0679308 0.0475966 0.503369
30.58 -0.0678349 0.0476536 0.503377
30.59 -0.067739 0.0477105 0.503385
30.6 -0.0676429 0.0477673 0.503393
30.61 -0.0675467 0.0478241 0.503401
30.62 -0.0674504 0.0478808 0.503409
30.63 -0.067354 0.0479374 0.503417
30.64 -0.0672575 0.0479939 0.503425
30.65 -0.0671608 0.0480503 0.503433
30.66 -0.0670641 0.0481067 0.503441
30.67 -0.0669672 0.0481629 0.50345
30.68 -0.0668702 0.0482191 0.503458
30.69 -0.0667731 0.0482752 0.503466
30.7 -0.0666759 0.0483313 0.503474
30.71 -0.0665785 0.0483872 0.503482
30.72 -0.0664811 0.0484431 0.50349
30.73 -0.0663835 0.0484989 0.503498
30.74 -0.0662859 0.0485546 0.503506
30.75 -0.0661881 0.0486102 0.503514
30.76 -0.0660902 0.0486657 0.503522
30.77 -0.0659921 0.0487212 0.50353
30.78 -0.065894 0.0487766 0.503538
30.79 -0.0657958 0.0488319 0.503546
30.8 -0.0656974 0.0488871 0.503554
30.81 -0.0655989 0.0489422 0.503562
30.82 -0.0655004 0.0489973 0.50357
30.83 -0.0654017 0.0490523 0.503578
30.84 -0.0653029 0.0491072 0.503586
30.85 -0.0652039 0.049162 0.503594
30.86 -0.0651049 0.0492167 0.503602
30.87 -0.0650058 0.0492713 0.50361
30.88 -0.0649065 0.0493259 0.503618
30.89 -0.0648072 0.0493804 0.503626
30.9 -0.0647077 0.0494348 0.503634
30.91 -0.0646081 0.0494891 0.503642
30.92 -0.0645084 0.0495433 0.50365
30.93 -0.0644086 0.0495975 0.503658
30.94 -0.0643087 0.0496515 0.503666
30.95 -0.0642086 0.0497055 0.503674
30.96 -0.0641085 0.0497594 0.503682
30.97 -0.0640082 0.0498132 0.50369
30.98 -0.0639079 0.049867 0.503698
30.99 -0.0638074 0.0499206 0.503706
31 -0.0637068 0.0499742 0.503714
31.01 -0.0636061 0.0500277 0.503722
31.02 -0.0635053 0.0500811 0.50373
31.03 -0.0634044 0.0501344 0.503738
31.04 -0.0633034 0.0501876 0.503746
31.05 -0.0632023 0.0502408 0.503754
31.06 -0.063101 0.0502938 0.503762
31.07 -0.0629997 0.0503468 0.50377
31.08 -0.0628982 0.0503997 0.503778
31.09 -0.0627967 0.0504525 0.503786
31.1 -0.062695 0.0505053 0.503794
31.11 -0.0625932 0.0505579 0.503801
31.12 -0.0624913 0.0506105 0.503809
31.13 -0.0623894 0.0506629 0.503817
31.14 -0.0622873 0.0507153 0.503825
31.15 -0.062185 0.0507676 0.503833
31.16 -0.0620827 0.0508198 0.503841
31.17 -0.0619803 0.050872 0.503849
31.18 -0.0618778 0.050924 0.503857
31.19 -0.0617752 0.050976 0.503865
31.2 -0.0616724 0.0510279 0.503872
31.21 -0.0615696 0.0510796 0.50388
31.22 -0.0614666 0.0511314 0.503888
31.23 -0.0613636 0.051183 0.503896
31.24 -0.0612604 0.0512345 0.503904
31.25 -0.0611571 0.051286 0.503912
31.26 -0.0610537 0.0513373 0.50392
31.27 -0.0609503 0.0513886 0.503927
31.28 -0.0608467 0.0514398 0.503935
31.29 -0.060743 0.0514909 0.503943
31.3 -0.0606392 0.0515419 0.503951
31.31 -0.0605353 0.0515928 0.503959
31.32 -0.0604313 0.0516437 0.503967
31.33 -0.0603272 0.0516945 0.503974
31.34 -0.060223 0.0517451 0.503982
31.35 -0.0601187 0.0517957 0.50399
31.36 -0.0600143 0.0518462 0.503998
31.37 -0.0599097 0.0518966 0.504005
31.38 -0.0598051 0.0519469 0.504013
31.39 -0.0597004 0.0519972 0.504021
31.4 -0.0595955 0.0520473 0.504029
31.41 -0.0594906 0.0520974 0.504037
31.42 -0.0593856 0.0521474 0.504044
31.43 -0.0592804 0.0521973 0.504052
31.44 -0.0591752 0.0522471 0.50406
31.45 -0.0590699 0.0522968 0.504067
31.46 -0.0589644 0.0523464 0.504075
31.47 -0.0588589 0.0523959 0.504083
31.48 -0.0587532 0.0524454 0.504091
31.49 -0.0586475 0.0524947 0.504098
31.5 -0.0585416 0.052544 0.504106
31.51 -0.0584357 0.0525932 0.504114
31.52 -0.0583296 0.0526423 0.504121
31.53 -0.0582235 0.0526913 0.504129
31.54 -0.0581172 0.0527402 0.504137
31.55 -0.0580109 0.0527891 0.504144
31.56 -0.0579044 0.0528378 0.504152
31.57 -0.0577979 0.0528865 0.50416
31.58 -0.0576912 0.052935 0.504167
31.59 -0.0575844 0.0529835 0.504175
31.6 -0.0574776 0.0530319 0.504183
31.61 -0.0573706 0.0530802 0.50419
31.62 -0.0572636 0.0531284 0.504198
31.63 -0.0571564 0.0531765 0.504205
31.64 -0.0570492 0.0532245 0.504213
31.65 -0.0569419 0.0532725 0.504221
31.66 -0.0568344 0.0533203 0.504228
31.67 -0.0567269 0.0533681 0.504236
31.68 -0.0566192 0.0534158 0.504243
31.69 -0.0565115 0.0534634 0.504251
31.7 -0.0564036 0.0535109 0.504259
31.71 -0.0562957 0.0535583 0.504266
31.72 -0.0561877 0.0536056 0.504274
31.73 -0.0560796 0.0536528 0.504281
31.74 -0.0559713 0.0536999 0.504289
31.75 -0.055863 0.053747 0.504296
31.76 -0.0557546 0.0537939 0.504304
31.77 -0.0556461 0.0538408 0.504311
31.78 -0.0555375 0.0538876 0.504319
31.79 -0.0554288 0.0539342 0.504326
31.8 -0.05532 0.0539808 0.504334
31.81 -0.0552111 0.0540273 0.504341
31.82 -0.0551021 0.0540737 0.504349
31.83 -0.054993 0.0541201 0.504356
31.84 -0.0548838 0.0541663 0.504363
31.85 -0.0547745 0.0542124 0.504371
31.86 -0.0546652 0.0542585 0.504378
31.87 -0.0545557 0.0543044 0.504386
31.88 -0.0544461 0.0543503 0.504393
31.89 -0.0543365 0.054396 0.5044
31.9 -0.0542267 0.0544417 0.504408
31.91 -0.0541169 0.0544873 0.504415
31.92 -0.0540069 0.0545328 0.504423
31.93 -0.0538969 0.0545782 0.50443
31.94 -0.0537868 0.0546235 0.504437
31.95 -0.0536766 0.0546687 0.504445
31.96 -0.0535663 0.0547139 0.504452
31.97 -0.0534559 0.0547589 0.504459
31.98 -0.0533454 0.0548039 0.504467
31.99 -0.0532348 0.0548487 0.504474
32 -0.0531241 0.0548935 0.504481
32.01 -0.0530133 0.0549381 0.504489
32.02 -0.0529025 0.0549827 0.504496
32.03 -0.0527915 0.0550272 0.504503
32.04 -0.0526805 0.0550716 0.50451
32.05 -0.0525693 0.0551159 0.504518
32.06 -0.0524581 0.0551601 0.504525
32.07 -0.0523468 0.0552042 0.504532
32.08 -0.0522354 0.0552482 0.504539
32.09 -0.0521239 0.0552921 0.504547
32.1 -0.0520123 0.055336 0.504554
32.11 -0.0519006 0.0553797 0.504561
32.12 -0.0517888 0.0554233 0.504568
32.13 -0.051677 0.0554669 0.504575
32.14 -0.051565 0.0555104 0.504582
32.15 -0.051453 0.0555537 0.50459
32.16 -0.0513409 0.055597 0.504597
32.17 -0.0512286 0.0556402 0.504604
32.18 -0.0511163 0.0556833 0.504611
32.19 -0.0510039 0.0557262 0.504618
32.2 -0.0508915 0.0557691 0.504625
32.21 -0.0507789 0.0558119 0.504632
32.22 -0.0506662 0.0558546 0.504639
32.23 -0.0505535 0.0558973 0.504647
32.24 -0.0504407 0.0559398 0.504654
32.25 -0.0503277 0.0559822 0.504661
32.26 -0.0502147 0.0560245 0.504668
32.27 -0.0501016 0.0560668 0.504675
32.28 -0.0499884 0.0561089 0.504682
32.29 -0.0498752 0.056151 0.504689
32.3 -0.0497618 0.0561929 0.504696
32.31 -0.0496484 0.0562348 0.504703
32.32 -0.0495349 0.0562765 0.50471
32.33 -0.0494212 0.0563182 0.504717
32.34 -0.0493075 0.0563598 0.504724
32.35 -0.0491938 0.0564013 0.504731
32.36 -0.0490799 0.0564426 0.504738
32.37 -0.0489659 0.0564839 0.504744
32.38 -0.0488519 0.0565251 0.504751
32.39 -0.0487378 0.0565662 0.504758
32.4 -0.0486236 0.0566072 0.504765
32.41 -0.0485093 0.0566481 0.504772
32.42 -0.0483949 0.0566889 0.504779
32.43 -0.0482804 0.0567296 0.504786
32.44 -0.0481659 0.0567703 0.504793
32.45 -0.0480513 0.0568108 0.504799
32.46 -0.0479365 0.0568512 0.504806
32.47 -0.0478217 0.0568915 0.504813
32.48 -0.0477069 0.0569318 0.50482
32.49 -0.0475919 0.0569719 0.504827
32.5 -0.0474769 0.057012 0.504833
32.51 -0.0473617 0.0570519 0.50484
32.52 -0.0472465 0.0570918 0.504847
32.53 -0.0471312 0.0571315 0.504854
32.54 -0.0470159 0.0571712 0.50486
32.55 -0.0469004 0.0572107 0.504867
32.56 -0.0467849 0.0572502 0.504874
32.57 -0.0466693 0.0572896 0.504881
32.58 -0.0465536 0.0573288 0.504887
32.59 -0.0464378 0.057368 0.504894
32.6 -0.0463219 0.0574071 0.504901
32.61 -0.046206 0.0574461 0.504907
32.62 -0.04609 0.0574849 0.504914
32.63 -0.0459739 0.0575237 0.504921
32.64 -0.0458577 0.0575624 0.504927
32.65 -0.0457414 0.057601 0.504934
32.66 -0.0456251 0.0576395 0.50494
32.67 -0.0455087 0.0576779 0.504947
32.68 -0.0453922 0.0577162 0.504953
32.69 -0.0452756 0.0577544 0.50496
32.7 -0.0451589 0.0577925 0.504967
32.71 -0.0450422 0.0578305 0.504973
32.72 -0.0449254 0.0578684 0.50498
32.73 -0.0448085 0.0579062 0.504986
32.74 -0.0446915 0.0579439 0.504993
32.75 -0.0445745 0.0579816 0.504999
32.76 -0.0444574 0.0580191 0.505006
32.77 -0.0443402 0.0580565 0.505012
32.78 -0.0442229 0.0580938 0.505018
32.79 -0.0441055 0.058131 0.505025
32.8 -0.0439881 0.0581682 0.505031
32.81 -0.0438706 0.0582052 0.505038
32.82 -0.043753 0.0582421 0.505044
32.83 -0.0436354 0.0582789 0.50505
32.84 -0.0435176 0.0583157 0.505057
32.85 -0.0433998 0.0583523 0.505063
32.86 -0.0432819 0.0583888 0.505069
32.87 -0.043164 0.0584253 0.505076
32.88 -0.0430459 0.0584616 0.505082
32.89 -0.0429278 0.0584978 0.505088
32.9 -0.0428096 0.058534 0.505095
32.91 -0.0426914 0.05857 0.505101
32.92 -0.042573 0.058606 0.505107
32.93 -0.0424546 0.0586418 0.505113
32.94 -0.0423361 0.0586775 0.50512
32.95 -0.0422176 0.0587132 0.505126
32.96 -0.042099 0.0587487 0.505132
32.97 -0.0419803 0.0587842 0.505138
32.98 -0.0418615 0.0588195 0.505144
32.99 -0.0417426 0.0588547 0.50515
33 -0.0416237 0.0588899 0.505157
33.01 -0.0415047 0.0589249 0.505163
33.02 -0.0413856 0.0589599 0.505169
33.03 -0.0412665 0.0589947 0.505175
33.04 -0.0411473 0.0590295 0.505181
33.05 -0.041028 0.0590641 0.505187
33.06 -0.0409087 0.0590987 0.505193
33.07 -0.0407892 0.0591331 0.505199
33.08 -0.0406697 0.0591674 0.505205
33.09 -0.0405502 0.0592017 0.505211
33.1 -0.0404305 0.0592358 0.505217
33.11 -0.0403108 0.0592699 0.505223
33.12 -0.0401911 0.0593038 0.505229
33.13 -0.0400712 0.0593377 0.505235
33.14 -0.0399513 0.0593714 0.505241
33.15 -0.0398313 0.059405 0.505247
33.16 -0.0397112 0.0594386 0.505253
33.17 -0.0395911 0.059472 0.505259
33.18 -0.0394709 0.0595054 0.505265
33.19 -0.0393507 0.0595386 0.505271
33.2 -0.0392303 0.0595717 0.505277
33.21 -0.0391099 0.0596048 0.505282
33.22 -0.0389895 0.0596377 0.505288
33.23 -0.0388689 0.0596706 0.505294
33.24 -0.0387483 0.0597033 0.5053
33.25 -0.0386276 0.0597359 0.505306
33.26 -0.0385069 0.0597685 0.505311
33.27 -0.0383861 0.0598009 0.505317
33.28 -0.0382652 0.0598332 0.505323
33.29 -0.0381443 0.0598654 0.505329
33.3 -0.0380233 0.0598976 0.505334
33.31 -0.0379022 0.0599296 0.50534
33.32 -0.0377811 0.0599615 0.505346
33.33 -0.0376599 0.0599933 0.505351
33.34 -0.0375386 0.0600251 0.505357
33.35 -0.0374172 0.0600567 0.505363
33.36 -0.0372958 0.0600882 0.505368
33.37 -0.0371744 0.0601196 0.505374
33.38 -0.0370528 0.0601509 0.505379
33.39 -0.0369313 0.0601821 0.505385
33.4 -0.0368096 0.0602132 0.505391
33.41 -0.0366879 0.0602442 0.505396
33.42 -0.0365661 0.0602751 0.505402
33.43 -0.0364442 0.0603059 0.505407
33.44 -0.0363223 0.0603366 0.505413
33.45 -0.0362003 0.0603672 0.505418
33.46 -0.0360783 0.0603977 0.505424
33.47 -0.0359562 0.0604281 0.505429
33.48 -0.035834 0.0604584 0.505434
33.49 -0.0357118 0.0604886 0.50544
33.5 -0.0355895 0.0605187 0.505445
33.51 -0.0354671 0.0605487 0.505451
33.52 -0.0353447 0.0605785 0.505456
33.53 -0.0352222 0.0606083 0.505461
33.54 -0.0350997 0.060638 0.505467
33.55 -0.0349771 0.0606676 0.505472
33.56 -0.0348544 0.060697 0.505477
33.57 -0.0347317 0.0607264 0.505483
33.58 -0.0346089 0.0607556 0.505488
33.59 -0.0344861 0.0607848 0.505493
33.6 -0.0343632 0.0608139 0.505498
33.61 -0.0342402 0.0608428 0.505504
33.62 -0.0341172 0.0608717 0.505509
33.63 -0.0339941 0.0609004 0.505514
33.64 -0.033871 0.060929 0.505519
33.65 -0.0337477 0.0609576 0.505524
33.66 -0.0336245 0.060986 0.505529
33.67 -0.0335012 0.0610143 0.505535
33.68 -0.0333778 0.0610426 0.50554
33.69 -0.0332543 0.0610707 0.505545
33.7 -0.0331309 0.0610987 0.50555
33.71 -0.0330073 0.0611266 0.505555
33.72 -0.0328837 0.0611544 0.50556
33.73 -0.03276 0.0611821 0.505565
33.74 -0.0326363 0.0612097 0.50557
33.75 -0.0325125 0.0612372 0.505575
33.76 -0.0323887 0.0612646 0.50558
33.77 -0.0322648 0.0612919 0.505585
33.78 -0.0321408 0.0613191 0.50559
33.79 -0.0320168 0.0613462 0.505595
33.8 -0.0318927 0.0613732 0.5056
33.81 -0.0317686 0.0614001 0.505605
33.82 -0.0316444 0.0614268 0.505609
33.83 -0.0315202 0.0614535 0.505614
33.84 -0.0313959 0.0614801 0.505619
33.85 -0.0312716 0.0615065 0.505624
33.86 -0.0311472 0.0615329 0.505629
33.87 -0.0310227 0.0615591 0.505634
33.88 -0.0308982 0.0615853 0.505638
33.89 -0.0307737 0.0616113 0.505643
33.9 -0.0306491 0.0616372 0.505648
33.91 -0.0305244 0.0616631 0.505653
33.92 -0.0303997 0.0616888 0.505657
33.93 -0.0302749 0.0617144 0.505662
33.94 -0.0301501 0.0617399 0.505667
33.95 -0.0300252 0.0617653 0.505671
33.96 -0.0299003 0.0617906 0.505676
33.97 -0.0297753 0.0618158 0.505681
33.98 -0.0296502 0.0618409 0.505685
33.99 -0.0295252 0.0618659 0.50569
34 -0.0294 0.0618908 0.505694
34.01 -0.0292748 0.0619156 0.505699
34.02 -0.0291496 0.0619403 0.505703
34.03 -0.0290243 0.0619648 0.505708
34.04 -0.0288989 0.0619893 0.505712
34.05 -0.0287735 0.0620136 0.505717
34.06 -0.0286481 0.0620379 0.505721
34.07 -0.0285226 0.062062 0.505726
34.08 -0.0283971 0.0620861 0.50573
34.09 -0.0282715 0.06211 0.505735
34.1 -0.0281458 0.0621338 0.505739
34.11 -0.0280201 0.0621576 0.505743
34.12 -0.0278944 0.0621812 0.505748
34.13 -0.0277686 0.0622047 0.505752
34.14 -0.0276427 0.0622281 0.505756
34.15 -0.0275169 0.0622514 0.505761
34.16 -0.0273909 0.0622746 0.505765
34.17 -0.0272649 0.0622977 0.505769
34.18 -0.0271389 0.0623207 0.505774
34.19 -0.0270128 0.0623436 0.505778
34.2 -0.0268867 0.0623663 0.505782
34.21 -0.0267605 0.062389 0.505786
34.22 -0.0266343 0.0624115 0.50579
34.23 -0.026508 0.062434 0.505794
34.24 -0.0263817 0.0624563 0.505799
34.25 -0.0262554 0.0624786 0.505803
34.26 -0.0261289 0.0625007 0.505807
34.27 -0.0260025 0.0625227 0.505811
34.28 -0.025876 0.0625447 0.505815
34.29 -0.0257495 0.0625665 0.505819
34.3 -0.0256229 0.0625882 0.505823
34.31 -0.0254962 0.0626098 0.505827
34.32 -0.0253695 0.0626313 0.505831
34.33 -0.0252428 0.0626527 0.505835
34.34 -0.0251161 0.062674 0.505839
34.35 -0.0249892 0.0626951 0.505843
34.36 -0.0248624 0.0627162 0.505847
34.37 -0.0247355 0.0627372 0.505851
34.38 -0.0246085 0.062758 0.505855
34.39 -0.0244816 0.0627788 0.505858
34.4 -0.0243545 0.0627994 0.505862
34.41 -0.0242275 0.0628199 0.505866
34.42 -0.0241003 0.0628404 0.50587
34.43 -0.0239732 0.0628607 0.505874
34.44 -0.023846 0.0628809 0.505877
34.45 -0.0237188 0.062901 0.505881
34.46 -0.0235915 0.062921 0.505885
34.47 -0.0234641 0.0629409 0.505889
34.48 -0.0233368 0.0629607 0.505892
34.49 -0.0232094 0.0629803 0.505896
34.5 -0.0230819 0.0629999 0.5059
34.51 -0.0229544 0.0630194 0.505903
34.52 -0.0228269 0.0630387 0.505907
34.53 -0.0226994 0.063058 0.505911
34.54 -0.0225717 0.0630771 0.505914
34.55 -0.0224441 0.0630962 0.505918
34.56 -0.0223164 0.0631151 0.505921
34.57 -0.0221887 0.0631339 0.505925
34.58 -0.0220609 0.0631526 0.505928
34.59 -0.0219331 0.0631712 0.505932
34.6 -0.0218053 0.0631897 0.505935
34.61 -0.0216774 0.0632081 0.505939
34.62 -0.0215495 0.0632264 0.505942
34.63 -0.0214215 0.0632445 0.505945
34.64 -0.0212935 0.0632626 0.505949
34.65 -0.0211655 0.0632806 0.505952
34.66 -0.0210374 0.0632984 0.505956
34.67 -0.0209093 0.0633161 0.505959
34.68 -0.0207812 0.0633338 0.505962
34.69 -0.020653 0.0633513 0.505966
34.7 -0.0205248 0.0633687 0.505969
34.71 -0.0203965 0.063386 0.505972
34.72 -0.0202683 0.0634032 0.505975
34.73 -0.0201399 0.0634203 0.505978
34.74 -0.0200116 0.0634373 0.505982
34.75 -0.0198832 0.0634542 0.505985
34.76 -0.0197548 0.0634709 0.505988
34.77 -0.0196263 0.0634876 0.505991
34.78 -0.0194978 0.0635042 0.505994
34.79 -0.0193693 0.0635206 0.505997
34.8 -0.0192407 0.0635369 0.506
34.81 -0.0191121 0.0635532 0.506003
34.82 -0.0189835 0.0635693 0.506007
34.83 -0.0188548 0.0635853 0.50601
34.84 -0.0187261 0.0636012 0.506013
34.85 -0.0185974 0.063617 0.506015
34.86 -0.0184686 0.0636327 0.506018
34.87 -0.0183398 0.0636482 0.506021
34.88 -0.018211 0.0636637 0.506024
34.89 -0.0180821 0.0636791 0.506027
34.9 -0.0179532 0.0636943 0.50603
34.91 -0.0178243 0.0637095 0.506033
34.92 -0.0176954 0.0637245 0.506036
34.93 -0.0175664 0.0637394 0.506039
34.94 -0.0174373 0.0637542 0.506041
34.95 -0.0173083 0.0637689 0.506044
34.96 -0.0171792 0.0637835 0.506047
34.97 -0.0170501 0.063798 0.50605
34.98 -0.016921 0.0638124 0.506052
34.99 -0.0167918 0.0638267 0.506055
35 -0.0166626 0.0638408 0.506058
35.01 -0.0165334 0.0638549 0.50606
35.02 -0.0164041 0.0638688 0.506063
35.03 -0.0162748 0.0638827 0.506066
35.04 -0.0161455 0.0638964 0.506068
35.05 -0.0160162 0.06391 0.506071
35.06 -0.0158868 0.0639235 0.506073
35.07 -0.0157574 0.0639369 0.506076
35.08 -0.015628 0.0639502 0.506078
35.09 -0.0154985 0.0639634 0.506081
35.1 -0.015369 0.0639765 0.506083
35.11 -0.0152395 0.0639894 0.506086
35.12 -0.01511 0.0640023 0.506088
35.13 -0.0149804 0.064015 0.506091
35.14 -0.0148508 0.0640277 0.506093
35.15 -0.0147212 0.0640402 0.506096
35.16 -0.0145916 0.0640526 0.506098
35.17 -0.0144619 0.0640649 0.5061
35.18 -0.0143322 0.0640771 0.506103
35.19 -0.0142025 0.0640892 0.506105
35.2 -0.0140728 0.0641012 0.506107
35.21 -0.013943 0.0641131 0.506109
35.22 -0.0138132 0.0641248 0.506112
35.23 -0.0136834 0.0641365 0.506114
35.24 -0.0135535 0.064148 0.506116
35.25 -0.0134237 0.0641594 0.506118
35.26 -0.0132938 0.0641708 0.50612
35.27 -0.0131639 0.064182 0.506122
35.28 -0.0130339 0.0641931 0.506125
35.29 -0.012904 0.0642041 0.506127
35.3 -0.012774 0.064215 0.506129
35.31 -0.012644 0.0642257 0.506131
35.32 -0.012514 0.0642364 0.506133
35.33 -0.0123839 0.064247 0.506135
35.34 -0.0122538 0.0642574 0.506137
35.35 -0.0121237 0.0642677 0.506139
35.36 -0.0119936 0.064278 0.506141
35.37 -0.0118635 0.0642881 0.506143
35.38 -0.0117333 0.0642981 0.506145
35.39 -0.0116032 0.064308 0.506146
35.4 -0.011473 0.0643178 0.506148
35.41 -0.0113428 0.0643275 0.50615
35.42 -0.0112125 0.064337 0.506152
35.43 -0.0110823 0.0643465 0.506154
35.44 -0.010952 0.0643558 0.506156
35.45 -0.0108217 0.0643651 0.506157
35.46 -0.0106914 0.0643742 0.506159
35.47 -0.010561 0.0643832 0.506161
35.48 -0.0104307 0.0643921 0.506163
35.49 -0.0103003 0.0644009 0.506164
35.5 -0.0101699 0.0644096 0.506166
35.51 -0.0100395 0.0644182 0.506168
35.52 -0.00990908 0.0644267 0.506169
35.53 -0.00977864 0.064435 0.506171
35.54 -0.00964818 0.0644433 0.506172
35.55 -0.0095177 0.0644514 0.506174
35.56 -0.00938721 0.0644595 0.506175
35.57 -0.0092567 0.0644674 0.506177
35.58 -0.00912617 0.0644752 0.506178
35.59 -0.00899563 0.0644829 0.50618
35.6 -0.00886507 0.0644905 0.506181
35.61 -0.00873449 0.0644979 0.506183
35.62 -0.0086039 0.0645053 0.506184
35.63 -0.00847329 0.0645126 0.506186
35.64 -0.00834267 0.0645197 0.506187
35.65 -0.00821204 0.0645268 0.506188
35.66 -0.00808139 0.0645337 0.50619
35.67 -0.00795072 0.0645405 0.506191
35.68 -0.00782004 0.0645472 0.506192
35.69 -0.00768935 0.0645538 0.506193
35.7 -0.00755864 0.0645603 0.506195
35.71 -0.00742792 0.0645667 0.506196
35.72 -0.00729719 0.0645729 0.506197
35.73 -0.00716644 0.0645791 0.506198
35.74 -0.00703568 0.0645851 0.506199
35.75 -0.00690491 0.0645911 0.506201
35.76 -0.00677413 0.0645969 0.506202
35.77 -0.00664333 0.0646026 0.506203
35.78 -0.00651252 0.0646082 0.506204
35.79 -0.0063817 0.0646137 0.506205
35.8 -0.00625087 0.0646191 0.506206
35.81 -0.00612003 0.0646244 0.506207
35.82 -0.00598917 0.0646295 0.506208
35.83 -0.00585831 0.0646346 0.506209
35.84 -0.00572744 0.0646395 0.50621
35.85 -0.00559655 0.0646444 0.506211
35.86 -0.00546566 0.0646491 0.506212
35.87 -0.00533475 0.0646537 0.506213
35.88 -0.00520384 0.0646582 0.506213
35.89 -0.00507292 0.0646626 0.506214
35.9 -0.00494198 0.0646669 0.506215
35.91 -0.00481104 0.064671 0.506216
35.92 -0.00468009 0.0646751 0.506217
35.93 -0.00454913 0.0646791 0.506217
35.94 -0.00441817 0.0646829 0.506218
35.95 -0.00428719 0.0646866 0.506219
35.96 -0.00415621 0.0646902 0.50622
35.97 -0.00402522 0.0646937 0.50622
35.98 -0.00389422 0.0646971 0.506221
35.99 -0.00376322 0.0647004 0.506221
36 -0.00363221 0.0647036 0.506222
36.01 -0.00350119 0.0647067 0.506223
36.02 -0.00337017 0.0647096 0.506223
36.03 -0.00323914 0.0647125 0.506224
36.04 -0.0031081 0.0647152 0.506224
36.05 -0.00297706 0.0647178 0.506225
36.06 -0.00284601 0.0647203 0.506225
36.07 -0.00271496 0.0647227 0.506226
36.08 -0.0025839 0.064725 0.506226
36.09 -0.00245284 0.0647272 0.506227
36.1 -0.00232177 0.0647293 0.506227
36.11 -0.0021907 0.0647312 0.506227
36.12 -0.00205963 0.0647331 0.506228
36.13 -0.00192855 0.0647348 0.506228
36.14 -0.00179747 0.0647364 0.506228
36.15 -0.00166638 0.064738 0.506229
36.16 -0.00153529 0.0647394 0.506229
36.17 -0.0014042 0.0647407 0.506229
36.18 -0.00127311 0.0647418 0.506229
36.19 -0.00114201 0.0647429 0.50623
36.2 -0.00101091 0.0647439 0.50623
36.21 -0.000879808 0.0647447 0.50623
36.22 -0.000748705 0.0647455 0.50623
36.23 -0.000617601 0.0647461 0.50623
36.24 -0.000486495 0.0647466 0.50623
36.25 -0.000355388 0.064747 0.50623
36.26 -0.00022428 0.0647473 0.50623
36.27 -9.31722e-05 0.0647475 0.506231
36.28 3.79365e-05 0.0647476 0.506231
36.29 0.000169045 0.0647476 0.506231
36.3 0.000300154 0.0647474 0.506231
36.31 0.000431263 0.0647472 0.50623
36.32 0.000562371 0.0647468 0.50623
36.33 0.000693478 0.0647463 0.50623
36.34 0.000824584 0.0647458 0.50623
36.35 0.000955689 0.0647451 0.50623
36.36 0.00108679 0.0647443 0.50623
36.37 0.00121789 0.0647433 0.50623
36.38 0.00134899 0.0647423 0.50623
36.39 0.00148009 0.0647412 0.506229
36.4 0.00161119 0.0647399 0.506229
36.41 0.00174228 0.0647386 0.506229
36.42 0.00187337 0.0647371 0.506229
36.43 0.00200446 0.0647355 0.506228
36.44 0.00213554 0.0647338 0.506228
36.45 0.00226662 0.064732 0.506228
36.46 0.0023977 0.0647301 0.506227
36.47 0.00252877 0.0647281 0.506227
36.48 0.00265984 0.064726 0.506226
36.49 0.0027909 0.0647237 0.506226
36.5 0.00292196 0.0647214 0.506226
36.51 0.00305302 0.0647189 0.506225
36.52 0.00318407 0.0647163 0.506225
36.53 0.00331511 0.0647136 0.506224
36.54 0.00344615 0.0647108 0.506223
36.55 0.00357718 0.0647079 0.506223
36.56 0.00370821 0.0647049 0.506222
36.57 0.00383923 0.0647018 0.506222
36.58 0.00397024 0.0646985 0.506221
36.59 0.00410125 0.0646952 0.50622
36.6 0.00423225 0.0646917 0.50622
36.61 0.00436324 0.0646882 0.506219
36.62 0.00449423 0.0646845 0.506218
36.63 0.00462521 0.0646807 0.506218
36.64 0.00475618 0.0646768 0.506217
36.65 0.00488714 0.0646728 0.506216
36.66 0.00501809 0.0646686 0.506215
36.67 0.00514904 0.0646644 0.506215
36.68 0.00527997 0.0646601 0.506214
36.69 0.0054109 0.0646556 0.506213
36.7 0.00554182 0.064651 0.506212
36.71 0.00567273 0.0646464 0.506211
36.72 0.00580363 0.0646416 0.50621
36.73 0.00593451 0.0646367 0.506209
36.74 0.00606539 0.0646317 0.506208
36.75 0.00619626 0.0646266 0.506207
36.76 0.00632712 0.0646213 0.506206
36.77 0.00645797 0.064616 0.506205
36.78 0.0065888 0.0646105 0.506204
36.79 0.00671963 0.064605 0.506203
36.8 0.00685044 0.0645993 0.506202
36.81 0.00698124 0.0645935 0.506201
36.82 0.00711203 0.0645877 0.5062
36.83 0.00724281 0.0645817 0.506199
36.84 0.00737357 0.0645755 0.506198
36.85 0.00750432 0.0645693 0.506196
36.86 0.00763506 0.064563 0.506195
36.87 0.00776579 0.0645565 0.506194
36.88 0.0078965 0.06455 0.506193
36.89 0.0080272 0.0645433 0.506191
36.9 0.00815788 0.0645366 0.50619
36.91 0.00828856 0.0645297 0.506189
36.92 0.00841921 0.0645227 0.506187
36.93 0.00854985 0.0645156 0.506186
36.94 0.00868048 0.0645084 0.506185
36.95 0.0088111 0.064501 0.506183
36.96 0.00894169 0.0644936 0.506182
36.97 0.00907227 0.0644861 0.50618
36.98 0.00920284 0.0644784 0.506179
36.99 0.00933339 0.0644707 0.506178
37 0.00946393 0.0644628 0.506176
37.01 0.00959444 0.0644548 0.506174
37.02 0.00972495 0.0644467 0.506173
37.03 0.00985543 0.0644385 0.506171
37.04 0.0099859 0.0644302 0.50617
37.05 0.0101163 0.0644218 0.506168
37.06 0.0102468 0.0644132 0.506167
37.07 0.0103772 0.0644046 0.506165
37.08 0.0105076 0.0643958 0.506163
37.09 0.010638 0.064387 0.506162
37.1 0.0107683 0.064378 0.50616
37.11 0.0108987 0.0643689 0.506158
37.12 0.011029 0.0643597 0.506156
37.13 0.0111593 0.0643504 0.506155
37.14 0.0112896 0.064341 0.506153
37.15 0.0114199 0.0643315 0.506151
37.16 0.0115501 0.0643218 0.506149
37.17 0.0116803 0.0643121 0.506147
37.18 0.0118105 0.0643022 0.506145
37.19 0.0119407 0.0642923 0.506143
37.2 0.0120709 0.0642822 0.506142
37.21 0.012201 0.064272 0.50614
37.22 0.0123311 0.0642617 0.506138
37.23 0.0124612 0.0642513 0.506136
37.24 0.0125913 0.0642408 0.506134
37.25 0.0127214 0.0642302 0.506132
37.26 0.0128514 0.0642195 0.50613
37.27 0.0129814 0.0642086 0.506128
37.28 0.0131114 0.0641977 0.506125
37.29 0.0132414 0.0641866 0.506123
37.3 0.0133713 0.0641754 0.506121
37.31 0.0135013 0.0641642 0.506119
37.32 0.0136312 0.0641528 0.506117
37.33 0.013761 0.0641413 0.506115
37.34 0.0138909 0.0641297 0.506113
37.35 0.0140207 0.0641179 0.50611
37.36 0.0141505 0.0641061 0.506108
37.37 0.0142803 0.0640942 0.506106
37.38 0.01441 0.0640821 0.506104
37.39 0.0145398 0.06407 0.506101
37.4 0.0146695 0.0640577 0.506099
37.41 0.0147992 0.0640453 0.506097
37.42 0.0149288 0.0640329 0.506094
37.43 0.0150584 0.0640203 0.506092
37.44 0.015188 0.0640076 0.506089
37.45 0.0153176 0.0639948 0.506087
37.46 0.0154472 0.0639818 0.506084
37.47 0.0155767 0.0639688 0.506082
37.48 0.0157062 0.0639557 0.50608
37.49 0.0158356 0.0639424 0.506077
37.5 0.0159651 0.0639291 0.506074
37.51 0.0160945 0.0639156 0.506072
37.52 0.0162239 0.063902 0.506069
37.53 0.0163532 0.0638883 0.506067
37.54 0.0164826 0.0638745 0.506064
37.55 0.0166119 0.0638606 0.506062
37.56 0.0167411 0.0638466 0.506059
37.57 0.0168704 0.0638325 0.506056
37.58 0.0169996 0.0638183 0.506053
37.59 0.0171288 0.0638039 0.506051
37.6 0.0172579 0.0637895 0.506048
37.61 0.017387 0.0637749 0.506045
37.62 0.0175161 0.0637603 0.506043
37.63 0.0176452 0.0637455 0.50604
37.64 0.0177742 0.0637306 0.506037
37.65 0.0179032 0.0637156 0.506034
37.66 0.0180322 0.0637005 0.506031
37.67 0.0181611 0.0636853 0.506028
37.68 0.01829 0.06367 0.506025
37.69 0.0184189 0.0636546 0.506023
37.7 0.0185478 0.0636391 0.50602
37.71 0.0186766 0.0636234 0.506017
37.72 0.0188053 0.0636077 0.506014
37.73 0.0189341 0.0635918 0.506011
37.74 0.0190628 0.0635758 0.506008
37.75 0.0191915 0.0635598 0.506005
37.76 0.0193201 0.0635436 0.506002
37.77 0.0194487 0.0635273 0.505999
37.78 0.0195773 0.0635109 0.505995
37.79 0.0197059 0.0634944 0.505992
37.8 0.0198344 0.0634777 0.505989
37.81 0.0199628 0.063461 0.505986
37.82 0.0200913 0.0634442 0.505983
37.83 0.0202197 0.0634272 0.50598
37.84 0.0203481 0.0634102 0.505977
37.85 0.0204764 0.063393 0.505973
37.86 0.0206047 0.0633758 0.50597
37.87 0.020733 0.0633584 0.505967
37.88 0.0208612 0.0633409 0.505964
37.89 0.0209894 0.0633233 0.50596
37.9 0.0211175 0.0633056 0.505957
37.91 0.0212457 0.0632878 0.505954
37.92 0.0213737 0.0632699 0.50595
37.93 0.0215018 0.0632519 0.505947
37.94 0.0216298 0.0632337 0.505943
37.95 0.0217578 0.0632155 0.50594
37.96 0.0218857 0.0631971 0.505937
37.97 0.0220136 0.0631787 0.505933
37.98 0.0221415 0.0631601 0.50593
37.99 0.0222693 0.0631415 0.505926
38 0.0223971 0.0631227 0.505923
38.01 0.0225248 0.0631038 0.505919
38.02 0.0226525 0.0630848 0.505916
38.03 0.0227802 0.0630657 0.505912
38.04 0.0229078 0.0630465 0.505908
38.05 0.0230354 0.0630272 0.505905
38.06 0.0231629 0.0630078 0.505901
38.07 0.0232904 0.0629882 0.505897
38.08 0.0234179 0.0629686 0.505894
38.09 0.0235453 0.0629488 0.50589
38.1 0.0236727 0.062929 0.505886
38.11 0.0238 0.062909 0.505883
38.12 0.0239273 0.062889 0.505879
38.13 0.0240546 0.0628688 0.505875
38.14 0.0241818 0.0628485 0.505871
38.15 0.024309 0.0628281 0.505868
38.16 0.0244361 0.0628076 0.505864
38.17 0.0245632 0.062787 0.50586
38.18 0.0246902 0.0627663 0.505856
38.19 0.0248172 0.0627455 0.505852
38.2 0.0249442 0.0627246 0.505848
38.21 0.0250711 0.0627035 0.505844
38.22 0.025198 0.0626824 0.50584
38.23 0.0253248 0.0626612 0.505837
38.24 0.0254516 0.0626398 0.505833
38.25 0.0255783 0.0626184 0.505829
38.26 0.025705 0.0625968 0.505825
38.27 0.0258317 0.0625751 0.505821
38.28 0.0259583 0.0625533 0.505816
38.29 0.0260849 0.0625315 0.505812
38.3 0.0262114 0.0625095 0.505808
38.31 0.0263378 0.0624874 0.505804
38.32 0.0264643 0.0624652 0.5058
38.33 0.0265906 0.0624429 0.505796
38.34 0.026717 0.0624205 0.505792
38.35 0.0268433 0.0623979 0.505788
38.36 0.0269695 0.0623753 0.505784
38.37 0.0270957 0.0623526 0.505779
38.38 0.0272218 0.0623297 0.505775
38.39 0.0273479 0.0623068 0.505771
38.4 0.027474 0.0622837 0.505767
38.41 0.0276 0.0622606 0.505762
38.42 0.027726 0.0622373 0.505758
38.43 0.0278519 0.0622139 0.505754
38.44 0.0279777 0.0621905 0.505749
38.45 0.0281035 0.0621669 0.505745
38.46 0.0282293 0.0621432 0.505741
38.47 0.028355 0.0621194 0.505736
38.48 0.0284807 0.0620955 0.505732
38.49 0.0286063 0.0620715 0.505727
38.5 0.0287319 0.0620474 0.505723
38.51 0.0288574 0.0620232 0.505719
38.52 0.0289828 0.0619988 0.505714
38.53 0.0291082 0.0619744 0.50571
38.54 0.0292336 0.0619499 0.505705
38.55 0.0293589 0.0619252 0.505701
38.56 0.0294842 0.0619005 0.505696
38.57 0.0296094 0.0618756 0.505691
38.58 0.0297346 0.0618507 0.505687
38.59 0.0298597 0.0618256 0.505682
38.6 0.0299847 0.0618005 0.505678
38.61 0.0301097 0.0617752 0.505673
38.62 0.0302347 0.0617498 0.505668
38.63 0.0303596 0.0617243 0.505664
38.64 0.0304844 0.0616987 0.505659
38.65 0.0306092 0.061673 0.505654
38.66 0.030734 0.0616472 0.50565
38.67 0.0308587 0.0616213 0.505645
38.68 0.0309833 0.0615953 0.50564
38.69 0.0311079 0.0615692 0.505635
38.7 0.0312324 0.061543 0.505631
38.71 0.0313569 0.0615167 0.505626
38.72 0.0314813 0.0614903 0.505621
38.73 0.0316056 0.0614637 0.505616
38.74 0.03173 0.0614371 0.505611
38.75 0.0318542 0.0614104 0.505606
38.76 0.0319784 0.0613835 0.505601
38.77 0.0321025 0.0613566 0.505597
38.78 0.0322266 0.0613295 0.505592
38.79 0.0323507 0.0613024 0.505587
38.8 0.0324746 0.0612751 0.505582
38.81 0.0325986 0.0612477 0.505577
38.82 0.0327224 0.0612203 0.505572
38.83 0.0328462 0.0611927 0.505567
38.84 0.03297 0.061165 0.505562
38.85 0.0330937 0.0611373 0.505557
38.86 0.0332173 0.0611094 0.505552
38.87 0.0333409 0.0610814 0.505547
38.88 0.0334644 0.0610533 0.505541
38.89 0.0335878 0.0610251 0.505536
38.9 0.0337113 0.0609968 0.505531
38.91 0.0338346 0.0609684 0.505526
38.92 0.0339579 0.0609399 0.505521
38.93 0.0340811 0.0609113 0.505516
38.94 0.0342043 0.0608826 0.505511
38.95 0.0343274 0.0608537 0.505505
38.96 0.0344504 0.0608248 0.5055
38.97 0.0345734 0.0607958 0.505495
38.98 0.0346963 0.0607667 0.50549
38.99 0.0348192 0.0607374 0.505484
39 0.034942 0.0607081 0.505479
39.01 0.0350648 0.0606787 0.505474
39.02 0.0351874 0.0606491 0.505468
39.03 0.0353101 0.0606195 0.505463
39.04 0.0354326 0.0605897 0.505458
39.05 0.0355551 0.0605599 0.505452
39.06 0.0356776 0.0605299 0.505447
39.07 0.0358 0.0604999 0.505442
39.08 0.0359223 0.0604697 0.505436
39.09 0.0360445 0.0604395 0.505431
39.1 0.0361667 0.0604091 0.505425
39.11 0.0362888 0.0603786 0.50542
39.12 0.0364109 0.0603481 0.505414
39.13 0.0365329 0.0603174 0.505409
39.14 0.0366549 0.0602866 0.505403
39.15 0.0367767 0.0602557 0.505398
39.16 0.0368985 0.0602248 0.505392
39.17 0.0370203 0.0601937 0.505387
39.18 0.037142 0.0601625 0.505381
39.19 0.0372636 0.0601312 0.505376
39.2 0.0373852 0.0600998 0.50537
39.21 0.0375066 0.0600683 0.505364
39.22 0.0376281 0.0600367 0.505359
39.23 0.0377494 0.060005 0.505353
39.24 0.0378707 0.0599733 0.505347
39.25 0.037992 0.0599414 0.505342
39.26 0.0381131 0.0599094 0.505336
39.27 0.0382342 0.0598773 0.50533
39.28 0.0383552 0.0598451 0.505325
39.29 0.0384762 0.0598128 0.505319
39.3 0.0385971 0.0597804 0.505313
39.31 0.0387179 0.0597478 0.505307
39.32 0.0388387 0.0597152 0.505302
39.33 0.0389594 0.0596825 0.505296
39.34 0.03908 0.0596497 0.50529
39.35 0.0392006 0.0596168 0.505284
39.36 0.0393211 0.0595838 0.505278
39.37 0.0394415 0.0595507 0.505272
39.38 0.0395619 0.0595175 0.505267
39.39 0.0396822 0.0594842 0.505261
39.4 0.0398024 0.0594507 0.505255
39.41 0.0399225 0.0594172 0.505249
39.42 0.0400426 0.0593836 0.505243
39.43 0.0401626 0.0593499 0.505237
39.44 0.0402826 0.0593161 0.505231
39.45 0.0404024 0.0592821 0.505225
39.46 0.0405222 0.0592481 0.505219
39.47 0.040642 0.059214 0.505213
39.48 0.0407616 0.0591798 0.505207
39.49 0.0408812 0.0591455 0.505201
39.5 0.0410008 0.059111 0.505195
39.51 0.0411202 0.0590765 0.505189
39.52 0.0412396 0.0590419 0.505183
39.53 0.0413589 0.0590072 0.505177
39.54 0.0414781 0.0589723 0.505171
39.55 0.0415973 0.0589374 0.505165
39.56 0.0417164 0.0589024 0.505158
39.57 0.0418354 0.0588673 0.505152
39.58 0.0419544 0.0588321 0.505146
39.59 0.0420732 0.0587967 0.50514
39.6 0.042192 0.0587613 0.505134
39.61 0.0423108 0.0587258 0.505128
39.62 0.0424294 0.0586902 0.505121
39.63 0.042548 0.0586545 0.505115
39.64 0.0426665 0.0586186 0.505109
39.65 0.0427849 0.0585827 0.505103
39.66 0.0429033 0.0585467 0.505096
39.67 0.0430216 0.0585106 0.50509
39.68 0.0431398 0.0584744 0.505084
39.69 0.0432579 0.058438 0.505077
39.7 0.043376 0.0584016 0.505071
39.71 0.043494 0.0583651 0.505065
39.72 0.0436119 0.0583285 0.505058
39.73 0.0437297 0.0582918 0.505052
39.74 0.0438475 0.058255 0.505046
39.75 0.0439652 0.0582181 0.505039
39.76 0.0440828 0.0581811 0.505033
39.77 0.0442003 0.058144 0.505027
39.78 0.0443178 0.0581068 0.50502
39.79 0.0444352 0.0580695 0.505014
39.8 0.0445525 0.0580321 0.505007
39.81 0.0446697 0.0579946 0.505001
39.82 0.0447868 0.057957 0.504994
39.83 0.0449039 0.0579193 0.504988
39.84 0.0450209 0.0578815 0.504981
39.85 0.0451378 0.0578436 0.504975
39.86 0.0452547 0.0578056 0.504968
39.87 0.0453714 0.0577675 0.504962
39.88 0.0454881 0.0577293 0.504955
39.89 0.0456047 0.057691 0.504949
39.9 0.0457212 0.0576527 0.504942
39.91 0.0458377 0.0576142 0.504935
39.92 0.045954 0.0575756 0.504929
39.93 0.0460703 0.0575369 0.504922
39.94 0.0461865 0.0574982 0.504916
39.95 0.0463027 0.0574593 0.504909
39.96 0.0464187 0.0574203 0.504902
39.97 0.0465347 0.0573813 0.504896
39.98 0.0466506 0.0573421 0.504889
39.99 0.0467664 0.0573029 0.504882
40 0.0468821 0.0572635 0.504876
40.01 0.0469977 0.0572241 0.504869
40.02 0.0471133 0.0571845 0.504862
40.03 0.0472288 0.0571449 0.504855
40.04 0.0473442 0.0571051 0.504849
40.05 0.0474595 0.0570653 0.504842
40.06 0.0475747 0.0570254 0.504835
40.07 0.0476899 0.0569853 0.504828
40.08 0.047805 0.0569452 0.504822
40.09 0.04792 0.056905 0.504815
40.1 0.0480349 0.0568647 0.504808
40.11 0.0481497 0.0568243 0.504801
40.12 0.0482644 0.0567837 0.504794
40.13 0.0483791 0.0567431 0.504787
40.14 0.0484936 0.0567024 0.504781
40.15 0.0486081 0.0566616 0.504774
40.16 0.0487225 0.0566207 0.504767
40.17 0.0488369 0.0565798 0.50476
40.18 0.0489511 0.0565387 0.504753
40.19 0.0490653 0.0564975 0.504746
40.2 0.0491793 0.0564562 0.504739
40.21 0.0492933 0.0564148 0.504732
40.22 0.0494072 0.0563734 0.504725
40.23 0.049521 0.0563318 0.504718
40.24 0.0496347 0.0562902 0.504711
40.25 0.0497484 0.0562484 0.504704
40.26 0.0498619 0.0562066 0.504697
40.27 0.0499754 0.0561646 0.50469
40.28 0.0500888 0.0561226 0.504683
40.29 0.0502021 0.0560804 0.504676
40.3 0.0503153 0.0560382 0.504669
40.31 0.0504284 0.0559959 0.504662
40.32 0.0505415 0.0559535 0.504655
40.33 0.0506544 0.055911 0.504648
40.34 0.0507673 0.0558684 0.504641
40.35 0.05088 0.0558257 0.504634
40.36 0.0509927 0.0557829 0.504627
40.37 0.0511053 0.05574 0.50462
40.38 0.0512178 0.055697 0.504613
40.39 0.0513303 0.0556539 0.504605
40.4 0.0514426 0.0556108 0.504598
40.41 0.0515548 0.0555675 0.504591
40.42 0.051667 0.0555241 0.504584
40.43 0.0517791 0.0554807 0.504577
40.44 0.051891 0.0554371 0.50457
40.45 0.0520029 0.0553935 0.504562
40.46 0.0521147 0.0553498 0.504555
40.47 0.0522264 0.055306 0.504548
40.48 0.052338 0.055262 0.504541
40.49 0.0524496 0.055218 0.504534
40.5 0.052561 0.0551739 0.504526
40.51 0.0526724 0.0551297 0.504519
40.52 0.0527836 0.0550854 0.504512
40.53 0.0528948 0.0550411 0.504505
40.54 0.0530058 0.0549966 0.504497
40.55 0.0531168 0.054952 0.50449
40.56 0.0532277 0.0549073 0.504483
40.57 0.0533385 0.0548626 0.504475
40.58 0.0534492 0.0548177 0.504468
40.59 0.0535598 0.0547728 0.504461
40.6 0.0536704 0.0547278 0.504453
40.61 0.0537808 0.0546826 0.504446
40.62 0.0538911 0.0546374 0.504439
40.63 0.0540014 0.0545921 0.504431
40.64 0.0541115 0.0545467 0.504424
40.65 0.0542216 0.0545012 0.504417
40.66 0.0543316 0.0544556 0.504409
40.67 0.0544414 0.05441 0.504402
40.68 0.0545512 0.0543642 0.504394
40.69 0.0546609 0.0543183 0.504387
40.7 0.0547705 0.0542724 0.50438
40.71 0.05488 0.0542264 0.504372
40.72 0.0549894 0.0541802 0.504365
40.73 0.0550987 0.054134 0.504357
40.74 0.0552079 0.0540877 0.50435
40.75 0.055317 0.0540413 0.504342
40.76 0.055426 0.0539948 0.504335
40.77 0.055535 0.0539482 0.504327
40.78 0.0556438 0.0539015 0.50432
40.79 0.0557525 0.0538547 0.504312
40.8 0.0558612 0.0538079 0.504305
40.81 0.0559697 0.0537609 0.504297
40.82 0.0560781 0.0537139 0.50429
40.83 0.0561865 0.0536668 0.504282
40.84 0.0562948 0.0536195 0.504275
40.85 0.0564029 0.0535722 0.504267
40.86 0.056511 0.0535248 0.50426
40.87 0.0566189 0.0534773 0.504252
40.88 0.0567268 0.0534297 0.504245
40.89 0.0568346 0.0533821 0.504237
40.9 0.0569422 0.0533343 0.504229
40.91 0.0570498 0.0532864 0.504222
40.92 0.0571573 0.0532385 0.504214
40.93 0.0572646 0.0531905 0.504207
40.94 0.0573719 0.0531423 0.504199
40.95 0.0574791 0.0530941 0.504191
40.96 0.0575862 0.0530458 0.504184
40.97 0.0576932 0.0529974 0.504176
40.98 0.0578 0.052949 0.504168
40.99 0.0579068 0.0529004 0.504161
41 0.0580135 0.0528517 0.504153
41.01 0.0581201 0.052803 0.504145
41.02 0.0582266 0.0527542 0.504138
41.03 0.0583329 0.0527052 0.50413
41.04 0.0584392 0.0526562 0.504122
41.05 0.0585454 0.0526071 0.504115
41.06 0.0586515 0.0525579 0.504107
41.07 0.0587575 0.0525087 0.504099
41.08 0.0588633 0.0524593 0.504092
41.09 0.0589691 0.0524098 0.504084
41.1 0.0590748 0.0523603 0.504076
41.11 0.0591804 0.0523107 0.504068
41.12 0.0592858 0.0522609 0.504061
41.13 0.0593912 0.0522111 0.504053
41.14 0.0594965 0.0521612 0.504045
41.15 0.0596016 0.0521113 0.504037
41.16 0.0597067 0.0520612 0.50403
41.17 0.0598117 0.052011 0.504022
41.18 0.0599165 0.0519608 0.504014
41.19 0.0600213 0.0519105 0.504006
41.2 0.0601259 0.05186 0.503999
41.21 0.0602305 0.0518095 0.503991
41.22 0.0603349 0.0517589 0.503983
41.23 0.0604393 0.0517083 0.503975
41.24 0.0605435 0.0516575 0.503967
41.25 0.0606477 0.0516066 0.50396
41.26 0.0607517 0.0515557 0.503952
41.27 0.0608556 0.0515047 0.503944
41.28 0.0609594 0.0514536 0.503936
41.29 0.0610631 0.0514024 0.503928
41.3 0.0611668 0.0513511 0.50392
41.31 0.0612703 0.0512997 0.503912
41.32 0.0613737 0.0512482 0.503905
41.33 0.061477 0.0511967 0.503897
41.34 0.0615802 0.0511451 0.503889
41.35 0.0616832 0.0510934 0.503881
41.36 0.0617862 0.0510416 0.503873
41.37 0.0618891 0.0509897 0.503865
41.38 0.0619919 0.0509377 0.503857
41.39 0.0620945 0.0508856 0.503849
41.4 0.0621971 0.0508335 0.503842
41.41 0.0622995 0.0507813 0.503834
41.42 0.0624019 0.050729 0.503826
41.43 0.0625041 0.0506766 0.503818
41.44 0.0626062 0.0506241 0.50381
41.45 0.0627083 0.0505715 0.503802
41.46 0.0628102 0.0505188 0.503794
41.47 0.062912 0.0504661 0.503786
41.48 0.0630137 0.0504133 0.503778
41.49 0.0631153 0.0503604 0.50377
41.5 0.0632167 0.0503074 0.503762
41.51 0.0633181 0.0502543 0.503754
41.52 0.0634194 0.0502011 0.503746
41.53 0.0635205 0.0501479 0.503738
41.54 0.0636216 0.0500946 0.50373
41.55 0.0637225 0.0500412 0.503723
41.56 0.0638233 0.0499877 0.503715
41.57 0.0639241 0.0499341 0.503707
41.58 0.0640247 0.0498804 0.503699
41.59 0.0641252 0.0498267 0.503691
41.6 0.0642255 0.0497728 0.503683
41.61 0.0643258 0.0497189 0.503675
41.62 0.064426 0.0496649 0.503667
41.63 0.0645261 0.0496108 0.503659
41.64 0.064626 0.0495567 0.503651
41.65 0.0647258 0.0495024 0.503643
41.66 0.0648256 0.0494481 0.503635
41.67 0.0649252 0.0493937 0.503627
41.68 0.0650247 0.0493392 0.503619
41.69 0.0651241 0.0492846 0.503611
41.7 0.0652234 0.0492299 0.503603
41.71 0.0653225 0.0491752 0.503595
41.72 0.0654216 0.0491204 0.503586
41.73 0.0655205 0.0490655 0.503578
41.74 0.0656194 0.0490105 0.50357
41.75 0.0657181 0.0489554 0.503562
41.76 0.0658167 0.0489002 0.503554
41.77 0.0659152 0.048845 0.503546
41.78 0.0660136 0.0487897 0.503538
41.79 0.0661118 0.0487343 0.50353
41.8 0.06621 0.0486788 0.503522
41.81 0.066308 0.0486232 0.503514
41.82 0.066406 0.0485676 0.503506
41.83 0.0665038 0.0485119 0.503498
41.84 0.0666015 0.0484561 0.50349
41.85 0.0666991 0.0484002 0.503482
41.86 0.0667966 0.0483442 0.503474
41.87 0.0668939 0.0482881 0.503466
41.88 0.0669912 0.048232 0.503458
41.89 0.0670883 0.0481758 0.50345
41.9 0.0671853 0.0481195 0.503441
41.91 0.0672822 0.0480631 0.503433
41.92 0.067379 0.0480067 0.503425
41.93 0.0674757 0.0479501 0.503417
41.94 0.0675722 0.0478935 0.503409
41.95 0.0676687 0.0478368 0.503401
41.96 0.067765 0.0477801 0.503393
41.97 0.0678612 0.0477232 0.503385
41.98 0.0679573 0.0476663 0.503377
41.99 0.0680533 0.0476093 0.503369
42 0.0681491 0.0475522 0.503361
42.01 0.0682449 0.047495 0.503352
42.02 0.0683405 0.0474377 0.503344
42.03 0.068436 0.0473804 0.503336
42.04 0.0685314 0.047323 0.503328
42.05 0.0686267 0.0472655 0.50332
42.06 0.0687218 0.0472079 0.503312
42.07 0.0688169 0.0471503 0.503304
42.08 0.0689118 0.0470926 0.503296
42.09 0.0690066 0.0470348 0.503288
42.1 0.0691013 0.0469769 0.503279
42.11 0.0691959 0.0469189 0.503271
42.12 0.0692903 0.0468609 0.503263
42.13 0.0693846 0.0468028 0.503255
42.14 0.0694789 0.0467446 0.503247
42.15 0.069573 0.0466863 0.503239
42.16 0.0696669 0.0466279 0.503231
42.17 0.0697608 0.0465695 0.503223
42.18 0.0698545 0.046511 0.503214
42.19 0.0699482 0.0464524 0.503206
42.2 0.0700417 0.0463937 0.503198
42.21 0.070135 0.046335 0.50319
42.22 0.0702283 0.0462762 0.503182
42.23 0.0703214 0.0462173 0.503174
42.24 0.0704145 0.0461583 0.503166
42.25 0.0705074 0.0460993 0.503158
42.26 0.0706001 0.0460401 0.503149
42.27 0.0706928 0.0459809 0.503141
42.28 0.0707853 0.0459217 0.503133
42.29 0.0708778 0.0458623 0.503125
42.3 0.0709701 0.0458029 0.503117
42.31 0.0710622 0.0457434 0.503109
42.32 0.0711543 0.0456838 0.503101
42.33 0.0712462 0.0456241 0.503093
42.34 0.071338 0.0455644 0.503084
42.35 0.0714297 0.0455046 0.503076
42.36 0.0715213 0.0454447 0.503068
42.37 0.0716127 0.0453847 0.50306
42.38 0.0717041 0.0453247 0.503052
42.39 0.0717953 0.0452645 0.503044
42.4 0.0718863 0.0452043 0.503036
42.41 0.0719773 0.0451441 0.503028
42.42 0.0720681 0.0450837 0.503019
42.43 0.0721589 0.0450233 0.503011
42.44 0.0722494 0.0449628 0.503003
42.45 0.0723399 0.0449022 0.502995
42.46 0.0724303 0.0448416 0.502987
42.47 0.0725205 0.0447809 0.502979
42.48 0.0726106 0.0447201 0.502971
42.49 0.0727005 0.0446592 0.502963
42.5 0.0727904 0.0445983 0.502955
42.51 0.0728801 0.0445373 0.502946
42.52 0.0729697 0.0444762 0.502938
42.53 0.0730592 0.044415 0.50293
42.54 0.0731485 0.0443538 0.502922
42.55 0.0732378 0.0442924 0.502914
42.56 0.0733269 0.0442311 0.502906
42.57 0.0734158 0.0441696 0.502898
42.58 0.0735047 0.0441081 0.50289
42.59 0.0735934 0.0440465 0.502882
42.6 0.073682 0.0439848 0.502873
42.61 0.0737705 0.043923 0.502865
42.62 0.0738588 0.0438612 0.502857
42.63 0.0739471 0.0437993 0.502849
42.64 0.0740352 0.0437373 0.502841
42.65 0.0741231 0.0436753 0.502833
42.66 0.074211 0.0436132 0.502825
42.67 0.0742987 0.043551 0.502817
42.68 0.0743863 0.0434887 0.502809
42.69 0.0744738 0.0434264 0.502801
42.7 0.0745611 0.043364 0.502792
42.71 0.0746483 0.0433015 0.502784
42.72 0.0747354 0.0432389 0.502776
42.73 0.0748224 0.0431763 0.502768
42.74 0.0749092 0.0431136 0.50276
42.75 0.0749959 0.0430508 0.502752
42.76 0.0750825 0.042988 0.502744
42.77 0.0751689 0.0429251 0.502736
42.78 0.0752552 0.0428621 0.502728
42.79 0.0753414 0.042799 0.50272
42.8 0.0754275 0.0427359 0.502712
42.81 0.0755134 0.0426727 0.502704
42.82 0.0755992 0.0426094 0.502696
42.83 0.0756849 0.0425461 0.502688
42.84 0.0757705 0.0424827 0.50268
42.85 0.0758559 0.0424192 0.502671
42.86 0.0759412 0.0423557 0.502663
42.87 0.0760263 0.042292 0.502655
42.88 0.0761114 0.0422284 0.502647
42.89 0.0761963 0.0421646 0.502639
42.9 0.076281 0.0421008 0.502631
42.91 0.0763657 0.0420369 0.502623
42.92 0.0764502 0.0419729 0.502615
42.93 0.0765346 0.0419088 0.502607
42.94 0.0766188 0.0418447 0.502599
42.95 0.076703 0.0417805 0.502591
42.96 0.076787 0.0417163 0.502583
42.97 0.0768708 0.041652 0.502575
42.98 0.0769546 0.0415876 0.502567
42.99 0.0770382 0.0415231 0.502559
43 0.0771216 0.0414586 0.502551
43.01 0.077205 0.041394 0.502543
43.02 0.0772882 0.0413293 0.502535
43.03 0.0773713 0.0412646 0.502527
43.04 0.0774542 0.0411998 0.502519
43.05 0.077537 0.0411349 0.502511
43.06 0.0776197 0.04107 0.502503
43.07 0.0777023 0.041005 0.502495
43.08 0.0777847 0.0409399 0.502487
43.09 0.077867 0.0408748 0.502479
43.1 0.0779491 0.0408096 0.502471
43.11 0.0780311 0.0407443 0.502463
43.12 0.078113 0.0406789 0.502455
43.13 0.0781948 0.0406135 0.502448
43.14 0.0782764 0.040548 0.50244
43.15 0.0783579 0.0404825 0.502432
43.16 0.0784393 0.0404169 0.502424
43.17 0.0785205 0.0403512 0.502416
43.18 0.0786016 0.0402854 0.502408
43.19 0.0786825 0.0402196 0.5024
43.2 0.0787634 0.0401537 0.502392
43.21 0.0788441 0.0400878 0.502384
43.22 0.0789246 0.0400218 0.502376
43.23 0.079005 0.0399557 0.502368
43.24 0.0790853 0.0398895 0.50236
43.25 0.0791655 0.0398233 0.502353
43.26 0.0792455 0.039757 0.502345
43.27 0.0793254 0.0396907 0.502337
43.28 0.0794051 0.0396243 0.502329
43.29 0.0794848 0.0395578 0.502321
43.3 0.0795642 0.0394913 0.502313
43.31 0.0796436 0.0394247 0.502305
43.32 0.0797228 0.039358 0.502298
43.33 0.0798019 0.0392912 0.50229
43.34 0.0798808 0.0392244 0.502282
43.35 0.0799596 0.0391576 0.502274
43.36 0.0800383 0.0390906 0.502266
43.37 0.0801168 0.0390236 0.502258
43.38 0.0801952 0.0389566 0.502251
43.39 0.0802735 0.0388894 0.502243
43.4 0.0803516 0.0388222 0.502235
43.41 0.0804296 0.038755 0.502227
43.42 0.0805075 0.0386877 0.502219
43.43 0.0805852 0.0386203 0.502212
43.44 0.0806628 0.0385528 0.502204
43.45 0.0807402 0.0384853 0.502196
43.46 0.0808175 0.0384177 0.502188
43.47 0.0808947 0.0383501 0.50218
43.48 0.0809717 0.0382824 0.502173
43.49 0.0810486 0.0382146 0.502165
43.5 0.0811254 0.0381468 0.502157
43.51 0.081202 0.0380789 0.502149
43.52 0.0812785 0.0380109 0.502142
43.53 0.0813548 0.0379429 0.502134
43.54 0.0814311 0.0378748 0.502126
43.55 0.0815071 0.0378067 0.502119
43.56 0.0815831 0.0377384 0.502111
43.57 0.0816589 0.0376702 0.502103
43.58 0.0817345 0.0376018 0.502096
43.59 0.08181 0.0375334 0.502088
43.6 0.0818854 0.037465 0.50208
43.61 0.0819607 0.0373965 0.502072
43.62 0.0820358 0.0373279 0.502065
43.63 0.0821107 0.0372592 0.502057
43.64 0.0821855 0.0371905 0.50205
43.65 0.0822602 0.0371218 0.502042
43.66 0.0823348 0.0370529 0.502034
43.67 0.0824092 0.036984 0.502027
43.68 0.0824835 0.0369151 0.502019
43.69 0.0825576 0.0368461 0.502011
43.7 0.0826316 0.036777 0.502004
43.71 0.0827054 0.0367079 0.501996
43.72 0.0827791 0.0366387 0.501989
43.73 0.0828527 0.0365694 0.501981
43.74 0.0829261 0.0365001 0.501973
43.75 0.0829994 0.0364307 0.501966
43.76 0.0830726 0.0363613 0.501958
43.77 0.0831456 0.0362918 0.501951
43.78 0.0832184 0.0362222 0.501943
43.79 0.0832912 0.0361526 0.501936
43.8 0.0833637 0.0360829 0.501928
43.81 0.0834362 0.0360132 0.501921
43.82 0.0835085 0.0359434 0.501913
43.83 0.0835807 0.0358735 0.501906
43.84 0.0836527 0.0358036 0.501898
43.85 0.0837246 0.0357336 0.501891
43.86 0.0837963 0.0356636 0.501883
43.87 0.0838679 0.0355935 0.501876
43.88 0.0839393 0.0355234 0.501868
43.89 0.0840107 0.0354531 0.501861
43.9 0.0840818 0.0353829 0.501853
43.91 0.0841529 0.0353125 0.501846
43.92 0.0842237 0.0352422 0.501838
43.93 0.0842945 0.0351717 0.501831
43.94 0.0843651 0.0351012 0.501824
43.95 0.0844355 0.0350307 0.501816
43.96 0.0845059 0.03496 0.501809
43.97 0.084576 0.0348894 0.501801
43.98 0.0846461 0.0348186 0.501794
43.99 0.0847159 0.0347478 0.501787
44 0.0847857 0.034677 0.501779
44.01 0.0848553 0.0346061 0.501772
44.02 0.0849248 0.0345351 0.501765
44.03 0.0849941 0.0344641 0.501757
44.04 0.0850632 0.034393 0.50175
44.05 0.0851323 0.0343219 0.501743
44.06 0.0852011 0.0342507 0.501735
44.07 0.0852699 0.0341794 0.501728
44.08 0.0853385 0.0341081 0.501721
44.09 0.0854069 0.0340368 0.501714
44.1 0.0854752 0.0339654 0.501706
44.11 0.0855434 0.0338939 0.501699
44.12 0.0856114 0.0338224 0.501692
44.13 0.0856793 0.0337508 0.501684
44.14 0.085747 0.0336791 0.501677
44.15 0.0858146 0.0336074 0.50167
44.16 0.085882 0.0335357 0.501663
44.17 0.0859493 0.0334639 0.501656
44.18 0.0860165 0.033392 0.501648
44.19 0.0860835 0.0333201 0.501641
44.2 0.0861504 0.0332481 0.501634
44.21 0.0862171 0.0331761 0.501627
44.22 0.0862836 0.033104 0.50162
44.23 0.0863501 0.0330319 0.501613
44.24 0.0864163 0.0329597 0.501606
44.25 0.0864825 0.0328875 0.501598
44.26 0.0865484 0.0328152 0.501591
44.27 0.0866143 0.0327428 0.501584
44.28 0.08668 0.0326704 0.501577
44.29 0.0867455 0.0325979 0.50157
44.3 0.0868109 0.0325254 0.501563
44.31 0.0868762 0.0324528 0.501556
44.32 0.0869413 0.0323802 0.501549
44.33 0.0870063 0.0323076 0.501542
44.34 0.0870711 0.0322348 0.501535
44.35 0.0871357 0.032162 0.501528
44.36 0.0872003 0.0320892 0.501521
44.37 0.0872646 0.0320163 0.501514
44.38 0.0873289 0.0319434 0.501507
44.39 0.0873929 0.0318704 0.5015
44.4 0.0874569 0.0317973 0.501493
44.41 0.0875207 0.0317242 0.501486
44.42 0.0875843 0.0316511 0.501479
44.43 0.0876478 0.0315779 0.501472
44.44 0.0877111 0.0315046 0.501465
44.45 0.0877743 0.0314313 0.501458
44.46 0.0878374 0.031358 0.501451
44.47 0.0879003 0.0312846 0.501444
44.48 0.087963 0.0312111 0.501438
44.49 0.0880256 0.0311376 0.501431
44.5 0.0880881 0.031064 0.501424
44.51 0.0881504 0.0309904 0.501417
44.52 0.0882125 0.0309167 0.50141
44.53 0.0882745 0.030843 0.501403
44.54 0.0883364 0.0307692 0.501397
44.55 0.0883981 0.0306954 0.50139
44.56 0.0884597 0.0306216 0.501383
44.57 0.0885211 0.0305476 0.501376
44.58 0.0885823 0.0304737 0.501369
44.59 0.0886435 0.0303996 0.501363
44.6 0.0887044 0.0303256 0.501356
44.61 0.0887652 0.0302515 0.501349
44.62 0.0888259 0.0301773 0.501342
44.63 0.0888864 0.0301031 0.501336
44.64 0.0889468 0.0300288 0.501329
44.65 0.089007 0.0299545 0.501322
44.66 0.0890671 0.0298801 0.501316
44.67 0.089127 0.0298057 0.501309
44.68 0.0891868 0.0297312 0.501302
44.69 0.0892464 0.0296567 0.501296
44.7 0.0893058 0.0295821 0.501289
44.71 0.0893652 0.0295075 0.501283
44.72 0.0894243 0.0294329 0.501276
44.73 0.0894833 0.0293582 0.501269
44.74 0.0895422 0.0292834 0.501263
44.75 0.0896009 0.0292086 0.501256
44.76 0.0896595 0.0291337 0.50125
44.77 0.0897179 0.0290588 0.501243
44.78 0.0897762 0.0289839 0.501237
44.79 0.0898343 0.0289089 0.50123
44.8 0.0898922 0.0288338 0.501224
44.81 0.08995 0.0287587 0.501217
44.82 0.0900077 0.0286836 0.501211
44.83 0.0900652 0.0286084 0.501204
44.84 0.0901226 0.0285332 0.501198
44.85 0.0901798 0.0284579 0.501191
44.86 0.0902368 0.0283826 0.501185
44.87 0.0902937 0.0283072 0.501179
44.88 0.0903505 0.0282318 0.501172
44.89 0.0904071 0.0281563 0.501166
44.9 0.0904635 0.0280808 0.501159
44.91 0.0905198 0.0280052 0.501153
44.92 0.0905759 0.0279296 0.501147
44.93 0.0906319 0.027854 0.50114
44.94 0.0906877 0.0277783 0.501134
44.95 0.0907434 0.0277025 0.501128
44.96 0.090799 0.0276267 0.501122
44.97 0.0908543 0.0275509 0.501115
44.98 0.0909096 0.027475 0.501109
44.99 0.0909646 0.0273991 0.501103
45 0.0910196 0.0273231 0.501097
45.01 0.0910743 0.0272471 0.50109
45.02 0.0911289 0.027171 0.501084
45.03 0.0911834 0.0270949 0.501078
45.04 0.0912377 0.0270188 0.501072
45.05 0.0912919 0.0269426 0.501066
45.06 0.0913459 0.0268664 0.501059
45.07 0.0913997 0.0267901 0.501053
45.08 0.0914534 0.0267137 0.501047
45.09 0.0915069 0.0266374 0.501041
45.1 0.0915603 0.026561 0.501035
45.11 0.0916135 0.0264845 0.501029
45.12 0.0916666 0.026408 0.501023
45.13 0.0917196 0.0263315 0.501017
45.14 0.0917723 0.0262549 0.501011
45.15 0.0918249 0.0261782 0.501005
45.16 0.0918774 0.0261016 0.500999
45.17 0.0919297 0.0260248 0.500993
45.18 0.0919819 0.0259481 0.500987
45.19 0.0920339 0.0258713 0.500981
45.2 0.0920857 0.0257944 0.500975
45.21 0.0921374 0.0257175 0.500969
45.22 0.0921889 0.0256406 0.500963
45.23 0.0922403 0.0255636 0.500957
45.24 0.0922915 0.0254866 0.500951
45.25 0.0923426 0.0254096 0.500945
45.26 0.0923935 0.0253325 0.500939
45.27 0.0924443 0.0252553 0.500934
45.28 0.0924949 0.0251782 0.500928
45.29 0.0925453 0.0251009 0.500922
45.3 0.0925956 0.0250237 0.500916
45.31 0.0926458 0.0249464 0.50091
45.32 0.0926957 0.024869 0.500905
45.33 0.0927456 0.0247916 0.500899
45.34 0.0927952 0.0247142 0.500893
45.35 0.0928448 0.0246367 0.500887
45.36 0.0928941 0.0245592 0.500882
45.37 0.0929433 0.0244817 0.500876
45.38 0.0929924 0.0244041 0.50087
45.39 0.0930413 0.0243265 0.500865
45.4 0.09309 0.0242488 0.500859
45.41 0.0931386 0.0241711 0.500853
45.42 0.093187 0.0240933 0.500848
45.43 0.0932353 0.0240156 0.500842
45.44 0.0932834 0.0239377 0.500836
45.45 0.0933314 0.0238599 0.500831
45.46 0.0933792 0.023782 0.500825
45.47 0.0934268 0.023704 0.50082
45.48 0.0934743 0.023626 0.500814
45.49 0.0935216 0.023548 0.500809
45.5 0.0935688 0.0234699 0.500803
45.51 0.0936158 0.0233918 0.500798
45.52 0.0936627 0.0233137 0.500792
45.53 0.0937094 0.0232355 0.500787
45.54 0.0937559 0.0231573 0.500781
45.55 0.0938023 0.0230791 0.500776
45.56 0.0938485 0.0230008 0.50077
45.57 0.0938946 0.0229224 0.500765
45.58 0.0939405 0.0228441 0.50076
45.59 0.0939863 0.0227657 0.500754
45.6 0.0940319 0.0226872 0.500749
45.61 0.0940773 0.0226088 0.500744
45.62 0.0941226 0.0225302 0.500738
45.63 0.0941677 0.0224517 0.500733
45.64 0.0942127 0.0223731 0.500728
45.65 0.0942575 0.0222945 0.500722
45.66 0.0943022 0.0222158 0.500717
45.67 0.0943466 0.0221371 0.500712
45.68 0.094391 0.0220584 0.500707
45.69 0.0944352 0.0219796 0.500701
45.7 0.0944792 0.0219008 0.500696
45.71 0.094523 0.021822 0.500691
45.72 0.0945668 0.0217431 0.500686
45.73 0.0946103 0.0216642 0.500681
45.74 0.0946537 0.0215852 0.500676
45.75 0.0946969 0.0215062 0.500671
45.76 0.09474 0.0214272 0.500666
45.77 0.0947829 0.0213482 0.50066
45.78 0.0948256 0.0212691 0.500655
45.79 0.0948682 0.02119 0.50065
45.8 0.0949107 0.0211108 0.500645
45.81 0.094953 0.0210316 0.50064
45.82 0.0949951 0.0209524 0.500635
45.83 0.095037 0.0208731 0.50063
45.84 0.0950788 0.0207938 0.500625
45.85 0.0951205 0.0207145 0.50062
45.86 0.0951619 0.0206351 0.500616
45.87 0.0952033 0.0205557 0.500611
45.88 0.0952444 0.0204763 0.500606
45.89 0.0952854 0.0203968 0.500601
45.9 0.0953263 0.0203173 0.500596
45.91 0.095367 0.0202378 0.500591
45.92 0.0954075 0.0201582 0.500586
45.93 0.0954478 0.0200786 0.500581
45.94 0.095488 0.019999 0.500577
45.95 0.0955281 0.0199193 0.500572
45.96 0.095568 0.0198396 0.500567
45.97 0.0956077 0.0197599 0.500562
45.98 0.0956473 0.0196801 0.500558
45.99 0.0956867 0.0196003 0.500553
46 0.0957259 0.0195205 0.500548
46.01 0.095765 0.0194407 0.500544
46.02 0.0958039 0.0193608 0.500539
46.03 0.0958427 0.0192808 0.500534
46.04 0.0958813 0.0192009 0.50053
46.05 0.0959197 0.0191209 0.500525
46.06 0.095958 0.0190409 0.500521
46.07 0.0959961 0.0189608 0.500516
46.08 0.0960341 0.0188808 0.500511
46.09 0.0960719 0.0188006 0.500507
46.1 0.0961095 0.0187205 0.500502
46.11 0.096147 0.0186403 0.500498
46.12 0.0961843 0.0185601 0.500493
46.13 0.0962215 0.0184799 0.500489
46.14 0.0962585 0.0183996 0.500484
46.15 0.0962953 0.0183193 0.50048
46.16 0.096332 0.018239 0.500476
46.17 0.0963685 0.0181587 0.500471
46.18 0.0964049 0.0180783 0.500467
46.19 0.096441 0.0179979 0.500463
46.2 0.0964771 0.0179174 0.500458
46.21 0.0965129 0.017837 0.500454
46.22 0.0965486 0.0177565 0.50045
46.23 0.0965842 0.0176759 0.500445
46.24 0.0966196 0.0175954 0.500441
46.25 0.0966548 0.0175148 0.500437
46.26 0.0966899 0.0174342 0.500433
46.27 0.0967248 0.0173535 0.500428
46.28 0.0967595 0.0172728 0.500424
46.29 0.0967941 0.0171921 0.50042
46.3 0.0968285 0.0171114 0.500416
46.31 0.0968627 0.0170307 0.500412
46.32 0.0968968 0.0169499 0.500408
46.33 0.0969307 0.0168691 0.500403
46.34 0.0969645 0.0167882 0.500399
46.35 0.0969981 0.0167073 0.500395
46.36 0.0970316 0.0166265 0.500391
46.37 0.0970648 0.0165455 0.500387
46.38 0.097098 0.0164646 0.500383
46.39 0.0971309 0.0163836 0.500379
46.4 0.0971637 0.0163026 0.500375
46.41 0.0971963 0.0162216 0.500371
46.42 0.0972288 0.0161405 0.500367
46.43 0.0972611 0.0160594 0.500363
46.44 0.0972932 0.0159783 0.500359
46.45 0.0973252 0.0158972 0.500356
46.46 0.097357 0.015816 0.500352
46.47 0.0973887 0.0157348 0.500348
46.48 0.0974202 0.0156536 0.500344
46.49 0.0974515 0.0155724 0.50034
46.5 0.0974827 0.0154911 0.500336
46.51 0.0975137 0.0154098 0.500333
46.52 0.0975445 0.0153285 0.500329
46.53 0.0975752 0.0152472 0.500325
46.54 0.0976057 0.0151658 0.500321
46.55 0.0976361 0.0150844 0.500318
46.56 0.0976663 0.015003 0.500314
46.57 0.0976963 0.0149216 0.50031
46.58 0.0977261 0.0148401 0.500307
46.59 0.0977558 0.0147586 0.500303
46.6 0.0977854 0.0146771 0.500299
46.61 0.0978147 0.0145956 0.500296
46.62 0.097844 0.014514 0.500292
46.63 0.097873 0.0144324 0.500289
46.64 0.0979019 0.0143508 0.500285
46.65 0.0979306 0.0142692 0.500282
46.66 0.0979592 0.0141875 0.500278
46.67 0.0979875 0.0141058 0.500275
46.68 0.0980158 0.0140241 0.500271
46.69 0.0980438 0.0139424 0.500268
46.7 0.0980717 0.0138607 0.500264
46.71 0.0980995 0.0137789 0.500261
46.72 0.098127 0.0136971 0.500258
46.73 0.0981545 0.0136153 0.500254
46.74 0.0981817 0.0135335 0.500251
46.75 0.0982088 0.0134516 0.500248
46.76 0.0982357 0.0133697 0.500244
46.77 0.0982624 0.0132878 0.500241
46.78 0.098289 0.0132059 0.500238
46.79 0.0983155 0.0131239 0.500235
46.8 0.0983417 0.013042 0.500231
46.81 0.0983678 0.01296 0.500228
46.82 0.0983937 0.012878 0.500225
46.83 0.0984195 0.0127959 0.500222
46.84 0.0984451 0.0127139 0.500219
46.85 0.0984706 0.0126318 0.500215
46.86 0.0984958 0.0125497 0.500212
46.87 0.0985209 0.0124676 0.500209
46.88 0.0985459 0.0123855 0.500206
46.89 0.0985707 0.0123033 0.500203
46.9 0.0985953 0.0122211 0.5002
46.91 0.0986197 0.0121389 0.500197
46.92 0.098644 0.0120567 0.500194
46.93 0.0986681 0.0119745 0.500191
46.94 0.0986921 0.0118922 0.500188
46.95 0.0987159 0.01181 0.500185
46.96 0.0987395 0.0117277 0.500182
46.97 0.098763 0.0116454 0.500179
46.98 0.0987863 0.011563 0.500177
46.99 0.0988094 0.0114807 0.500174
47 0.0988324 0.0113983 0.500171
47.01 0.0988552 0.0113159 0.500168
47.02 0.0988778 0.0112335 0.500165
47.03 0.0989003 0.0111511 0.500163
47.04 0.0989226 0.0110686 0.50016
47.05 0.0989448 0.0109862 0.500157
47.06 0.0989667 0.0109037 0.500154
47.07 0.0989886 0.0108212 0.500152
47.08 0.0990102 0.0107387 0.500149
47.09 0.0990317 0.0106561 0.500146
47.1 0.099053 0.0105736 0.500144
47.11 0.0990742 0.010491 0.500141
47.12 0.0990952 0.0104084 0.500138
47.13 0.099116 0.0103258 0.500136
47.14 0.0991366 0.0102432 0.500133
47.15 0.0991571 0.0101606 0.500131
47.16 0.0991774 0.0100779 0.500128
47.17 0.0991976 0.00999527 0.500126
47.18 0.0992176 0.00991258 0.500123
47.19 0.0992374 0.00982988 0.500121
47.2 0.0992571 0.00974716 0.500118
47.21 0.0992766 0.00966443 0.500116
47.22 0.0992959 0.00958168 0.500114
47.23 0.0993151 0.00949891 0.500111
47.24 0.0993341 0.00941613 0.500109
47.25 0.0993529 0.00933334 0.500106
47.26 0.0993716 0.00925052 0.500104
47.27 0.0993901 0.0091677 0.500102
47.28 0.0994085 0.00908485 0.5001
47.29 0.0994266 0.009002 0.500097
47.3 0.0994446 0.00891913 0.500095
47.31 0.0994625 0.00883624 0.500093
47.32 0.0994802 0.00875334 0.500091
47.33 0.0994977 0.00867042 0.500088
47.34 0.099515 0.00858749 0.500086
47.35 0.0995322 0.00850455 0.500084
47.36 0.0995492 0.00842159 0.500082
47.37 0.099566 0.00833862 0.50008
47.38 0.0995827 0.00825564 0.500078
47.39 0.0995992 0.00817264 0.500076
47.4 0.0996156 0.00808963 0.500074
47.41 0.0996318 0.0080066 0.500072
47.42 0.0996478 0.00792356 0.50007
47.43 0.0996636 0.00784051 0.500068
47.44 0.0996793 0.00775745 0.500066
47.45 0.0996948 0.00767437 0.500064
47.46 0.0997102 0.00759128 0.500062
47.47 0.0997254 0.00750818 0.50006
47.48 0.0997404 0.00742506 0.500058
47.49 0.0997552 0.00734194 0.500056
47.5 0.0997699 0.0072588 0.500055
47.51 0.0997844 0.00717565 0.500053
47.52 0.0997988 0.00709249 0.500051
47.53 0.099813 0.00700931 0.500049
47.54 0.099827 0.00692613 0.500047
47.55 0.0998409 0.00684293 0.500046
47.56 0.0998545 0.00675972 0.500044
47.57 0.0998681 0.0066765 0.500042
47.58 0.0998814 0.00659327 0.500041
47.59 0.0998946 0.00651003 0.500039
47.6 0.0999076 0.00642678 0.500037
47.61 0.0999205 0.00634351 0.500036
47.62 0.0999332 0.00626024 0.500034
47.63 0.0999457 0.00617696 0.500033
47.64 0.099958 0.00609366 0.500031
47.65 0.0999702 0.00601036 0.50003
47.66 0.0999823 0.00592705 0.500028
47.67 0.0999941 0.00584372 0.500027
47.68 0.100006 0.00576039 0.500025
47.69 0.100017 0.00567705 0.500024
47.7 0.100029 0.0055937 0.500022
47.71 0.10004 0.00551034 0.500021
47.72 0.100051 0.00542697 0.500019
47.73 0.100062 0.00534359 0.500018
47.74 0.100072 0.0052602 0.500017
47.75 0.100083 0.0051768 0.500015
47.76 0.100093 0.0050934 0.500014
47.77 0.100103 0.00500999 0.500013
47.78 0.100114 0.00492656 0.500012
47.79 0.100123 0.00484313 0.50001
47.8 0.100133 0.0047597 0.500009
47.81 0.100143 0.00467625 0.500008
47.82 0.100152 0.0045928 0.500007
47.83 0.100161 0.00450934 0.500006
47.84 0.10017 0.00442587 0.500005
47.85 0.100179 0.00434239 0.500003
47.86 0.100188 0.00425891 0.500002
47.87 0.100196 0.00417542 0.500001
47.88 0.100205 0.00409192 0.5
47.89 0.100213 0.00400842 0.499999
47.9 0.100221 0.00392491 0.499998
47.91 0.100229 0.00384139 0.499997
47.92 0.100236 0.00375787 0.499996
47.93 0.100244 0.00367434 0.499995
47.94 0.100251 0.0035908 0.499994
47.95 0.100258 0.00350726 0.499994
47.96 0.100265 0.00342371 0.499993
47.97 0.100272 0.00334016 0.499992
47.98 0.100279 0.0032566 0.499991
47.99 0.100285 0.00317304 0.49999
48 0.100292 0.00308947 0.499989
48.01 0.100298 0.00300589 0.499989
48.02 0.100304 0.00292231 0.499988
48.03 0.10031 0.00283873 0.499987
48.04 0.100315 0.00275514 0.499986
48.05 0.100321 0.00267154 0.499986
48.06 0.100326 0.00258795 0.499985
48.07 0.100331 0.00250434 0.499984
48.08 0.100336 0.00242074 0.499984
48.09 0.100341 0.00233712 0.499983
48.1 0.100346 0.00225351 0.499983
48.11 0.10035 0.00216989 0.499982
48.12 0.100355 0.00208627 0.499981
48.13 0.100359 0.00200264 0.499981
48.14 0.100363 0.00191901 0.49998
48.15 0.100367 0.00183538 0.49998
48.16 0.100371 0.00175175 0.499979
48.17 0.100374 0.00166811 0.499979
48.18 0.100377 0.00158447 0.499979
48.19 0.100381 0.00150082 0.499978
48.2 0.100384 0.00141717 0.499978
48.21 0.100386 0.00133353 0.499977
48.22 0.100389 0.00124987 0.499977
48.23 0.100392 0.00116622 0.499977
48.24 0.100394 0.00108256 0.499977
48.25 0.100396 0.000998907 0.499976
48.26 0.100398 0.000915247 0.499976
48.27 0.1004 0.000831586 0.499976
48.28 0.100402 0.000747924 0.499976
48.29 0.100403 0.00066426 0.499975
48.3 0.100404 0.000580595 0.499975
48.31 0.100405 0.000496929 0.499975
48.32 0.100406 0.000413262 0.499975
48.33 0.100407 0.000329594 0.499975
48.34 0.100408 0.000245925 0.499975
48.35 0.100408 0.000162256 0.499975
48.36 0.100409 7.85868e-05 0.499975
48.37 0.100409 -5.08296e-06 0.499975
48.38 0.100409 -8.87528e-05 0.499975
48.39 0.100409 -0.000172423 0.499975
48.4 0.100408 -0.000256092 0.499975
48.41 0.100408 -0.000339762 0.499975
48.42 0.100407 -0.000423431 0.499975
48.43 0.100406 -0.000507099 0.499975
48.44 0.100405 -0.000590767 0.499975
48.45 0.100404 -0.000674434 0.499975
48.46 0.100403 -0.0007581 0.499975
48.47 0.100401 -0.000841765 0.499976
48.48 0.1004 -0.000925429 0.499976
48.49 0.100398 -0.00100909 0.499976
48.5 0.100396 -0.00109275 0.499976
48.51 0.100394 -0.00117641 0.499977
48.52 0.100391 -0.00126007 0.499977
48.53 0.100389 -0.00134372 0.499977
48.54 0.100386 -0.00142738 0.499978
48.55 0.100383 -0.00151103 0.499978
48.56 0.10038 -0.00159468 0.499978
48.57 0.100377 -0.00167832 0.499979
48.58 0.100374 -0.00176197 0.499979
48.59 0.10037 -0.00184561 0.49998
48.6 0.100366 -0.00192925 0.49998
48.61 0.100363 -0.00201288 0.49998
48.62 0.100358 -0.00209651 0.499981
48.63 0.100354 -0.00218014 0.499981
48.64 0.10035 -0.00226377 0.499982
48.65 0.100345 -0.00234739 0.499983
48.66 0.100341 -0.00243101 0.499983
48.67 0.100336 -0.00251462 0.499984
48.68 0.100331 -0.00259823 0.499984
48.69 0.100326 -0.00268184 0.499985
48.7 0.10032 -0.00276544 0.499986
48.71 0.100315 -0.00284904 0.499986
48.72 0.100309 -0.00293263 0.499987
48.73 0.100303 -0.00301622 0.499988
48.74 0.100297 -0.00309981 0.499989
48.75 0.100291 -0.00318339 0.499989
48.76 0.100285 -0.00326696 0.49999
48.77 0.100278 -0.00335053 0.499991
48.78 0.100271 -0.00343409 0.499992
48.79 0.100264 -0.00351765 0.499993
48.8 0.100257 -0.0036012 0.499994
48.81 0.10025 -0.00368475 0.499995
48.82 0.100243 -0.00376829 0.499995
48.83 0.100235 -0.00385183 0.499996
48.84 0.100228 -0.00393535 0.499997
48.85 0.10022 -0.00401888 0.499998
48.86 0.100212 -0.00410239 0.499999
48.87 0.100204 -0.0041859 0.5
48.88 0.100195 -0.00426941 0.500001
48.89 0.100187 -0.0043529 0.500003
48.9 0.100178 -0.00443639 0.500004
48.91 0.100169 -0.00451987 0.500005
48.92 0.10016 -0.00460335 0.500006
48.93 0.100151 -0.00468682 0.500007
48.94 0.100141 -0.00477028 0.500008
48.95 0.100132 -0.00485373 0.500009
48.96 0.100122 -0.00493717 0.500011
48.97 0.100112 -0.00502061 0.500012
48.98 0.100102 -0.00510404 0.500013
48.99 0.100092 -0.00518746 0.500014
49 0.100082 -0.00527087 0.500016
49.01 0.100071 -0.00535428 0.500017
49.02 0.10006 -0.00543767 0.500018
49.03 0.10005 -0.00552106 0.50002
49.04 0.100038 -0.00560444 0.500021
49.05 0.100027 -0.00568781 0.500022
49.06 0.100016 -0.00577116 0.500024
49.07 0.100004 -0.00585452 0.500025
49.08 0.0999926 -0.00593786 0.500027
49.09 0.0999808 -0.00602119 0.500028
49.1 0.0999687 -0.00610451 0.50003
49.11 0.0999565 -0.00618782 0.500031
49.12 0.0999441 -0.00627112 0.500033
49.13 0.0999316 -0.00635442 0.500034
49.14 0.0999189 -0.0064377 0.500036
49.15 0.099906 -0.00652097 0.500038
49.16 0.099893 -0.00660423 0.500039
49.17 0.0998798 -0.00668748 0.500041
49.18 0.0998664 -0.00677072 0.500043
49.19 0.0998528 -0.00685395 0.500044
49.2 0.0998391 -0.00693717 0.500046
49.21 0.0998253 -0.00702038 0.500048
49.22 0.0998112 -0.00710357 0.500049
49.23 0.099797 -0.00718676 0.500051
49.24 0.0997826 -0.00726993 0.500053
49.25 0.0997681 -0.00735309 0.500055
49.26 0.0997534 -0.00743624 0.500057
49.27 0.0997385 -0.00751938 0.500058
49.28 0.0997235 -0.0076025 0.50006
49.29 0.0997083 -0.00768561 0.500062
49.3 0.0996929 -0.00776872 0.500064
49.31 0.0996773 -0.0078518 0.500066
49.32 0.0996616 -0.00793488 0.500068
49.33 0.0996458 -0.00801794 0.50007
49.34 0.0996297 -0.00810099 0.500072
49.35 0.0996135 -0.00818403 0.500074
49.36 0.0995972 -0.00826705 0.500076
49.37 0.0995806 -0.00835006 0.500078
49.38 0.0995639 -0.00843306 0.50008
49.39 0.099547 -0.00851604 0.500082
49.4 0.09953 -0.00859901 0.500084
49.41 0.0995128 -0.00868197 0.500087
49.42 0.0994954 -0.00876491 0.500089
49.43 0.0994779 -0.00884784 0.500091
49.44 0.0994602 -0.00893075 0.500093
49.45 0.0994423 -0.00901365 0.500095
49.46 0.0994243 -0.00909653 0.500098
49.47 0.0994061 -0.0091794 0.5001
49.48 0.0993878 -0.00926226 0.500102
49.49 0.0993692 -0.0093451 0.500104
49.5 0.0993505 -0.00942792 0.500107
49.51 0.0993317 -0.00951073 0.500109
49.52 0.0993126 -0.00959353 0.500111
49.53 0.0992935 -0.00967631 0.500114
49.54 0.0992741 -0.00975907 0.500116
49.55 0.0992546 -0.00984182 0.500119
49.56 0.0992349 -0.00992455 0.500121
49.57 0.099215 -0.0100073 0.500124
49.58 0.099195 -0.01009 0.500126
49.59 0.0991748 -0.0101726 0.500129
49.6 0.0991545 -0.0102553 0.500131
49.61 0.099134 -0.010338 0.500134
49.62 0.0991133 -0.0104206 0.500136
49.63 0.0990924 -0.0105032 0.500139
49.64 0.0990714 -0.0105858 0.500141
49.65 0.0990502 -0.0106684 0.500144
49.66 0.0990289 -0.010751 0.500147
49.67 0.0990074 -0.0108335 0.500149
49.68 0.0989857 -0.010916 0.500152
49.69 0.0989639 -0.0109986 0.500155
49.7 0.0989419 -0.0110811 0.500157
49.71 0.0989197 -0.0111635 0.50016
49.72 0.0988974 -0.011246 0.500163
49.73 0.0988749 -0.0113284 0.500166
49.74 0.0988522 -0.0114109 0.500168
49.75 0.0988294 -0.0114933 0.500171
49.76 0.0988064 -0.0115756 0.500174
49.77 0.0987832 -0.011658 0.500177
49.78 0.0987599 -0.0117404 0.50018
49.79 0.0987364 -0.0118227 0.500183
49.8 0.0987128 -0.011905 0.500186
49.81 0.0986889 -0.0119873 0.500189
49.82 0.098665 -0.0120696 0.500192
49.83 0.0986408 -0.0121518 0.500195
49.84 0.0986165 -0.012234 0.500198
49.85 0.098592 -0.0123163 0.500201
49.86 0.0985674 -0.0123985 0.500204
49.87 0.0985426 -0.0124806 0.500207
49.88 0.0985176 -0.0125628 0.50021
49.89 0.0984925 -0.0126449 0.500213
49.9 0.0984672 -0.012727 0.500216
49.91 0.0984417 -0.0128091 0.500219
49.92 0.0984161 -0.0128912 0.500222
49.93 0.0983903 -0.0129732 0.500225
49.94 0.0983643 -0.0130553 0.500229
49.95 0.0983382 -0.0131373 0.500232
49.96 0.0983119 -0.0132193 0.500235
49.97 0.0982855 -0.0133012 0.500238
49.98 0.0982588 -0.0133832 0.500242
49.99 0.0982321 -0.0134651 0.500245
50 0.0982051 -0.013547 0.500248
50.01 0.098178 -0.0136289 0.500251
50.02 0.0981507 -0.0137107 0.500255
50.03 0.0981233 -0.0137926 0.500258
50.04 0.0980957 -0.0138744 0.500262
50.05 0.0980679 -0.0139562 0.500265
50.06 0.09804 -0.0140379 0.500268
50.07 0.0980119 -0.0141197 0.500272
50.08 0.0979837 -0.0142014 0.500275
50.09 0.0979552 -0.0142831 0.500279
50.1 0.0979267 -0.0143648 0.500282
50.11 0.0978979 -0.0144464 0.500286
50.12 0.097869 -0.014528 0.500289
50.13 0.0978399 -0.0146096 0.500293
50.14 0.0978107 -0.0146912 0.500296
50.15 0.0977813 -0.0147728 0.5003
50.16 0.0977517 -0.0148543 0.500304
50.17 0.097722 -0.0149358 0.500307
50.18 0.0976921 -0.0150173 0.500311
50.19 0.0976621 -0.0150988 0.500315
50.2 0.0976319 -0.0151802 0.500318
50.21 0.0976015 -0.0152616 0.500322
50.22 0.0975709 -0.015343 0.500326
50.23 0.0975402 -0.0154244 0.500329
50.24 0.0975094 -0.0155057 0.500333
50.25 0.0974783 -0.015587 0.500337
50.26 0.0974471 -0.0156683 0.500341
50.27 0.0974158 -0.0157496 0.500345
50.28 0.0973842 -0.0158308 0.500348
50.29 0.0973526 -0.015912 0.500352
50.3 0.0973207 -0.0159932 0.500356
50.31 0.0972887 -0.0160744 0.50036
50.32 0.0972565 -0.0161555 0.500364
50.33 0.0972242 -0.0162366 0.500368
50.34 0.0971917 -0.0163177 0.500372
50.35 0.097159 -0.0163987 0.500376
50.36 0.0971262 -0.0164798 0.50038
50.37 0.0970932 -0.0165608 0.500384
50.38 0.0970601 -0.0166417 0.500388
50.39 0.0970268 -0.0167227 0.500392
50.4 0.0969933 -0.0168036 0.500396
50.41 0.0969597 -0.0168845 0.5004
50.42 0.0969259 -0.0169653 0.500404
50.43 0.0968919 -0.0170462 0.500408
50.44 0.0968578 -0.017127 0.500412
50.45 0.0968235 -0.0172078 0.500416
50.46 0.0967891 -0.0172885 0.500421
50.47 0.0967545 -0.0173693 0.500425
50.48 0.0967197 -0.01745 0.500429
50.49 0.0966848 -0.0175306 0.500433
50.5 0.0966497 -0.0176113 0.500437
50.51 0.0966144 -0.0176919 0.500442
50.52 0.096579 -0.0177725 0.500446
50.53 0.0965434 -0.017853 0.50045
50.54 0.0965077 -0.0179335 0.500455
50.55 0.0964718 -0.018014 0.500459
50.56 0.0964357 -0.0180945 0.500463
50.57 0.0963995 -0.0181749 0.500468
50.58 0.0963631 -0.0182553 0.500472
50.59 0.0963266 -0.0183357 0.500476
50.6 0.0962899 -0.0184161 0.500481
50.61 0.096253 -0.0184964 0.500485
50.62 0.096216 -0.0185767 0.50049
50.63 0.0961788 -0.0186569 0.500494
50.64 0.0961414 -0.0187372 0.500499
50.65 0.0961039 -0.0188174 0.500503
50.66 0.0960663 -0.0188975 0.500508
50.67 0.0960284 -0.0189777 0.500512
50.68 0.0959904 -0.0190578 0.500517
50.69 0.0959523 -0.0191378 0.500521
50.7 0.095914 -0.0192179 0.500526
50.71 0.0958755 -0.0192979 0.500531
50.72 0.0958368 -0.0193779 0.500535
50.73 0.0957981 -0.0194578 0.50054
50.74 0.0957591 -0.0195378 0.500545
50.75 0.09572 -0.0196176 0.500549
50.76 0.0956807 -0.0196975 0.500554
50.77 0.0956413 -0.0197773 0.500559
50.78 0.0956017 -0.0198571 0.500563
50.79 0.0955619 -0.0199369 0.500568
50.8 0.095522 -0.0200166 0.500573
50.81 0.0954819 -0.0200963 0.500578
50.82 0.0954417 -0.0201759 0.500582
50.83 0.0954013 -0.0202556 0.500587
50.84 0.0953607 -0.0203352 0.500592
50.85 0.09532 -0.0204147 0.500597
50.86 0.0952791 -0.0204943 0.500602
50.87 0.0952381 -0.0205737 0.500607
50.88 0.0951969 -0.0206532 0.500612
50.89 0.0951555 -0.0207326 0.500616
50.9 0.095114 -0.020812 0.500621
50.91 0.0950723 -0.0208914 0.500626
50.92 0.0950305 -0.0209707 0.500631
50.93 0.0949885 -0.02105 0.500636
50.94 0.0949463 -0.0211293 0.500641
50.95 0.094904 -0.0212085 0.500646
50.96 0.0948616 -0.0212877 0.500651
50.97 0.0948189 -0.0213668 0.500656
50.98 0.0947761 -0.021446 0.500661
50.99 0.0947332 -0.021525 0.500667
51 0.0946901 -0.0216041 0.500672
51.01 0.0946468 -0.0216831 0.500677
51.02 0.0946034 -0.0217621 0.500682
51.03 0.0945598 -0.021841 0.500687
51.04 0.0945161 -0.0219199 0.500692
51.05 0.0944722 -0.0219988 0.500697
51.06 0.0944281 -0.0220776 0.500703
51.07 0.0943839 -0.0221564 0.500708
51.08 0.0943395 -0.0222352 0.500713
51.09 0.094295 -0.0223139 0.500718
51.1 0.0942503 -0.0223926 0.500723
51.11 0.0942054 -0.0224713 0.500729
51.12 0.0941604 -0.0225499 0.500734
51.13 0.0941153 -0.0226285 0.500739
51.14 0.0940699 -0.022707 0.500745
51.15 0.0940245 -0.0227855 0.50075
51.16 0.0939788 -0.022864 0.500755
51.17 0.093933 -0.0229424 0.500761
51.18 0.0938871 -0.0230208 0.500766
51.19 0.093841 -0.0230992 0.500772
51.2 0.0937947 -0.0231775 0.500777
51.21 0.0937483 -0.0232558 0.500782
51.22 0.0937017 -0.0233341 0.500788
51.23 0.0936549 -0.0234123 0.500793
51.24 0.093608 -0.0234904 0.500799
51.25 0.093561 -0.0235686 0.500804
51.26 0.0935138 -0.0236467 0.50081
51.27 0.0934664 -0.0237247 0.500815
51.28 0.0934189 -0.0238027 0.500821
51.29 0.0933712 -0.0238807 0.500826
51.3 0.0933233 -0.0239586 0.500832
51.31 0.0932753 -0.0240365 0.500838
51.32 0.0932272 -0.0241144 0.500843
51.33 0.0931789 -0.0241922 0.500849
51.34 0.0931304 -0.02427 0.500854
51.35 0.0930818 -0.0243477 0.50086
51.36 0.093033 -0.0244254 0.500866
51.37 0.0929841 -0.0245031 0.500871
51.38 0.092935 -0.0245807 0.500877
51.39 0.0928857 -0.0246583 0.500883
51.4 0.0928363 -0.0247358 0.500889
51.41 0.0927868 -0.0248133 0.500894
51.42 0.0927371 -0.0248908 0.5009
51.43 0.0926872 -0.0249682 0.500906
51.44 0.0926372 -0.0250456 0.500912
51.45 0.092587 -0.0251229 0.500917
51.46 0.0925366 -0.0252002 0.500923
51.47 0.0924861 -0.0252775 0.500929
51.48 0.0924355 -0.0253547 0.500935
51.49 0.0923847 -0.0254319 0.500941
51.5 0.0923337 -0.025509 0.500947
51.51 0.0922826 -0.0255861 0.500953
51.52 0.0922313 -0.0256632 0.500958
51.53 0.0921799 -0.0257402 0.500964
51.54 0.0921283 -0.0258171 0.50097
51.55 0.0920766 -0.0258941 0.500976
51.56 0.0920247 -0.0259709 0.500982
51.57 0.0919727 -0.0260478 0.500988
51.58 0.0919205 -0.0261246 0.500994
51.59 0.0918681 -0.0262013 0.501
51.6 0.0918156 -0.026278 0.501006
51.61 0.091763 -0.0263547 0.501012
51.62 0.0917101 -0.0264313 0.501018
51.63 0.0916572 -0.0265079 0.501024
51.64 0.091604 -0.0265844 0.50103
51.65 0.0915508 -0.0266609 0.501037
51.66 0.0914973 -0.0267374 0.501043
51.67 0.0914437 -0.0268138 0.501049
51.68 0.09139 -0.0268902 0.501055
51.69 0.0913361 -0.0269665 0.501061
51.7 0.0912821 -0.0270427 0.501067
51.71 0.0912279 -0.027119 0.501073
51.72 0.0911735 -0.0271952 0.50108
51.73 0.091119 -0.0272713 0.501086
51.74 0.0910643 -0.0273474 0.501092
51.75 0.0910095 -0.0274235 0.501098
51.76 0.0909546 -0.0274995 0.501104
51.77 0.0908994 -0.0275754 0.501111
51.78 0.0908442 -0.0276513 0.501117
51.79 0.0907887 -0.0277272 0.501123
51.8 0.0907332 -0.027803 0.501129
51.81 0.0906774 -0.0278788 0.501136
51.82 0.0906215 -0.0279546 0.501142
51.83 0.0905655 -0.0280303 0.501148
51.84 0.0905093 -0.0281059 0.501155
51.85 0.090453 -0.0281815 0.501161
51.86 0.0903965 -0.028257 0.501168
51.87 0.0903398 -0.0283326 0.501174
51.88 0.090283 -0.028408 0.50118
51.89 0.0902261 -0.0284834 0.501187
51.9 0.090169 -0.0285588 0.501193
51.91 0.0901117 -0.0286341 0.5012
51.92 0.0900543 -0.0287094 0.501206
51.93 0.0899968 -0.0287846 0.501213
51.94 0.0899391 -0.0288598 0.501219
51.95 0.0898812 -0.0289349 0.501225
51.96 0.0898232 -0.02901 0.501232
51.97 0.089765 -0.029085 0.501238
51.98 0.0897067 -0.02916 0.501245
51.99 0.0896482 -0.029235 0.501252
52 0.0895896 -0.0293099 0.501258
52.01 0.0895309 -0.0293847 0.501265
52.02 0.0894719 -0.0294595 0.501271
52.03 0.0894129 -0.0295343 0.501278
52.04 0.0893537 -0.029609 0.501284
52.05 0.0892943 -0.0296836 0.501291
52.06 0.0892348 -0.0297582 0.501298
52.07 0.0891751 -0.0298328 0.501304
52.08 0.0891153 -0.0299073 0.501311
52.09 0.0890553 -0.0299817 0.501318
52.1 0.0889952 -0.0300562 0.501324
52.11 0.0889349 -0.0301305 0.501331
52.12 0.0888745 -0.0302048 0.501338
52.13 0.0888139 -0.0302791 0.501344
52.14 0.0887532 -0.0303533 0.501351
52.15 0.0886923 -0.0304275 0.501358
52.16 0.0886313 -0.0305016 0.501365
52.17 0.0885701 -0.0305756 0.501371
52.18 0.0885088 -0.0306496 0.501378
52.19 0.0884473 -0.0307236 0.501385
52.2 0.0883857 -0.0307975 0.501392
52.21 0.088324 -0.0308714 0.501399
52.22 0.088262 -0.0309452 0.501405
52.23 0.0882 -0.0310189 0.501412
52.24 0.0881378 -0.0310926 0.501419
52.25 0.0880754 -0.0311663 0.501426
52.26 0.0880129 -0.0312399 0.501433
52.27 0.0879502 -0.0313135 0.50144
52.28 0.0878874 -0.031387 0.501446
52.29 0.0878245 -0.0314604 0.501453
52.3 0.0877614 -0.0315338 0.50146
52.31 0.0876981 -0.0316072 0.501467
52.32 0.0876347 -0.0316805 0.501474
52.33 0.0875712 -0.0317537 0.501481
52.34 0.0875075 -0.0318269 0.501488
52.35 0.0874436 -0.0319 0.501495
52.36 0.0873796 -0.0319731 0.501502
52.37 0.0873155 -0.0320462 0.501509
52.38 0.0872512 -0.0321191 0.501516
52.39 0.0871868 -0.0321921 0.501523
52.4 0.0871222 -0.0322649 0.50153
52.41 0.0870575 -0.0323378 0.501537
52.42 0.0869926 -0.0324105 0.501544
52.43 0.0869276 -0.0324833 0.501551
52.44 0.0868624 -0.0325559 0.501558
52.45 0.0867971 -0.0326285 0.501565
52.46 0.0867316 -0.0327011 0.501572
52.47 0.086666 -0.0327736 0.501579
52.48 0.0866003 -0.032846 0.501586
52.49 0.0865344 -0.0329184 0.501594
52.5 0.0864683 -0.0329908 0.501601
52.51 0.0864021 -0.0330631 0.501608
52.52 0.0863358 -0.0331353 0.501615
52.53 0.0862693 -0.0332075 0.501622
52.54 0.0862027 -0.0332796 0.501629
52.55 0.0861359 -0.0333517 0.501636
52.56 0.086069 -0.0334237 0.501644
52.57 0.0860019 -0.0334956 0.501651
52.58 0.0859347 -0.0335676 0.501658
52.59 0.0858674 -0.0336394 0.501665
52.6 0.0857998 -0.0337112 0.501672
52.61 0.0857322 -0.0337829 0.50168
52.62 0.0856644 -0.0338546 0.501687
52.63 0.0855965 -0.0339262 0.501694
52.64 0.0855284 -0.0339978 0.501701
52.65 0.0854602 -0.0340693 0.501709
52.66 0.0853918 -0.0341408 0.501716
52.67 0.0853233 -0.0342122 0.501723
52.68 0.0852546 -0.0342835 0.501731
52.69 0.0851858 -0.0343548 0.501738
52.7 0.0851169 -0.0344261 0.501745
52.71 0.0850478 -0.0344973 0.501753
52.72 0.0849785 -0.0345684 0.50176
52.73 0.0849092 -0.0346394 0.501767
52.74 0.0848396 -0.0347104 0.501775
52.75 0.08477 -0.0347814 0.501782
52.76 0.0847001 -0.0348523 0.501789
52.77 0.0846302 -0.0349231 0.501797
52.78 0.0845601 -0.0349939 0.501804
52.79 0.0844899 -0.0350646 0.501811
52.8 0.0844195 -0.0351353 0.501819
52.81 0.0843489 -0.0352059 0.501826
52.82 0.0842783 -0.0352764 0.501834
52.83 0.0842075 -0.0353469 0.501841
52.84 0.0841365 -0.0354174 0.501849
52.85 0.0840654 -0.0354877 0.501856
52.86 0.0839942 -0.0355581 0.501863
52.87 0.0839228 -0.0356283 0.501871
52.88 0.0838513 -0.0356985 0.501878
52.89 0.0837796 -0.0357686 0.501886
52.9 0.0837078 -0.0358387 0.501893
52.91 0.0836359 -0.0359087 0.501901
52.92 0.0835638 -0.0359787 0.501908
52.93 0.0834915 -0.0360486 0.501916
52.94 0.0834192 -0.0361184 0.501923
52.95 0.0833466 -0.0361882 0.501931
52.96 0.083274 -0.036258 0.501939
52.97 0.0832012 -0.0363276 0.501946
52.98 0.0831282 -0.0363972 0.501954
52.99 0.0830552 -0.0364668 0.501961
53 0.082982 -0.0365363 0.501969
53.01 0.0829086 -0.0366057 0.501976
53.02 0.0828351 -0.036675 0.501984
53.03 0.0827614 -0.0367443 0.501992
53.04 0.0826877 -0.0368136 0.501999
53.05 0.0826137 -0.0368828 0.502007
53.06 0.0825397 -0.0369519 0.502014
53.07 0.0824655 -0.0370209 0.502022
53.08 0.0823911 -0.0370899 0.50203
53.09 0.0823167 -0.0371589 0.502037
53.1 0.082242 -0.0372278 0.502045
53.11 0.0821673 -0.0372966 0.502053
53.12 0.0820924 -0.0373653 0.50206
53.13 0.0820173 -0.037434 0.502068
53.14 0.0819422 -0.0375027 0.502076
53.15 0.0818668 -0.0375712 0.502083
53.16 0.0817914 -0.0376397 0.502091
53.17 0.0817158 -0.0377082 0.502099
53.18 0.0816401 -0.0377766 0.502106
53.19 0.0815642 -0.0378449 0.502114
53.2 0.0814882 -0.0379131 0.502122
53.21 0.081412 -0.0379813 0.502129
53.22 0.0813357 -0.0380495 0.502137
53.23 0.0812593 -0.0381175 0.502145
53.24 0.0811828 -0.0381855 0.502153
53.25 0.0811061 -0.0382535 0.50216
53.26 0.0810292 -0.0383214 0.502168
53.27 0.0809523 -0.0383892 0.502176
53.28 0.0808751 -0.0384569 0.502184
53.29 0.0807979 -0.0385246 0.502192
53.3 0.0807205 -0.0385923 0.502199
53.31 0.080643 -0.0386598 0.502207
53.32 0.0805653 -0.0387273 0.502215
53.33 0.0804875 -0.0387947 0.502223
53.34 0.0804096 -0.0388621 0.50223
53.35 0.0803315 -0.0389294 0.502238
53.36 0.0802533 -0.0389967 0.502246
53.37 0.080175 -0.0390638 0.502254
53.38 0.0800965 -0.039131 0.502262
53.39 0.0800179 -0.039198 0.50227
53.4 0.0799391 -0.039265 0.502277
53.41 0.0798602 -0.0393319 0.502285
53.42 0.0797812 -0.0393988 0.502293
53.43 0.079702 -0.0394656 0.502301
53.44 0.0796228 -0.0395323 0.502309
53.45 0.0795433 -0.0395989 0.502317
53.46 0.0794638 -0.0396655 0.502325
53.47 0.0793841 -0.0397321 0.502332
53.48 0.0793042 -0.0397985 0.50234
53.49 0.0792243 -0.0398649 0.502348
53.5 0.0791441 -0.0399312 0.502356
53.51 0.0790639 -0.0399975 0.502364
53.52 0.0789835 -0.0400637 0.502372
53.53 0.078903 -0.0401298 0.50238
53.54 0.0788224 -0.0401959 0.502388
53.55 0.0787416 -0.0402619 0.502396
53.56 0.0786607 -0.0403278 0.502404
53.57 0.0785797 -0.0403937 0.502412
53.58 0.0784985 -0.0404595 0.50242
53.59 0.0784172 -0.0405252 0.502427
53.6 0.0783357 -0.0405909 0.502435
53.61 0.0782541 -0.0406565 0.502443
53.62 0.0781724 -0.040722 0.502451
53.63 0.0780906 -0.0407875 0.502459
53.64 0.0780086 -0.0408529 0.502467
53.65 0.0779265 -0.0409182 0.502475
53.66 0.0778443 -0.0409835 0.502483
53.67 0.0777619 -0.0410487 0.502491
53.68 0.0776794 -0.0411138 0.502499
53.69 0.0775967 -0.0411788 0.502507
53.7 0.077514 -0.0412438 0.502515
53.71 0.0774311 -0.0413088 0.502523
53.72 0.077348 -0.0413736 0.502531
53.73 0.0772649 -0.0414384 0.502539
53.74 0.0771816 -0.0415031 0.502547
53.75 0.0770981 -0.0415678 0.502555
53.76 0.0770146 -0.0416323 0.502563
53.77 0.0769309 -0.0416968 0.502571
53.78 0.0768471 -0.0417613 0.502579
53.79 0.0767631 -0.0418256 0.502587
53.8 0.076679 -0.0418899 0.502595
53.81 0.0765948 -0.0419542 0.502603
53.82 0.0765105 -0.0420183 0.502611
53.83 0.076426 -0.0420824 0.502619
53.84 0.0763414 -0.0421465 0.502627
53.85 0.0762567 -0.0422104 0.502635
53.86 0.0761718 -0.0422743 0.502643
53.87 0.0760868 -0.0423381 0.502651
53.88 0.0760017 -0.0424018 0.50266
53.89 0.0759164 -0.0424655 0.502668
53.9 0.075831 -0.0425291 0.502676
53.91 0.0757455 -0.0425926 0.502684
53.92 0.0756599 -0.0426561 0.502692
53.93 0.0755741 -0.0427195 0.5027
53.94 0.0754882 -0.0427828 0.502708
53.95 0.0754022 -0.0428461 0.502716
53.96 0.075316 -0.0429092 0.502724
53.97 0.0752297 -0.0429723 0.502732
53.98 0.0751433 -0.0430354 0.50274
53.99 0.0750568 -0.0430983 0.502748
54 0.0749701 -0.0431612 0.502756
54.01 0.0748833 -0.043224 0.502764
54.02 0.0747964 -0.0432868 0.502773
54.03 0.0747093 -0.0433495 0.502781
54.04 0.0746221 -0.0434121 0.502789
54.05 0.0745348 -0.0434746 0.502797
54.06 0.0744474 -0.0435371 0.502805
54.07 0.0743598 -0.0435995 0.502813
54.08 0.0742722 -0.0436618 0.502821
54.09 0.0741843 -0.043724 0.502829
54.1 0.0740964 -0.0437862 0.502837
54.11 0.0740083 -0.0438483 0.502845
54.12 0.0739201 -0.0439103 0.502854
54.13 0.0738318 -0.0439723 0.502862
54.14 0.0737434 -0.0440341 0.50287
54.15 0.0736548 -0.0440959 0.502878
54.16 0.0735661 -0.0441577 0.502886
54.17 0.0734773 -0.0442193 0.502894
54.18 0.0733883 -0.0442809 0.502902
54.19 0.0732992 -0.0443424 0.50291
54.2 0.07321 -0.0444039 0.502919
54.21 0.0731207 -0.0444652 0.502927
54.22 0.0730313 -0.0445265 0.502935
54.23 0.0729417 -0.0445877 0.502943
54.24 0.072852 -0.0446489 0.502951
54.25 0.0727622 -0.0447099 0.502959
54.26 0.0726722 -0.0447709 0.502967
54.27 0.0725821 -0.0448319 0.502975
54.28 0.0724919 -0.0448927 0.502984
54.29 0.0724016 -0.0449535 0.502992
54.3 0.0723112 -0.0450142 0.503
54.31 0.0722206 -0.0450748 0.503008
54.32 0.0721299 -0.0451353 0.503016
54.33 0.0720391 -0.0451958 0.503024
54.34 0.0719482 -0.0452562 0.503032
54.35 0.0718571 -0.0453165 0.503041
54.36 0.0717659 -0.0453768 0.503049
54.37 0.0716746 -0.0454369 0.503057
54.38 0.0715832 -0.045497 0.503065
54.39 0.0714916 -0.0455571 0.503073
54.4 0.0713999 -0.045617 0.503081
54.41 0.0713081 -0.0456769 0.503089
54.42 0.0712162 -0.0457367 0.503098
54.43 0.0711242 -0.0457964 0.503106
54.44 0.071032 -0.045856 0.503114
54.45 0.0709397 -0.0459156 0.503122
54.46 0.0708473 -0.0459751 0.50313
54.47 0.0707548 -0.0460345 0.503138
54.48 0.0706622 -0.0460938 0.503146
54.49 0.0705694 -0.0461531 0.503155
54.5 0.0704765 -0.0462122 0.503163
54.51 0.0703835 -0.0462713 0.503171
54.52 0.0702904 -0.0463304 0.503179
54.53 0.0701971 -0.0463893 0.503187
54.54 0.0701038 -0.0464482 0.503195
54.55 0.0700103 -0.046507 0.503203
54.56 0.0699167 -0.0465657 0.503212
54.57 0.0698229 -0.0466243 0.50322
54.58 0.0697291 -0.0466829 0.503228
54.59 0.0696351 -0.0467414 0.503236
54.6 0.069541 -0.0467998 0.503244
54.61 0.0694468 -0.0468581 0.503252
54.62 0.0693525 -0.0469163 0.50326
54.63 0.069258 -0.0469745 0.503269
54.64 0.0691635 -0.0470326 0.503277
54.65 0.0690688 -0.0470906 0.503285
54.66 0.068974 -0.0471486 0.503293
54.67 0.0688791 -0.0472064 0.503301
54.68 0.068784 -0.0472642 0.503309
54.69 0.0686889 -0.0473219 0.503317
54.7 0.0685936 -0.0473795 0.503325
54.71 0.0684982 -0.0474371 0.503334
54.72 0.0684027 -0.0474945 0.503342
54.73 0.0683071 -0.0475519 0.50335
54.74 0.0682114 -0.0476092 0.503358
54.75 0.0681155 -0.0476664 0.503366
54.76 0.0680195 -0.0477236 0.503374
54.77 0.0679234 -0.0477806 0.503382
54.78 0.0678272 -0.0478376 0.50339
54.79 0.0677309 -0.0478945 0.503399
54.8 0.0676345 -0.0479514 0.503407
54.81 0.0675379 -0.0480081 0.503415
54.82 0.0674412 -0.0480648 0.503423
54.83 0.0673444 -0.0481214 0.503431
54.84 0.0672475 -0.0481779 0.503439
54.85 0.0671505 -0.0482343 0.503447
54.86 0.0670534 -0.0482906 0.503455
54.87 0.0669561 -0.0483469 0.503463
54.88 0.0668588 -0.0484031 0.503471
54.89 0.0667613 -0.0484592 0.50348
54.9 0.0666637 -0.0485152 0.503488
54.91 0.066566 -0.0485711 0.503496
54.92 0.0664682 -0.048627 0.503504
54.93 0.0663702 -0.0486828 0.503512
54.94 0.0662722 -0.0487385 0.50352
54.95 0.066174 -0.0487941 0.503528
54.96 0.0660758 -0.0488496 0.503536
54.97 0.0659774 -0.0489051 0.503544
54.98 0.0658789 -0.0489605 0.503552
54.99 0.0657802 -0.0490157 0.50356
55 0.0656815 -0.0490709 0.503568
55.01 0.0655827 -0.0491261 0.503576
55.02 0.0654837 -0.0491811 0.503584
55.03 0.0653846 -0.0492361 0.503592
55.04 0.0652855 -0.049291 0.503601
55.05 0.0651862 -0.0493458 0.503609
55.06 0.0650868 -0.0494005 0.503617
55.07 0.0649873 -0.0494551 0.503625
55.08 0.0648876 -0.0495096 0.503633
55.09 0.0647879 -0.0495641 0.503641
55.1 0.064688 -0.0496185 0.503649
55.11 0.0645881 -0.0496728 0.503657
55.12 0.064488 -0.049727 0.503665
55.13 0.0643878 -0.0497811 0.503673
55.14 0.0642875 -0.0498352 0.503681
55.15 0.0641871 -0.0498892 0.503689
55.16 0.0640866 -0.049943 0.503697
55.17 0.063986 -0.0499968 0.503705
55.18 0.0638853 -0.0500506 0.503713
55.19 0.0637844 -0.0501042 0.503721
55.2 0.0636835 -0.0501577 0.503729
55.21 0.0635824 -0.0502112 0.503737
55.22 0.0634812 -0.0502646 0.503745
55.23 0.0633799 -0.0503179 0.503753
55.24 0.0632785 -0.0503711 0.503761
55.25 0.063177 -0.0504242 0.503769
55.26 0.0630754 -0.0504773 0.503777
55.27 0.0629737 -0.0505302 0.503785
55.28 0.0628719 -0.0505831 0.503793
55.29 0.06277 -0.0506359 0.503801
55.3 0.0626679 -0.0506886 0.503808
55.31 0.0625658 -0.0507412 0.503816
55.32 0.0624635 -0.0507938 0.503824
55.33 0.0623611 -0.0508462 0.503832
55.34 0.0622587 -0.0508986 0.50384
55.35 0.0621561 -0.0509509 0.503848
55.36 0.0620534 -0.0510031 0.503856
55.37 0.0619506 -0.0510552 0.503864
55.38 0.0618477 -0.0511072 0.503872
55.39 0.0617447 -0.0511591 0.50388
55.4 0.0616416 -0.051211 0.503888
55.41 0.0615384 -0.0512628 0.503896
55.42 0.0614351 -0.0513144 0.503903
55.43 0.0613316 -0.051366 0.503911
55.44 0.0612281 -0.0514175 0.503919
55.45 0.0611245 -0.051469 0.503927
55.46 0.0610207 -0.0515203 0.503935
55.47 0.0609169 -0.0515715 0.503943
55.48 0.0608129 -0.0516227 0.503951
55.49 0.0607088 -0.0516738 0.503959
55.5 0.0606047 -0.0517248 0.503966
55.51 0.0605004 -0.0517757 0.503974
55.52 0.060396 -0.0518265 0.503982
55.53 0.0602915 -0.0518772 0.50399
55.54 0.060187 -0.0519279 0.503998
55.55 0.0600823 -0.0519784 0.504005
55.56 0.0599775 -0.0520289 0.504013
55.57 0.0598726 -0.0520793 0.504021
55.58 0.0597676 -0.0521296 0.504029
55.59 0.0596625 -0.0521798 0.504037
55.6 0.0595573 -0.0522299 0.504044
55.61 0.059452 -0.0522799 0.504052
55.62 0.0593466 -0.0523299 0.50406
55.63 0.0592411 -0.0523797 0.504068
55.64 0.0591355 -0.0524295 0.504076
55.65 0.0590298 -0.0524792 0.504083
55.66 0.0589239 -0.0525288 0.504091
55.67 0.058818 -0.0525783 0.504099
55.68 0.058712 -0.0526277 0.504107
55.69 0.0586059 -0.052677 0.504114
55.7 0.0584997 -0.0527263 0.504122
55.71 0.0583933 -0.0527754 0.50413
55.72 0.0582869 -0.0528245 0.504137
55.73 0.0581804 -0.0528735 0.504145
55.74 0.0580738 -0.0529224 0.504153
55.75 0.057967 -0.0529712 0.50416
55.76 0.0578602 -0.0530199 0.504168
55.77 0.0577533 -0.0530685 0.504176
55.78 0.0576463 -0.053117 0.504183
55.79 0.0575392 -0.0531654 0.504191
55.8 0.0574319 -0.0532138 0.504199
55.81 0.0573246 -0.0532621 0.504206
55.82 0.0572172 -0.0533102 0.504214
55.83 0.0571097 -0.0533583 0.504222
55.84 0.0570021 -0.0534063 0.504229
55.85 0.0568943 -0.0534542 0.504237
55.86 0.0567865 -0.053502 0.504244
55.87 0.0566786 -0.0535498 0.504252
55.88 0.0565706 -0.0535974 0.50426
55.89 0.0564625 -0.0536449 0.504267
55.9 0.0563543 -0.0536924 0.504275
55.91 0.056246 -0.0537397 0.504282
55.92 0.0561376 -0.053787 0.50429
55.93 0.0560291 -0.0538342 0.504297
55.94 0.0559205 -0.0538813 0.504305
55.95 0.0558118 -0.0539283 0.504313
55.96 0.055703 -0.0539752 0.50432
55.97 0.0555941 -0.054022 0.504328
55.98 0.0554852 -0.0540688 0.504335
55.99 0.0553761 -0.0541154 0.504343
56 0.0552669 -0.0541619 0.50435
56.01 0.0551576 -0.0542084 0.504358
56.02 0.0550483 -0.0542548 0.504365
56.03 0.0549388 -0.054301 0.504373
56.04 0.0548293 -0.0543472 0.50438
56.05 0.0547196 -0.0543933 0.504387
56.06 0.0546099 -0.0544393 0.504395
56.07 0.0545 -0.0544852 0.504402
56.08 0.0543901 -0.054531 0.50441
56.09 0.0542801 -0.0545768 0.504417
56.1 0.05417 -0.0546224 0.504425
56.11 0.0540598 -0.0546679 0.504432
56.12 0.0539495 -0.0547134 0.504439
56.13 0.0538391 -0.0547587 0.504447
56.14 0.0537286 -0.054804 0.504454
56.15 0.053618 -0.0548492 0.504461
56.16 0.0535073 -0.0548943 0.504469
56.17 0.0533965 -0.0549392 0.504476
56.18 0.0532857 -0.0549841 0.504483
56.19 0.0531747 -0.0550289 0.504491
56.2 0.0530637 -0.0550737 0.504498
56.21 0.0529525 -0.0551183 0.504505
56.22 0.0528413 -0.0551628 0.504513
56.23 0.05273 -0.0552072 0.50452
56.24 0.0526186 -0.0552516 0.504527
56.25 0.0525071 -0.0552958 0.504535
56.26 0.0523955 -0.05534 0.504542
56.27 0.0522838 -0.055384 0.504549
56.28 0.052172 -0.055428 0.504556
56.29 0.0520601 -0.0554719 0.504564
56.3 0.0519482 -0.0555156 0.504571
56.31 0.0518361 -0.0555593 0.504578
56.32 0.051724 -0.0556029 0.504585
56.33 0.0516118 -0.0556464 0.504592
56.34 0.0514995 -0.0556898 0.5046
56.35 0.0513871 -0.0557331 0.504607
56.36 0.0512746 -0.0557764 0.504614
56.37 0.051162 -0.0558195 0.504621
56.38 0.0510493 -0.0558625 0.504628
56.39 0.0509366 -0.0559054 0.504635
56.4 0.0508237 -0.0559483 0.504642
56.41 0.0507108 -0.055991 0.50465
56.42 0.0505977 -0.0560337 0.504657
56.43 0.0504846 -0.0560762 0.504664
56.44 0.0503714 -0.0561187 0.504671
56.45 0.0502582 -0.0561611 0.504678
56.46 0.0501448 -0.0562033 0.504685
56.47 0.0500313 -0.0562455 0.504692
56.48 0.0499178 -0.0562876 0.504699
56.49 0.0498041 -0.0563296 0.504706
56.5 0.0496904 -0.0563715 0.504713
56.51 0.0495766 -0.0564133 0.50472
56.52 0.0494627 -0.056455 0.504727
56.53 0.0493487 -0.0564966 0.504734
56.54 0.0492347 -0.0565381 0.504741
56.55 0.0491205 -0.0565795 0.504748
56.56 0.0490063 -0.0566209 0.504755
56.57 0.048892 -0.0566621 0.504762
56.58 0.0487776 -0.0567032 0.504769
56.59 0.0486631 -0.0567442 0.504776
56.6 0.0485485 -0.0567852 0.504783
56.61 0.0484339 -0.056826 0.504789
56.62 0.0483191 -0.0568668 0.504796
56.63 0.0482043 -0.0569074 0.504803
56.64 0.0480894 -0.056948 0.50481
56.65 0.0479744 -0.0569884 0.504817
56.66 0.0478593 -0.0570288 0.504824
56.67 0.0477442 -0.0570691 0.504831
56.68 0.0476289 -0.0571093 0.504837
56.69 0.0475136 -0.0571493 0.504844
56.7 0.0473982 -0.0571893 0.504851
56.71 0.0472827 -0.0572292 0.504858
56.72 0.0471671 -0.057269 0.504864
56.73 0.0470515 -0.0573087 0.504871
56.74 0.0469357 -0.0573483 0.504878
56.75 0.0468199 -0.0573877 0.504885
56.76 0.046704 -0.0574271 0.504891
56.77 0.0465881 -0.0574664 0.504898
56.78 0.046472 -0.0575056 0.504905
56.79 0.0463559 -0.0575448 0.504912
56.8 0.0462396 -0.0575838 0.504918
56.81 0.0461233 -0.0576227 0.504925
56.82 0.046007 -0.0576615 0.504931
56.83 0.0458905 -0.0577002 0.504938
56.84 0.045774 -0.0577388 0.504945
56.85 0.0456573 -0.0577774 0.504951
56.86 0.0455406 -0.0578158 0.504958
56.87 0.0454239 -0.0578541 0.504965
56.88 0.045307 -0.0578923 0.504971
56.89 0.0451901 -0.0579305 0.504978
56.9 0.0450731 -0.0579685 0.504984
56.91 0.044956 -0.0580064 0.504991
56.92 0.0448388 -0.0580443 0.504997
56.93 0.0447215 -0.058082 0.505004
56.94 0.0446042 -0.0581196 0.50501
56.95 0.0444868 -0.0581572 0.505017
56.96 0.0443693 -0.0581946 0.505023
56.97 0.0442518 -0.058232 0.50503
56.98 0.0441341 -0.0582692 0.505036
56.99 0.0440164 -0.0583064 0.505043
57 0.0438986 -0.0583434 0.505049
57.01 0.0437808 -0.0583804 0.505055
57.02 0.0436628 -0.0584172 0.505062
57.03 0.0435448 -0.058454 0.505068
57.04 0.0434267 -0.0584906 0.505074
57.05 0.0433086 -0.0585272 0.505081
57.06 0.0431903 -0.0585637 0.505087
57.07 0.043072 -0.0586 0.505093
57.08 0.0429536 -0.0586363 0.5051
57.09 0.0428351 -0.0586724 0.505106
57.1 0.0427166 -0.0587085 0.505112
57.11 0.042598 -0.0587445 0.505119
57.12 0.0424793 -0.0587803 0.505125
57.13 0.0423605 -0.0588161 0.505131
57.14 0.0422417 -0.0588517 0.505137
57.15 0.0421228 -0.0588873 0.505144
57.16 0.0420038 -0.0589228 0.50515
57.17 0.0418847 -0.0589581 0.505156
57.18 0.0417656 -0.0589934 0.505162
57.19 0.0416464 -0.0590286 0.505168
57.2 0.0415271 -0.0590636 0.505174
57.21 0.0414077 -0.0590986 0.505181
57.22 0.0412883 -0.0591334 0.505187
57.23 0.0411688 -0.0591682 0.505193
57.24 0.0410493 -0.0592029 0.505199
57.25 0.0409296 -0.0592374 0.505205
57.26 0.0408099 -0.0592719 0.505211
57.27 0.0406901 -0.0593063 0.505217
57.28 0.0405703 -0.0593405 0.505223
57.29 0.0404504 -0.0593747 0.505229
57.3 0.0403304 -0.0594088 0.505235
57.31 0.0402103 -0.0594427 0.505241
57.32 0.0400902 -0.0594766 0.505247
57.33 0.03997 -0.0595103 0.505253
57.34 0.0398497 -0.059544 0.505259
57.35 0.0397294 -0.0595775 0.505265
57.36 0.039609 -0.059611 0.505271
57.37 0.0394885 -0.0596444 0.505277
57.38 0.0393679 -0.0596776 0.505283
57.39 0.0392473 -0.0597108 0.505289
57.4 0.0391266 -0.0597438 0.505294
57.41 0.0390059 -0.0597768 0.5053
57.42 0.0388851 -0.0598096 0.505306
57.43 0.0387642 -0.0598424 0.505312
57.44 0.0386432 -0.059875 0.505318
57.45 0.0385222 -0.0599076 0.505323
57.46 0.0384011 -0.05994 0.505329
57.47 0.0382799 -0.0599723 0.505335
57.48 0.0381587 -0.0600046 0.505341
57.49 0.0380374 -0.0600367 0.505346
57.5 0.0379161 -0.0600688 0.505352
57.51 0.0377946 -0.0601007 0.505358
57.52 0.0376732 -0.0601325 0.505364
57.53 0.0375516 -0.0601643 0.505369
57.54 0.03743 -0.0601959 0.505375
57.55 0.0373083 -0.0602274 0.50538
57.56 0.0371865 -0.0602588 0.505386
57.57 0.0370647 -0.0602902 0.505392
57.58 0.0369428 -0.0603214 0.505397
57.59 0.0368209 -0.0603525 0.505403
57.6 0.0366989 -0.0603835 0.505408
57.61 0.0365768 -0.0604144 0.505414
57.62 0.0364547 -0.0604452 0.505419
57.63 0.0363325 -0.0604759 0.505425
57.64 0.0362102 -0.0605066 0.50543
57.65 0.0360879 -0.0605371 0.505436
57.66 0.0359655 -0.0605675 0.505441
57.67 0.035843 -0.0605978 0.505447
57.68 0.0357205 -0.0606279 0.505452
57.69 0.035598 -0.060658 0.505458
57.7 0.0354753 -0.060688 0.505463
57.71 0.0353526 -0.0607179 0.505468
57.72 0.0352298 -0.0607477 0.505474
57.73 0.035107 -0.0607774 0.505479
57.74 0.0349841 -0.060807 0.505485
57.75 0.0348612 -0.0608364 0.50549
57.76 0.0347382 -0.0608658 0.505495
57.77 0.0346151 -0.0608951 0.5055
57.78 0.034492 -0.0609242 0.505506
57.79 0.0343688 -0.0609533 0.505511
57.8 0.0342455 -0.0609822 0.505516
57.81 0.0341222 -0.0610111 0.505521
57.82 0.0339989 -0.0610398 0.505527
57.83 0.0338754 -0.0610685 0.505532
57.84 0.0337519 -0.061097 0.505537
57.85 0.0336284 -0.0611255 0.505542
57.86 0.0335048 -0.0611538 0.505547
57.87 0.0333811 -0.061182 0.505552
57.88 0.0332574 -0.0612102 0.505557
57.89 0.0331336 -0.0612382 0.505563
57.9 0.0330098 -0.0612661 0.505568
57.91 0.0328859 -0.0612939 0.505573
57.92 0.0327619 -0.0613216 0.505578
57.93 0.0326379 -0.0613492 0.505583
57.94 0.0325138 -0.0613767 0.505588
57.95 0.0323897 -0.0614041 0.505593
57.96 0.0322655 -0.0614314 0.505598
57.97 0.0321413 -0.0614586 0.505603
57.98 0.032017 -0.0614857 0.505608
57.99 0.0318927 -0.0615127 0.505613
58 0.0317683 -0.0615396 0.505617
58.01 0.0316438 -0.0615663 0.505622
58.02 0.0315193 -0.061593 0.505627
58.03 0.0313947 -0.0616196 0.505632
58.04 0.0312701 -0.061646 0.505637
58.05 0.0311454 -0.0616724 0.505642
58.06 0.0310207 -0.0616986 0.505647
58.07 0.0308959 -0.0617248 0.505651
58.08 0.030771 -0.0617508 0.505656
58.09 0.0306461 -0.0617767 0.505661
58.1 0.0305212 -0.0618026 0.505666
58.11 0.0303962 -0.0618283 0.50567
58.12 0.0302711 -0.0618539 0.505675
58.13 0.030146 -0.0618794 0.50568
58.14 0.0300208 -0.0619048 0.505684
58.15 0.0298956 -0.0619301 0.505689
58.16 0.0297703 -0.0619553 0.505694
58.17 0.029645 -0.0619804 0.505698
58.18 0.0295196 -0.0620054 0.505703
58.19 0.0293942 -0.0620303 0.505707
58.2 0.0292687 -0.062055 0.505712
58.21 0.0291432 -0.0620797 0.505716
58.22 0.0290176 -0.0621043 0.505721
58.23 0.028892 -0.0621287 0.505726
58.24 0.0287663 -0.0621531 0.50573
58.25 0.0286406 -0.0621773 0.505734
58.26 0.0285148 -0.0622015 0.505739
58.27 0.028389 -0.0622255 0.505743
58.28 0.0282631 -0.0622494 0.505748
58.29 0.0281372 -0.0622733 0.505752
58.3 0.0280112 -0.062297 0.505757
58.31 0.0278852 -0.0623206 0.505761
58.32 0.0277591 -0.0623441 0.505765
58.33 0.027633 -0.0623675 0.50577
58.34 0.0275068 -0.0623908 0.505774
58.35 0.0273806 -0.062414 0.505778
58.36 0.0272543 -0.0624371 0.505782
58.37 0.027128 -0.06246 0.505787
58.38 0.0270016 -0.0624829 0.505791
58.39 0.0268752 -0.0625057 0.505795
58.4 0.0267487 -0.0625283 0.505799
58.41 0.0266222 -0.0625509 0.505804
58.42 0.0264957 -0.0625733 0.505808
58.43 0.0263691 -0.0625956 0.505812
58.44 0.0262424 -0.0626179 0.505816
58.45 0.0261157 -0.06264 0.50582
58.46 0.025989 -0.062662 0.505824
58.47 0.0258622 -0.0626839 0.505828
58.48 0.0257354 -0.0627057 0.505832
58.49 0.0256085 -0.0627274 0.505836
58.5 0.0254816 -0.062749 0.50584
58.51 0.0253546 -0.0627705 0.505844
58.52 0.0252276 -0.0627919 0.505848
58.53 0.0251006 -0.0628131 0.505852
58.54 0.0249735 -0.0628343 0.505856
58.55 0.0248463 -0.0628554 0.50586
58.56 0.0247191 -0.0628763 0.505864
58.57 0.0245919 -0.0628971 0.505868
58.58 0.0244646 -0.0629179 0.505872
58.59 0.0243373 -0.0629385 0.505876
58.6 0.02421 -0.062959 0.505879
58.61 0.0240826 -0.0629794 0.505883
58.62 0.0239551 -0.0629997 0.505887
58.63 0.0238277 -0.0630199 0.505891
58.64 0.0237001 -0.06304 0.505895
58.65 0.0235726 -0.06306 0.505898
58.66 0.023445 -0.0630799 0.505902
58.67 0.0233173 -0.0630997 0.505906
58.68 0.0231896 -0.0631193 0.505909
58.69 0.0230619 -0.0631389 0.505913
58.7 0.0229341 -0.0631583 0.505917
58.71 0.0228063 -0.0631777 0.50592
58.72 0.0226785 -0.0631969 0.505924
58.73 0.0225506 -0.063216 0.505928
58.74 0.0224226 -0.063235 0.505931
58.75 0.0222947 -0.0632539 0.505935
58.76 0.0221667 -0.0632727 0.505938
58.77 0.0220386 -0.0632914 0.505942
58.78 0.0219105 -0.06331 0.505945
58.79 0.0217824 -0.0633285 0.505949
58.8 0.0216542 -0.0633468 0.505952
58.81 0.021526 -0.0633651 0.505956
58.82 0.0213978 -0.0633833 0.505959
58.83 0.0212695 -0.0634013 0.505962
58.84 0.0211412 -0.0634192 0.505966
58.85 0.0210128 -0.0634371 0.505969
58.86 0.0208845 -0.0634548 0.505972
58.87 0.020756 -0.0634724 0.505976
58.88 0.0206276 -0.0634899 0.505979
58.89 0.0204991 -0.0635073 0.505982
58.9 0.0203705 -0.0635246 0.505986
58.91 0.020242 -0.0635418 0.505989
58.92 0.0201134 -0.0635588 0.505992
58.93 0.0199847 -0.0635758 0.505995
58.94 0.019856 -0.0635926 0.505998
58.95 0.0197273 -0.0636094 0.506001
58.96 0.0195986 -0.063626 0.506005
58.97 0.0194698 -0.0636426 0.506008
58.98 0.019341 -0.063659 0.506011
58.99 0.0192121 -0.0636753 0.506014
59 0.0190833 -0.0636915 0.506017
59.01 0.0189543 -0.0637076 0.50602
59.02 0.0188254 -0.0637236 0.506023
59.03 0.0186964 -0.0637394 0.506026
59.04 0.0185674 -0.0637552 0.506029
59.05 0.0184383 -0.0637709 0.506032
59.06 0.0183093 -0.0637864 0.506035
59.07 0.0181802 -0.0638019 0.506038
59.08 0.018051 -0.0638172 0.506041
59.09 0.0179218 -0.0638324 0.506044
59.1 0.0177926 -0.0638475 0.506046
59.11 0.0176634 -0.0638625 0.506049
59.12 0.0175341 -0.0638774 0.506052
59.13 0.0174048 -0.0638922 0.506055
59.14 0.0172755 -0.0639069 0.506058
59.15 0.0171461 -0.0639215 0.50606
59.16 0.0170167 -0.0639359 0.506063
59.17 0.0168873 -0.0639503 0.506066
59.18 0.0167579 -0.0639645 0.506069
59.19 0.0166284 -0.0639787 0.506071
59.2 0.0164989 -0.0639927 0.506074
59.21 0.0163693 -0.0640066 0.506077
59.22 0.0162398 -0.0640204 0.506079
59.23 0.0161102 -0.0640341 0.506082
59.24 0.0159805 -0.0640477 0.506084
59.25 0.0158509 -0.0640612 0.506087
59.26 0.0157212 -0.0640746 0.50609
59.27 0.0155915 -0.0640878 0.506092
59.28 0.0154617 -0.064101 0.506095
59.29 0.015332 -0.064114 0.506097
59.3 0.0152022 -0.0641269 0.506099
59.31 0.0150724 -0.0641398 0.506102
59.32 0.0149425 -0.0641525 0.506104
59.33 0.0148127 -0.0641651 0.506107
59.34 0.0146828 -0.0641776 0.506109
59.35 0.0145528 -0.06419 0.506111
59.36 0.0144229 -0.0642022 0.506114
59.37 0.0142929 -0.0642144 0.506116
59.38 0.0141629 -0.0642265 0.506118
59.39 0.0140329 -0.0642384 0.506121
59.4 0.0139028 -0.0642502 0.506123
59.41 0.0137728 -0.064262 0.506125
59.42 0.0136427 -0.0642736 0.506127
59.43 0.0135125 -0.0642851 0.50613
59.44 0.0133824 -0.0642965 0.506132
59.45 0.0132522 -0.0643078 0.506134
59.46 0.013122 -0.064319 0.506136
59.47 0.0129918 -0.06433 0.506138
59.48 0.0128616 -0.064341 0.50614
59.49 0.0127313 -0.0643518 0.506142
59.5 0.012601 -0.0643626 0.506144
59.51 0.0124707 -0.0643732 0.506146
59.52 0.0123404 -0.0643837 0.506148
59.53 0.01221 -0.0643941 0.50615
59.54 0.0120797 -0.0644044 0.506152
59.55 0.0119493 -0.0644146 0.506154
59.56 0.0118189 -0.0644247 0.506156
59.57 0.0116884 -0.0644347 0.506158
59.58 0.011558 -0.0644445 0.50616
59.59 0.0114275 -0.0644543 0.506162
59.6 0.011297 -0.0644639 0.506164
59.61 0.0111665 -0.0644735 0.506165
59.62 0.0110359 -0.0644829 0.506167
59.63 0.0109054 -0.0644922 0.506169
59.64 0.0107748 -0.0645014 0.506171
59.65 0.0106442 -0.0645105 0.506173
59.66 0.0105136 -0.0645195 0.506174
59.67 0.010383 -0.0645283 0.506176
59.68 0.0102523 -0.0645371 0.506178
59.69 0.0101216 -0.0645457 0.506179
59.7 0.00999096 -0.0645543 0.506181
59.71 0.00986025 -0.0645627 0.506183
59.72 0.00972953 -0.064571 0.506184
59.73 0.00959879 -0.0645792 0.506186
59.74 0.00946803 -0.0645873 0.506187
59.75 0.00933726 -0.0645953 0.506189
59.76 0.00920647 -0.0646032 0.50619
59.77 0.00907567 -0.064611 0.506192
59.78 0.00894484 -0.0646186 0.506193
59.79 0.00881401 -0.0646262 0.506195
59.8 0.00868315 -0.0646336 0.506196
59.81 0.00855228 -0.0646409 0.506198
59.82 0.0084214 -0.0646481 0.506199
59.83 0.0082905 -0.0646553 0.5062
59.84 0.00815959 -0.0646622 0.506202
59.85 0.00802866 -0.0646691 0.506203
59.86 0.00789771 -0.0646759 0.506204
59.87 0.00776676 -0.0646826 0.506205
59.88 0.00763579 -0.0646891 0.506207
59.89 0.0075048 -0.0646956 0.506208
59.9 0.0073738 -0.0647019 0.506209
59.91 0.00724279 -0.0647081 0.50621
59.92 0.00711177 -0.0647142 0.506212
59.93 0.00698073 -0.0647202 0.506213
59.94 0.00684968 -0.0647261 0.506214
59.95 0.00671862 -0.0647319 0.506215
59.96 0.00658755 -0.0647376 0.506216
59.97 0.00645647 -0.0647431 0.506217
59.98 0.00632537 -0.0647486 0.506218
59.99 0.00619426 -0.0647539 0.506219
60 0.00606314 -0.0647591 0.50622
60.01 0.00593201 -0.0647642 0.506221
60.02 0.00580087 -0.0647693 0.506222
60.03 0.00566972 -0.0647741 0.506223
60.04 0.00553856 -0.0647789 0.506224
60.05 0.00540739 -0.0647836 0.506225
60.06 0.00527621 -0.0647882 0.506226
60.07 0.00514502 -0.0647926 0.506227
60.08 0.00501382 -0.064797 0.506227
60.09 0.00488261 -0.0648012 0.506228
60.1 0.0047514 -0.0648053 0.506229
60.11 0.00462017 -0.0648093 0.50623
60.12 0.00448894 -0.0648132 0.506231
60.13 0.0043577 -0.064817 0.506231
60.14 0.00422645 -0.0648207 0.506232
60.15 0.00409519 -0.0648242 0.506233
60.16 0.00396393 -0.0648277 0.506233
60.17 0.00383265 -0.064831 0.506234
60.18 0.00370138 -0.0648343 0.506235
60.19 0.00357009 -0.0648374 0.506235
60.2 0.0034388 -0.0648404 0.506236
60.21 0.0033075 -0.0648433 0.506236
60.22 0.0031762 -0.0648461 0.506237
60.23 0.00304489 -0.0648488 0.506237
60.24 0.00291357 -0.0648514 0.506238
60.25 0.00278225 -0.0648538 0.506238
60.26 0.00265092 -0.0648562 0.506239
60.27 0.00251959 -0.0648584 0.506239
60.28 0.00238826 -0.0648605 0.50624
60.29 0.00225692 -0.0648625 0.50624
60.3 0.00212557 -0.0648644 0.50624
60.31 0.00199423 -0.0648662 0.506241
60.32 0.00186287 -0.0648679 0.506241
60.33 0.00173152 -0.0648695 0.506241
60.34 0.00160016 -0.064871 0.506242
60.35 0.0014688 -0.0648723 0.506242
60.36 0.00133743 -0.0648735 0.506242
60.37 0.00120607 -0.0648747 0.506242
60.38 0.0010747 -0.0648757 0.506243
60.39 0.000943327 -0.0648766 0.506243
60.4 0.000811954 -0.0648774 0.506243
60.41 0.000680579 -0.0648781 0.506243
60.42 0.000549202 -0.0648786 0.506243
60.43 0.000417825 -0.0648791 0.506243
60.44 0.000286446 -0.0648795 0.506243
60.45 0.000155067 -0.0648797 0.506243
60.46 2.36876e-05 -0.0648798 0.506243
60.47 -0.000107692 -0.0648799 0.506243
60.48 -0.000239072 -0.0648798 0.506243
60.49 -0.000370452 -0.0648796 0.506243
60.5 -0.000501832 -0.0648793 0.506243
60.51 -0.00063321 -0.0648788 0.506243
60.52 -0.000764588 -0.0648783 0.506243
60.53 -0.000895965 -0.0648776 0.506243
60.54 -0.00102734 -0.0648769 0.506243
60.55 -0.00115871 -0.064876 0.506243
60.56 -0.00129009 -0.064875 0.506242
60.57 -0.00142146 -0.064874 0.506242
60.58 -0.00155282 -0.0648728 0.506242
60.59 -0.00168419 -0.0648715 0.506242
60.6 -0.00181555 -0.06487 0.506241
60.61 -0.00194691 -0.0648685 0.506241
60.62 -0.00207827 -0.0648669 0.506241
60.63 -0.00220962 -0.0648651 0.506241
60.64 -0.00234097 -0.0648632 0.50624
60.65 -0.00247232 -0.0648613 0.50624
60.66 -0.00260366 -0.0648592 0.506239
60.67 -0.00273499 -0.064857 0.506239
60.68 -0.00286633 -0.0648547 0.506239
60.69 -0.00299765 -0.0648523 0.506238
60.7 -0.00312898 -0.0648497 0.506238
60.71 -0.00326029 -0.0648471 0.506237
60.72 -0.00339161 -0.0648443 0.506237
60.73 -0.00352291 -0.0648415 0.506236
60.74 -0.00365421 -0.0648385 0.506235
60.75 -0.00378551 -0.0648354 0.506235
60.76 -0.0039168 -0.0648322 0.506234
60.77 -0.00404808 -0.0648289 0.506234
60.78 -0.00417935 -0.0648255 0.506233
60.79 -0.00431062 -0.064822 0.506232
60.8 -0.00444188 -0.0648183 0.506232
60.81 -0.00457313 -0.0648146 0.506231
60.82 -0.00470437 -0.0648107 0.50623
60.83 -0.00483561 -0.0648068 0.506229
60.84 -0.00496684 -0.0648027 0.506229
60.85 -0.00509806 -0.0647985 0.506228
60.86 -0.00522927 -0.0647942 0.506227
60.87 -0.00536047 -0.0647898 0.506226
60.88 -0.00549167 -0.0647853 0.506225
60.89 -0.00562285 -0.0647806 0.506224
60.9 -0.00575402 -0.0647759 0.506223
60.91 -0.00588519 -0.064771 0.506222
60.92 -0.00601634 -0.0647661 0.506222
60.93 -0.00614749 -0.064761 0.506221
60.94 -0.00627862 -0.0647558 0.50622
60.95 -0.00640974 -0.0647505 0.506219
60.96 -0.00654085 -0.0647451 0.506217
60.97 -0.00667195 -0.0647396 0.506216
60.98 -0.00680304 -0.0647339 0.506215
60.99 -0.00693412 -0.0647282 0.506214
61 -0.00706519 -0.0647224 0.506213
61.01 -0.00719624 -0.0647164 0.506212
61.02 -0.00732728 -0.0647103 0.506211
61.03 -0.00745831 -0.0647041 0.50621
61.04 -0.00758932 -0.0646978 0.506208
61.05 -0.00772033 -0.0646914 0.506207
61.06 -0.00785131 -0.0646849 0.506206
61.07 -0.00798229 -0.0646783 0.506205
61.08 -0.00811325 -0.0646716 0.506203
61.09 -0.0082442 -0.0646647 0.506202
61.1 -0.00837513 -0.0646578 0.506201
61.11 -0.00850605 -0.0646507 0.506199
61.12 -0.00863696 -0.0646435 0.506198
61.13 -0.00876785 -0.0646362 0.506197
61.14 -0.00889872 -0.0646288 0.506195
61.15 -0.00902958 -0.0646213 0.506194
61.16 -0.00916042 -0.0646137 0.506192
61.17 -0.00929125 -0.064606 0.506191
61.18 -0.00942206 -0.0645982 0.506189
61.19 -0.00955286 -0.0645902 0.506188
61.2 -0.00968364 -0.0645821 0.506186
61.21 -0.0098144 -0.064574 0.506185
61.22 -0.00994515 -0.0645657 0.506183
61.23 -0.0100759 -0.0645573 0.506182
61.24 -0.0102066 -0.0645488 0.50618
61.25 -0.0103373 -0.0645402 0.506178
61.26 -0.010468 -0.0645315 0.506177
61.27 -0.0105986 -0.0645226 0.506175
61.28 -0.0107293 -0.0645137 0.506173
61.29 -0.0108599 -0.0645047 0.506171
61.3 -0.0109905 -0.0644955 0.50617
61.31 -0.0111211 -0.0644862 0.506168
61.32 -0.0112516 -0.0644768 0.506166
61.33 -0.0113822 -0.0644673 0.506164
61.34 -0.0115127 -0.0644577 0.506162
61.35 -0.0116432 -0.064448 0.506161
61.36 -0.0117737 -0.0644382 0.506159
61.37 -0.0119041 -0.0644283 0.506157
61.38 -0.0120346 -0.0644182 0.506155
61.39 -0.012165 -0.0644081 0.506153
61.4 -0.0122954 -0.0643978 0.506151
61.41 -0.0124258 -0.0643874 0.506149
61.42 -0.0125561 -0.064377 0.506147
61.43 -0.0126865 -0.0643664 0.506145
61.44 -0.0128168 -0.0643557 0.506143
61.45 -0.0129471 -0.0643449 0.506141
61.46 -0.0130774 -0.0643339 0.506139
61.47 -0.0132076 -0.0643229 0.506137
61.48 -0.0133378 -0.0643118 0.506135
61.49 -0.013468 -0.0643005 0.506132
61.5 -0.0135982 -0.0642892 0.50613
61.51 -0.0137284 -0.0642777 0.506128
61.52 -0.0138585 -0.0642661 0.506126
61.53 -0.0139886 -0.0642544 0.506124
61.54 -0.0141187 -0.0642426 0.506121
61.55 -0.0142487 -0.0642307 0.506119
61.56 -0.0143788 -0.0642187 0.506117
61.57 -0.0145088 -0.0642066 0.506115
61.58 -0.0146388 -0.0641943 0.506112
61.59 -0.0147687 -0.064182 0.50611
61.6 -0.0148987 -0.0641695 0.506108
61.61 -0.0150286 -0.0641569 0.506105
61.62 -0.0151584 -0.0641443 0.506103
61.63 -0.0152883 -0.0641315 0.5061
61.64 -0.0154181 -0.0641186 0.506098
61.65 -0.0155479 -0.0641056 0.506095
61.66 -0.0156777 -0.0640925 0.506093
61.67 -0.0158075 -0.0640792 0.50609
61.68 -0.0159372 -0.0640659 0.506088
61.69 -0.0160669 -0.0640525 0.506085
61.7 -0.0161965 -0.0640389 0.506083
61.71 -0.0163262 -0.0640252 0.50608
61.72 -0.0164558 -0.0640115 0.506078
61.73 -0.0165854 -0.0639976 0.506075
61.74 -0.0167149 -0.0639836 0.506072
61.75 -0.0168444 -0.0639695 0.50607
61.76 -0.0169739 -0.0639553 0.506067
61.77 -0.0171034 -0.063941 0.506064
61.78 -0.0172328 -0.0639266 0.506061
61.79 -0.0173622 -0.063912 0.506059
61.8 -0.0174916 -0.0638974 0.506056
61.81 -0.0176209 -0.0638826 0.506053
61.82 -0.0177502 -0.0638678 0.50605
61.83 -0.0178795 -0.0638528 0.506047
61.84 -0.0180088 -0.0638377 0.506045
61.85 -0.018138 -0.0638225 0.506042
61.86 -0.0182672 -0.0638072 0.506039
61.87 -0.0183963 -0.0637918 0.506036
61.88 -0.0185255 -0.0637763 0.506033
61.89 -0.0186546 -0.0637607 0.50603
61.9 -0.0187836 -0.063745 0.506027
61.91 -0.0189126 -0.0637291 0.506024
61.92 -0.0190416 -0.0637132 0.506021
61.93 -0.0191706 -0.0636971 0.506018
61.94 -0.0192995 -0.0636809 0.506015
61.95 -0.0194284 -0.0636647 0.506012
61.96 -0.0195573 -0.0636483 0.506009
61.97 -0.0196861 -0.0636318 0.506006
61.98 -0.0198149 -0.0636152 0.506003
61.99 -0.0199436 -0.0635985 0.505999
62 -0.0200724 -0.0635816 0.505996
62.01 -0.0202011 -0.0635647 0.505993
62.02 -0.0203297 -0.0635477 0.50599
62.03 -0.0204583 -0.0635305 0.505987
62.04 -0.0205869 -0.0635133 0.505983
62.05 -0.0207155 -0.0634959 0.50598
62.06 -0.020844 -0.0634785 0.505977
62.07 -0.0209724 -0.0634609 0.505973
62.08 -0.0211009 -0.0634432 0.50597
62.09 -0.0212293 -0.0634254 0.505967
62.1 -0.0213577 -0.0634075 0.505963
62.11 -0.021486 -0.0633895 0.50596
62.12 -0.0216143 -0.0633714 0.505957
62.13 -0.0217425 -0.0633531 0.505953
62.14 -0.0218707 -0.0633348 0.50595
62.15 -0.0219989 -0.0633164 0.505946
62.16 -0.0221271 -0.0632978 0.505943
62.17 -0.0222552 -0.0632792 0.505939
62.18 -0.0223832 -0.0632604 0.505936
62.19 -0.0225112 -0.0632415 0.505932
62.2 -0.0226392 -0.0632225 0.505929
62.21 -0.0227672 -0.0632034 0.505925
62.22 -0.0228951 -0.0631842 0.505922
62.23 -0.0230229 -0.0631649 0.505918
62.24 -0.0231508 -0.0631455 0.505914
62.25 -0.0232785 -0.063126 0.505911
62.26 -0.0234063 -0.0631064 0.505907
62.27 -0.023534 -0.0630866 0.505903
62.28 -0.0236617 -0.0630668 0.5059
62.29 -0.0237893 -0.0630468 0.505896
62.3 -0.0239169 -0.0630268 0.505892
62.31 -0.0240444 -0.0630066 0.505888
62.32 -0.0241719 -0.0629864 0.505885
62.33 -0.0242993 -0.062966 0.505881
62.34 -0.0244268 -0.0629455 0.505877
62.35 -0.0245541 -0.0629249 0.505873
62.36 -0.0246815 -0.0629042 0.505869
62.37 -0.0248087 -0.0628834 0.505865
62.38 -0.024936 -0.0628625 0.505861
62.39 -0.0250632 -0.0628414 0.505857
62.4 -0.0251903 -0.0628203 0.505854
62.41 -0.0253175 -0.0627991 0.50585
62.42 -0.0254445 -0.0627777 0.505846
62.43 -0.0255715 -0.0627563 0.505842
62.44 -0.0256985 -0.0627347 0.505838
62.45 -0.0258255 -0.062713 0.505834
62.46 -0.0259523 -0.0626913 0.50583
62.47 -0.0260792 -0.0626694 0.505825
62.48 -0.026206 -0.0626474 0.505821
62.49 -0.0263327 -0.0626253 0.505817
62.5 -0.0264595 -0.0626031 0.505813
62.51 -0.0265861 -0.0625808 0.505809
62.52 -0.0267127 -0.0625584 0.505805
62.53 -0.0268393 -0.0625359 0.505801
62.54 -0.0269658 -0.0625133 0.505796
62.55 -0.0270923 -0.0624905 0.505792
62.56 -0.0272187 -0.0624677 0.505788
62.57 -0.0273451 -0.0624447 0.505784
62.58 -0.0274714 -0.0624217 0.505779
62.59 -0.0275977 -0.0623985 0.505775
62.6 -0.027724 -0.0623753 0.505771
62.61 -0.0278502 -0.0623519 0.505767
62.62 -0.0279763 -0.0623284 0.505762
62.63 -0.0281024 -0.0623048 0.505758
62.64 -0.0282284 -0.0622812 0.505753
62.65 -0.0283544 -0.0622574 0.505749
62.66 -0.0284804 -0.0622335 0.505745
62.67 -0.0286063 -0.0622095 0.50574
62.68 -0.0287321 -0.0621853 0.505736
62.69 -0.0288579 -0.0621611 0.505731
62.7 -0.0289837 -0.0621368 0.505727
62.71 -0.0291094 -0.0621124 0.505722
62.72 -0.029235 -0.0620878 0.505718
62.73 -0.0293606 -0.0620632 0.505713
62.74 -0.0294862 -0.0620384 0.505709
62.75 -0.0296116 -0.0620136 0.505704
62.76 -0.0297371 -0.0619886 0.5057
62.77 -0.0298625 -0.0619636 0.505695
62.78 -0.0299878 -0.0619384 0.50569
62.79 -0.0301131 -0.0619131 0.505686
62.8 -0.0302383 -0.0618877 0.505681
62.81 -0.0303635 -0.0618623 0.505676
62.82 -0.0304886 -0.0618367 0.505672
62.83 -0.0306137 -0.061811 0.505667
62.84 -0.0307387 -0.0617852 0.505662
62.85 -0.0308637 -0.0617593 0.505657
62.86 -0.0309886 -0.0617333 0.505653
62.87 -0.0311135 -0.0617071 0.505648
62.88 -0.0312383 -0.0616809 0.505643
62.89 -0.0313631 -0.0616546 0.505638
62.9 -0.0314878 -0.0616282 0.505633
62.91 -0.0316124 -0.0616016 0.505629
62.92 -0.031737 -0.061575 0.505624
62.93 -0.0318615 -0.0615482 0.505619
62.94 -0.031986 -0.0615214 0.505614
62.95 -0.0321104 -0.0614944 0.505609
62.96 -0.0322348 -0.0614674 0.505604
62.97 -0.0323591 -0.0614402 0.505599
62.98 -0.0324834 -0.061413 0.505594
62.99 -0.0326076 -0.0613856 0.505589
63 -0.0327317 -0.0613581 0.505584
63.01 -0.0328558 -0.0613305 0.505579
63.02 -0.0329798 -0.0613028 0.505574
63.03 -0.0331038 -0.061275 0.505569
63.04 -0.0332277 -0.0612472 0.505564
63.05 -0.0333516 -0.0612192 0.505559
63.06 -0.0334754 -0.0611911 0.505554
63.07 -0.0335991 -0.0611628 0.505549
63.08 -0.0337228 -0.0611345 0.505544
63.09 -0.0338464 -0.0611061 0.505538
63.1 -0.03397 -0.0610776 0.505533
63.11 -0.0340935 -0.061049 0.505528
63.12 -0.0342169 -0.0610203 0.505523
63.13 -0.0343403 -0.0609914 0.505518
63.14 -0.0344637 -0.0609625 0.505512
63.15 -0.0345869 -0.0609335 0.505507
63.16 -0.0347101 -0.0609043 0.505502
63.17 -0.0348333 -0.0608751 0.505497
63.18 -0.0349564 -0.0608457 0.505491
63.19 -0.0350794 -0.0608163 0.505486
63.2 -0.0352024 -0.0607867 0.505481
63.21 -0.0353253 -0.0607571 0.505475
63.22 -0.0354481 -0.0607273 0.50547
63.23 -0.0355709 -0.0606974 0.505465
63.24 -0.0356936 -0.0606675 0.505459
63.25 -0.0358163 -0.0606374 0.505454
63.26 -0.0359389 -0.0606072 0.505448
63.27 -0.0360614 -0.060577 0.505443
63.28 -0.0361839 -0.0605466 0.505437
63.29 -0.0363063 -0.0605161 0.505432
63.3 -0.0364287 -0.0604855 0.505426
63.31 -0.0365509 -0.0604548 0.505421
63.32 -0.0366732 -0.060424 0.505415
63.33 -0.0367953 -0.0603932 0.50541
63.34 -0.0369174 -0.0603622 0.505404
63.35 -0.0370394 -0.0603311 0.505399
63.36 -0.0371614 -0.0602999 0.505393
63.37 -0.0372833 -0.0602686 0.505388
63.38 -0.0374051 -0.0602372 0.505382
63.39 -0.0375269 -0.0602056 0.505376
63.4 -0.0376486 -0.060174 0.505371
63.41 -0.0377703 -0.0601423 0.505365
63.42 -0.0378918 -0.0601105 0.505359
63.43 -0.0380133 -0.0600786 0.505354
63.44 -0.0381348 -0.0600466 0.505348
63.45 -0.0382562 -0.0600145 0.505342
63.46 -0.0383775 -0.0599822 0.505336
63.47 -0.0384987 -0.0599499 0.505331
63.48 -0.0386199 -0.0599175 0.505325
63.49 -0.038741 -0.059885 0.505319
63.5 -0.0388621 -0.0598523 0.505313
63.51 -0.038983 -0.0598196 0.505307
63.52 -0.0391039 -0.0597868 0.505302
63.53 -0.0392248 -0.0597539 0.505296
63.54 -0.0393456 -0.0597208 0.50529
63.55 -0.0394663 -0.0596877 0.505284
63.56 -0.0395869 -0.0596544 0.505278
63.57 -0.0397075 -0.0596211 0.505272
63.58 -0.039828 -0.0595877 0.505266
63.59 -0.0399484 -0.0595541 0.50526
63.6 -0.0400688 -0.0595205 0.505254
63.61 -0.040189 -0.0594867 0.505249
63.62 -0.0403093 -0.0594529 0.505243
63.63 -0.0404294 -0.059419 0.505237
63.64 -0.0405495 -0.0593849 0.505231
63.65 -0.0406695 -0.0593508 0.505225
63.66 -0.0407895 -0.0593165 0.505219
63.67 -0.0409093 -0.0592822 0.505212
63.68 -0.0410291 -0.0592477 0.505206
63.69 -0.0411489 -0.0592132 0.5052
63.7 -0.0412685 -0.0591785 0.505194
63.71 -0.0413881 -0.0591438 0.505188
63.72 -0.0415076 -0.0591089 0.505182
63.73 -0.0416271 -0.059074 0.505176
63.74 -0.0417464 -0.059039 0.50517
63.75 -0.0418657 -0.0590038 0.505164
63.76 -0.041985 -0.0589686 0.505157
63.77 -0.0421041 -0.0589332 0.505151
63.78 -0.0422232 -0.0588978 0.505145
63.79 -0.0423422 -0.0588622 0.505139
63.8 -0.0424611 -0.0588266 0.505133
63.81 -0.04258 -0.0587908 0.505126
63.82 -0.0426988 -0.058755 0.50512
63.83 -0.0428175 -0.058719 0.505114
63.84 -0.0429361 -0.058683 0.505107
63.85 -0.0430547 -0.0586468 0.505101
63.86 -0.0431732 -0.0586106 0.505095
63.87 -0.0432916 -0.0585742 0.505089
63.88 -0.0434099 -0.0585378 0.505082
63.89 -0.0435282 -0.0585013 0.505076
63.9 -0.0436464 -0.0584646 0.505069
63.91 -0.0437645 -0.0584279 0.505063
63.92 -0.0438826 -0.058391 0.505057
63.93 -0.0440005 -0.0583541 0.50505
63.94 -0.0441184 -0.0583171 0.505044
63.95 -0.0442362 -0.0582799 0.505037
63.96 -0.044354 -0.0582427 0.505031
63.97 -0.0444716 -0.0582053 0.505025
63.98 -0.0445892 -0.0581679 0.505018
63.99 -0.0447067 -0.0581304 0.505012
64 -0.0448241 -0.0580928 0.505005
64.01 -0.0449415 -0.058055 0.504999
64.02 -0.0450587 -0.0580172 0.504992
64.03 -0.0451759 -0.0579793 0.504986
64.04 -0.045293 -0.0579413 0.504979
64.05 -0.0454101 -0.0579031 0.504972
64.06 -0.045527 -0.0578649 0.504966
64.07 -0.0456439 -0.0578266 0.504959
64.08 -0.0457607 -0.0577882 0.504953
64.09 -0.0458774 -0.0577497 0.504946
64.1 -0.0459941 -0.0577111 0.504939
64.11 -0.0461106 -0.0576724 0.504933
64.12 -0.0462271 -0.0576336 0.504926
64.13 -0.0463435 -0.0575947 0.504919
64.14 -0.0464599 -0.0575557 0.504913
64.15 -0.0465761 -0.0575166 0.504906
64.16 -0.0466923 -0.0574774 0.504899
64.17 -0.0468083 -0.0574381 0.504893
64.18 -0.0469243 -0.0573987 0.504886
64.19 -0.0470403 -0.0573592 0.504879
64.2 -0.0471561 -0.0573196 0.504873
64.21 -0.0472719 -0.0572799 0.504866
64.22 -0.0473875 -0.0572402 0.504859
64.23 -0.0475031 -0.0572003 0.504852
64.24 -0.0476186 -0.0571603 0.504845
64.25 -0.0477341 -0.0571203 0.504839
64.26 -0.0478494 -0.0570801 0.504832
64.27 -0.0479647 -0.0570398 0.504825
64.28 -0.0480798 -0.0569995 0.504818
64.29 -0.0481949 -0.056959 0.504811
64.3 -0.04831 -0.0569185 0.504804
64.31 -0.0484249 -0.0568778 0.504798
64.32 -0.0485397 -0.0568371 0.504791
64.33 -0.0486545 -0.0567962 0.504784
64.34 -0.0487692 -0.0567553 0.504777
64.35 -0.0488838 -0.0567143 0.50477
64.36 -0.0489983 -0.0566732 0.504763
64.37 -0.0491127 -0.0566319 0.504756
64.38 -0.0492271 -0.0565906 0.504749
64.39 -0.0493413 -0.0565492 0.504742
64.4 -0.0494555 -0.0565077 0.504735
64.41 -0.0495696 -0.0564661 0.504728
64.42 -0.0496836 -0.0564244 0.504721
64.43 -0.0497975 -0.0563826 0.504714
64.44 -0.0499113 -0.0563407 0.504707
64.45 -0.0500251 -0.0562987 0.5047
64.46 -0.0501387 -0.0562567 0.504693
64.47 -0.0502523 -0.0562145 0.504686
64.48 -0.0503658 -0.0561722 0.504679
64.49 -0.0504792 -0.0561298 0.504672
64.5 -0.0505925 -0.0560874 0.504665
64.51 -0.0507057 -0.0560448 0.504658
64.52 -0.0508188 -0.0560022 0.504651
64.53 -0.0509319 -0.0559594 0.504643
64.54 -0.0510448 -0.0559166 0.504636
64.55 -0.0511577 -0.0558737 0.504629
64.56 -0.0512705 -0.0558306 0.504622
64.57 -0.0513832 -0.0557875 0.504615
64.58 -0.0514958 -0.0557443 0.504608
64.59 -0.0516083 -0.055701 0.504601
64.6 -0.0517207 -0.0556576 0.504593
64.61 -0.0518331 -0.0556141 0.504586
64.62 -0.0519453 -0.0555705 0.504579
64.63 -0.0520575 -0.0555268 0.504572
64.64 -0.0521695 -0.055483 0.504565
64.65 -0.0522815 -0.0554392 0.504557
64.66 -0.0523934 -0.0553952 0.50455
64.67 -0.0525052 -0.0553512 0.504543
64.68 -0.0526169 -0.055307 0.504536
64.69 -0.0527285 -0.0552628 0.504528
64.7 -0.0528401 -0.0552184 0.504521
64.71 -0.0529515 -0.055174 0.504514
64.72 -0.0530628 -0.0551295 0.504506
64.73 -0.0531741 -0.0550848 0.504499
64.74 -0.0532852 -0.0550401 0.504492
64.75 -0.0533963 -0.0549953 0.504484
64.76 -0.0535073 -0.0549504 0.504477
64.77 -0.0536182 -0.0549054 0.50447
64.78 -0.053729 -0.0548604 0.504462
64.79 -0.0538397 -0.0548152 0.504455
64.8 -0.0539503 -0.0547699 0.504448
64.81 -0.0540608 -0.0547246 0.50444
64.82 -0.0541712 -0.0546791 0.504433
64.83 -0.0542815 -0.0546336 0.504425
64.84 -0.0543918 -0.0545879 0.504418
64.85 -0.0545019 -0.0545422 0.504411
64.86 -0.054612 -0.0544964 0.504403
64.87 -0.0547219 -0.0544505 0.504396
64.88 -0.0548318 -0.0544045 0.504388
64.89 -0.0549415 -0.0543584 0.504381
64.9 -0.0550512 -0.0543122 0.504373
64.91 -0.0551608 -0.0542659 0.504366
64.92 -0.0552703 -0.0542196 0.504358
64.93 -0.0553796 -0.0541731 0.504351
64.94 -0.0554889 -0.0541265 0.504343
64.95 -0.0555981 -0.0540799 0.504336
64.96 -0.0557072 -0.0540332 0.504328
64.97 -0.0558162 -0.0539863 0.504321
64.98 -0.0559251 -0.0539394 0.504313
64.99 -0.0560339 -0.0538924 0.504306
65 -0.0561427 -0.0538453 0.504298
65.01 -0.0562513 -0.0537981 0.504291
65.02 -0.0563598 -0.0537509 0.504283
65.03 -0.0564682 -0.0537035 0.504276
65.04 -0.0565765 -0.053656 0.504268
65.05 -0.0566848 -0.0536085 0.50426
65.06 -0.0567929 -0.0535608 0.504253
65.07 -0.0569009 -0.0535131 0.504245
65.08 -0.0570089 -0.0534653 0.504238
65.09 -0.0571167 -0.0534174 0.50423
65.1 -0.0572244 -0.0533694 0.504222
65.11 -0.0573321 -0.0533213 0.504215
65.12 -0.0574396 -0.0532731 0.504207
65.13 -0.0575471 -0.0532248 0.504199
65.14 -0.0576544 -0.0531765 0.504192
65.15 -0.0577617 -0.053128 0.504184
65.16 -0.0578688 -0.0530795 0.504176
65.17 -0.0579758 -0.0530309 0.504169
65.18 -0.0580828 -0.0529822 0.504161
65.19 -0.0581896 -0.0529333 0.504153
65.2 -0.0582964 -0.0528845 0.504146
65.21 -0.058403 -0.0528355 0.504138
65.22 -0.0585096 -0.0527864 0.50413
65.23 -0.058616 -0.0527372 0.504122
65.24 -0.0587224 -0.052688 0.504115
65.25 -0.0588286 -0.0526387 0.504107
65.26 -0.0589347 -0.0525892 0.504099
65.27 -0.0590408 -0.0525397 0.504092
65.28 -0.0591467 -0.0524901 0.504084
65.29 -0.0592526 -0.0524404 0.504076
65.3 -0.0593583 -0.0523906 0.504068
65.31 -0.0594639 -0.0523408 0.50406
65.32 -0.0595695 -0.0522908 0.504053
65.33 -0.0596749 -0.0522408 0.504045
65.34 -0.0597802 -0.0521906 0.504037
65.35 -0.0598854 -0.0521404 0.504029
65.36 -0.0599906 -0.0520901 0.504022
65.37 -0.0600956 -0.0520397 0.504014
65.38 -0.0602005 -0.0519892 0.504006
65.39 -0.0603053 -0.0519387 0.503998
65.4 -0.06041 -0.051888 0.50399
65.41 -0.0605146 -0.0518373 0.503982
65.42 -0.0606191 -0.0517864 0.503975
65.43 -0.0607235 -0.0517355 0.503967
65.44 -0.0608278 -0.0516845 0.503959
65.45 -0.060932 -0.0516334 0.503951
65.46 -0.0610361 -0.0515822 0.503943
65.47 -0.0611401 -0.051531 0.503935
65.48 -0.0612439 -0.0514796 0.503927
65.49 -0.0613477 -0.0514282 0.503919
65.5 -0.0614514 -0.0513767 0.503912
65.51 -0.0615549 -0.0513251 0.503904
65.52 -0.0616584 -0.0512734 0.503896
65.53 -0.0617617 -0.0512216 0.503888
65.54 -0.061865 -0.0511697 0.50388
65.55 -0.0619681 -0.0511178 0.503872
65.56 -0.0620711 -0.0510657 0.503864
65.57 -0.062174 -0.0510136 0.503856
65.58 -0.0622769 -0.0509614 0.503848
65.59 -0.0623796 -0.0509091 0.50384
65.6 -0.0624822 -0.0508567 0.503832
65.61 -0.0625847 -0.0508042 0.503824
65.62 -0.062687 -0.0507517 0.503817
65.63 -0.0627893 -0.050699 0.503809
65.64 -0.0628915 -0.0506463 0.503801
65.65 -0.0629936 -0.0505935 0.503793
65.66 -0.0630955 -0.0505406 0.503785
65.67 -0.0631974 -0.0504876 0.503777
65.68 -0.0632991 -0.0504346 0.503769
65.69 -0.0634007 -0.0503814 0.503761
65.7 -0.0635022 -0.0503282 0.503753
65.71 -0.0636037 -0.0502749 0.503745
65.72 -0.063705 -0.0502215 0.503737
65.73 -0.0638061 -0.050168 0.503729
65.74 -0.0639072 -0.0501144 0.503721
65.75 -0.0640082 -0.0500608 0.503713
65.76 -0.0641091 -0.050007 0.503705
65.77 -0.0642098 -0.0499532 0.503697
65.78 -0.0643105 -0.0498993 0.503689
65.79 -0.064411 -0.0498453 0.503681
65.8 -0.0645114 -0.0497913 0.503673
65.81 -0.0646117 -0.0497371 0.503665
65.82 -0.0647119 -0.0496829 0.503657
65.83 -0.064812 -0.0496285 0.503649
65.84 -0.064912 -0.0495741 0.503641
65.85 -0.0650119 -0.0495197 0.503633
65.86 -0.0651117 -0.0494651 0.503624
65.87 -0.0652113 -0.0494104 0.503616
65.88 -0.0653108 -0.0493557 0.503608
65.89 -0.0654103 -0.0493009 0.5036
65.9 -0.0655096 -0.049246 0.503592
65.91 -0.0656088 -0.049191 0.503584
65.92 -0.0657079 -0.0491359 0.503576
65.93 -0.0658068 -0.0490808 0.503568
65.94 -0.0659057 -0.0490256 0.50356
65.95 -0.0660044 -0.0489702 0.503552
65.96 -0.0661031 -0.0489148 0.503544
65.97 -0.0662016 -0.0488594 0.503536
65.98 -0.0663 -0.0488038 0.503528
65.99 -0.0663983 -0.0487482 0.50352
66 -0.0664965 -0.0486924 0.503511
66.01 -0.0665946 -0.0486366 0.503503
66.02 -0.0666925 -0.0485808 0.503495
66.03 -0.0667904 -0.0485248 0.503487
66.04 -0.0668881 -0.0484687 0.503479
66.05 -0.0669857 -0.0484126 0.503471
66.06 -0.0670832 -0.0483564 0.503463
66.07 -0.0671806 -0.0483001 0.503455
66.08 -0.0672778 -0.0482438 0.503447
66.09 -0.067375 -0.0481873 0.503438
66.1 -0.067472 -0.0481308 0.50343
66.11 -0.067569 -0.0480742 0.503422
66.12 -0.0676658 -0.0480175 0.503414
66.13 -0.0677625 -0.0479607 0.503406
66.14 -0.067859 -0.0479038 0.503398
66.15 -0.0679555 -0.0478469 0.50339
66.16 -0.0680518 -0.0477899 0.503382
66.17 -0.0681481 -0.0477328 0.503374
66.18 -0.0682442 -0.0476756 0.503365
66.19 -0.0683402 -0.0476184 0.503357
66.2 -0.068436 -0.047561 0.503349
66.21 -0.0685318 -0.0475036 0.503341
66.22 -0.0686274 -0.0474461 0.503333
66.23 -0.068723 -0.0473886 0.503325
66.24 -0.0688184 -0.0473309 0.503317
66.25 -0.0689137 -0.0472732 0.503308
66.26 -0.0690088 -0.0472154 0.5033
66.27 -0.0691039 -0.0471575 0.503292
66.28 -0.0691988 -0.0470995 0.503284
66.29 -0.0692936 -0.0470415 0.503276
66.3 -0.0693883 -0.0469834 0.503268
66.31 -0.0694829 -0.0469252 0.50326
66.32 -0.0695774 -0.0468669 0.503251
66.33 -0.0696717 -0.0468085 0.503243
66.34 -0.0697659 -0.0467501 0.503235
66.35 -0.0698601 -0.0466916 0.503227
66.36 -0.069954 -0.046633 0.503219
66.37 -0.0700479 -0.0465743 0.503211
66.38 -0.0701416 -0.0465156 0.503202
66.39 -0.0702353 -0.0464567 0.503194
66.4 -0.0703288 -0.0463978 0.503186
66.41 -0.0704222 -0.0463388 0.503178
66.42 -0.0705154 -0.0462798 0.50317
66.43 -0.0706086 -0.0462207 0.503162
66.44 -0.0707016 -0.0461614 0.503153
66.45 -0.0707945 -0.0461021 0.503145
66.46 -0.0708873 -0.0460428 0.503137
66.47 -0.07098 -0.0459833 0.503129
66.48 -0.0710725 -0.0459238 0.503121
66.49 -0.0711649 -0.0458642 0.503113
66.5 -0.0712572 -0.0458045 0.503105
66.51 -0.0713494 -0.0457448 0.503096
66.52 -0.0714415 -0.045685 0.503088
66.53 -0.0715334 -0.0456251 0.50308
66.54 -0.0716252 -0.0455651 0.503072
66.55 -0.0717169 -0.045505 0.503064
66.56 -0.0718085 -0.0454449 0.503056
66.57 -0.0718999 -0.0453847 0.503047
66.58 -0.0719912 -0.0453244 0.503039
66.59 -0.0720824 -0.0452641 0.503031
66.6 -0.0721735 -0.0452036 0.503023
66.61 -0.0722645 -0.0451431 0.503015
66.62 -0.0723553 -0.0450825 0.503007
66.63 -0.072446 -0.0450219 0.502998
66.64 -0.0725366 -0.0449611 0.50299
66.65 -0.072627 -0.0449003 0.502982
66.66 -0.0727174 -0.0448395 0.502974
66.67 -0.0728076 -0.0447785 0.502966
66.68 -0.0728977 -0.0447175 0.502958
66.69 -0.0729876 -0.0446564 0.50295
66.7 -0.0730775 -0.0445952 0.502941
66.71 -0.0731672 -0.0445339 0.502933
66.72 -0.0732568 -0.0444726 0.502925
66.73 -0.0733463 -0.0444112 0.502917
66.74 -0.0734356 -0.0443497 0.502909
66.75 -0.0735248 -0.0442882 0.502901
66.76 -0.0736139 -0.0442265 0.502893
66.77 -0.0737029 -0.0441648 0.502884
66.78 -0.0737917 -0.0441031 0.502876
66.79 -0.0738804 -0.0440412 0.502868
66.8 -0.073969 -0.0439793 0.50286
66.81 -0.0740575 -0.0439173 0.502852
66.82 -0.0741458 -0.0438552 0.502844
66.83 -0.074234 -0.0437931 0.502836
66.84 -0.0743221 -0.0437309 0.502827
66.85 -0.0744101 -0.0436686 0.502819
66.86 -0.0744979 -0.0436062 0.502811
66.87 -0.0745856 -0.0435438 0.502803
66.88 -0.0746732 -0.0434813 0.502795
66.89 -0.0747606 -0.0434187 0.502787
66.9 -0.0748479 -0.0433561 0.502779
66.91 -0.0749351 -0.0432934 0.502771
66.92 -0.0750222 -0.0432306 0.502763
66.93 -0.0751091 -0.0431677 0.502754
66.94 -0.0751959 -0.0431048 0.502746
66.95 -0.0752826 -0.0430418 0.502738
66.96 -0.0753692 -0.0429787 0.50273
66.97 -0.0754556 -0.0429155 0.502722
66.98 -0.0755419 -0.0428523 0.502714
66.99 -0.0756281 -0.042789 0.502706
67 -0.0757141 -0.0427256 0.502698
67.01 -0.0758 -0.0426622 0.50269
67.02 -0.0758858 -0.0425987 0.502682
67.03 -0.0759715 -0.0425351 0.502673
67.04 -0.076057 -0.0424715 0.502665
67.05 -0.0761424 -0.0424078 0.502657
67.06 -0.0762277 -0.042344 0.502649
67.07 -0.0763128 -0.0422801 0.502641
67.08 -0.0763978 -0.0422162 0.502633
67.09 -0.0764827 -0.0421522 0.502625
67.1 -0.0765674 -0.0420881 0.502617
67.11 -0.076652 -0.042024 0.502609
67.12 -0.0767365 -0.0419598 0.502601
67.13 -0.0768209 -0.0418955 0.502593
67.14 -0.0769051 -0.0418311 0.502585
67.15 -0.0769892 -0.0417667 0.502577
67.16 -0.0770732 -0.0417022 0.502569
67.17 -0.077157 -0.0416377 0.502561
67.18 -0.0772407 -0.041573 0.502553
67.19 -0.0773243 -0.0415083 0.502545
67.2 -0.0774077 -0.0414436 0.502537
67.21 -0.077491 -0.0413787 0.502529
67.22 -0.0775742 -0.0413138 0.502521
67.23 -0.0776572 -0.0412489 0.502513
67.24 -0.0777401 -0.0411838 0.502505
67.25 -0.0778229 -0.0411187 0.502497
67.26 -0.0779056 -0.0410535 0.502489
67.27 -0.0779881 -0.0409883 0.502481
67.28 -0.0780705 -0.040923 0.502473
67.29 -0.0781527 -0.0408576 0.502465
67.3 -0.0782348 -0.0407922 0.502457
67.31 -0.0783168 -0.0407266 0.502449
67.32 -0.0783987 -0.0406611 0.502441
67.33 -0.0784804 -0.0405954 0.502433
67.34 -0.078562 -0.0405297 0.502425
67.35 -0.0786434 -0.0404639 0.502417
67.36 -0.0787248 -0.0403981 0.502409
67.37 -0.0788059 -0.0403321 0.502401
67.38 -0.078887 -0.0402661 0.502393
67.39 -0.0789679 -0.0402001 0.502385
67.4 -0.0790487 -0.040134 0.502377
67.41 -0.0791293 -0.0400678 0.502369
67.42 -0.0792099 -0.0400015 0.502361
67.43 -0.0792902 -0.0399352 0.502353
67.44 -0.0793705 -0.0398688 0.502345
67.45 -0.0794506 -0.0398024 0.502337
67.46 -0.0795306 -0.0397359 0.50233
67.47 -0.0796104 -0.0396693 0.502322
67.48 -0.0796901 -0.0396026 0.502314
67.49 -0.0797697 -0.0395359 0.502306
67.5 -0.0798491 -0.0394691 0.502298
67.51 -0.0799284 -0.0394023 0.50229
67.52 -0.0800076 -0.0393354 0.502282
67.53 -0.0800866 -0.0392684 0.502274
67.54 -0.0801655 -0.0392013 0.502266
67.55 -0.0802443 -0.0391342 0.502259
67.56 -0.0803229 -0.0390671 0.502251
67.57 -0.0804014 -0.0389998 0.502243
67.58 -0.0804797 -0.0389325 0.502235
67.59 -0.080558 -0.0388652 0.502227
67.6 -0.080636 -0.0387977 0.502219
67.61 -0.080714 -0.0387302 0.502212
67.62 -0.0807918 -0.0386627 0.502204
67.63 -0.0808694 -0.0385951 0.502196
67.64 -0.080947 -0.0385274 0.502188
67.65 -0.0810244 -0.0384596 0.50218
67.66 -0.0811016 -0.0383918 0.502173
67.67 -0.0811787 -0.0383239 0.502165
67.68 -0.0812557 -0.038256 0.502157
67.69 -0.0813326 -0.038188 0.502149
67.7 -0.0814093 -0.0381199 0.502141
67.71 -0.0814858 -0.0380518 0.502134
67.72 -0.0815623 -0.0379836 0.502126
67.73 -0.0816385 -0.0379153 0.502118
67.74 -0.0817147 -0.037847 0.50211
67.75 -0.0817907 -0.0377786 0.502103
67.76 -0.0818666 -0.0377102 0.502095
67.77 -0.0819423 -0.0376417 0.502087
67.78 -0.0820179 -0.0375731 0.50208
67.79 -0.0820934 -0.0375045 0.502072
67.8 -0.0821687 -0.0374358 0.502064
67.81 -0.0822439 -0.037367 0.502056
67.82 -0.0823189 -0.0372982 0.502049
67.83 -0.0823938 -0.0372293 0.502041
67.84 -0.0824686 -0.0371604 0.502033
67.85 -0.0825432 -0.0370914 0.502026
67.86 -0.0826177 -0.0370223 0.502018
67.87 -0.082692 -0.0369532 0.502011
67.88 -0.0827662 -0.036884 0.502003
67.89 -0.0828403 -0.0368147 0.501995
67.9 -0.0829142 -0.0367454 0.501988
67.91 -0.082988 -0.0366761 0.50198
67.92 -0.0830616 -0.0366066 0.501972
67.93 -0.0831351 -0.0365371 0.501965
67.94 -0.0832085 -0.0364676 0.501957
67.95 -0.0832817 -0.036398 0.50195
67.96 -0.0833548 -0.0363283 0.501942
67.97 -0.0834277 -0.0362586 0.501934
67.98 -0.0835005 -0.0361888 0.501927
67.99 -0.0835732 -0.0361189 0.501919
68 -0.0836457 -0.036049 0.501912
68.01 -0.0837181 -0.035979 0.501904
68.02 -0.0837903 -0.035909 0.501897
68.03 -0.0838624 -0.0358389 0.501889
68.04 -0.0839344 -0.0357688 0.501882
68.05 -0.0840062 -0.0356986 0.501874
68.06 -0.0840778 -0.0356283 0.501867
68.07 -0.0841494 -0.035558 0.501859
68.08 -0.0842207 -0.0354876 0.501852
68.09 -0.084292 -0.0354171 0.501844
68.1 -0.0843631 -0.0353466 0.501837
68.11 -0.084434 -0.0352761 0.501829
68.12 -0.0845048 -0.0352055 0.501822
68.13 -0.0845755 -0.0351348 0.501814
68.14 -0.084646 -0.035064 0.501807
68.15 -0.0847164 -0.0349933 0.5018
68.16 -0.0847866 -0.0349224 0.501792
68.17 -0.0848567 -0.0348515 0.501785
68.18 -0.0849267 -0.0347805 0.501777
68.19 -0.0849965 -0.0347095 0.50177
68.2 -0.0850662 -0.0346384 0.501763
68.21 -0.0851357 -0.0345673 0.501755
68.22 -0.0852051 -0.0344961 0.501748
68.23 -0.0852743 -0.0344248 0.501741
68.24 -0.0853434 -0.0343535 0.501733
68.25 -0.0854123 -0.0342822 0.501726
68.26 -0.0854811 -0.0342107 0.501719
68.27 -0.0855498 -0.0341393 0.501711
68.28 -0.0856183 -0.0340677 0.501704
68.29 -0.0856867 -0.0339961 0.501697
68.3 -0.0857549 -0.0339245 0.501689
68.31 -0.085823 -0.0338528 0.501682
68.32 -0.0858909 -0.033781 0.501675
68.33 -0.0859587 -0.0337092 0.501668
68.34 -0.0860263 -0.0336373 0.50166
68.35 -0.0860938 -0.0335654 0.501653
68.36 -0.0861612 -0.0334934 0.501646
68.37 -0.0862284 -0.0334214 0.501639
68.38 -0.0862955 -0.0333493 0.501631
68.39 -0.0863624 -0.0332771 0.501624
68.4 -0.0864291 -0.0332049 0.501617
68.41 -0.0864958 -0.0331327 0.50161
68.42 -0.0865622 -0.0330604 0.501603
68.43 -0.0866286 -0.032988 0.501596
68.44 -0.0866948 -0.0329156 0.501588
68.45 -0.0867608 -0.0328431 0.501581
68.46 -0.0868267 -0.0327706 0.501574
68.47 -0.0868924 -0.032698 0.501567
68.48 -0.086958 -0.0326254 0.50156
68.49 -0.0870235 -0.0325527 0.501553
68.5 -0.0870888 -0.0324799 0.501546
68.51 -0.087154 -0.0324071 0.501539
68.52 -0.087219 -0.0323343 0.501532
68.53 -0.0872839 -0.0322614 0.501525
68.54 -0.0873486 -0.0321884 0.501518
68.55 -0.0874131 -0.0321154 0.501511
68.56 -0.0874776 -0.0320423 0.501504
68.57 -0.0875418 -0.0319692 0.501497
68.58 -0.087606 -0.0318961 0.50149
68.59 -0.08767 -0.0318228 0.501483
68.6 -0.0877338 -0.0317496 0.501476
68.61 -0.0877975 -0.0316762 0.501469
68.62 -0.087861 -0.0316028 0.501462
68.63 -0.0879244 -0.0315294 0.501455
68.64 -0.0879877 -0.0314559 0.501448
68.65 -0.0880507 -0.0313824 0.501441
68.66 -0.0881137 -0.0313088 0.501434
68.67 -0.0881765 -0.0312352 0.501427
68.68 -0.0882391 -0.0311615 0.50142
68.69 -0.0883016 -0.0310877 0.501413
68.7 -0.088364 -0.0310139 0.501406
68.71 -0.0884262 -0.0309401 0.5014
68.72 -0.0884882 -0.0308662 0.501393
68.73 -0.0885501 -0.0307923 0.501386
68.74 -0.0886119 -0.0307183 0.501379
68.75 -0.0886735 -0.0306442 0.501372
68.76 -0.088735 -0.0305701 0.501365
68.77 -0.0887963 -0.030496 0.501359
68.78 -0.0888574 -0.0304218 0.501352
68.79 -0.0889184 -0.0303475 0.501345
68.8 -0.0889793 -0.0302732 0.501338
68.81 -0.08904 -0.0301989 0.501332
68.82 -0.0891006 -0.0301245 0.501325
68.83 -0.089161 -0.03005 0.501318
68.84 -0.0892212 -0.0299755 0.501312
68.85 -0.0892813 -0.029901 0.501305
68.86 -0.0893413 -0.0298264 0.501298
68.87 -0.0894011 -0.0297518 0.501292
68.88 -0.0894608 -0.0296771 0.501285
68.89 -0.0895203 -0.0296023 0.501278
68.9 -0.0895796 -0.0295275 0.501272
68.91 -0.0896388 -0.0294527 0.501265
68.92 -0.0896979 -0.0293778 0.501258
68.93 -0.0897568 -0.0293029 0.501252
68.94 -0.0898155 -0.0292279 0.501245
68.95 -0.0898741 -0.0291528 0.501239
68.96 -0.0899326 -0.0290778 0.501232
68.97 -0.0899909 -0.0290026 0.501226
68.98 -0.090049 -0.0289275 0.501219
68.99 -0.090107 -0.0288522 0.501213
69 -0.0901649 -0.028777 0.501206
69.01 -0.0902226 -0.0287016 0.5012
69.02 -0.0902801 -0.0286263 0.501193
69.03 -0.0903375 -0.0285509 0.501187
69.04 -0.0903947 -0.0284754 0.50118
69.05 -0.0904518 -0.0283999 0.501174
69.06 -0.0905088 -0.0283244 0.501167
69.07 -0.0905655 -0.0282488 0.501161
69.08 -0.0906222 -0.0281731 0.501155
69.09 -0.0906786 -0.0280974 0.501148
69.1 -0.090735 -0.0280217 0.501142
69.11 -0.0907911 -0.0279459 0.501135
69.12 -0.0908472 -0.0278701 0.501129
69.13 -0.090903 -0.0277942 0.501123
69.14 -0.0909587 -0.0277183 0.501116
69.15 -0.0910143 -0.0276423 0.50111
69.16 -0.0910697 -0.0275663 0.501104
69.17 -0.091125 -0.0274902 0.501098
69.18 -0.0911801 -0.0274141 0.501091
69.19 -0.091235 -0.027338 0.501085
69.2 -0.0912898 -0.0272618 0.501079
69.21 -0.0913444 -0.0271855 0.501073
69.22 -0.0913989 -0.0271092 0.501066
69.23 -0.0914533 -0.0270329 0.50106
69.24 -0.0915074 -0.0269565 0.501054
69.25 -0.0915615 -0.0268801 0.501048
69.26 -0.0916153 -0.0268037 0.501042
69.27 -0.0916691 -0.0267272 0.501036
69.28 -0.0917226 -0.0266506 0.501029
69.29 -0.091776 -0.026574 0.501023
69.3 -0.0918293 -0.0264974 0.501017
69.31 -0.0918824 -0.0264207 0.501011
69.32 -0.0919353 -0.026344 0.501005
69.33 -0.0919881 -0.0262672 0.500999
69.34 -0.0920408 -0.0261904 0.500993
69.35 -0.0920933 -0.0261135 0.500987
69.36 -0.0921456 -0.0260367 0.500981
69.37 -0.0921978 -0.0259597 0.500975
69.38 -0.0922498 -0.0258827 0.500969
69.39 -0.0923017 -0.0258057 0.500963
69.4 -0.0923534 -0.0257286 0.500957
69.41 -0.0924049 -0.0256515 0.500951
69.42 -0.0924563 -0.0255744 0.500945
69.43 -0.0925076 -0.0254972 0.500939
69.44 -0.0925587 -0.02542 0.500933
69.45 -0.0926096 -0.0253427 0.500927
69.46 -0.0926604 -0.0252654 0.500922
69.47 -0.092711 -0.025188 0.500916
69.48 -0.0927615 -0.0251106 0.50091
69.49 -0.0928118 -0.0250332 0.500904
69.5 -0.0928619 -0.0249557 0.500898
69.51 -0.0929119 -0.0248782 0.500892
69.52 -0.0929618 -0.0248006 0.500887
69.53 -0.0930115 -0.024723 0.500881
69.54 -0.093061 -0.0246453 0.500875
69.55 -0.0931104 -0.0245677 0.500869
69.56 -0.0931596 -0.0244899 0.500864
69.57 -0.0932087 -0.0244122 0.500858
69.58 -0.0932576 -0.0243344 0.500852
69.59 -0.0933063 -0.0242565 0.500847
69.6 -0.0933549 -0.0241786 0.500841
69.61 -0.0934034 -0.0241007 0.500835
69.62 -0.0934516 -0.0240227 0.50083
69.63 -0.0934998 -0.0239447 0.500824
69.64 -0.0935477 -0.0238667 0.500819
69.65 -0.0935955 -0.0237886 0.500813
69.66 -0.0936432 -0.0237105 0.500807
69.67 -0.0936907 -0.0236323 0.500802
69.68 -0.093738 -0.0235541 0.500796
69.69 -0.0937852 -0.0234759 0.500791
69.7 -0.0938322 -0.0233976 0.500785
69.71 -0.0938791 -0.0233193 0.50078
69.72 -0.0939258 -0.0232409 0.500774
69.73 -0.0939724 -0.0231625 0.500769
69.74 -0.0940188 -0.0230841 0.500763
69.75 -0.094065 -0.0230056 0.500758
69.76 -0.0941111 -0.0229271 0.500753
69.77 -0.094157 -0.0228486 0.500747
69.78 -0.0942028 -0.02277 0.500742
69.79 -0.0942484 -0.0226914 0.500736
69.8 -0.0942938 -0.0226127 0.500731
69.81 -0.0943391 -0.022534 0.500726
69.82 -0.0943843 -0.0224553 0.50072
69.83 -0.0944292 -0.0223765 0.500715
69.84 -0.0944741 -0.0222977 0.50071
69.85 -0.0945187 -0.0222189 0.500705
69.86 -0.0945632 -0.02214 0.500699
69.87 -0.0946076 -0.0220611 0.500694
69.88 -0.0946517 -0.0219821 0.500689
69.89 -0.0946958 -0.0219032 0.500684
69.9 -0.0947396 -0.0218241 0.500679
69.91 -0.0947833 -0.0217451 0.500673
69.92 -0.0948269 -0.021666 0.500668
69.93 -0.0948703 -0.0215869 0.500663
69.94 -0.0949135 -0.0215077 0.500658
69.95 -0.0949566 -0.0214285 0.500653
69.96 -0.0949995 -0.0213493 0.500648
69.97 -0.0950423 -0.02127 0.500643
69.98 -0.0950848 -0.0211907 0.500638
69.99 -0.0951273 -0.0211114 0.500633
70 -0.0951696 -0.021032 0.500628
70.01 -0.0952117 -0.0209526 0.500623
70.02 -0.0952536 -0.0208731 0.500618
70.03 -0.0952954 -0.0207937 0.500613
70.04 -0.0953371 -0.0207141 0.500608
70.05 -0.0953785 -0.0206346 0.500603
70.06 -0.0954199 -0.020555 0.500598
70.07 -0.095461 -0.0204754 0.500593
70.08 -0.095502 -0.0203958 0.500588
70.09 -0.0955429 -0.0203161 0.500583
70.1 -0.0955835 -0.0202364 0.500578
70.11 -0.0956241 -0.0201566 0.500573
70.12 -0.0956644 -0.0200769 0.500569
70.13 -0.0957046 -0.019997 0.500564
70.14 -0.0957447 -0.0199172 0.500559
70.15 -0.0957845 -0.0198373 0.500554
70.16 -0.0958243 -0.0197574 0.50055
70.17 -0.0958638 -0.0196775 0.500545
70.18 -0.0959032 -0.0195975 0.50054
70.19 -0.0959425 -0.0195175 0.500535
70.2 -0.0959815 -0.0194375 0.500531
70.21 -0.0960204 -0.0193574 0.500526
70.22 -0.0960592 -0.0192773 0.500521
70.23 -0.0960978 -0.0191972 0.500517
70.24 -0.0961362 -0.019117 0.500512
70.25 -0.0961745 -0.0190368 0.500508
70.26 -0.0962126 -0.0189566 0.500503
70.27 -0.0962506 -0.0188763 0.500498
70.28 -0.0962884 -0.018796 0.500494
70.29 -0.096326 -0.0187157 0.500489
70.3 -0.0963635 -0.0186353 0.500485
70.31 -0.0964008 -0.018555 0.50048
70.32 -0.0964379 -0.0184746 0.500476
70.33 -0.0964749 -0.0183941 0.500471
70.34 -0.0965117 -0.0183136 0.500467
70.35 -0.0965484 -0.0182331 0.500463
70.36 -0.0965849 -0.0181526 0.500458
70.37 -0.0966212 -0.018072 0.500454
70.38 -0.0966574 -0.0179915 0.500449
70.39 -0.0966934 -0.0179108 0.500445
70.4 -0.0967293 -0.0178302 0.500441
70.41 -0.096765 -0.0177495 0.500436
70.42 -0.0968005 -0.0176688 0.500432
70.43 -0.0968359 -0.0175881 0.500428
70.44 -0.0968711 -0.0175073 0.500424
70.45 -0.0969061 -0.0174265 0.500419
70.46 -0.096941 -0.0173457 0.500415
70.47 -0.0969757 -0.0172648 0.500411
70.48 -0.0970103 -0.017184 0.500407
70.49 -0.0970447 -0.017103 0.500403
70.5 -0.0970789 -0.0170221 0.500398
70.51 -0.097113 -0.0169411 0.500394
70.52 -0.0971469 -0.0168602 0.50039
70.53 -0.0971806 -0.0167791 0.500386
70.54 -0.0972142 -0.0166981 0.500382
70.55 -0.0972476 -0.016617 0.500378
70.56 -0.0972809 -0.0165359 0.500374
70.57 -0.097314 -0.0164548 0.50037
70.58 -0.0973469 -0.0163736 0.500366
70.59 -0.0973797 -0.0162924 0.500362
70.6 -0.0974123 -0.0162112 0.500358
70.61 -0.0974447 -0.01613 0.500354
70.62 -0.097477 -0.0160487 0.50035
70.63 -0.0975091 -0.0159675 0.500346
70.64 -0.0975411 -0.0158861 0.500342
70.65 -0.0975729 -0.0158048 0.500338
70.66 -0.0976045 -0.0157234 0.500335
70.67 -0.097636 -0.015642 0.500331
70.68 -0.0976673 -0.0155606 0.500327
70.69 -0.0976984 -0.0154792 0.500323
70.7 -0.0977294 -0.0153977 0.500319
70.71 -0.0977602 -0.0153162 0.500316
70.72 -0.0977909 -0.0152347 0.500312
70.73 -0.0978214 -0.0151532 0.500308
70.74 -0.0978517 -0.0150716 0.500304
70.75 -0.0978819 -0.01499 0.500301
70.76 -0.0979119 -0.0149084 0.500297
70.77 -0.0979417 -0.0148267 0.500293
70.78 -0.0979714 -0.0147451 0.50029
70.79 -0.0980009 -0.0146634 0.500286
70.8 -0.0980302 -0.0145817 0.500283
70.81 -0.0980594 -0.0144999 0.500279
70.82 -0.0980884 -0.0144182 0.500275
70.83 -0.0981173 -0.0143364 0.500272
70.84 -0.0981459 -0.0142546 0.500268
70.85 -0.0981745 -0.0141727 0.500265
70.86 -0.0982028 -0.0140909 0.500261
70.87 -0.098231 -0.014009 0.500258
70.88 -0.0982591 -0.0139271 0.500254
70.89 -0.0982869 -0.0138452 0.500251
70.9 -0.0983146 -0.0137632 0.500248
70.91 -0.0983422 -0.0136813 0.500244
70.92 -0.0983696 -0.0135993 0.500241
70.93 -0.0983968 -0.0135173 0.500238
70.94 -0.0984238 -0.0134352 0.500234
70.95 -0.0984507 -0.0133532 0.500231
70.96 -0.0984774 -0.0132711 0.500228
70.97 -0.098504 -0.013189 0.500224
70.98 -0.0985304 -0.0131069 0.500221
70.99 -0.0985566 -0.0130247 0.500218
71 -0.0985826 -0.0129426 0.500215
71.01 -0.0986085 -0.0128604 0.500212
71.02 -0.0986343 -0.0127782 0.500208
71.03 -0.0986598 -0.0126959 0.500205
71.04 -0.0986852 -0.0126137 0.500202
71.05 -0.0987105 -0.0125314 0.500199
71.06 -0.0987355 -0.0124491 0.500196
71.07 -0.0987605 -0.0123668 0.500193
71.08 -0.0987852 -0.0122845 0.50019
71.09 -0.0988098 -0.0122021 0.500187
71.1 -0.0988342 -0.0121197 0.500184
71.11 -0.0988584 -0.0120374 0.500181
71.12 -0.0988825 -0.0119549 0.500178
71.13 -0.0989064 -0.0118725 0.500175
71.14 -0.0989302 -0.0117901 0.500172
71.15 -0.0989538 -0.0117076 0.500169
71.16 -0.0989772 -0.0116251 0.500166
71.17 -0.0990005 -0.0115426 0.500163
71.18 -0.0990236 -0.0114601 0.50016
71.19 -0.0990465 -0.0113775 0.500157
71.2 -0.0990692 -0.011295 0.500155
71.21 -0.0990918 -0.0112124 0.500152
71.22 -0.0991143 -0.0111298 0.500149
71.23 -0.0991365 -0.0110471 0.500146
71.24 -0.0991586 -0.0109645 0.500144
71.25 -0.0991806 -0.0108819 0.500141
71.26 -0.0992023 -0.0107992 0.500138
71.27 -0.099224 -0.0107165 0.500135
71.28 -0.0992454 -0.0106338 0.500133
71.29 -0.0992667 -0.0105511 0.50013
71.3 -0.0992878 -0.0104683 0.500128
71.31 -0.0993087 -0.0103855 0.500125
71.32 -0.0993295 -0.0103028 0.500122
71.33 -0.0993501 -0.01022 0.50012
71.34 -0.0993705 -0.0101372 0.500117
71.35 -0.0993908 -0.0100543 0.500115
71.36 -0.0994109 -0.00997149 0.500112
71.37 -0.0994309 -0.00988863 0.50011
71.38 -0.0994507 -0.00980575 0.500107
71.39 -0.0994703 -0.00972286 0.500105
71.4 -0.0994897 -0.00963995 0.500102
71.41 -0.099509 -0.00955703 0.5001
71.42 -0.0995281 -0.00947409 0.500098
71.43 -0.0995471 -0.00939113 0.500095
71.44 -0.0995659 -0.00930816 0.500093
71.45 -0.0995845 -0.00922517 0.500091
71.46 -0.0996029 -0.00914217 0.500088
71.47 -0.0996212 -0.00905915 0.500086
71.48 -0.0996394 -0.00897612 0.500084
71.49 -0.0996573 -0.00889307 0.500082
71.5 -0.0996751 -0.00881001 0.500079
71.51 -0.0996927 -0.00872694 0.500077
71.52 -0.0997102 -0.00864385 0.500075
71.53 -0.0997275 -0.00856074 0.500073
71.54 -0.0997446 -0.00847762 0.500071
71.55 -0.0997616 -0.00839449 0.500069
71.56 -0.0997783 -0.00831134 0.500067
71.57 -0.099795 -0.00822818 0.500064
71.58 -0.0998114 -0.00814501 0.500062
71.59 -0.0998277 -0.00806183 0.50006
71.6 -0.0998438 -0.00797863 0.500058
71.61 -0.0998598 -0.00789541 0.500056
71.62 -0.0998756 -0.00781219 0.500054
71.63 -0.0998912 -0.00772895 0.500052
71.64 -0.0999067 -0.0076457 0.500051
71.65 -0.099922 -0.00756243 0.500049
71.66 -0.0999371 -0.00747916 0.500047
71.67 -0.0999521 -0.00739587 0.500045
71.68 -0.0999669 -0.00731257 0.500043
71.69 -0.0999815 -0.00722925 0.500041
71.7 -0.0999959 -0.00714593 0.500039
71.71 -0.10001 -0.00706259 0.500038
71.72 -0.100024 -0.00697924 0.500036
71.73 -0.100038 -0.00689588 0.500034
71.74 -0.100052 -0.00681251 0.500032
71.75 -0.100066 -0.00672913 0.500031
71.76 -0.100079 -0.00664574 0.500029
71.77 -0.100092 -0.00656233 0.500027
71.78 -0.100106 -0.00647892 0.500026
71.79 -0.100119 -0.00639549 0.500024
71.8 -0.100131 -0.00631206 0.500022
71.81 -0.100144 -0.00622861 0.500021
71.82 -0.100156 -0.00614515 0.500019
71.83 -0.100169 -0.00606169 0.500018
71.84 -0.100181 -0.00597821 0.500016
71.85 -0.100193 -0.00589472 0.500015
71.86 -0.100205 -0.00581123 0.500013
71.87 -0.100216 -0.00572772 0.500012
71.88 -0.100228 -0.00564421 0.50001
71.89 -0.100239 -0.00556068 0.500009
71.9 -0.10025 -0.00547715 0.500008
71.91 -0.100261 -0.0053936 0.500006
71.92 -0.100272 -0.00531005 0.500005
71.93 -0.100282 -0.00522649 0.500003
71.94 -0.100293 -0.00514292 0.500002
71.95 -0.100303 -0.00505934 0.500001
71.96 -0.100313 -0.00497576 0.5
71.97 -0.100323 -0.00489216 0.499998
71.98 -0.100333 -0.00480856 0.499997
71.99 -0.100343 -0.00472495 0.499996
72 -0.100352 -0.00464133 0.499995
72.01 -0.100361 -0.00455771 0.499994
72.02 -0.100371 -0.00447407 0.499992
72.03 -0.100379 -0.00439043 0.499991
72.04 -0.100388 -0.00430678 0.49999
72.05 -0.100397 -0.00422313 0.499989
72.06 -0.100405 -0.00413947 0.499988
72.07 -0.100414 -0.0040558 0.499987
72.08 -0.100422 -0.00397212 0.499986
72.09 -0.10043 -0.00388844 0.499985
72.1 -0.100437 -0.00380475 0.499984
72.11 -0.100445 -0.00372106 0.499983
72.12 -0.100452 -0.00363735 0.499982
72.13 -0.10046 -0.00355365 0.499981
72.14 -0.100467 -0.00346993 0.49998
72.15 -0.100474 -0.00338621 0.499979
72.16 -0.100481 -0.00330249 0.499979
72.17 -0.100487 -0.00321876 0.499978
72.18 -0.100494 -0.00313502 0.499977
72.19 -0.1005 -0.00305128 0.499976
72.2 -0.100506 -0.00296754 0.499975
72.21 -0.100512 -0.00288379 0.499975
72.22 -0.100518 -0.00280003 0.499974
72.23 -0.100523 -0.00271627 0.499973
72.24 -0.100529 -0.00263251 0.499973
72.25 -0.100534 -0.00254874 0.499972
72.26 -0.100539 -0.00246496 0.499971
72.27 -0.100544 -0.00238118 0.499971
72.28 -0.100549 -0.0022974 0.49997
72.29 -0.100553 -0.00221362 0.499969
72.3 -0.100558 -0.00212983 0.499969
72.31 -0.100562 -0.00204603 0.499968
72.32 -0.100566 -0.00196224 0.499968
72.33 -0.10057 -0.00187844 0.499967
72.34 -0.100574 -0.00179464 0.499967
72.35 -0.100577 -0.00171083 0.499966
72.36 -0.100581 -0.00162702 0.499966
72.37 -0.100584 -0.00154321 0.499966
72.38 -0.100587 -0.0014594 0.499965
72.39 -0.10059 -0.00137558 0.499965
72.4 -0.100593 -0.00129176 0.499965
72.41 -0.100595 -0.00120794 0.499964
72.42 -0.100598 -0.00112411 0.499964
72.43 -0.1006 -0.00104029 0.499964
72.44 -0.100602 -0.000956461 0.499963
72.45 -0.100604 -0.000872632 0.499963
72.46 -0.100606 -0.000788802 0.499963
72.47 -0.100607 -0.00070497 0.499963
72.48 -0.100609 -0.000621137 0.499963
72.49 -0.10061 -0.000537302 0.499962
72.5 -0.100611 -0.000453467 0.499962
72.51 -0.100612 -0.000369631 0.499962
72.52 -0.100613 -0.000285794 0.499962
72.53 -0.100613 -0.000201956 0.499962
72.54 -0.100614 -0.000118118 0.499962
72.55 -0.100614 -3.42795e-05 0.499962
72.56 -0.100614 4.95591e-05 0.499962
72.57 -0.100614 0.000133398 0.499962
72.58 -0.100614 0.000217236 0.499962
72.59 -0.100613 0.000301075 0.499962
72.6 -0.100613 0.000384913 0.499962
72.61 -0.100612 0.00046875 0.499962
72.62 -0.100611 0.000552587 0.499962
72.63 -0.10061 0.000636423 0.499962
72.64 -0.100609 0.000720258 0.499963
72.65 -0.100607 0.000804093 0.499963
72.66 -0.100606 0.000887926 0.499963
72.67 -0.100604 0.000971757 0.499963
72.68 -0.100602 0.00105559 0.499963
72.69 -0.1006 0.00113942 0.499964
72.7 -0.100597 0.00122324 0.499964
72.71 -0.100595 0.00130707 0.499964
72.72 -0.100592 0.00139089 0.499965
72.73 -0.10059 0.00147471 0.499965
72.74 -0.100587 0.00155853 0.499965
72.75 -0.100583 0.00164235 0.499966
72.76 -0.10058 0.00172616 0.499966
72.77 -0.100577 0.00180997 0.499967
72.78 -0.100573 0.00189378 0.499967
72.79 -0.100569 0.00197759 0.499967
72.8 -0.100565 0.00206139 0.499968
72.81 -0.100561 0.00214519 0.499968
72.82 -0.100557 0.00222898 0.499969
72.83 -0.100553 0.00231278 0.49997
72.84 -0.100548 0.00239656 0.49997
72.85 -0.100543 0.00248035 0.499971
72.86 -0.100538 0.00256413 0.499971
72.87 -0.100533 0.00264791 0.499972
72.88 -0.100528 0.00273168 0.499973
72.89 -0.100522 0.00281545 0.499973
72.9 -0.100517 0.00289921 0.499974
72.91 -0.100511 0.00298297 0.499975
72.92 -0.100505 0.00306673 0.499976
72.93 -0.100499 0.00315048 0.499976
72.94 -0.100492 0.00323422 0.499977
72.95 -0.100486 0.00331796 0.499978
72.96 -0.100479 0.0034017 0.499979
72.97 -0.100473 0.00348543 0.49998
72.98 -0.100466 0.00356915 0.499981
72.99 -0.100458 0.00365287 0.499981
73 -0.100451 0.00373658 0.499982
73.01 -0.100444 0.00382029 0.499983
73.02 -0.100436 0.00390399 0.499984
73.03 -0.100428 0.00398768 0.499985
73.04 -0.10042 0.00407137 0.499986
73.05 -0.100412 0.00415505 0.499987
73.06 -0.100404 0.00423872 0.499988
73.07 -0.100395 0.00432239 0.499989
73.08 -0.100387 0.00440605 0.49999
73.09 -0.100378 0.00448971 0.499992
73.1 -0.100369 0.00457335 0.499993
73.11 -0.10036 0.00465699 0.499994
73.12 -0.10035 0.00474063 0.499995
73.13 -0.100341 0.00482425 0.499996
73.14 -0.100331 0.00490787 0.499997
73.15 -0.100321 0.00499148 0.499999
73.16 -0.100311 0.00507508 0.5
73.17 -0.100301 0.00515867 0.500001
73.18 -0.100291 0.00524225 0.500002
73.19 -0.100281 0.00532583 0.500004
73.2 -0.10027 0.0054094 0.500005
73.21 -0.100259 0.00549296 0.500006
73.22 -0.100248 0.00557651 0.500008
73.23 -0.100237 0.00566005 0.500009
73.24 -0.100226 0.00574358 0.500011
73.25 -0.100214 0.0058271 0.500012
73.26 -0.100202 0.00591062 0.500014
73.27 -0.100191 0.00599412 0.500015
73.28 -0.100179 0.00607762 0.500017
73.29 -0.100166 0.0061611 0.500018
73.3 -0.100154 0.00624458 0.50002
73.31 -0.100142 0.00632804 0.500021
73.32 -0.100129 0.0064115 0.500023
73.33 -0.100116 0.00649494 0.500024
73.34 -0.100103 0.00657838 0.500026
73.35 -0.10009 0.0066618 0.500028
73.36 -0.100077 0.00674521 0.500029
73.37 -0.100063 0.00682861 0.500031
73.38 -0.10005 0.00691201 0.500033
73.39 -0.100036 0.00699539 0.500034
73.4 -0.100022 0.00707875 0.500036
73.41 -0.100008 0.00716211 0.500038
73.42 -0.0999933 0.00724546 0.50004
73.43 -0.0999788 0.00732879 0.500042
73.44 -0.0999641 0.00741211 0.500043
73.45 -0.0999493 0.00749543 0.500045
73.46 -0.0999343 0.00757872 0.500047
73.47 -0.0999191 0.00766201 0.500049
73.48 -0.0999038 0.00774528 0.500051
73.49 -0.0998883 0.00782855 0.500053
73.5 -0.0998727 0.0079118 0.500055
73.51 -0.0998568 0.00799503 0.500057
73.52 -0.0998408 0.00807825 0.500059
73.53 -0.0998247 0.00816147 0.500061
73.54 -0.0998084 0.00824466 0.500063
73.55 -0.0997919 0.00832785 0.500065
73.56 -0.0997752 0.00841102 0.500067
73.57 -0.0997584 0.00849417 0.500069
73.58 -0.0997414 0.00857732 0.500071
73.59 -0.0997242 0.00866045 0.500073
73.6 -0.0997069 0.00874356 0.500075
73.61 -0.0996894 0.00882666 0.500078
73.62 -0.0996718 0.00890975 0.50008
73.63 -0.0996539 0.00899283 0.500082
73.64 -0.099636 0.00907588 0.500084
73.65 -0.0996178 0.00915893 0.500087
73.66 -0.0995995 0.00924196 0.500089
73.67 -0.099581 0.00932497 0.500091
73.68 -0.0995623 0.00940797 0.500093
73.69 -0.0995435 0.00949095 0.500096
73.7 -0.0995245 0.00957392 0.500098
73.71 -0.0995054 0.00965688 0.500101
73.72 -0.0994861 0.00973981 0.500103
73.73 -0.0994666 0.00982274 0.500105
73.74 -0.0994469 0.00990564 0.500108
73.75 -0.0994271 0.00998853 0.50011
73.76 -0.0994071 0.0100714 0.500113
73.77 -0.099387 0.0101543 0.500115
73.78 -0.0993667 0.0102371 0.500118
73.79 -0.0993462 0.0103199 0.50012
73.8 -0.0993255 0.0104027 0.500123
73.81 -0.0993047 0.0104855 0.500125
73.82 -0.0992838 0.0105683 0.500128
73.83 -0.0992626 0.0106511 0.500131
73.84 -0.0992413 0.0107338 0.500133
73.85 -0.0992198 0.0108165 0.500136
73.86 -0.0991982 0.0108992 0.500139
73.87 -0.0991764 0.0109819 0.500141
73.88 -0.0991544 0.0110646 0.500144
73.89 -0.0991323 0.0111472 0.500147
73.9 -0.09911 0.0112299 0.50015
73.91 -0.0990875 0.0113125 0.500152
73.92 -0.0990649 0.0113951 0.500155
73.93 -0.0990421 0.0114777 0.500158
73.94 -0.0990191 0.0115602 0.500161
73.95 -0.098996 0.0116428 0.500164
73.96 -0.0989727 0.0117253 0.500167
73.97 -0.0989492 0.0118078 0.500169
73.98 -0.0989256 0.0118903 0.500172
73.99 -0.0989018 0.0119728 0.500175
74 -0.0988779 0.0120552 0.500178
74.01 -0.0988538 0.0121376 0.500181
74.02 -0.0988295 0.01222 0.500184
74.03 -0.098805 0.0123024 0.500187
74.04 -0.0987804 0.0123848 0.50019
74.05 -0.0987556 0.0124671 0.500193
74.06 -0.0987307 0.0125495 0.500196
74.07 -0.0987056 0.0126318 0.5002
74.08 -0.0986803 0.0127141 0.500203
74.09 -0.0986549 0.0127963 0.500206
74.1 -0.0986293 0.0128786 0.500209
74.11 -0.0986035 0.0129608 0.500212
74.12 -0.0985776 0.013043 0.500215
74.13 -0.0985515 0.0131252 0.500219
74.14 -0.0985252 0.0132074 0.500222
74.15 -0.0984988 0.0132895 0.500225
74.16 -0.0984722 0.0133716 0.500228
74.17 -0.0984454 0.0134537 0.500232
74.18 -0.0984185 0.0135358 0.500235
74.19 -0.0983914 0.0136178 0.500238
74.2 -0.0983642 0.0136999 0.500242
74.21 -0.0983368 0.0137819 0.500245
74.22 -0.0983092 0.0138639 0.500248
74.23 -0.0982815 0.0139458 0.500252
74.24 -0.0982535 0.0140278 0.500255
74.25 -0.0982255 0.0141097 0.500259
74.26 -0.0981972 0.0141916 0.500262
74.27 -0.0981688 0.0142735 0.500266
74.28 -0.0981403 0.0143553 0.500269
74.29 -0.0981116 0.0144372 0.500273
74.3 -0.0980827 0.014519 0.500276
74.31 -0.0980536 0.0146007 0.50028
74.32 -0.0980244 0.0146825 0.500283
74.33 -0.097995 0.0147642 0.500287
74.34 -0.0979655 0.0148459 0.500291
74.35 -0.0979358 0.0149276 0.500294
74.36 -0.0979059 0.0150093 0.500298
74.37 -0.0978758 0.0150909 0.500301
74.38 -0.0978456 0.0151725 0.500305
74.39 -0.0978153 0.0152541 0.500309
74.4 -0.0977848 0.0153357 0.500313
74.41 -0.0977541 0.0154172 0.500316
74.42 -0.0977232 0.0154987 0.50032
74.43 -0.0976922 0.0155802 0.500324
74.44 -0.097661 0.0156617 0.500328
74.45 -0.0976297 0.0157431 0.500332
74.46 -0.0975982 0.0158245 0.500335
74.47 -0.0975665 0.0159059 0.500339
74.48 -0.0975347 0.0159873 0.500343
74.49 -0.0975027 0.0160686 0.500347
74.5 -0.0974705 0.0161499 0.500351
74.51 -0.0974382 0.0162312 0.500355
74.52 -0.0974057 0.0163125 0.500359
74.53 -0.097373 0.0163937 0.500363
74.54 -0.0973402 0.0164749 0.500367
74.55 -0.0973073 0.0165561 0.500371
74.56 -0.0972741 0.0166372 0.500375
74.57 -0.0972408 0.0167183 0.500379
74.58 -0.0972074 0.0167994 0.500383
74.59 -0.0971737 0.0168805 0.500387
74.6 -0.09714 0.0169615 0.500391
74.61 -0.097106 0.0170426 0.500395
74.62 -0.0970719 0.0171235 0.500399
74.63 -0.0970376 0.0172045 0.500404
74.64 -0.0970032 0.0172854 0.500408
74.65 -0.0969686 0.0173663 0.500412
74.66 -0.0969338 0.0174472 0.500416
74.67 -0.0968989 0.0175281 0.50042
74.68 -0.0968638 0.0176089 0.500425
74.69 -0.0968286 0.0176897 0.500429
74.7 -0.0967932 0.0177704 0.500433
74.71 -0.0967576 0.0178512 0.500437
74.72 -0.0967218 0.0179319 0.500442
74.73 -0.096686 0.0180125 0.500446
74.74 -0.0966499 0.0180932 0.50045
74.75 -0.0966137 0.0181738 0.500455
74.76 -0.0965773 0.0182544 0.500459
74.77 -0.0965408 0.0183349 0.500464
74.78 -0.0965041 0.0184154 0.500468
74.79 -0.0964672 0.0184959 0.500472
74.8 -0.0964302 0.0185764 0.500477
74.81 -0.096393 0.0186568 0.500481
74.82 -0.0963556 0.0187373 0.500486
74.83 -0.0963181 0.0188176 0.50049
74.84 -0.0962804 0.018898 0.500495
74.85 -0.0962426 0.0189783 0.5005
74.86 -0.0962046 0.0190586 0.500504
74.87 -0.0961665 0.0191388 0.500509
74.88 -0.0961281 0.019219 0.500513
74.89 -0.0960897 0.0192992 0.500518
74.9 -0.096051 0.0193794 0.500523
74.91 -0.0960122 0.0194595 0.500527
74.92 -0.0959733 0.0195396 0.500532
74.93 -0.0959341 0.0196197 0.500537
74.94 -0.0958949 0.0196997 0.500541
74.95 -0.0958554 0.0197797 0.500546
74.96 -0.0958158 0.0198597 0.500551
74.97 -0.0957761 0.0199396 0.500555
74.98 -0.0957361 0.0200195 0.50056
74.99 -0.095696 0.0200994 0.500565
75 -0.0956558 0.0201792 0.50057
75.01 -0.0956154 0.020259 0.500575
75.02 -0.0955748 0.0203388 0.50058
75.03 -0.0955341 0.0204185 0.500584
75.04 -0.0954932 0.0204982 0.500589
75.05 -0.0954522 0.0205779 0.500594
75.06 -0.095411 0.0206575 0.500599
75.07 -0.0953696 0.0207371 0.500604
75.08 -0.0953281 0.0208167 0.500609
75.09 -0.0952864 0.0208962 0.500614
75.1 -0.0952446 0.0209757 0.500619
75.11 -0.0952026 0.0210552 0.500624
75.12 -0.0951604 0.0211347 0.500629
75.13 -0.0951181 0.0212141 0.500634
75.14 -0.0950756 0.0212934 0.500639
75.15 -0.0950329 0.0213727 0.500644
75.16 -0.0949901 0.021452 0.500649
75.17 -0.0949472 0.0215313 0.500654
75.18 -0.0949041 0.0216105 0.500659
75.19 -0.0948608 0.0216897 0.500664
75.2 -0.0948174 0.0217689 0.50067
75.21 -0.0947738 0.021848 0.500675
75.22 -0.09473 0.0219271 0.50068
75.23 -0.0946861 0.0220061 0.500685
75.24 -0.094642 0.0220851 0.50069
75.25 -0.0945978 0.0221641 0.500696
75.26 -0.0945534 0.0222431 0.500701
75.27 -0.0945088 0.022322 0.500706
75.28 -0.0944641 0.0224008 0.500711
75.29 -0.0944193 0.0224797 0.500717
75.3 -0.0943742 0.0225585 0.500722
75.31 -0.0943291 0.0226372 0.500727
75.32 -0.0942837 0.0227159 0.500733
75.33 -0.0942382 0.0227946 0.500738
75.34 -0.0941926 0.0228733 0.500743
75.35 -0.0941468 0.0229519 0.500749
75.36 -0.0941008 0.0230305 0.500754
75.37 -0.0940547 0.023109 0.500759
75.38 -0.0940084 0.0231875 0.500765
75.39 -0.0939619 0.023266 0.50077
75.4 -0.0939153 0.0233444 0.500776
75.41 -0.0938686 0.0234228 0.500781
75.42 -0.0938216 0.0235011 0.500787
75.43 -0.0937746 0.0235794 0.500792
75.44 -0.0937273 0.0236577 0.500798
75.45 -0.0936799 0.0237359 0.500803
75.46 -0.0936324 0.0238141 0.500809
75.47 -0.0935847 0.0238923 0.500815
75.48 -0.0935368 0.0239704 0.50082
75.49 -0.0934888 0.0240484 0.500826
75.5 -0.0934406 0.0241265 0.500831
75.51 -0.0933923 0.0242045 0.500837
75.52 -0.0933438 0.0242824 0.500843
75.53 -0.0932952 0.0243604 0.500848
75.54 -0.0932463 0.0244382 0.500854
75.55 -0.0931974 0.0245161 0.50086
75.56 -0.0931483 0.0245939 0.500865
75.57 -0.093099 0.0246716 0.500871
75.58 -0.0930496 0.0247493 0.500877
75.59 -0.093 0.024827 0.500883
75.6 -0.0929502 0.0249047 0.500888
75.61 -0.0929003 0.0249823 0.500894
75.62 -0.0928503 0.0250598 0.5009
75.63 -0.0928001 0.0251373 0.500906
75.64 -0.0927497 0.0252148 0.500912
75.65 -0.0926992 0.0252922 0.500917
75.66 -0.0926485 0.0253696 0.500923
75.67 -0.0925977 0.025447 0.500929
75.68 -0.0925467 0.0255243 0.500935
75.69 -0.0924956 0.0256015 0.500941
75.7 -0.0924443 0.0256788 0.500947
75.71 -0.0923928 0.025756 0.500953
75.72 -0.0923412 0.0258331 0.500959
75.73 -0.0922894 0.0259102 0.500965
75.74 -0.0922375 0.0259873 0.500971
75.75 -0.0921854 0.0260643 0.500977
75.76 -0.0921332 0.0261412 0.500983
75.77 -0.0920808 0.0262182 0.500989
75.78 -0.0920283 0.026295 0.500995
75.79 -0.0919756 0.0263719 0.501001
75.8 -0.0919227 0.0264487 0.501007
75.81 -0.0918697 0.0265254 0.501013
75.82 -0.0918166 0.0266022 0.501019
75.83 -0.0917633 0.0266788 0.501025
75.84 -0.0917098 0.0267555 0.501031
75.85 -0.0916562 0.026832 0.501037
75.86 -0.0916024 0.0269086 0.501044
75.87 -0.0915485 0.0269851 0.50105
75.88 -0.0914944 0.0270615 0.501056
75.89 -0.0914401 0.0271379 0.501062
75.9 -0.0913857 0.0272143 0.501068
75.91 -0.0913312 0.0272906 0.501075
75.92 -0.0912765 0.0273669 0.501081
75.93 -0.0912217 0.0274431 0.501087
75.94 -0.0911666 0.0275193 0.501093
75.95 -0.0911115 0.0275954 0.5011
75.96 -0.0910562 0.0276715 0.501106
75.97 -0.0910007 0.0277476 0.501112
75.98 -0.0909451 0.0278236 0.501118
75.99 -0.0908893 0.0278995 0.501125
76 -0.0908334 0.0279754 0.501131
76.01 -0.0907773 0.0280513 0.501137
76.02 -0.0907211 0.0281271 0.501144
76.03 -0.0906647 0.0282029 0.50115
76.04 -0.0906082 0.0282786 0.501157
76.05 -0.0905515 0.0283543 0.501163
76.06 -0.0904946 0.0284299 0.501169
76.07 -0.0904376 0.0285055 0.501176
76.08 -0.0903805 0.0285811 0.501182
76.09 -0.0903232 0.0286566 0.501189
76.1 -0.0902658 0.028732 0.501195
76.11 -0.0902082 0.0288074 0.501202
76.12 -0.0901504 0.0288828 0.501208
76.13 -0.0900925 0.0289581 0.501215
76.14 -0.0900344 0.0290333 0.501221
76.15 -0.0899762 0.0291086 0.501228
76.16 -0.0899179 0.0291837 0.501234
76.17 -0.0898594 0.0292588 0.501241
76.18 -0.0898007 0.0293339 0.501247
76.19 -0.0897419 0.0294089 0.501254
76.2 -0.0896829 0.0294839 0.501261
76.21 -0.0896238 0.0295588 0.501267
76.22 -0.0895645 0.0296337 0.501274
76.23 -0.0895051 0.0297085 0.501281
76.24 -0.0894455 0.0297833 0.501287
76.25 -0.0893858 0.029858 0.501294
76.26 -0.089326 0.0299327 0.5013
76.27 -0.0892659 0.0300073 0.501307
76.28 -0.0892058 0.0300819 0.501314
76.29 -0.0891454 0.0301565 0.501321
76.3 -0.089085 0.0302309 0.501327
76.31 -0.0890243 0.0303054 0.501334
76.32 -0.0889636 0.0303798 0.501341
76.33 -0.0889026 0.0304541 0.501348
76.34 -0.0888416 0.0305284 0.501354
76.35 -0.0887804 0.0306026 0.501361
76.36 -0.088719 0.0306768 0.501368
76.37 -0.0886575 0.0307509 0.501375
76.38 -0.0885958 0.030825 0.501382
76.39 -0.088534 0.0308991 0.501388
76.4 -0.088472 0.030973 0.501395
76.41 -0.0884099 0.031047 0.501402
76.42 -0.0883476 0.0311209 0.501409
76.43 -0.0882852 0.0311947 0.501416
76.44 -0.0882226 0.0312685 0.501423
76.45 -0.0881599 0.0313422 0.50143
76.46 -0.0880971 0.0314159 0.501436
76.47 -0.088034 0.0314895 0.501443
76.48 -0.0879709 0.0315631 0.50145
76.49 -0.0879076 0.0316366 0.501457
76.5 -0.0878441 0.0317101 0.501464
76.51 -0.0877805 0.0317835 0.501471
76.52 -0.0877168 0.0318568 0.501478
76.53 -0.0876528 0.0319302 0.501485
76.54 -0.0875888 0.0320034 0.501492
76.55 -0.0875246 0.0320766 0.501499
76.56 -0.0874603 0.0321498 0.501506
76.57 -0.0873958 0.0322229 0.501513
76.58 -0.0873311 0.0322959 0.50152
76.59 -0.0872663 0.0323689 0.501527
76.6 -0.0872014 0.0324419 0.501534
76.61 -0.0871363 0.0325148 0.501541
76.62 -0.0870711 0.0325876 0.501548
76.63 -0.0870057 0.0326604 0.501556
76.64 -0.0869402 0.0327331 0.501563
76.65 -0.0868745 0.0328058 0.50157
76.66 -0.0868087 0.0328784 0.501577
76.67 -0.0867427 0.032951 0.501584
76.68 -0.0866766 0.0330235 0.501591
76.69 -0.0866104 0.033096 0.501598
76.7 -0.086544 0.0331684 0.501606
76.71 -0.0864774 0.0332407 0.501613
76.72 -0.0864107 0.033313 0.50162
76.73 -0.0863439 0.0333853 0.501627
76.74 -0.0862769 0.0334574 0.501634
76.75 -0.0862098 0.0335296 0.501642
76.76 -0.0861425 0.0336017 0.501649
76.77 -0.086075 0.0336737 0.501656
76.78 -0.0860075 0.0337456 0.501663
76.79 -0.0859398 0.0338176 0.50167
76.8 -0.0858719 0.0338894 0.501678
76.81 -0.0858039 0.0339612 0.501685
76.82 -0.0857357 0.034033 0.501692
76.83 -0.0856674 0.0341046 0.5017
76.84 -0.085599 0.0341763 0.501707
76.85 -0.0855304 0.0342479 0.501714
76.86 -0.0854617 0.0343194 0.501722
76.87 -0.0853928 0.0343908 0.501729
76.88 -0.0853238 0.0344622 0.501736
76.89 -0.0852546 0.0345336 0.501744
76.9 -0.0851853 0.0346049 0.501751
76.91 -0.0851159 0.0346761 0.501758
76.92 -0.0850463 0.0347473 0.501766
76.93 -0.0849765 0.0348184 0.501773
76.94 -0.0849066 0.0348895 0.50178
76.95 -0.0848366 0.0349605 0.501788
76.96 -0.0847665 0.0350314 0.501795
76.97 -0.0846961 0.0351023 0.501803
76.98 -0.0846257 0.0351732 0.50181
76.99 -0.0845551 0.035244 0.501818
77 -0.0844843 0.0353147 0.501825
77.01 -0.0844134 0.0353853 0.501832
77.02 -0.0843424 0.0354559 0.50184
77.03 -0.0842712 0.0355265 0.501847
77.04 -0.0841999 0.035597 0.501855
77.05 -0.0841285 0.0356674 0.501862
77.06 -0.0840569 0.0357378 0.50187
77.07 -0.0839851 0.0358081 0.501877
77.08 -0.0839132 0.0358783 0.501885
77.09 -0.0838412 0.0359485 0.501892
77.1 -0.083769 0.0360186 0.5019
77.11 -0.0836967 0.0360887 0.501908
77.12 -0.0836243 0.0361587 0.501915
77.13 -0.0835517 0.0362287 0.501923
77.14 -0.083479 0.0362986 0.50193
77.15 -0.0834061 0.0363684 0.501938
77.16 -0.0833331 0.0364382 0.501945
77.17 -0.0832599 0.0365079 0.501953
77.18 -0.0831866 0.0365776 0.501961
77.19 -0.0831132 0.0366471 0.501968
77.2 -0.0830396 0.0367167 0.501976
77.21 -0.0829658 0.0367862 0.501983
77.22 -0.082892 0.0368556 0.501991
77.23 -0.082818 0.0369249 0.501999
77.24 -0.0827438 0.0369942 0.502006
77.25 -0.0826695 0.0370634 0.502014
77.26 -0.0825951 0.0371326 0.502022
77.27 -0.0825206 0.0372017 0.502029
77.28 -0.0824459 0.0372708 0.502037
77.29 -0.082371 0.0373397 0.502045
77.3 -0.082296 0.0374087 0.502052
77.31 -0.0822209 0.0374775 0.50206
77.32 -0.0821456 0.0375463 0.502068
77.33 -0.0820702 0.0376151 0.502075
77.34 -0.0819947 0.0376837 0.502083
77.35 -0.081919 0.0377524 0.502091
77.36 -0.0818432 0.0378209 0.502099
77.37 -0.0817672 0.0378894 0.502106
77.38 -0.0816911 0.0379578 0.502114
77.39 -0.0816149 0.0380262 0.502122
77.4 -0.0815385 0.0380945 0.50213
77.41 -0.081462 0.0381627 0.502137
77.42 -0.0813854 0.0382309 0.502145
77.43 -0.0813086 0.038299 0.502153
77.44 -0.0812316 0.0383671 0.502161
77.45 -0.0811546 0.038435 0.502169
77.46 -0.0810774 0.038503 0.502176
77.47 -0.081 0.0385708 0.502184
77.48 -0.0809225 0.0386386 0.502192
77.49 -0.0808449 0.0387064 0.5022
77.5 -0.0807672 0.038774 0.502208
77.51 -0.0806893 0.0388416 0.502215
77.52 -0.0806113 0.0389092 0.502223
77.53 -0.0805331 0.0389766 0.502231
77.54 -0.0804548 0.039044 0.502239
77.55 -0.0803764 0.0391114 0.502247
77.56 -0.0802978 0.0391787 0.502255
77.57 -0.0802191 0.0392459 0.502262
77.58 -0.0801402 0.039313 0.50227
77.59 -0.0800612 0.0393801 0.502278
77.6 -0.0799821 0.0394472 0.502286
77.61 -0.0799029 0.0395141 0.502294
77.62 -0.0798235 0.039581 0.502302
77.63 -0.0797439 0.0396478 0.50231
77.64 -0.0796643 0.0397146 0.502318
77.65 -0.0795845 0.0397813 0.502326
77.66 -0.0795046 0.0398479 0.502334
77.67 -0.0794245 0.0399145 0.502341
77.68 -0.0793443 0.039981 0.502349
77.69 -0.0792639 0.0400474 0.502357
77.7 -0.0791835 0.0401138 0.502365
77.71 -0.0791029 0.0401801 0.502373
77.72 -0.0790221 0.0402463 0.502381
77.73 -0.0789412 0.0403125 0.502389
77.74 -0.0788602 0.0403786 0.502397
77.75 -0.0787791 0.0404446 0.502405
77.76 -0.0786978 0.0405106 0.502413
77.77 -0.0786164 0.0405765 0.502421
77.78 -0.0785349 0.0406423 0.502429
77.79 -0.0784532 0.0407081 0.502437
77.8 -0.0783714 0.0407737 0.502445
77.81 -0.0782894 0.0408394 0.502453
77.82 -0.0782073 0.0409049 0.502461
77.83 -0.0781251 0.0409704 0.502469
77.84 -0.0780428 0.0410359 0.502477
77.85 -0.0779603 0.0411012 0.502485
77.86 -0.0778777 0.0411665 0.502493
77.87 -0.077795 0.0412317 0.502501
77.88 -0.0777121 0.0412969 0.502509
77.89 -0.0776291 0.041362 0.502517
77.9 -0.0775459 0.041427 0.502525
77.91 -0.0774627 0.0414919 0.502533
77.92 -0.0773792 0.0415568 0.502541
77.93 -0.0772957 0.0416216 0.502549
77.94 -0.077212 0.0416864 0.502557
77.95 -0.0771282 0.041751 0.502565
77.96 -0.0770443 0.0418156 0.502573
77.97 -0.0769603 0.0418802 0.502581
77.98 -0.0768761 0.0419446 0.502589
77.99 -0.0767917 0.042009 0.502597
78 -0.0767073 0.0420734 0.502605
78.01 -0.0766227 0.0421376 0.502614
78.02 -0.076538 0.0422018 0.502622
78.03 -0.0764531 0.0422659 0.50263
78.04 -0.0763682 0.04233 0.502638
78.05 -0.0762831 0.0423939 0.502646
78.06 -0.0761978 0.0424578 0.502654
78.07 -0.0761125 0.0425217 0.502662
78.08 -0.076027 0.0425854 0.50267
78.09 -0.0759413 0.0426491 0.502678
78.1 -0.0758556 0.0427128 0.502686
78.11 -0.0757697 0.0427763 0.502694
78.12 -0.0756837 0.0428398 0.502702
78.13 -0.0755975 0.0429032 0.502711
78.14 -0.0755113 0.0429665 0.502719
78.15 -0.0754249 0.0430298 0.502727
78.16 -0.0753383 0.043093 0.502735
78.17 -0.0752517 0.0431561 0.502743
78.18 -0.0751649 0.0432192 0.502751
78.19 -0.075078 0.0432822 0.502759
78.2 -0.0749909 0.0433451 0.502767
78.21 -0.0749038 0.0434079 0.502776
78.22 -0.0748165 0.0434707 0.502784
78.23 -0.074729 0.0435334 0.502792
78.24 -0.0746415 0.043596 0.5028
78.25 -0.0745538 0.0436585 0.502808
78.26 -0.074466 0.043721 0.502816
78.27 -0.0743781 0.0437834 0.502824
78.28 -0.07429 0.0438458 0.502832
78.29 -0.0742018 0.043908 0.502841
78.3 -0.0741135 0.0439702 0.502849
78.31 -0.0740251 0.0440323 0.502857
78.32 -0.0739365 0.0440944 0.502865
78.33 -0.0738478 0.0441563 0.502873
78.34 -0.073759 0.0442182 0.502881
78.35 -0.07367 0.04428 0.50289
78.36 -0.073581 0.0443418 0.502898
78.37 -0.0734918 0.0444035 0.502906
78.38 -0.0734024 0.0444651 0.502914
78.39 -0.073313 0.0445266 0.502922
78.4 -0.0732234 0.044588 0.50293
78.41 -0.0731337 0.0446494 0.502938
78.42 -0.0730439 0.0447107 0.502947
78.43 -0.0729539 0.0447719 0.502955
78.44 -0.0728639 0.0448331 0.502963
78.45 -0.0727737 0.0448942 0.502971
78.46 -0.0726834 0.0449552 0.502979
78.47 -0.0725929 0.0450161 0.502987
78.48 -0.0725023 0.045077 0.502996
78.49 -0.0724116 0.0451377 0.503004
78.5 -0.0723208 0.0451985 0.503012
78.51 -0.0722299 0.0452591 0.50302
78.52 -0.0721388 0.0453196 0.503028
78.53 -0.0720476 0.0453801 0.503036
78.54 -0.0719563 0.0454405 0.503045
78.55 -0.0718649 0.0455009 0.503053
78.56 -0.0717733 0.0455611 0.503061
78.57 -0.0716816 0.0456213 0.503069
78.58 -0.0715898 0.0456814 0.503077
78.59 -0.0714979 0.0457414 0.503086
78.6 -0.0714059 0.0458014 0.503094
78.61 -0.0713137 0.0458612 0.503102
78.62 -0.0712214 0.045921 0.50311
78.63 -0.071129 0.0459807 0.503118
78.64 -0.0710365 0.0460404 0.503126
78.65 -0.0709438 0.0461 0.503135
78.66 -0.070851 0.0461595 0.503143
78.67 -0.0707581 0.0462189 0.503151
78.68 -0.0706651 0.0462782 0.503159
78.69 -0.070572 0.0463375 0.503167
78.7 -0.0704787 0.0463966 0.503175
78.71 -0.0703853 0.0464557 0.503184
78.72 -0.0702918 0.0465148 0.503192
78.73 -0.0701982 0.0465737 0.5032
78.74 -0.0701045 0.0466326 0.503208
78.75 -0.0700106 0.0466914 0.503216
78.76 -0.0699166 0.0467501 0.503225
78.77 -0.0698225 0.0468088 0.503233
78.78 -0.0697283 0.0468673 0.503241
78.79 -0.0696339 0.0469258 0.503249
78.8 -0.0695395 0.0469842 0.503257
78.81 -0.0694449 0.0470425 0.503265
78.82 -0.0693502 0.0471008 0.503274
78.83 -0.0692554 0.0471589 0.503282
78.84 -0.0691604 0.047217 0.50329
78.85 -0.0690654 0.0472751 0.503298
78.86 -0.0689702 0.047333 0.503306
78.87 -0.0688749 0.0473908 0.503314
78.88 -0.0687795 0.0474486 0.503323
78.89 -0.068684 0.0475063 0.503331
78.9 -0.0685883 0.0475639 0.503339
78.91 -0.0684926 0.0476215 0.503347
78.92 -0.0683967 0.0476789 0.503355
78.93 -0.0683007 0.0477363 0.503363
78.94 -0.0682046 0.0477936 0.503371
78.95 -0.0681083 0.0478508 0.50338
78.96 -0.068012 0.047908 0.503388
78.97 -0.0679155 0.047965 0.503396
78.98 -0.067819 0.048022 0.503404
78.99 -0.0677223 0.0480789 0.503412
79 -0.0676254 0.0481357 0.50342
79.01 -0.0675285 0.0481925 0.503428
79.02 -0.0674315 0.0482491 0.503437
79.03 -0.0673343 0.0483057 0.503445
79.04 -0.067237 0.0483622 0.503453
79.05 -0.0671396 0.0484186 0.503461
79.06 -0.0670421 0.048475 0.503469
79.07 -0.0669445 0.0485312 0.503477
79.08 -0.0668468 0.0485874 0.503485
79.09 -0.0667489 0.0486435 0.503493
79.1 -0.0666509 0.0486995 0.503502
79.11 -0.0665529 0.0487554 0.50351
79.12 -0.0664547 0.0488113 0.503518
79.13 -0.0663564 0.0488671 0.503526
79.14 -0.0662579 0.0489227 0.503534
79.15 -0.0661594 0.0489783 0.503542
79.16 -0.0660608 0.0490339 0.50355
79.17 -0.065962 0.0490893 0.503558
79.18 -0.0658631 0.0491447 0.503566
79.19 -0.0657641 0.0491999 0.503575
79.2 -0.065665 0.0492551 0.503583
79.21 -0.0655658 0.0493103 0.503591
79.22 -0.0654665 0.0493653 0.503599
79.23 -0.065367 0.0494202 0.503607
79.24 -0.0652675 0.0494751 0.503615
79.25 -0.0651678 0.0495299 0.503623
79.26 -0.065068 0.0495846 0.503631
79.27 -0.0649681 0.0496392 0.503639
79.28 -0.0648681 0.0496937 0.503647
79.29 -0.064768 0.0497482 0.503655
79.3 -0.0646678 0.0498026 0.503663
79.31 -0.0645675 0.0498568 0.503671
79.32 -0.064467 0.049911 0.503679
79.33 -0.0643665 0.0499652 0.503687
79.34 -0.0642658 0.0500192 0.503695
79.35 -0.064165 0.0500731 0.503704
79.36 -0.0640641 0.050127 0.503712
79.37 -0.0639631 0.0501808 0.50372
79.38 -0.063862 0.0502345 0.503728
79.39 -0.0637608 0.0502881 0.503736
79.4 -0.0636595 0.0503416 0.503744
79.41 -0.063558 0.0503951 0.503752
79.42 -0.0634565 0.0504484 0.50376
79.43 -0.0633548 0.0505017 0.503768
79.44 -0.0632531 0.0505549 0.503776
79.45 -0.0631512 0.050608 0.503784
79.46 -0.0630492 0.0506611 0.503792
79.47 -0.0629471 0.050714 0.5038
79.48 -0.0628449 0.0507668 0.503808
79.49 -0.0627426 0.0508196 0.503816
79.5 -0.0626402 0.0508723 0.503824
79.51 -0.0625377 0.0509249 0.503832
79.52 -0.0624351 0.0509774 0.50384
79.53 -0.0623323 0.0510298 0.503847
79.54 -0.0622295 0.0510822 0.503855
79.55 -0.0621265 0.0511344 0.503863
79.56 -0.0620235 0.0511866 0.503871
79.57 -0.0619203 0.0512387 0.503879
79.58 -0.061817 0.0512907 0.503887
79.59 -0.0617136 0.0513426 0.503895
79.6 -0.0616102 0.0513944 0.503903
79.61 -0.0615066 0.0514462 0.503911
79.62 -0.0614029 0.0514978 0.503919
79.63 -0.0612991 0.0515494 0.503927
79.64 -0.0611952 0.0516009 0.503935
79.65 -0.0610911 0.0516523 0.503943
79.66 -0.060987 0.0517036 0.50395
79.67 -0.0608828 0.0517548 0.503958
79.68 -0.0607785 0.051806 0.503966
79.69 -0.060674 0.051857 0.503974
79.7 -0.0605695 0.051908 0.503982
79.71 -0.0604649 0.0519589 0.50399
79.72 -0.0603601 0.0520096 0.503998
79.73 -0.0602553 0.0520604 0.504005
79.74 -0.0601503 0.052111 0.504013
79.75 -0.0600453 0.0521615 0.504021
79.76 -0.0599401 0.0522119 0.504029
79.77 -0.0598348 0.0522623 0.504037
79.78 -0.0597295 0.0523126 0.504045
79.79 -0.059624 0.0523627 0.504052
79.8 -0.0595184 0.0524128 0.50406
79.81 -0.0594127 0.0524628 0.504068
79.82 -0.059307 0.0525127 0.504076
79.83 -0.0592011 0.0525626 0.504084
79.84 -0.0590951 0.0526123 0.504091
79.85 -0.058989 0.0526619 0.504099
79.86 -0.0588828 0.0527115 0.504107
79.87 -0.0587765 0.052761 0.504115
79.88 -0.0586701 0.0528104 0.504122
79.89 -0.0585636 0.0528597 0.50413
79.9 -0.0584571 0.0529089 0.504138
79.91 -0.0583504 0.052958 0.504146
79.92 -0.0582436 0.053007 0.504153
79.93 -0.0581367 0.0530559 0.504161
79.94 -0.0580297 0.0531048 0.504169
79.95 -0.0579226 0.0531536 0.504177
79.96 -0.0578154 0.0532022 0.504184
79.97 -0.0577081 0.0532508 0.504192
79.98 -0.0576007 0.0532993 0.5042
79.99 -0.0574932 0.0533477 0.504207
80 -0.0573856 0.053396 0.504215
80.01 -0.0572779 0.0534442 0.504223
80.02 -0.0571701 0.0534924 0.50423
80.03 -0.0570622 0.0535404 0.504238
80.04 -0.0569542 0.0535884 0.504246
80.05 -0.0568462 0.0536362 0.504253
80.06 -0.056738 0.053684 0.504261
80.07 -0.0566297 0.0537317 0.504268
80.08 -0.0565213 0.0537793 0.504276
80.09 -0.0564128 0.0538268 0.504284
80.1 -0.0563043 0.0538742 0.504291
80.11 -0.0561956 0.0539215 0.504299
80.12 -0.0560868 0.0539688 0.504306
80.13 -0.0559779 0.0540159 0.504314
80.14 -0.055869 0.054063 0.504322
80.15 -0.0557599 0.0541099 0.504329
80.16 -0.0556508 0.0541568 0.504337
80.17 -0.0555415 0.0542036 0.504344
80.18 -0.0554322 0.0542503 0.504352
80.19 -0.0553227 0.0542969 0.504359
80.2 -0.0552132 0.0543434 0.504367
80.21 -0.0551035 0.0543898 0.504374
80.22 -0.0549938 0.0544361 0.504382
80.23 -0.054884 0.0544823 0.504389
80.24 -0.0547741 0.0545285 0.504397
80.25 -0.054664 0.0545745 0.504404
80.26 -0.0545539 0.0546205 0.504412
80.27 -0.0544437 0.0546663 0.504419
80.28 -0.0543334 0.0547121 0.504426
80.29 -0.054223 0.0547578 0.504434
80.3 -0.0541126 0.0548034 0.504441
80.31 -0.054002 0.0548489 0.504449
80.32 -0.0538913 0.0548943 0.504456
80.33 -0.0537805 0.0549396 0.504464
80.34 -0.0536697 0.0549848 0.504471
80.35 -0.0535587 0.0550299 0.504478
80.36 -0.0534477 0.0550749 0.504486
80.37 -0.0533365 0.0551199 0.504493
80.38 -0.0532253 0.0551647 0.5045
80.39 -0.053114 0.0552095 0.504508
80.4 -0.0530026 0.0552541 0.504515
80.41 -0.0528911 0.0552987 0.504522
80.42 -0.0527795 0.0553432 0.50453
80.43 -0.0526678 0.0553876 0.504537
80.44 -0.052556 0.0554319 0.504544
80.45 -0.0524441 0.055476 0.504552
80.46 -0.0523322 0.0555201 0.504559
80.47 -0.0522201 0.0555642 0.504566
80.48 -0.052108 0.0556081 0.504573
80.49 -0.0519957 0.0556519 0.504581
80.5 -0.0518834 0.0556956 0.504588
80.51 -0.051771 0.0557393 0.504595
80.52 -0.0516585 0.0557828 0.504602
80.53 -0.0515459 0.0558262 0.504609
80.54 -0.0514332 0.0558696 0.504617
80.55 -0.0513204 0.0559128 0.504624
80.56 -0.0512076 0.055956 0.504631
80.57 -0.0510946 0.0559991 0.504638
80.58 -0.0509816 0.056042 0.504645
80.59 -0.0508685 0.0560849 0.504652
80.6 -0.0507553 0.0561277 0.50466
80.61 -0.050642 0.0561704 0.504667
80.62 -0.0505286 0.056213 0.504674
80.63 -0.0504151 0.0562555 0.504681
80.64 -0.0503015 0.0562979 0.504688
80.65 -0.0501879 0.0563402 0.504695
80.66 -0.0500741 0.0563824 0.504702
80.67 -0.0499603 0.0564246 0.504709
80.68 -0.0498464 0.0564666 0.504716
80.69 -0.0497324 0.0565085 0.504723
80.7 -0.0496183 0.0565503 0.50473
80.71 -0.0495041 0.0565921 0.504737
80.72 -0.0493899 0.0566337 0.504744
80.73 -0.0492756 0.0566753 0.504751
80.74 -0.0491611 0.0567167 0.504758
80.75 -0.0490466 0.0567581 0.504765
80.76 -0.048932 0.0567993 0.504772
80.77 -0.0488173 0.0568405 0.504779
80.78 -0.0487026 0.0568816 0.504786
80.79 -0.0485877 0.0569226 0.504793
80.8 -0.0484728 0.0569634 0.5048
80.81 -0.0483578 0.0570042 0.504807
80.82 -0.0482426 0.0570449 0.504814
80.83 -0.0481275 0.0570855 0.504821
80.84 -0.0480122 0.057126 0.504828
80.85 -0.0478968 0.0571664 0.504834
80.86 -0.0477814 0.0572067 0.504841
80.87 -0.0476659 0.0572469 0.504848
80.88 -0.0475503 0.057287 0.504855
80.89 -0.0474346 0.057327 0.504862
80.9 -0.0473188 0.0573669 0.504869
80.91 -0.047203 0.0574067 0.504875
80.92 -0.047087 0.0574465 0.504882
80.93 -0.046971 0.0574861 0.504889
80.94 -0.0468549 0.0575256 0.504896
80.95 -0.0467387 0.057565 0.504902
80.96 -0.0466225 0.0576044 0.504909
80.97 -0.0465061 0.0576436 0.504916
80.98 -0.0463897 0.0576827 0.504922
80.99 -0.0462732 0.0577218 0.504929
81 -0.0461566 0.0577607 0.504936
81.01 -0.04604 0.0577995 0.504942
81.02 -0.0459232 0.0578383 0.504949
81.03 -0.0458064 0.0578769 0.504956
81.04 -0.0456895 0.0579155 0.504962
81.05 -0.0455725 0.0579539 0.504969
81.06 -0.0454555 0.0579923 0.504976
81.07 -0.0453383 0.0580306 0.504982
81.08 -0.0452211 0.0580687 0.504989
81.09 -0.0451038 0.0581068 0.504995
81.1 -0.0449864 0.0581447 0.505002
81.11 -0.044869 0.0581826 0.505008
81.12 -0.0447515 0.0582204 0.505015
81.13 -0.0446339 0.058258 0.505021
81.14 -0.0445162 0.0582956 0.505028
81.15 -0.0443984 0.0583331 0.505034
81.16 -0.0442806 0.0583704 0.505041
81.17 -0.0441626 0.0584077 0.505047
81.18 -0.0440446 0.0584449 0.505054
81.19 -0.0439266 0.058482 0.50506
81.2 -0.0438084 0.0585189 0.505067
81.21 -0.0436902 0.0585558 0.505073
81.22 -0.0435719 0.0585926 0.50508
81.23 -0.0434535 0.0586293 0.505086
81.24 -0.0433351 0.0586659 0.505092
81.25 -0.0432166 0.0587023 0.505099
81.26 -0.043098 0.0587387 0.505105
81.27 -0.0429793 0.058775 0.505111
81.28 -0.0428605 0.0588112 0.505118
81.29 -0.0427417 0.0588473 0.505124
81.3 -0.0426228 0.0588832 0.50513
81.31 -0.0425038 0.0589191 0.505136
81.32 -0.0423848 0.0589549 0.505143
81.33 -0.0422656 0.0589906 0.505149
81.34 -0.0421465 0.0590262 0.505155
81.35 -0.0420272 0.0590617 0.505161
81.36 -0.0419078 0.059097 0.505168
81.37 -0.0417884 0.0591323 0.505174
81.38 -0.0416689 0.0591675 0.50518
81.39 -0.0415494 0.0592026 0.505186
81.4 -0.0414297 0.0592376 0.505192
81.41 -0.04131 0.0592725 0.505198
81.42 -0.0411903 0.0593073 0.505205
81.43 -0.0410704 0.0593419 0.505211
81.44 -0.0409505 0.0593765 0.505217
81.45 -0.0408305 0.059411 0.505223
81.46 -0.0407104 0.0594454 0.505229
81.47 -0.0405903 0.0594797 0.505235
81.48 -0.0404701 0.0595138 0.505241
81.49 -0.0403498 0.0595479 0.505247
81.5 -0.0402295 0.0595819 0.505253
81.51 -0.0401091 0.0596158 0.505259
81.52 -0.0399886 0.0596495 0.505265
81.53 -0.039868 0.0596832 0.505271
81.54 -0.0397474 0.0597168 0.505277
81.55 -0.0396267 0.0597503 0.505283
81.56 -0.0395059 0.0597836 0.505289
81.57 -0.0393851 0.0598169 0.505295
81.58 -0.0392642 0.0598501 0.505301
81.59 -0.0391432 0.0598831 0.505306
81.6 -0.0390222 0.0599161 0.505312
81.61 -0.0389011 0.059949 0.505318
81.62 -0.0387799 0.0599817 0.505324
81.63 -0.0386587 0.0600144 0.50533
81.64 -0.0385374 0.060047 0.505336
81.65 -0.038416 0.0600794 0.505341
81.66 -0.0382946 0.0601118 0.505347
81.67 -0.038173 0.060144 0.505353
81.68 -0.0380515 0.0601762 0.505359
81.69 -0.0379298 0.0602082 0.505364
81.7 -0.0378081 0.0602402 0.50537
81.71 -0.0376863 0.060272 0.505376
81.72 -0.0375645 0.0603038 0.505381
81.73 -0.0374426 0.0603354 0.505387
81.74 -0.0373206 0.0603669 0.505393
81.75 -0.0371986 0.0603984 0.505398
81.76 -0.0370765 0.0604297 0.505404
81.77 -0.0369543 0.0604609 0.50541
81.78 -0.0368321 0.0604921 0.505415
81.79 -0.0367098 0.0605231 0.505421
81.8 -0.0365874 0.060554 0.505426
81.81 -0.036465 0.0605848 0.505432
81.82 -0.0363425 0.0606156 0.505437
81.83 -0.03622 0.0606462 0.505443
81.84 -0.0360974 0.0606767 0.505448
81.85 -0.0359747 0.0607071 0.505454
81.86 -0.035852 0.0607374 0.505459
81.87 -0.0357292 0.0607676 0.505465
81.88 -0.0356063 0.0607977 0.50547
81.89 -0.0354834 0.0608277 0.505476
81.9 -0.0353604 0.0608576 0.505481
81.91 -0.0352373 0.0608874 0.505486
81.92 -0.0351142 0.0609171 0.505492
81.93 -0.034991 0.0609466 0.505497
81.94 -0.0348678 0.0609761 0.505502
81.95 -0.0347445 0.0610055 0.505508
81.96 -0.0346212 0.0610348 0.505513
81.97 -0.0344977 0.0610639 0.505518
81.98 -0.0343743 0.061093 0.505524
81.99 -0.0342507 0.061122 0.505529
82 -0.0341271 0.0611508 0.505534
82.01 -0.0340035 0.0611796 0.505539
82.02 -0.0338798 0.0612082 0.505544
82.03 -0.033756 0.0612368 0.50555
82.04 -0.0336322 0.0612652 0.505555
82.05 -0.0335083 0.0612936 0.50556
82.06 -0.0333843 0.0613218 0.505565
82.07 -0.0332603 0.0613499 0.50557
82.08 -0.0331362 0.0613779 0.505575
82.09 -0.0330121 0.0614059 0.50558
82.1 -0.0328879 0.0614337 0.505586
82.11 -0.0327637 0.0614614 0.505591
82.12 -0.0326394 0.061489 0.505596
82.13 -0.032515 0.0615165 0.505601
82.14 -0.0323906 0.0615439 0.505606
82.15 -0.0322662 0.0615712 0.505611
82.16 -0.0321416 0.0615984 0.505616
82.17 -0.0320171 0.0616255 0.505621
82.18 -0.0318924 0.0616525 0.505625
82.19 -0.0317677 0.0616793 0.50563
82.2 -0.031643 0.0617061 0.505635
82.21 -0.0315182 0.0617328 0.50564
82.22 -0.0313933 0.0617593 0.505645
82.23 -0.0312684 0.0617858 0.50565
82.24 -0.0311434 0.0618121 0.505655
82.25 -0.0310184 0.0618384 0.505659
82.26 -0.0308933 0.0618645 0.505664
82.27 -0.0307682 0.0618906 0.505669
82.28 -0.030643 0.0619165 0.505674
82.29 -0.0305178 0.0619423 0.505679
82.3 -0.0303925 0.061968 0.505683
82.31 -0.0302672 0.0619937 0.505688
82.32 -0.0301418 0.0620192 0.505693
82.33 -0.0300163 0.0620446 0.505697
82.34 -0.0298908 0.0620699 0.505702
82.35 -0.0297652 0.0620951 0.505707
82.36 -0.0296396 0.0621202 0.505711
82.37 -0.029514 0.0621451 0.505716
82.38 -0.0293883 0.06217 0.50572
82.39 -0.0292625 0.0621948 0.505725
82.4 -0.0291367 0.0622194 0.50573
82.41 -0.0290108 0.062244 0.505734
82.42 -0.0288849 0.0622685 0.505739
82.43 -0.0287589 0.0622928 0.505743
82.44 -0.0286329 0.062317 0.505748
82.45 -0.0285069 0.0623412 0.505752
82.46 -0.0283807 0.0623652 0.505757
82.47 -0.0282546 0.0623891 0.505761
82.48 -0.0281284 0.062413 0.505765
82.49 -0.0280021 0.0624367 0.50577
82.5 -0.0278758 0.0624603 0.505774
82.51 -0.0277494 0.0624838 0.505778
82.52 -0.027623 0.0625072 0.505783
82.53 -0.0274965 0.0625304 0.505787
82.54 -0.02737 0.0625536 0.505791
82.55 -0.0272435 0.0625767 0.505796
82.56 -0.0271169 0.0625997 0.5058
82.57 -0.0269902 0.0626225 0.505804
82.58 -0.0268635 0.0626453 0.505808
82.59 -0.0267368 0.0626679 0.505813
82.6 -0.02661 0.0626905 0.505817
82.61 -0.0264832 0.0627129 0.505821
82.62 -0.0263563 0.0627352 0.505825
82.63 -0.0262293 0.0627574 0.505829
82.64 -0.0261024 0.0627795 0.505833
82.65 -0.0259753 0.0628016 0.505837
82.66 -0.0258483 0.0628235 0.505842
82.67 -0.0257211 0.0628452 0.505846
82.68 -0.025594 0.0628669 0.50585
82.69 -0.0254668 0.0628885 0.505854
82.7 -0.0253395 0.06291 0.505858
82.71 -0.0252122 0.0629313 0.505862
82.72 -0.0250849 0.0629526 0.505866
82.73 -0.0249575 0.0629737 0.50587
82.74 -0.0248301 0.0629948 0.505874
82.75 -0.0247026 0.0630157 0.505877
82.76 -0.0245751 0.0630366 0.505881
82.77 -0.0244476 0.0630573 0.505885
82.78 -0.02432 0.0630779 0.505889
82.79 -0.0241923 0.0630984 0.505893
82.8 -0.0240646 0.0631188 0.505897
82.81 -0.0239369 0.0631391 0.5059
82.82 -0.0238091 0.0631593 0.505904
82.83 -0.0236813 0.0631793 0.505908
82.84 -0.0235535 0.0631993 0.505912
82.85 -0.0234256 0.0632192 0.505915
82.86 -0.0232976 0.0632389 0.505919
82.87 -0.0231697 0.0632586 0.505923
82.88 -0.0230417 0.0632781 0.505927
82.89 -0.0229136 0.0632975 0.50593
82.9 -0.0227855 0.0633168 0.505934
82.91 -0.0226574 0.0633361 0.505937
82.92 -0.0225292 0.0633552 0.505941
82.93 -0.022401 0.0633742 0.505945
82.94 -0.0222727 0.0633931 0.505948
82.95 -0.0221444 0.0634118 0.505952
82.96 -0.0220161 0.0634305 0.505955
82.97 -0.0218877 0.0634491 0.505959
82.98 -0.0217593 0.0634675 0.505962
82.99 -0.0216309 0.0634859 0.505966
83 -0.0215024 0.0635041 0.505969
83.01 -0.0213738 0.0635223 0.505972
83.02 -0.0212453 0.0635403 0.505976
83.03 -0.0211167 0.0635582 0.505979
83.04 -0.020988 0.063576 0.505983
83.05 -0.0208594 0.0635937 0.505986
83.06 -0.0207307 0.0636113 0.505989
83.07 -0.0206019 0.0636288 0.505993
83.08 -0.0204731 0.0636461 0.505996
83.09 -0.0203443 0.0636634 0.505999
83.1 -0.0202155 0.0636806 0.506002
83.11 -0.0200866 0.0636976 0.506005
83.12 -0.0199576 0.0637146 0.506009
83.13 -0.0198287 0.0637314 0.506012
83.14 -0.0196997 0.0637481 0.506015
83.15 -0.0195707 0.0637647 0.506018
83.16 -0.0194416 0.0637812 0.506021
83.17 -0.0193125 0.0637976 0.506024
83.18 -0.0191834 0.0638139 0.506027
83.19 -0.0190542 0.0638301 0.506031
83.2 -0.018925 0.0638462 0.506034
83.21 -0.0187958 0.0638621 0.506037
83.22 -0.0186665 0.063878 0.50604
83.23 -0.0185372 0.0638937 0.506043
83.24 -0.0184079 0.0639094 0.506046
83.25 -0.0182785 0.0639249 0.506048
83.26 -0.0181491 0.0639403 0.506051
83.27 -0.0180197 0.0639556 0.506054
83.28 -0.0178902 0.0639708 0.506057
83.29 -0.0177607 0.0639859 0.50606
83.3 -0.0176312 0.0640009 0.506063
83.31 -0.0175017 0.0640157 0.506066
83.32 -0.0173721 0.0640305 0.506069
83.33 -0.0172425 0.0640452 0.506071
83.34 -0.0171128 0.0640597 0.506074
83.35 -0.0169831 0.0640741 0.506077
83.36 -0.0168534 0.0640885 0.50608
83.37 -0.0167237 0.0641027 0.506082
83.38 -0.0165939 0.0641168 0.506085
83.39 -0.0164641 0.0641308 0.506088
83.4 -0.0163343 0.0641447 0.50609
83.41 -0.0162045 0.0641584 0.506093
83.42 -0.0160746 0.0641721 0.506095
83.43 -0.0159447 0.0641857 0.506098
83.44 -0.0158147 0.0641991 0.506101
83.45 -0.0156848 0.0642125 0.506103
83.46 -0.0155548 0.0642257 0.506106
83.47 -0.0154248 0.0642388 0.506108
83.48 -0.0152947 0.0642518 0.506111
83.49 -0.0151646 0.0642647 0.506113
83.5 -0.0150345 0.0642775 0.506115
83.51 -0.0149044 0.0642902 0.506118
83.52 -0.0147742 0.0643028 0.50612
83.53 -0.0146441 0.0643152 0.506123
83.54 -0.0145139 0.0643276 0.506125
83.55 -0.0143836 0.0643398 0.506127
83.56 -0.0142534 0.064352 0.50613
83.57 -0.0141231 0.064364 0.506132
83.58 -0.0139928 0.0643759 0.506134
83.59 -0.0138625 0.0643877 0.506136
83.6 -0.0137321 0.0643994 0.506139
83.61 -0.0136017 0.064411 0.506141
83.62 -0.0134713 0.0644225 0.506143
83.63 -0.0133409 0.0644338 0.506145
83.64 -0.0132104 0.0644451 0.506147
83.65 -0.01308 0.0644562 0.50615
83.66 -0.0129495 0.0644672 0.506152
83.67 -0.0128189 0.0644782 0.506154
83.68 -0.0126884 0.064489 0.506156
83.69 -0.0125578 0.0644997 0.506158
83.7 -0.0124272 0.0645103 0.50616
83.71 -0.0122966 0.0645208 0.506162
83.72 -0.012166 0.0645311 0.506164
83.73 -0.0120353 0.0645414 0.506166
83.74 -0.0119047 0.0645516 0.506168
83.75 -0.011774 0.0645616 0.50617
83.76 -0.0116433 0.0645715 0.506172
83.77 -0.0115125 0.0645814 0.506173
83.78 -0.0113818 0.0645911 0.506175
83.79 -0.011251 0.0646007 0.506177
83.8 -0.0111202 0.0646102 0.506179
83.81 -0.0109894 0.0646195 0.506181
83.82 -0.0108585 0.0646288 0.506183
83.83 -0.0107277 0.064638 0.506184
83.84 -0.0105968 0.064647 0.506186
83.85 -0.0104659 0.064656 0.506188
83.86 -0.010335 0.0646648 0.506189
83.87 -0.0102041 0.0646735 0.506191
83.88 -0.0100731 0.0646821 0.506193
83.89 -0.00994216 0.0646906 0.506194
83.9 -0.00981117 0.064699 0.506196
83.91 -0.00968017 0.0647073 0.506198
83.92 -0.00954915 0.0647155 0.506199
83.93 -0.00941812 0.0647235 0.506201
83.94 -0.00928706 0.0647315 0.506202
83.95 -0.009156 0.0647393 0.506204
83.96 -0.00902491 0.064747 0.506205
83.97 -0.00889381 0.0647546 0.506207
83.98 -0.00876269 0.0647621 0.506208
83.99 -0.00863156 0.0647695 0.50621
84 -0.00850041 0.0647768 0.506211
84.01 -0.00836925 0.064784 0.506212
84.02 -0.00823807 0.064791 0.506214
84.03 -0.00810688 0.064798 0.506215
84.04 -0.00797567 0.0648048 0.506216
84.05 -0.00784445 0.0648116 0.506218
84.06 -0.00771322 0.0648182 0.506219
84.07 -0.00758197 0.0648247 0.50622
84.08 -0.0074507 0.0648311 0.506221
84.09 -0.00731943 0.0648374 0.506223
84.1 -0.00718814 0.0648435 0.506224
84.11 -0.00705684 0.0648496 0.506225
84.12 -0.00692553 0.0648556 0.506226
84.13 -0.0067942 0.0648614 0.506227
84.14 -0.00666286 0.0648671 0.506228
84.15 -0.00653151 0.0648728 0.506229
84.16 -0.00640015 0.0648783 0.50623
84.17 -0.00626877 0.0648837 0.506231
84.18 -0.00613739 0.064889 0.506232
84.19 -0.00600599 0.0648941 0.506233
84.2 -0.00587459 0.0648992 0.506234
84.21 -0.00574317 0.0649042 0.506235
84.22 -0.00561174 0.064909 0.506236
84.23 -0.00548031 0.0649137 0.506237
84.24 -0.00534886 0.0649184 0.506238
84.25 -0.0052174 0.0649229 0.506239
84.26 -0.00508594 0.0649273 0.50624
84.27 -0.00495446 0.0649316 0.506241
84.28 -0.00482298 0.0649357 0.506241
84.29 -0.00469149 0.0649398 0.506242
84.3 -0.00455998 0.0649438 0.506243
84.31 -0.00442848 0.0649476 0.506244
84.32 -0.00429696 0.0649514 0.506244
84.33 -0.00416543 0.064955 0.506245
84.34 -0.0040339 0.0649585 0.506246
84.35 -0.00390236 0.0649619 0.506247
84.36 -0.00377081 0.0649652 0.506247
84.37 -0.00363926 0.0649684 0.506248
84.38 -0.0035077 0.0649715 0.506248
84.39 -0.00337613 0.0649744 0.506249
84.4 -0.00324456 0.0649773 0.506249
84.41 -0.00311298 0.06498 0.50625
84.42 -0.0029814 0.0649826 0.506251
84.43 -0.00284981 0.0649851 0.506251
84.44 -0.00271821 0.0649875 0.506251
84.45 -0.00258661 0.0649898 0.506252
84.46 -0.00245501 0.064992 0.506252
84.47 -0.0023234 0.0649941 0.506253
84.48 -0.00219178 0.0649961 0.506253
84.49 -0.00206017 0.0649979 0.506253
84.5 -0.00192854 0.0649996 0.506254
84.51 -0.00179692 0.0650013 0.506254
84.52 -0.00166529 0.0650028 0.506254
84.53 -0.00153366 0.0650042 0.506255
84.54 -0.00140202 0.0650055 0.506255
84.55 -0.00127039 0.0650067 0.506255
84.56 -0.00113875 0.0650077 0.506255
84.57 -0.0010071 0.0650087 0.506256
84.58 -0.00087546 0.0650095 0.506256
84.59 -0.000743814 0.0650103 0.506256
84.6 -0.000612167 0.0650109 0.506256
84.61 -0.000480518 0.0650114 0.506256
84.62 -0.000348868 0.0650118 0.506256
84.63 -0.000217218 0.0650121 0.506256
84.64 -8.55668e-05 0.0650123 0.506256
84.65 4.60848e-05 0.0650124 0.506256
84.66 0.000177736 0.0650123 0.506256
84.67 0.000309388 0.0650122 0.506256
84.68 0.000441039 0.0650119 0.506256
84.69 0.00057269 0.0650116 0.506256
84.7 0.00070434 0.0650111 0.506256
84.71 0.000835989 0.0650105 0.506256
84.72 0.000967637 0.0650098 0.506256
84.73 0.00109928 0.065009 0.506256
84.74 0.00123093 0.065008 0.506255
84.75 0.00136257 0.065007 0.506255
84.76 0.00149421 0.0650058 0.506255
84.77 0.00162585 0.0650046 0.506255
84.78 0.00175748 0.0650032 0.506254
84.79 0.00188912 0.0650017 0.506254
84.8 0.00202075 0.0650001 0.506254
84.81 0.00215237 0.0649984 0.506254
84.82 0.002284 0.0649966 0.506253
84.83 0.00241561 0.0649947 0.506253
84.84 0.00254723 0.0649927 0.506252
84.85 0.00267884 0.0649905 0.506252
84.86 0.00281045 0.0649882 0.506252
84.87 0.00294205 0.0649859 0.506251
84.88 0.00307365 0.0649834 0.506251
84.89 0.00320524 0.0649808 0.50625
84.9 0.00333682 0.0649781 0.50625
84.91 0.0034684 0.0649753 0.506249
84.92 0.00359998 0.0649723 0.506249
84.93 0.00373155 0.0649693 0.506248
84.94 0.00386311 0.0649662 0.506247
84.95 0.00399466 0.0649629 0.506247
84.96 0.00412621 0.0649595 0.506246
84.97 0.00425776 0.0649561 0.506245
84.98 0.00438929 0.0649525 0.506245
84.99 0.00452082 0.0649488 0.506244
85 0.00465234 0.0649449 0.506243
85.01 0.00478385 0.064941 0.506242
85.02 0.00491535 0.064937 0.506242
85.03 0.00504685 0.0649328 0.506241
85.04 0.00517833 0.0649286 0.50624
85.05 0.00530981 0.0649242 0.506239
85.06 0.00544128 0.0649197 0.506238
85.07 0.00557274 0.0649151 0.506238
85.08 0.00570419 0.0649104 0.506237
85.09 0.00583563 0.0649056 0.506236
85.1 0.00596706 0.0649007 0.506235
85.11 0.00609848 0.0648957 0.506234
85.12 0.00622989 0.0648905 0.506233
85.13 0.00636129 0.0648853 0.506232
85.14 0.00649268 0.0648799 0.506231
85.15 0.00662405 0.0648744 0.50623
85.16 0.00675542 0.0648688 0.506229
85.17 0.00688677 0.0648631 0.506228
85.18 0.00701812 0.0648573 0.506226
85.19 0.00714945 0.0648514 0.506225
85.2 0.00728076 0.0648454 0.506224
85.21 0.00741207 0.0648392 0.506223
85.22 0.00754336 0.064833 0.506222
85.23 0.00767464 0.0648266 0.50622
85.24 0.00780591 0.0648201 0.506219
85.25 0.00793716 0.0648135 0.506218
85.26 0.0080684 0.0648068 0.506217
85.27 0.00819962 0.0648 0.506215
85.28 0.00833083 0.0647931 0.506214
85.29 0.00846203 0.0647861 0.506213
85.3 0.00859321 0.0647789 0.506211
85.31 0.00872438 0.0647717 0.50621
85.32 0.00885553 0.0647643 0.506209
85.33 0.00898667 0.0647569 0.506207
85.34 0.00911779 0.0647493 0.506206
85.35 0.0092489 0.0647416 0.506204
85.36 0.00937999 0.0647338 0.506203
85.37 0.00951106 0.0647259 0.506201
85.38 0.00964212 0.0647179 0.5062
85.39 0.00977316 0.0647097 0.506198
85.4 0.00990418 0.0647015 0.506196
85.41 0.0100352 0.0646931 0.506195
85.42 0.0101662 0.0646847 0.506193
85.43 0.0102972 0.0646761 0.506192
85.44 0.0104281 0.0646674 0.50619
85.45 0.010559 0.0646586 0.506188
85.46 0.01069 0.0646497 0.506187
85.47 0.0108209 0.0646407 0.506185
85.48 0.0109517 0.0646315 0.506183
85.49 0.0110826 0.0646223 0.506181
85.5 0.0112134 0.0646129 0.50618
85.51 0.0113443 0.0646035 0.506178
85.52 0.0114751 0.0645939 0.506176
85.53 0.0116059 0.0645842 0.506174
85.54 0.0117366 0.0645744 0.506172
85.55 0.0118674 0.0645645 0.50617
85.56 0.0119981 0.0645545 0.506168
85.57 0.0121288 0.0645444 0.506166
85.58 0.0122595 0.0645342 0.506164
85.59 0.0123901 0.0645238 0.506162
85.6 0.0125208 0.0645134 0.50616
85.61 0.0126514 0.0645028 0.506158
85.62 0.012782 0.0644921 0.506156
85.63 0.0129125 0.0644814 0.506154
85.64 0.0130431 0.0644705 0.506152
85.65 0.0131736 0.0644595 0.50615
85.66 0.0133041 0.0644484 0.506148
85.67 0.0134346 0.0644371 0.506146
85.68 0.0135651 0.0644258 0.506144
85.69 0.0136955 0.0644144 0.506142
85.7 0.0138259 0.0644028 0.506139
85.71 0.0139563 0.0643911 0.506137
85.72 0.0140867 0.0643794 0.506135
85.73 0.014217 0.0643675 0.506133
85.74 0.0143473 0.0643555 0.50613
85.75 0.0144776 0.0643434 0.506128
85.76 0.0146079 0.0643312 0.506126
85.77 0.0147381 0.0643189 0.506123
85.78 0.0148683 0.0643064 0.506121
85.79 0.0149985 0.0642939 0.506119
85.8 0.0151287 0.0642812 0.506116
85.81 0.0152588 0.0642685 0.506114
85.82 0.0153889 0.0642556 0.506111
85.83 0.015519 0.0642426 0.506109
85.84 0.015649 0.0642295 0.506106
85.85 0.0157791 0.0642163 0.506104
85.86 0.0159091 0.064203 0.506101
85.87 0.0160391 0.0641896 0.506099
85.88 0.016169 0.0641761 0.506096
85.89 0.0162989 0.0641624 0.506094
85.9 0.0164288 0.0641487 0.506091
85.91 0.0165587 0.0641348 0.506088
85.92 0.0166885 0.0641209 0.506086
85.93 0.0168183 0.0641068 0.506083
85.94 0.0169481 0.0640926 0.50608
85.95 0.0170778 0.0640783 0.506078
85.96 0.0172075 0.0640639 0.506075
85.97 0.0173372 0.0640494 0.506072
85.98 0.0174669 0.0640348 0.506069
85.99 0.0175965 0.06402 0.506066
86 0.0177261 0.0640052 0.506064
86.01 0.0178556 0.0639902 0.506061
86.02 0.0179852 0.0639752 0.506058
86.03 0.0181147 0.06396 0.506055
86.04 0.0182441 0.0639447 0.506052
86.05 0.0183736 0.0639293 0.506049
86.06 0.018503 0.0639138 0.506046
86.07 0.0186324 0.0638982 0.506043
86.08 0.0187617 0.0638825 0.50604
86.09 0.018891 0.0638667 0.506037
86.1 0.0190203 0.0638508 0.506034
86.11 0.0191495 0.0638347 0.506031
86.12 0.0192787 0.0638186 0.506028
86.13 0.0194079 0.0638023 0.506025
86.14 0.0195371 0.0637859 0.506022
86.15 0.0196662 0.0637695 0.506019
86.16 0.0197952 0.0637529 0.506016
86.17 0.0199243 0.0637362 0.506013
86.18 0.0200533 0.0637194 0.50601
86.19 0.0201823 0.0637025 0.506006
86.2 0.0203112 0.0636854 0.506003
86.21 0.0204401 0.0636683 0.506
86.22 0.020569 0.0636511 0.505997
86.23 0.0206978 0.0636337 0.505993
86.24 0.0208266 0.0636163 0.50599
86.25 0.0209553 0.0635987 0.505987
86.26 0.0210841 0.063581 0.505983
86.27 0.0212127 0.0635633 0.50598
86.28 0.0213414 0.0635454 0.505977
86.29 0.02147 0.0635274 0.505973
86.3 0.0215986 0.0635093 0.50597
86.31 0.0217271 0.0634911 0.505967
86.32 0.0218556 0.0634727 0.505963
86.33 0.0219841 0.0634543 0.50596
86.34 0.0221125 0.0634358 0.505956
86.35 0.0222409 0.0634171 0.505953
86.36 0.0223692 0.0633984 0.505949
86.37 0.0224975 0.0633795 0.505946
86.38 0.0226258 0.0633605 0.505942
86.39 0.022754 0.0633415 0.505938
86.4 0.0228822 0.0633223 0.505935
86.41 0.0230103 0.063303 0.505931
86.42 0.0231385 0.0632836 0.505928
86.43 0.0232665 0.0632641 0.505924
86.44 0.0233945 0.0632444 0.50592
86.45 0.0235225 0.0632247 0.505916
86.46 0.0236505 0.0632049 0.505913
86.47 0.0237784 0.0631849 0.505909
86.48 0.0239062 0.0631649 0.505905
86.49 0.0240341 0.0631447 0.505901
86.5 0.0241619 0.0631245 0.505898
86.51 0.0242896 0.0631041 0.505894
86.52 0.0244173 0.0630836 0.50589
86.53 0.0245449 0.063063 0.505886
86.54 0.0246725 0.0630423 0.505882
86.55 0.0248001 0.0630215 0.505878
86.56 0.0249276 0.0630006 0.505875
86.57 0.0250551 0.0629796 0.505871
86.58 0.0251826 0.0629585 0.505867
86.59 0.02531 0.0629372 0.505863
86.6 0.0254373 0.0629159 0.505859
86.61 0.0255646 0.0628945 0.505855
86.62 0.0256919 0.0628729 0.505851
86.63 0.0258191 0.0628513 0.505847
86.64 0.0259463 0.0628295 0.505843
86.65 0.0260734 0.0628076 0.505839
86.66 0.0262005 0.0627856 0.505834
86.67 0.0263275 0.0627635 0.50583
86.68 0.0264545 0.0627413 0.505826
86.69 0.0265814 0.062719 0.505822
86.7 0.0267083 0.0626966 0.505818
86.71 0.0268352 0.0626741 0.505814
86.72 0.026962 0.0626515 0.505809
86.73 0.0270888 0.0626288 0.505805
86.74 0.0272155 0.0626059 0.505801
86.75 0.0273421 0.062583 0.505797
86.76 0.0274688 0.0625599 0.505792
86.77 0.0275953 0.0625368 0.505788
86.78 0.0277218 0.0625135 0.505784
86.79 0.0278483 0.0624901 0.50578
86.8 0.0279747 0.0624667 0.505775
86.81 0.0281011 0.0624431 0.505771
86.82 0.0282274 0.0624194 0.505766
86.83 0.0283537 0.0623956 0.505762
86.84 0.02848 0.0623717 0.505758
86.85 0.0286061 0.0623477 0.505753
86.86 0.0287323 0.0623236 0.505749
86.87 0.0288583 0.0622994 0.505744
86.88 0.0289844 0.062275 0.50574
86.89 0.0291104 0.0622506 0.505735
86.9 0.0292363 0.0622261 0.505731
86.91 0.0293622 0.0622014 0.505726
86.92 0.029488 0.0621767 0.505722
86.93 0.0296138 0.0621518 0.505717
86.94 0.0297395 0.0621269 0.505712
86.95 0.0298652 0.0621018 0.505708
86.96 0.0299908 0.0620766 0.505703
86.97 0.0301164 0.0620514 0.505698
86.98 0.0302419 0.062026 0.505694
86.99 0.0303673 0.0620005 0.505689
87 0.0304928 0.0619749 0.505684
87.01 0.0306181 0.0619492 0.50568
87.02 0.0307434 0.0619234 0.505675
87.03 0.0308687 0.0618975 0.50567
87.04 0.0309939 0.0618715 0.505665
87.05 0.031119 0.0618453 0.505661
87.06 0.0312441 0.0618191 0.505656
87.07 0.0313691 0.0617928 0.505651
87.08 0.0314941 0.0617663 0.505646
87.09 0.031619 0.0617398 0.505641
87.1 0.0317439 0.0617132 0.505636
87.11 0.0318687 0.0616864 0.505631
87.12 0.0319935 0.0616596 0.505627
87.13 0.0321182 0.0616326 0.505622
87.14 0.0322429 0.0616055 0.505617
87.15 0.0323675 0.0615784 0.505612
87.16 0.032492 0.0615511 0.505607
87.17 0.0326165 0.0615237 0.505602
87.18 0.0327409 0.0614962 0.505597
87.19 0.0328653 0.0614686 0.505592
87.2 0.0329896 0.0614409 0.505587
87.21 0.0331138 0.0614131 0.505582
87.22 0.033238 0.0613852 0.505576
87.23 0.0333622 0.0613572 0.505571
87.24 0.0334863 0.0613291 0.505566
87.25 0.0336103 0.0613009 0.505561
87.26 0.0337342 0.0612726 0.505556
87.27 0.0338582 0.0612441 0.505551
87.28 0.033982 0.0612156 0.505546
87.29 0.0341058 0.061187 0.50554
87.3 0.0342295 0.0611583 0.505535
87.31 0.0343532 0.0611294 0.50553
87.32 0.0344768 0.0611005 0.505525
87.33 0.0346004 0.0610714 0.505519
87.34 0.0347238 0.0610423 0.505514
87.35 0.0348473 0.061013 0.505509
87.36 0.0349706 0.0609837 0.505504
87.37 0.035094 0.0609542 0.505498
87.38 0.0352172 0.0609246 0.505493
87.39 0.0353404 0.060895 0.505488
87.4 0.0354635 0.0608652 0.505482
87.41 0.0355866 0.0608353 0.505477
87.42 0.0357096 0.0608053 0.505471
87.43 0.0358325 0.0607752 0.505466
87.44 0.0359554 0.060745 0.50546
87.45 0.0360782 0.0607148 0.505455
87.46 0.036201 0.0606844 0.50545
87.47 0.0363237 0.0606539 0.505444
87.48 0.0364463 0.0606233 0.505439
87.49 0.0365689 0.0605926 0.505433
87.5 0.0366914 0.0605618 0.505427
87.51 0.0368138 0.0605309 0.505422
87.52 0.0369362 0.0604998 0.505416
87.53 0.0370585 0.0604687 0.505411
87.54 0.0371807 0.0604375 0.505405
87.55 0.0373029 0.0604062 0.5054
87.56 0.037425 0.0603748 0.505394
87.57 0.0375471 0.0603433 0.505388
87.58 0.0376691 0.0603116 0.505383
87.59 0.037791 0.0602799 0.505377
87.6 0.0379129 0.0602481 0.505371
87.61 0.0380346 0.0602161 0.505365
87.62 0.0381564 0.0601841 0.50536
87.63 0.038278 0.060152 0.505354
87.64 0.0383996 0.0601197 0.505348
87.65 0.0385211 0.0600874 0.505342
87.66 0.0386426 0.0600549 0.505337
87.67 0.038764 0.0600224 0.505331
87.68 0.0388853 0.0599897 0.505325
87.69 0.0390066 0.059957 0.505319
87.7 0.0391278 0.0599241 0.505313
87.71 0.0392489 0.0598912 0.505308
87.72 0.0393699 0.0598581 0.505302
87.73 0.0394909 0.059825 0.505296
87.74 0.0396118 0.0597917 0.50529
87.75 0.0397327 0.0597584 0.505284
87.76 0.0398535 0.0597249 0.505278
87.77 0.0399742 0.0596913 0.505272
87.78 0.0400948 0.0596577 0.505266
87.79 0.0402154 0.0596239 0.50526
87.8 0.0403359 0.05959 0.505254
87.81 0.0404563 0.0595561 0.505248
87.82 0.0405767 0.059522 0.505242
87.83 0.040697 0.0594878 0.505236
87.84 0.0408172 0.0594536 0.50523
87.85 0.0409374 0.0594192 0.505224
87.86 0.0410574 0.0593847 0.505218
87.87 0.0411774 0.0593502 0.505212
87.88 0.0412974 0.0593155 0.505206
87.89 0.0414173 0.0592807 0.5052
87.9 0.041537 0.0592458 0.505193
87.91 0.0416568 0.0592109 0.505187
87.92 0.0417764 0.0591758 0.505181
87.93 0.041896 0.0591406 0.505175
87.94 0.0420155 0.0591053 0.505169
87.95 0.0421349 0.05907 0.505162
87.96 0.0422543 0.0590345 0.505156
87.97 0.0423736 0.0589989 0.50515
87.98 0.0424928 0.0589632 0.505144
87.99 0.0426119 0.0589275 0.505138
88 0.042731 0.0588916 0.505131
88.01 0.04285 0.0588556 0.505125
88.02 0.0429689 0.0588195 0.505119
88.03 0.0430878 0.0587834 0.505112
88.04 0.0432065 0.0587471 0.505106
88.05 0.0433252 0.0587107 0.5051
88.06 0.0434438 0.0586742 0.505093
88.07 0.0435624 0.0586377 0.505087
88.08 0.0436808 0.058601 0.505081
88.09 0.0437992 0.0585642 0.505074
88.1 0.0439176 0.0585274 0.505068
88.11 0.0440358 0.0584904 0.505061
88.12 0.044154 0.0584533 0.505055
88.13 0.0442721 0.0584162 0.505048
88.14 0.0443901 0.0583789 0.505042
88.15 0.044508 0.0583415 0.505035
88.16 0.0446259 0.0583041 0.505029
88.17 0.0447436 0.0582665 0.505022
88.18 0.0448613 0.0582288 0.505016
88.19 0.044979 0.0581911 0.505009
88.2 0.0450965 0.0581532 0.505003
88.21 0.045214 0.0581153 0.504996
88.22 0.0453314 0.0580772 0.50499
88.23 0.0454487 0.0580391 0.504983
88.24 0.0455659 0.0580008 0.504977
88.25 0.0456831 0.0579625 0.50497
88.26 0.0458002 0.057924 0.504963
88.27 0.0459172 0.0578855 0.504957
88.28 0.0460341 0.0578468 0.50495
88.29 0.0461509 0.0578081 0.504943
88.3 0.0462677 0.0577692 0.504937
88.31 0.0463844 0.0577303 0.50493
88.32 0.046501 0.0576913 0.504923
88.33 0.0466175 0.0576521 0.504917
88.34 0.0467339 0.0576129 0.50491
88.35 0.0468503 0.0575736 0.504903
88.36 0.0469665 0.0575342 0.504896
88.37 0.0470827 0.0574946 0.50489
88.38 0.0471989 0.057455 0.504883
88.39 0.0473149 0.0574153 0.504876
88.4 0.0474308 0.0573755 0.504869
88.41 0.0475467 0.0573356 0.504863
88.42 0.0476625 0.0572956 0.504856
88.43 0.0477782 0.0572555 0.504849
88.44 0.0478938 0.0572153 0.504842
88.45 0.0480094 0.057175 0.504835
88.46 0.0481248 0.0571346 0.504828
88.47 0.0482402 0.0570941 0.504821
88.48 0.0483555 0.0570535 0.504815
88.49 0.0484707 0.0570128 0.504808
88.5 0.0485858 0.056972 0.504801
88.51 0.0487008 0.0569311 0.504794
88.52 0.0488158 0.0568902 0.504787
88.53 0.0489307 0.0568491 0.50478
88.54 0.0490454 0.0568079 0.504773
88.55 0.0491601 0.0567667 0.504766
88.56 0.0492748 0.0567253 0.504759
88.57 0.0493893 0.0566839 0.504752
88.58 0.0495037 0.0566423 0.504745
88.59 0.0496181 0.0566007 0.504738
88.6 0.0497324 0.0565589 0.504731
88.61 0.0498466 0.0565171 0.504724
88.62 0.0499607 0.0564752 0.504717
88.63 0.0500747 0.0564331 0.50471
88.64 0.0501886 0.056391 0.504703
88.65 0.0503025 0.0563488 0.504696
88.66 0.0504162 0.0563065 0.504689
88.67 0.0505299 0.0562641 0.504682
88.68 0.0506435 0.0562216 0.504675
88.69 0.050757 0.056179 0.504667
88.7 0.0508704 0.0561363 0.50466
88.71 0.0509837 0.0560935 0.504653
88.72 0.0510969 0.0560506 0.504646
88.73 0.0512101 0.0560076 0.504639
88.74 0.0513231 0.0559646 0.504632
88.75 0.0514361 0.0559214 0.504624
88.76 0.0515489 0.0558781 0.504617
88.77 0.0516617 0.0558348 0.50461
88.78 0.0517744 0.0557913 0.504603
88.79 0.051887 0.0557478 0.504596
88.8 0.0519996 0.0557042 0.504588
88.81 0.052112 0.0556604 0.504581
88.82 0.0522243 0.0556166 0.504574
88.83 0.0523366 0.0555727 0.504567
88.84 0.0524488 0.0555287 0.504559
88.85 0.0525608 0.0554846 0.504552
88.86 0.0526728 0.0554404 0.504545
88.87 0.0527847 0.0553961 0.504538
88.88 0.0528965 0.0553517 0.50453
88.89 0.0530082 0.0553072 0.504523
88.9 0.0531198 0.0552626 0.504516
88.91 0.0532313 0.055218 0.504508
88.92 0.0533428 0.0551732 0.504501
88.93 0.0534541 0.0551284 0.504494
88.94 0.0535654 0.0550834 0.504486
88.95 0.0536765 0.0550384 0.504479
88.96 0.0537876 0.0549933 0.504471
88.97 0.0538985 0.054948 0.504464
88.98 0.0540094 0.0549027 0.504457
88.99 0.0541202 0.0548573 0.504449
89 0.0542309 0.0548118 0.504442
89.01 0.0543415 0.0547662 0.504434
89.02 0.054452 0.0547205 0.504427
89.03 0.0545624 0.0546747 0.504419
89.04 0.0546727 0.0546289 0.504412
89.05 0.0547829 0.0545829 0.504405
89.06 0.0548931 0.0545369 0.504397
89.07 0.0550031 0.0544907 0.50439
89.08 0.055113 0.0544445 0.504382
89.09 0.0552229 0.0543981 0.504375
89.1 0.0553326 0.0543517 0.504367
89.11 0.0554423 0.0543052 0.50436
89.12 0.0555518 0.0542586 0.504352
89.13 0.0556613 0.0542119 0.504344
89.14 0.0557707 0.0541651 0.504337
89.15 0.0558799 0.0541182 0.504329
89.16 0.0559891 0.0540713 0.504322
89.17 0.0560982 0.0540242 0.504314
89.18 0.0562072 0.0539771 0.504307
89.19 0.0563161 0.0539298 0.504299
89.2 0.0564248 0.0538825 0.504291
89.21 0.0565335 0.0538351 0.504284
89.22 0.0566421 0.0537875 0.504276
89.23 0.0567506 0.0537399 0.504269
89.24 0.056859 0.0536922 0.504261
89.25 0.0569673 0.0536445 0.504253
89.26 0.0570755 0.0535966 0.504246
89.27 0.0571836 0.0535486 0.504238
89.28 0.0572916 0.0535006 0.50423
89.29 0.0573995 0.0534524 0.504223
89.3 0.0575073 0.0534042 0.504215
89.31 0.057615 0.0533558 0.504207
89.32 0.0577227 0.0533074 0.5042
89.33 0.0578302 0.0532589 0.504192
89.34 0.0579376 0.0532103 0.504184
89.35 0.0580449 0.0531616 0.504177
89.36 0.0581521 0.0531129 0.504169
89.37 0.0582592 0.053064 0.504161
89.38 0.0583662 0.053015 0.504154
89.39 0.0584731 0.052966 0.504146
89.4 0.0585799 0.0529169 0.504138
89.41 0.0586867 0.0528676 0.50413
89.42 0.0587933 0.0528183 0.504123
89.43 0.0588998 0.0527689 0.504115
89.44 0.0590062 0.0527195 0.504107
89.45 0.0591125 0.0526699 0.504099
89.46 0.0592187 0.0526202 0.504091
89.47 0.0593248 0.0525705 0.504084
89.48 0.0594308 0.0525206 0.504076
89.49 0.0595367 0.0524707 0.504068
89.5 0.0596425 0.0524207 0.50406
89.51 0.0597482 0.0523706 0.504052
89.52 0.0598538 0.0523204 0.504045
89.53 0.0599592 0.0522701 0.504037
89.54 0.0600646 0.0522197 0.504029
89.55 0.0601699 0.0521693 0.504021
89.56 0.0602751 0.0521187 0.504013
89.57 0.0603802 0.0520681 0.504005
89.58 0.0604851 0.0520174 0.503998
89.59 0.06059 0.0519666 0.50399
89.6 0.0606948 0.0519157 0.503982
89.61 0.0607994 0.0518647 0.503974
89.62 0.060904 0.0518136 0.503966
89.63 0.0610084 0.0517625 0.503958
89.64 0.0611128 0.0517112 0.50395
89.65 0.061217 0.0516599 0.503942
89.66 0.0613211 0.0516085 0.503934
89.67 0.0614252 0.051557 0.503927
89.68 0.0615291 0.0515054 0.503919
89.69 0.0616329 0.0514537 0.503911
89.7 0.0617366 0.0514019 0.503903
89.71 0.0618402 0.0513501 0.503895
89.72 0.0619437 0.0512982 0.503887
89.73 0.0620471 0.0512461 0.503879
89.74 0.0621504 0.051194 0.503871
89.75 0.0622536 0.0511418 0.503863
89.76 0.0623567 0.0510896 0.503855
89.77 0.0624596 0.0510372 0.503847
89.78 0.0625625 0.0509847 0.503839
89.79 0.0626653 0.0509322 0.503831
89.8 0.0627679 0.0508796 0.503823
89.81 0.0628704 0.0508269 0.503815
89.82 0.0629729 0.0507741 0.503807
89.83 0.0630752 0.0507212 0.503799
89.84 0.0631774 0.0506682 0.503791
89.85 0.0632795 0.0506152 0.503783
89.86 0.0633815 0.0505621 0.503775
89.87 0.0634834 0.0505089 0.503767
89.88 0.0635852 0.0504556 0.503759
89.89 0.0636868 0.0504022 0.503751
89.9 0.0637884 0.0503487 0.503743
89.91 0.0638898 0.0502951 0.503735
89.92 0.0639912 0.0502415 0.503727
89.93 0.0640924 0.0501878 0.503719
89.94 0.0641935 0.050134 0.503711
89.95 0.0642946 0.0500801 0.503703
89.96 0.0643955 0.0500261 0.503695
89.97 0.0644962 0.049972 0.503687
89.98 0.0645969 0.0499179 0.503679
89.99 0.0646975 0.0498637 0.503671
90 0.064798 0.0498094 0.503663
90.01 0.0648983 0.049755 0.503655
90.02 0.0649985 0.0497005 0.503647
90.03 0.0650987 0.0496459 0.503638
90.04 0.0651987 0.0495913 0.50363
90.05 0.0652986 0.0495366 0.503622
90.06 0.0653984 0.0494818 0.503614
90.07 0.0654981 0.0494269 0.503606
90.08 0.0655976 0.0493719 0.503598
90.09 0.0656971 0.0493168 0.50359
90.1 0.0657964 0.0492617 0.503582
90.11 0.0658956 0.0492065 0.503574
90.12 0.0659948 0.0491512 0.503566
90.13 0.0660938 0.0490958 0.503558
90.14 0.0661927 0.0490403 0.503549
90.15 0.0662914 0.0489847 0.503541
90.16 0.0663901 0.0489291 0.503533
90.17 0.0664886 0.0488734 0.503525
90.18 0.0665871 0.0488176 0.503517
90.19 0.0666854 0.0487617 0.503509
90.2 0.0667836 0.0487058 0.503501
90.21 0.0668817 0.0486497 0.503493
90.22 0.0669797 0.0485936 0.503484
90.23 0.0670776 0.0485374 0.503476
90.24 0.0671753 0.0484811 0.503468
90.25 0.0672729 0.0484247 0.50346
90.26 0.0673705 0.0483683 0.503452
90.27 0.0674679 0.0483118 0.503444
90.28 0.0675651 0.0482551 0.503436
90.29 0.0676623 0.0481984 0.503427
90.3 0.0677594 0.0481417 0.503419
90.31 0.0678563 0.0480848 0.503411
90.32 0.0679531 0.0480279 0.503403
90.33 0.0680499 0.0479709 0.503395
90.34 0.0681465 0.0479138 0.503387
90.35 0.0682429 0.0478566 0.503378
90.36 0.0683393 0.0477994 0.50337
90.37 0.0684355 0.047742 0.503362
90.38 0.0685317 0.0476846 0.503354
90.39 0.0686277 0.0476271 0.503346
90.4 0.0687236 0.0475695 0.503338
90.41 0.0688193 0.0475119 0.503329
90.42 0.068915 0.0474542 0.503321
90.43 0.0690105 0.0473964 0.503313
90.44 0.0691059 0.0473385 0.503305
90.45 0.0692012 0.0472805 0.503297
90.46 0.0692964 0.0472224 0.503289
90.47 0.0693915 0.0471643 0.50328
90.48 0.0694864 0.0471061 0.503272
90.49 0.0695813 0.0470478 0.503264
90.5 0.069676 0.0469895 0.503256
90.51 0.0697706 0.046931 0.503248
90.52 0.069865 0.0468725 0.503239
90.53 0.0699594 0.0468139 0.503231
90.54 0.0700536 0.0467552 0.503223
90.55 0.0701477 0.0466965 0.503215
90.56 0.0702417 0.0466376 0.503207
90.57 0.0703356 0.0465787 0.503198
90.58 0.0704294 0.0465197 0.50319
90.59 0.070523 0.0464607 0.503182
90.6 0.0706165 0.0464015 0.503174
90.61 0.0707099 0.0463423 0.503166
90.62 0.0708032 0.046283 0.503158
90.63 0.0708963 0.0462236 0.503149
90.64 0.0709894 0.0461642 0.503141
90.65 0.0710823 0.0461047 0.503133
90.66 0.0711751 0.0460451 0.503125
90.67 0.0712677 0.0459854 0.503117
90.68 0.0713603 0.0459256 0.503108
90.69 0.0714527 0.0458658 0.5031
90.7 0.071545 0.0458059 0.503092
90.71 0.0716372 0.0457459 0.503084
90.72 0.0717292 0.0456858 0.503076
90.73 0.0718212 0.0456257 0.503067
90.74 0.071913 0.0455654 0.503059
90.75 0.0720047 0.0455052 0.503051
90.76 0.0720962 0.0454448 0.503043
90.77 0.0721877 0.0453843 0.503035
90.78 0.072279 0.0453238 0.503026
90.79 0.0723702 0.0452632 0.503018
90.8 0.0724612 0.0452025 0.50301
90.81 0.0725522 0.0451418 0.503002
90.82 0.072643 0.045081 0.502994
90.83 0.0727337 0.0450201 0.502986
90.84 0.0728243 0.0449591 0.502977
90.85 0.0729148 0.0448981 0.502969
90.86 0.0730051 0.0448369 0.502961
90.87 0.0730953 0.0447757 0.502953
90.88 0.0731854 0.0447145 0.502945
90.89 0.0732753 0.0446531 0.502936
90.9 0.0733652 0.0445917 0.502928
90.91 0.0734549 0.0445302 0.50292
90.92 0.0735444 0.0444686 0.502912
90.93 0.0736339 0.044407 0.502904
90.94 0.0737232 0.0443453 0.502896
90.95 0.0738124 0.0442835 0.502887
90.96 0.0739015 0.0442216 0.502879
90.97 0.0739905 0.0441597 0.502871
90.98 0.0740793 0.0440977 0.502863
90.99 0.074168 0.0440356 0.502855
91 0.0742566 0.0439734 0.502847
91.01 0.074345 0.0439112 0.502838
91.02 0.0744333 0.0438489 0.50283
91.03 0.0745215 0.0437865 0.502822
91.04 0.0746096 0.043724 0.502814
91.05 0.0746975 0.0436615 0.502806
91.06 0.0747853 0.0435989 0.502798
91.07 0.074873 0.0435363 0.502789
91.08 0.0749606 0.0434735 0.502781
91.09 0.075048 0.0434107 0.502773
91.1 0.0751353 0.0433478 0.502765
91.11 0.0752225 0.0432848 0.502757
91.12 0.0753095 0.0432218 0.502749
91.13 0.0753965 0.0431587 0.502741
91.14 0.0754833 0.0430955 0.502732
91.15 0.0755699 0.0430323 0.502724
91.16 0.0756565 0.042969 0.502716
91.17 0.0757429 0.0429056 0.502708
91.18 0.0758291 0.0428421 0.5027
91.19 0.0759153 0.0427786 0.502692
91.2 0.0760013 0.042715 0.502684
91.21 0.0760872 0.0426513 0.502676
91.22 0.0761729 0.0425876 0.502667
91.23 0.0762586 0.0425238 0.502659
91.24 0.0763441 0.0424599 0.502651
91.25 0.0764294 0.0423959 0.502643
91.26 0.0765147 0.0423319 0.502635
91.27 0.0765998 0.0422678 0.502627
91.28 0.0766848 0.0422036 0.502619
91.29 0.0767696 0.0421394 0.502611
91.3 0.0768543 0.0420751 0.502603
91.31 0.0769389 0.0420107 0.502595
91.32 0.0770234 0.0419462 0.502586
91.33 0.0771077 0.0418817 0.502578
91.34 0.0771919 0.0418171 0.50257
91.35 0.077276 0.0417525 0.502562
91.36 0.0773599 0.0416878 0.502554
91.37 0.0774437 0.041623 0.502546
91.38 0.0775274 0.0415581 0.502538
91.39 0.0776109 0.0414932 0.50253
91.4 0.0776943 0.0414282 0.502522
91.41 0.0777776 0.0413631 0.502514
91.42 0.0778607 0.0412979 0.502506
91.43 0.0779437 0.0412327 0.502498
91.44 0.0780266 0.0411675 0.50249
91.45 0.0781094 0.0411021 0.502482
91.46 0.078192 0.0410367 0.502474
91.47 0.0782745 0.0409712 0.502466
91.48 0.0783568 0.0409057 0.502458
91.49 0.078439 0.04084 0.50245
91.5 0.0785211 0.0407744 0.502442
91.51 0.0786031 0.0407086 0.502434
91.52 0.0786849 0.0406428 0.502426
91.53 0.0787665 0.0405769 0.502418
91.54 0.0788481 0.0405109 0.50241
91.55 0.0789295 0.0404449 0.502402
91.56 0.0790108 0.0403788 0.502394
91.57 0.0790919 0.0403127 0.502386
91.58 0.0791729 0.0402464 0.502378
91.59 0.0792538 0.0401801 0.50237
91.6 0.0793346 0.0401138 0.502362
91.61 0.0794152 0.0400474 0.502354
91.62 0.0794956 0.0399809 0.502346
91.63 0.079576 0.0399143 0.502338
91.64 0.0796562 0.0398477 0.50233
91.65 0.0797362 0.039781 0.502322
91.66 0.0798162 0.0397142 0.502314
91.67 0.079896 0.0396474 0.502306
91.68 0.0799756 0.0395805 0.502298
91.69 0.0800551 0.0395136 0.50229
91.7 0.0801345 0.0394466 0.502283
91.71 0.0802138 0.0393795 0.502275
91.72 0.0802929 0.0393123 0.502267
91.73 0.0803719 0.0392451 0.502259
91.74 0.0804507 0.0391778 0.502251
91.75 0.0805294 0.0391105 0.502243
91.76 0.080608 0.0390431 0.502235
91.77 0.0806865 0.0389756 0.502227
91.78 0.0807647 0.0389081 0.502219
91.79 0.0808429 0.0388405 0.502212
91.8 0.0809209 0.0387728 0.502204
91.81 0.0809988 0.0387051 0.502196
91.82 0.0810766 0.0386373 0.502188
91.83 0.0811542 0.0385694 0.50218
91.84 0.0812317 0.0385015 0.502172
91.85 0.081309 0.0384335 0.502165
91.86 0.0813862 0.0383655 0.502157
91.87 0.0814633 0.0382973 0.502149
91.88 0.0815402 0.0382292 0.502141
91.89 0.081617 0.0381609 0.502133
91.9 0.0816936 0.0380926 0.502126
91.91 0.0817701 0.0380243 0.502118
91.92 0.0818465 0.0379558 0.50211
91.93 0.0819227 0.0378873 0.502102
91.94 0.0819988 0.0378188 0.502095
91.95 0.0820748 0.0377502 0.502087
91.96 0.0821506 0.0376815 0.502079
91.97 0.0822263 0.0376127 0.502071
91.98 0.0823018 0.0375439 0.502064
91.99 0.0823772 0.0374751 0.502056
92 0.0824525 0.0374061 0.502048
92.01 0.0825276 0.0373371 0.50204
92.02 0.0826026 0.0372681 0.502033
92.03 0.0826774 0.037199 0.502025
92.04 0.0827521 0.0371298 0.502017
92.05 0.0828267 0.0370606 0.50201
92.06 0.0829011 0.0369913 0.502002
92.07 0.0829754 0.0369219 0.501994
92.08 0.0830495 0.0368525 0.501987
92.09 0.0831235 0.036783 0.501979
92.1 0.0831973 0.0367134 0.501971
92.11 0.0832711 0.0366438 0.501964
92.12 0.0833446 0.0365742 0.501956
92.13 0.0834181 0.0365045 0.501948
92.14 0.0834914 0.0364347 0.501941
92.15 0.0835645 0.0363648 0.501933
92.16 0.0836375 0.0362949 0.501926
92.17 0.0837104 0.0362249 0.501918
92.18 0.0837831 0.0361549 0.50191
92.19 0.0838557 0.0360848 0.501903
92.2 0.0839282 0.0360147 0.501895
92.21 0.0840005 0.0359445 0.501888
92.22 0.0840726 0.0358742 0.50188
92.23 0.0841446 0.0358039 0.501873
92.24 0.0842165 0.0357335 0.501865
92.25 0.0842882 0.0356631 0.501858
92.26 0.0843598 0.0355926 0.50185
92.27 0.0844313 0.035522 0.501843
92.28 0.0845026 0.0354514 0.501835
92.29 0.0845738 0.0353807 0.501828
92.3 0.0846448 0.03531 0.50182
92.31 0.0847157 0.0352392 0.501813
92.32 0.0847864 0.0351683 0.501805
92.33 0.084857 0.0350974 0.501798
92.34 0.0849274 0.0350265 0.50179
92.35 0.0849977 0.0349554 0.501783
92.36 0.0850679 0.0348843 0.501775
92.37 0.0851379 0.0348132 0.501768
92.38 0.0852078 0.034742 0.501761
92.39 0.0852775 0.0346707 0.501753
92.4 0.0853471 0.0345994 0.501746
92.41 0.0854165 0.0345281 0.501738
92.42 0.0854858 0.0344566 0.501731
92.43 0.085555 0.0343851 0.501724
92.44 0.085624 0.0343136 0.501716
92.45 0.0856929 0.034242 0.501709
92.46 0.0857616 0.0341704 0.501702
92.47 0.0858301 0.0340986 0.501694
92.48 0.0858986 0.0340269 0.501687
92.49 0.0859669 0.033955 0.50168
92.5 0.086035 0.0338832 0.501672
92.51 0.086103 0.0338112 0.501665
92.52 0.0861708 0.0337392 0.501658
92.53 0.0862385 0.0336672 0.501651
92.54 0.0863061 0.0335951 0.501643
92.55 0.0863735 0.0335229 0.501636
92.56 0.0864408 0.0334507 0.501629
92.57 0.0865079 0.0333785 0.501622
92.58 0.0865749 0.0333061 0.501614
92.59 0.0866417 0.0332337 0.501607
92.6 0.0867084 0.0331613 0.5016
92.61 0.0867749 0.0330888 0.501593
92.62 0.0868413 0.0330163 0.501586
92.63 0.0869075 0.0329437 0.501578
92.64 0.0869736 0.032871 0.501571
92.65 0.0870396 0.0327983 0.501564
92.66 0.0871054 0.0327256 0.501557
92.67 0.087171 0.0326528 0.50155
92.68 0.0872365 0.0325799 0.501543
92.69 0.0873019 0.032507 0.501536
92.7 0.0873671 0.032434 0.501529
92.71 0.0874322 0.032361 0.501521
92.72 0.0874971 0.0322879 0.501514
92.73 0.0875619 0.0322147 0.501507
92.74 0.0876265 0.0321416 0.5015
92.75 0.087691 0.0320683 0.501493
92.76 0.0877553 0.031995 0.501486
92.77 0.0878195 0.0319217 0.501479
92.78 0.0878835 0.0318483 0.501472
92.79 0.0879474 0.0317748 0.501465
92.8 0.0880111 0.0317013 0.501458
92.81 0.0880747 0.0316278 0.501451
92.82 0.0881382 0.0315542 0.501444
92.83 0.0882015 0.0314805 0.501437
92.84 0.0882646 0.0314068 0.50143
92.85 0.0883276 0.031333 0.501423
92.86 0.0883904 0.0312592 0.501417
92.87 0.0884531 0.0311853 0.50141
92.88 0.0885157 0.0311114 0.501403
92.89 0.0885781 0.0310374 0.501396
92.9 0.0886403 0.0309634 0.501389
92.91 0.0887024 0.0308894 0.501382
92.92 0.0887644 0.0308152 0.501375
92.93 0.0888262 0.0307411 0.501368
92.94 0.0888878 0.0306668 0.501362
92.95 0.0889493 0.0305926 0.501355
92.96 0.0890107 0.0305182 0.501348
92.97 0.0890719 0.0304439 0.501341
92.98 0.0891329 0.0303694 0.501334
92.99 0.0891938 0.030295 0.501328
93 0.0892546 0.0302204 0.501321
93.01 0.0893152 0.0301459 0.501314
93.02 0.0893756 0.0300712 0.501307
93.03 0.0894359 0.0299966 0.501301
93.04 0.0894961 0.0299218 0.501294
93.05 0.0895561 0.0298471 0.501287
93.06 0.0896159 0.0297722 0.501281
93.07 0.0896756 0.0296974 0.501274
93.08 0.0897352 0.0296224 0.501267
93.09 0.0897946 0.0295475 0.501261
93.1 0.0898538 0.0294725 0.501254
93.11 0.0899129 0.0293974 0.501247
93.12 0.0899718 0.0293223 0.501241
93.13 0.0900306 0.0292471 0.501234
93.14 0.0900893 0.0291719 0.501228
93.15 0.0901478 0.0290966 0.501221
93.16 0.0902061 0.0290213 0.501214
93.17 0.0902643 0.028946 0.501208
93.18 0.0903223 0.0288706 0.501201
93.19 0.0903802 0.0287951 0.501195
93.2 0.0904379 0.0287196 0.501188
93.21 0.0904955 0.0286441 0.501182
93.22 0.0905529 0.0285685 0.501175
93.23 0.0906102 0.0284929 0.501169
93.24 0.0906673 0.0284172 0.501162
93.25 0.0907243 0.0283414 0.501156
93.26 0.0907811 0.0282657 0.50115
93.27 0.0908377 0.0281898 0.501143
93.28 0.0908943 0.028114 0.501137
93.29 0.0909506 0.0280381 0.50113
93.3 0.0910068 0.0279621 0.501124
93.31 0.0910629 0.0278861 0.501118
93.32 0.0911188 0.02781 0.501111
93.33 0.0911745 0.0277339 0.501105
93.34 0.0912301 0.0276578 0.501099
93.35 0.0912855 0.0275816 0.501092
93.36 0.0913408 0.0275053 0.501086
93.37 0.0913959 0.0274291 0.50108
93.38 0.0914509 0.0273527 0.501073
93.39 0.0915057 0.0272764 0.501067
93.4 0.0915604 0.0271999 0.501061
93.41 0.0916149 0.0271235 0.501055
93.42 0.0916693 0.027047 0.501049
93.43 0.0917235 0.0269704 0.501042
93.44 0.0917775 0.0268938 0.501036
93.45 0.0918314 0.0268172 0.50103
93.46 0.0918852 0.0267405 0.501024
93.47 0.0919388 0.0266638 0.501018
93.48 0.0919922 0.026587 0.501012
93.49 0.0920455 0.0265102 0.501005
93.5 0.0920986 0.0264333 0.500999
93.51 0.0921516 0.0263564 0.500993
93.52 0.0922044 0.0262795 0.500987
93.53 0.0922571 0.0262025 0.500981
93.54 0.0923096 0.0261255 0.500975
93.55 0.0923619 0.0260484 0.500969
93.56 0.0924141 0.0259713 0.500963
93.57 0.0924662 0.0258941 0.500957
93.58 0.0925181 0.0258169 0.500951
93.59 0.0925698 0.0257397 0.500945
93.6 0.0926214 0.0256624 0.500939
93.61 0.0926728 0.0255851 0.500933
93.62 0.0927241 0.0255077 0.500927
93.63 0.0927752 0.0254303 0.500921
93.64 0.0928261 0.0253528 0.500915
93.65 0.0928769 0.0252753 0.50091
93.66 0.0929276 0.0251978 0.500904
93.67 0.0929781 0.0251202 0.500898
93.68 0.0930284 0.0250426 0.500892
93.69 0.0930786 0.0249649 0.500886
93.7 0.0931286 0.0248872 0.50088
93.71 0.0931784 0.0248095 0.500875
93.72 0.0932281 0.0247317 0.500869
93.73 0.0932777 0.0246539 0.500863
93.74 0.0933271 0.024576 0.500857
93.75 0.0933763 0.0244981 0.500852
93.76 0.0934254 0.0244201 0.500846
93.77 0.0934743 0.0243422 0.50084
93.78 0.0935231 0.0242641 0.500834
93.79 0.0935717 0.0241861 0.500829
93.8 0.0936202 0.024108 0.500823
93.81 0.0936685 0.0240298 0.500817
93.82 0.0937166 0.0239516 0.500812
93.83 0.0937646 0.0238734 0.500806
93.84 0.0938124 0.0237951 0.500801
93.85 0.0938601 0.0237168 0.500795
93.86 0.0939076 0.0236385 0.50079
93.87 0.0939549 0.0235601 0.500784
93.88 0.0940021 0.0234817 0.500778
93.89 0.0940492 0.0234032 0.500773
93.9 0.094096 0.0233247 0.500767
93.91 0.0941428 0.0232462 0.500762
93.92 0.0941893 0.0231676 0.500756
93.93 0.0942357 0.023089 0.500751
93.94 0.094282 0.0230104 0.500746
93.95 0.0943281 0.0229317 0.50074
93.96 0.094374 0.022853 0.500735
93.97 0.0944198 0.0227742 0.500729
93.98 0.0944654 0.0226954 0.500724
93.99 0.0945108 0.0226166 0.500719
94 0.0945561 0.0225377 0.500713
94.01 0.0946013 0.0224588 0.500708
94.02 0.0946463 0.0223799 0.500703
94.03 0.0946911 0.0223009 0.500697
94.04 0.0947357 0.0222218 0.500692
94.05 0.0947802 0.0221428 0.500687
94.06 0.0948246 0.0220637 0.500682
94.07 0.0948688 0.0219846 0.500676
94.08 0.0949128 0.0219054 0.500671
94.09 0.0949567 0.0218262 0.500666
94.1 0.0950004 0.021747 0.500661
94.11 0.0950439 0.0216677 0.500656
94.12 0.0950873 0.0215884 0.50065
94.13 0.0951306 0.0215091 0.500645
94.14 0.0951736 0.0214297 0.50064
94.15 0.0952166 0.0213503 0.500635
94.16 0.0952593 0.0212708 0.50063
94.17 0.0953019 0.0211913 0.500625
94.18 0.0953443 0.0211118 0.50062
94.19 0.0953866 0.0210323 0.500615
94.2 0.0954287 0.0209527 0.50061
94.21 0.0954707 0.0208731 0.500605
94.22 0.0955125 0.0207934 0.5006
94.23 0.0955541 0.0207137 0.500595
94.24 0.0955956 0.020634 0.50059
94.25 0.0956369 0.0205542 0.500585
94.26 0.0956781 0.0204744 0.50058
94.27 0.0957191 0.0203946 0.500575
94.28 0.0957599 0.0203148 0.50057
94.29 0.0958006 0.0202349 0.500565
94.3 0.0958411 0.0201549 0.500561
94.31 0.0958814 0.020075 0.500556
94.32 0.0959216 0.019995 0.500551
94.33 0.0959617 0.019915 0.500546
94.34 0.0960015 0.0198349 0.500541
94.35 0.0960413 0.0197548 0.500537
94.36 0.0960808 0.0196747 0.500532
94.37 0.0961202 0.0195946 0.500527
94.38 0.0961594 0.0195144 0.500522
94.39 0.0961985 0.0194342 0.500518
94.4 0.0962374 0.0193539 0.500513
94.41 0.0962762 0.0192736 0.500508
94.42 0.0963147 0.0191933 0.500504
94.43 0.0963532 0.019113 0.500499
94.44 0.0963914 0.0190326 0.500495
94.45 0.0964295 0.0189522 0.50049
94.46 0.0964675 0.0188718 0.500485
94.47 0.0965053 0.0187913 0.500481
94.48 0.0965429 0.0187108 0.500476
94.49 0.0965803 0.0186303 0.500472
94.5 0.0966176 0.0185497 0.500467
94.51 0.0966548 0.0184691 0.500463
94.52 0.0966917 0.0183885 0.500458
94.53 0.0967285 0.0183078 0.500454
94.54 0.0967652 0.0182272 0.500449
94.55 0.0968017 0.0181464 0.500445
94.56 0.096838 0.0180657 0.500441
94.57 0.0968742 0.0179849 0.500436
94.58 0.0969102 0.0179041 0.500432
94.59 0.096946 0.0178233 0.500428
94.6 0.0969817 0.0177425 0.500423
94.61 0.0970172 0.0176616 0.500419
94.62 0.0970526 0.0175807 0.500415
94.63 0.0970878 0.0174997 0.50041
94.64 0.0971228 0.0174187 0.500406
94.65 0.0971576 0.0173377 0.500402
94.66 0.0971923 0.0172567 0.500398
94.67 0.0972269 0.0171756 0.500394
94.68 0.0972613 0.0170946 0.500389
94.69 0.0972955 0.0170134 0.500385
94.7 0.0973295 0.0169323 0.500381
94.71 0.0973634 0.0168511 0.500377
94.72 0.0973972 0.0167699 0.500373
94.73 0.0974307 0.0166887 0.500369
94.74 0.0974641 0.0166075 0.500365
94.75 0.0974974 0.0165262 0.500361
94.76 0.0975304 0.0164449 0.500357
94.77 0.0975633 0.0163635 0.500353
94.78 0.0975961 0.0162822 0.500349
94.79 0.0976287 0.0162008 0.500345
94.8 0.0976611 0.0161194 0.500341
94.81 0.0976934 0.0160379 0.500337
94.82 0.0977255 0.0159565 0.500333
94.83 0.0977574 0.015875 0.500329
94.84 0.0977892 0.0157935 0.500325
94.85 0.0978208 0.0157119 0.500321
94.86 0.0978522 0.0156304 0.500317
94.87 0.0978835 0.0155488 0.500314
94.88 0.0979146 0.0154671 0.50031
94.89 0.0979456 0.0153855 0.500306
94.9 0.0979764 0.0153038 0.500302
94.91 0.098007 0.0152221 0.500298
94.92 0.0980375 0.0151404 0.500295
94.93 0.0980678 0.0150587 0.500291
94.94 0.0980979 0.0149769 0.500287
94.95 0.0981279 0.0148951 0.500284
94.96 0.0981577 0.0148133 0.50028
94.97 0.0981873 0.0147314 0.500276
94.98 0.0982168 0.0146496 0.500273
94.99 0.0982461 0.0145677 0.500269
95 0.0982753 0.0144857 0.500266
95.01 0.0983042 0.0144038 0.500262
95.02 0.0983331 0.0143218 0.500258
95.03 0.0983617 0.0142399 0.500255
95.04 0.0983902 0.0141578 0.500251
95.05 0.0984185 0.0140758 0.500248
95.06 0.0984467 0.0139938 0.500244
95.07 0.0984747 0.0139117 0.500241
95.08 0.0985025 0.0138296 0.500238
95.09 0.0985302 0.0137475 0.500234
95.1 0.0985577 0.0136653 0.500231
95.11 0.0985851 0.0135831 0.500227
95.12 0.0986123 0.0135009 0.500224
95.13 0.0986393 0.0134187 0.500221
95.14 0.0986661 0.0133365 0.500217
95.15 0.0986928 0.0132542 0.500214
95.16 0.0987193 0.013172 0.500211
95.17 0.0987457 0.0130897 0.500208
95.18 0.0987719 0.0130073 0.500204
95.19 0.0987979 0.012925 0.500201
95.2 0.0988238 0.0128426 0.500198
95.21 0.0988494 0.0127602 0.500195
95.22 0.098875 0.0126778 0.500192
95.23 0.0989003 0.0125954 0.500189
95.24 0.0989255 0.012513 0.500185
95.25 0.0989506 0.0124305 0.500182
95.26 0.0989754 0.012348 0.500179
95.27 0.0990002 0.0122655 0.500176
95.28 0.0990247 0.012183 0.500173
95.29 0.0990491 0.0121004 0.50017
95.3 0.0990733 0.0120178 0.500167
95.31 0.0990973 0.0119353 0.500164
95.32 0.0991212 0.0118527 0.500161
95.33 0.0991449 0.01177 0.500158
95.34 0.0991685 0.0116874 0.500155
95.35 0.0991918 0.0116047 0.500152
95.36 0.0992151 0.011522 0.50015
95.37 0.0992381 0.0114393 0.500147
95.38 0.099261 0.0113566 0.500144
95.39 0.0992837 0.0112739 0.500141
95.4 0.0993063 0.0111911 0.500138
95.41 0.0993287 0.0111083 0.500136
95.42 0.0993509 0.0110255 0.500133
95.43 0.0993729 0.0109427 0.50013
95.44 0.0993948 0.0108599 0.500127
95.45 0.0994166 0.010777 0.500125
95.46 0.0994381 0.0106942 0.500122
95.47 0.0994595 0.0106113 0.500119
95.48 0.0994807 0.0105284 0.500117
95.49 0.0995018 0.0104455 0.500114
95.5 0.0995227 0.0103625 0.500111
95.51 0.0995434 0.0102796 0.500109
95.52 0.099564 0.0101966 0.500106
95.53 0.0995844 0.0101136 0.500104
95.54 0.0996046 0.0100306 0.500101
95.55 0.0996247 0.00994758 0.500099
95.56 0.0996446 0.00986454 0.500096
95.57 0.0996643 0.00978149 0.500094
95.58 0.0996839 0.00969842 0.500091
95.59 0.0997033 0.00961533 0.500089
95.6 0.0997225 0.00953223 0.500087
95.61 0.0997416 0.00944911 0.500084
95.62 0.0997605 0.00936598 0.500082
95.63 0.0997792 0.00928284 0.500079
95.64 0.0997978 0.00919967 0.500077
95.65 0.0998162 0.00911649 0.500075
95.66 0.0998344 0.0090333 0.500073
95.67 0.0998525 0.00895009 0.50007
95.68 0.0998704 0.00886687 0.500068
95.69 0.0998881 0.00878364 0.500066
95.7 0.0999057 0.00870039 0.500064
95.71 0.0999231 0.00861712 0.500062
95.72 0.0999403 0.00853384 0.500059
95.73 0.0999574 0.00845055 0.500057
95.74 0.0999743 0.00836724 0.500055
95.75 0.099991 0.00828392 0.500053
95.76 0.100008 0.00820058 0.500051
95.77 0.100024 0.00811724 0.500049
95.78 0.10004 0.00803387 0.500047
95.79 0.100056 0.0079505 0.500045
95.8 0.100072 0.00786711 0.500043
95.81 0.100088 0.00778371 0.500041
95.82 0.100104 0.0077003 0.500039
95.83 0.100119 0.00761687 0.500037
95.84 0.100134 0.00753343 0.500035
95.85 0.100149 0.00744998 0.500033
95.86 0.100164 0.00736652 0.500031
95.87 0.100179 0.00728304 0.50003
95.88 0.100193 0.00719956 0.500028
95.89 0.100208 0.00711606 0.500026
95.9 0.100222 0.00703255 0.500024
95.91 0.100236 0.00694902 0.500022
95.92 0.10025 0.00686549 0.500021
95.93 0.100264 0.00678194 0.500019
95.94 0.100277 0.00669839 0.500017
95.95 0.100291 0.00661482 0.500016
95.96 0.100304 0.00653124 0.500014
95.97 0.100317 0.00644765 0.500012
95.98 0.10033 0.00636405 0.500011
95.99 0.100343 0.00628044 0.500009
96 0.100355 0.00619682 0.500007
96.01 0.100368 0.00611319 0.500006
96.02 0.10038 0.00602955 0.500004
96.03 0.100392 0.0059459 0.500003
96.04 0.100404 0.00586224 0.500001
96.05 0.100416 0.00577857 0.5
96.06 0.100427 0.00569489 0.499998
96.07 0.100438 0.0056112 0.499997
96.08 0.10045 0.0055275 0.499996
96.09 0.100461 0.0054438 0.499994
96.1 0.100472 0.00536008 0.499993
96.11 0.100482 0.00527636 0.499991
96.12 0.100493 0.00519262 0.49999
96.13 0.100503 0.00510888 0.499989
96.14 0.100513 0.00502513 0.499988
96.15 0.100524 0.00494137 0.499986
96.16 0.100533 0.0048576 0.499985
96.17 0.100543 0.00477383 0.499984
96.18 0.100553 0.00469004 0.499983
96.19 0.100562 0.00460625 0.499981
96.2 0.100571 0.00452245 0.49998
96.21 0.10058 0.00443865 0.499979
96.22 0.100589 0.00435483 0.499978
96.23 0.100598 0.00427101 0.499977
96.24 0.100606 0.00418719 0.499976
96.25 0.100615 0.00410335 0.499975
96.26 0.100623 0.00401951 0.499974
96.27 0.100631 0.00393566 0.499973
96.28 0.100639 0.00385181 0.499972
96.29 0.100647 0.00376795 0.499971
96.3 0.100654 0.00368408 0.49997
96.31 0.100662 0.00360021 0.499969
96.32 0.100669 0.00351633 0.499968
96.33 0.100676 0.00343244 0.499967
96.34 0.100683 0.00334855 0.499966
96.35 0.100689 0.00326465 0.499965
96.36 0.100696 0.00318075 0.499965
96.37 0.100702 0.00309684 0.499964
96.38 0.100708 0.00301293 0.499963
96.39 0.100714 0.00292901 0.499962
96.4 0.10072 0.00284509 0.499962
96.41 0.100726 0.00276116 0.499961
96.42 0.100732 0.00267723 0.49996
96.43 0.100737 0.0025933 0.499959
96.44 0.100742 0.00250936 0.499959
96.45 0.100747 0.00242541 0.499958
96.46 0.100752 0.00234146 0.499958
96.47 0.100757 0.00225751 0.499957
96.48 0.100761 0.00217355 0.499956
96.49 0.100765 0.00208959 0.499956
96.5 0.10077 0.00200563 0.499955
96.51 0.100774 0.00192166 0.499955
96.52 0.100777 0.00183769 0.499954
96.53 0.100781 0.00175372 0.499954
96.54 0.100785 0.00166974 0.499953
96.55 0.100788 0.00158576 0.499953
96.56 0.100791 0.00150178 0.499953
96.57 0.100794 0.00141779 0.499952
96.58 0.100797 0.00133381 0.499952
96.59 0.1008 0.00124982 0.499952
96.6 0.100802 0.00116583 0.499951
96.61 0.100805 0.00108183 0.499951
96.62 0.100807 0.000997837 0.499951
96.63 0.100809 0.00091384 0.49995
96.64 0.100811 0.000829841 0.49995
96.65 0.100812 0.000745841 0.49995
96.66 0.100814 0.000661839 0.49995
96.67 0.100815 0.000577836 0.49995
96.68 0.100816 0.000493832 0.499949
96.69 0.100817 0.000409827 0.499949
96.7 0.100818 0.000325821 0.499949
96.71 0.100819 0.000241815 0.499949
96.72 0.100819 0.000157808 0.499949
96.73 0.100819 7.38006e-05 0.499949
96.74 0.10082 -1.0207e-05 0.499949
96.75 0.10082 -9.42147e-05 0.499949
96.76 0.100819 -0.000178222 0.499949
96.77 0.100819 -0.00026223 0.499949
96.78 0.100818 -0.000346237 0.499949
96.79 0.100818 -0.000430244 0.499949
96.8 0.100817 -0.00051425 0.499949
96.81 0.100816 -0.000598256 0.49995
96.82 0.100815 -0.000682261 0.49995
96.83 0.100813 -0.000766265 0.49995
96.84 0.100812 -0.000850267 0.49995
96.85 0.10081 -0.000934269 0.49995
96.86 0.100808 -0.00101827 0.49995
96.87 0.100806 -0.00110227 0.499951
96.88 0.100804 -0.00118626 0.499951
96.89 0.100802 -0.00127026 0.499951
96.9 0.100799 -0.00135425 0.499952
96.91 0.100796 -0.00143824 0.499952
96.92 0.100793 -0.00152223 0.499952
96.93 0.10079 -0.00160622 0.499953
96.94 0.100787 -0.0016902 0.499953
96.95 0.100784 -0.00177418 0.499954
96.96 0.10078 -0.00185816 0.499954
96.97 0.100777 -0.00194214 0.499954
96.98 0.100773 -0.00202611 0.499955
96.99 0.100769 -0.00211008 0.499955
97 0.100764 -0.00219405 0.499956
97.01 0.10076 -0.00227801 0.499957
97.02 0.100755 -0.00236197 0.499957
97.03 0.100751 -0.00244593 0.499958
97.04 0.100746 -0.00252988 0.499958
97.05 0.100741 -0.00261383 0.499959
97.06 0.100736 -0.00269777 0.49996
97.07 0.10073 -0.00278171 0.49996
97.08 0.100725 -0.00286564 0.499961
97.09 0.100719 -0.00294957 0.499962
97.1 0.100713 -0.0030335 0.499962
97.11 0.100707 -0.00311742 0.499963
97.12 0.100701 -0.00320134 0.499964
97.13 0.100694 -0.00328525 0.499965
97.14 0.100688 -0.00336916 0.499966
97.15 0.100681 -0.00345306 0.499966
97.16 0.100674 -0.00353695 0.499967
97.17 0.100667 -0.00362084 0.499968
97.18 0.10066 -0.00370472 0.499969
97.19 0.100652 -0.0037886 0.49997
97.2 0.100645 -0.00387247 0.499971
97.21 0.100637 -0.00395634 0.499972
97.22 0.100629 -0.0040402 0.499973
97.23 0.100621 -0.00412405 0.499974
97.24 0.100613 -0.0042079 0.499975
97.25 0.100604 -0.00429174 0.499976
97.26 0.100596 -0.00437557 0.499977
97.27 0.100587 -0.0044594 0.499978
97.28 0.100578 -0.00454322 0.499979
97.29 0.100569 -0.00462703 0.499981
97.3 0.10056 -0.00471083 0.499982
97.31 0.10055 -0.00479463 0.499983
97.32 0.100541 -0.00487842 0.499984
97.33 0.100531 -0.0049622 0.499985
97.34 0.100521 -0.00504597 0.499987
97.35 0.100511 -0.00512974 0.499988
97.36 0.100501 -0.0052135 0.499989
97.37 0.10049 -0.00529725 0.49999
97.38 0.10048 -0.00538099 0.499992
97.39 0.100469 -0.00546472 0.499993
97.4 0.100458 -0.00554844 0.499995
97.41 0.100447 -0.00563215 0.499996
97.42 0.100436 -0.00571586 0.499997
97.43 0.100424 -0.00579956 0.499999
97.44 0.100413 -0.00588324 0.5
97.45 0.100401 -0.00596692 0.500002
97.46 0.100389 -0.00605059 0.500003
97.47 0.100377 -0.00613424 0.500005
97.48 0.100365 -0.00621789 0.500006
97.49 0.100352 -0.00630153 0.500008
97.5 0.10034 -0.00638516 0.500009
97.51 0.100327 -0.00646878 0.500011
97.52 0.100314 -0.00655238 0.500013
97.53 0.100301 -0.00663598 0.500014
97.54 0.100287 -0.00671957 0.500016
97.55 0.100274 -0.00680314 0.500018
97.56 0.10026 -0.00688671 0.500019
97.57 0.100247 -0.00697026 0.500021
97.58 0.100233 -0.0070538 0.500023
97.59 0.100219 -0.00713733 0.500025
97.6 0.100204 -0.00722085 0.500026
97.61 0.10019 -0.00730436 0.500028
97.62 0.100175 -0.00738786 0.50003
97.63 0.10016 -0.00747134 0.500032
97.64 0.100146 -0.00755482 0.500034
97.65 0.10013 -0.00763828 0.500036
97.66 0.100115 -0.00772172 0.500038
97.67 0.1001 -0.00780516 0.500039
97.68 0.100084 -0.00788858 0.500041
97.69 0.100068 -0.00797199 0.500043
97.7 0.100052 -0.00805539 0.500045
97.71 0.100036 -0.00813877 0.500047
97.72 0.10002 -0.00822215 0.500049
97.73 0.100004 -0.0083055 0.500051
97.74 0.0999869 -0.00838885 0.500054
97.75 0.0999701 -0.00847218 0.500056
97.76 0.0999532 -0.0085555 0.500058
97.77 0.0999361 -0.0086388 0.50006
97.78 0.0999188 -0.00872209 0.500062
97.79 0.0999013 -0.00880537 0.500064
97.8 0.0998837 -0.00888863 0.500066
97.81 0.0998659 -0.00897188 0.500069
97.82 0.099848 -0.00905511 0.500071
97.83 0.0998299 -0.00913833 0.500073
97.84 0.0998116 -0.00922153 0.500075
97.85 0.0997932 -0.00930472 0.500078
97.86 0.0997746 -0.0093879 0.50008
97.87 0.0997558 -0.00947105 0.500082
97.88 0.0997368 -0.0095542 0.500085
97.89 0.0997177 -0.00963733 0.500087
97.9 0.0996984 -0.00972044 0.50009
97.91 0.099679 -0.00980354 0.500092
97.92 0.0996594 -0.00988662 0.500094
97.93 0.0996396 -0.00996968 0.500097
97.94 0.0996197 -0.0100527 0.500099
97.95 0.0995996 -0.0101358 0.500102
97.96 0.0995793 -0.0102188 0.500104
97.97 0.0995588 -0.0103018 0.500107
97.98 0.0995382 -0.0103848 0.500109
97.99 0.0995175 -0.0104677 0.500112
98 0.0994965 -0.0105507 0.500115
98.01 0.0994754 -0.0106336 0.500117
98.02 0.0994541 -0.0107165 0.50012
98.03 0.0994327 -0.0107994 0.500123
98.04 0.0994111 -0.0108823 0.500125
98.05 0.0993893 -0.0109652 0.500128
98.06 0.0993674 -0.011048 0.500131
98.07 0.0993453 -0.0111308 0.500133
98.08 0.099323 -0.0112137 0.500136
98.09 0.0993006 -0.0112964 0.500139
98.1 0.099278 -0.0113792 0.500142
98.11 0.0992552 -0.011462 0.500145
98.12 0.0992323 -0.0115447 0.500148
98.13 0.0992092 -0.0116274 0.50015
98.14 0.0991859 -0.0117101 0.500153
98.15 0.0991625 -0.0117928 0.500156
98.16 0.0991389 -0.0118755 0.500159
98.17 0.0991152 -0.0119581 0.500162
98.18 0.0990912 -0.0120407 0.500165
98.19 0.0990671 -0.0121233 0.500168
98.2 0.0990429 -0.0122059 0.500171
98.21 0.0990185 -0.0122885 0.500174
98.22 0.0989939 -0.012371 0.500177
98.23 0.0989691 -0.0124536 0.50018
98.24 0.0989442 -0.0125361 0.500183
98.25 0.0989191 -0.0126185 0.500186
98.26 0.0988939 -0.012701 0.500189
98.27 0.0988685 -0.0127834 0.500193
98.28 0.0988429 -0.0128659 0.500196
98.29 0.0988172 -0.0129483 0.500199
98.3 0.0987912 -0.0130307 0.500202
98.31 0.0987652 -0.013113 0.500205
98.32 0.0987389 -0.0131953 0.500209
98.33 0.0987125 -0.0132777 0.500212
98.34 0.098686 -0.01336 0.500215
98.35 0.0986592 -0.0134422 0.500218
98.36 0.0986323 -0.0135245 0.500222
98.37 0.0986053 -0.0136067 0.500225
98.38 0.0985781 -0.0136889 0.500228
98.39 0.0985507 -0.0137711 0.500232
98.4 0.0985231 -0.0138533 0.500235
98.41 0.0984954 -0.0139354 0.500239
98.42 0.0984675 -0.0140175 0.500242
98.43 0.0984395 -0.0140996 0.500245
98.44 0.0984112 -0.0141817 0.500249
98.45 0.0983829 -0.0142638 0.500252
98.46 0.0983543 -0.0143458 0.500256
98.47 0.0983256 -0.0144278 0.500259
98.48 0.0982967 -0.0145098 0.500263
98.49 0.0982677 -0.0145917 0.500267
98.5 0.0982385 -0.0146737 0.50027
98.51 0.0982092 -0.0147556 0.500274
98.52 0.0981796 -0.0148375 0.500277
98.53 0.0981499 -0.0149193 0.500281
98.54 0.0981201 -0.0150012 0.500285
98.55 0.0980901 -0.015083 0.500288
98.56 0.0980599 -0.0151648 0.500292
98.57 0.0980295 -0.0152465 0.500296
98.58 0.097999 -0.0153283 0.500299
98.59 0.0979683 -0.01541 0.500303
98.6 0.0979375 -0.0154917 0.500307
98.61 0.0979065 -0.0155733 0.500311
98.62 0.0978753 -0.015655 0.500315
98.63 0.097844 -0.0157366 0.500318
98.64 0.0978125 -0.0158182 0.500322
98.65 0.0977809 -0.0158997 0.500326
98.66 0.097749 -0.0159813 0.50033
98.67 0.0977171 -0.0160628 0.500334
98.68 0.0976849 -0.0161443 0.500338
98.69 0.0976526 -0.0162257 0.500342
98.7 0.0976201 -0.0163072 0.500346
98.71 0.0975875 -0.0163886 0.50035
98.72 0.0975547 -0.0164699 0.500354
98.73 0.0975217 -0.0165513 0.500358
98.74 0.0974886 -0.0166326 0.500362
98.75 0.0974553 -0.0167139 0.500366
98.76 0.0974219 -0.0167952 0.50037
98.77 0.0973882 -0.0168764 0.500374
98.78 0.0973545 -0.0169577 0.500378
98.79 0.0973205 -0.0170388 0.500382
98.8 0.0972864 -0.01712 0.500386
98.81 0.0972521 -0.0172011 0.500391
98.82 0.0972177 -0.0172822 0.500395
98.83 0.0971831 -0.0173633 0.500399
98.84 0.0971484 -0.0174444 0.500403
98.85 0.0971135 -0.0175254 0.500407
98.86 0.0970784 -0.0176064 0.500412
98.87 0.0970431 -0.0176874 0.500416
98.88 0.0970077 -0.0177683 0.50042
98.89 0.0969722 -0.0178492 0.500425
98.9 0.0969364 -0.0179301 0.500429
98.91 0.0969005 -0.0180109 0.500433
98.92 0.0968645 -0.0180918 0.500438
98.93 0.0968283 -0.0181725 0.500442
98.94 0.0967919 -0.0182533 0.500446
98.95 0.0967554 -0.018334 0.500451
98.96 0.0967187 -0.0184147 0.500455
98.97 0.0966818 -0.0184954 0.50046
98.98 0.0966448 -0.0185761 0.500464
98.99 0.0966076 -0.0186567 0.500469
99 0.0965702 -0.0187372 0.500473
99.01 0.0965327 -0.0188178 0.500478
99.02 0.0964951 -0.0188983 0.500482
99.03 0.0964572 -0.0189788 0.500487
99.04 0.0964192 -0.0190593 0.500491
99.05 0.0963811 -0.0191397 0.500496
99.06 0.0963428 -0.0192201 0.500501
99.07 0.0963043 -0.0193005 0.500505
99.08 0.0962656 -0.0193808 0.50051
99.09 0.0962268 -0.0194611 0.500514
99.1 0.0961879 -0.0195414 0.500519
99.11 0.0961487 -0.0196216 0.500524
99.12 0.0961095 -0.0197018 0.500529
99.13 0.09607 -0.019782 0.500533
99.14 0.0960304 -0.0198621 0.500538
99.15 0.0959906 -0.0199422 0.500543
99.16 0.0959507 -0.0200223 0.500548
99.17 0.0959106 -0.0201024 0.500552
99.18 0.0958704 -0.0201824 0.500557
99.19 0.09583 -0.0202624 0.500562
99.2 0.0957894 -0.0203423 0.500567
99.21 0.0957487 -0.0204222 0.500572
99.22 0.0957078 -0.0205021 0.500577
99.23 0.0956667 -0.020582 0.500582
99.24 0.0956255 -0.0206618 0.500587
99.25 0.0955841 -0.0207416 0.500591
99.26 0.0955426 -0.0208213 0.500596
99.27 0.0955009 -0.020901 0.500601
99.28 0.0954591 -0.0209807 0.500606
99.29 0.0954171 -0.0210603 0.500611
99.3 0.0953749 -0.02114 0.500616
99.31 0.0953326 -0.0212195 0.500621
99.32 0.0952901 -0.0212991 0.500626
99.33 0.0952474 -0.0213786 0.500632
99.34 0.0952046 -0.0214581 0.500637
99.35 0.0951616 -0.0215375 0.500642
99.36 0.0951185 -0.0216169 0.500647
99.37 0.0950752 -0.0216963 0.500652
99.38 0.0950318 -0.0217756 0.500657
99.39 0.0949881 -0.0218549 0.500662
99.4 0.0949444 -0.0219342 0.500668
99.41 0.0949005 -0.0220134 0.500673
99.42 0.0948564 -0.0220926 0.500678
99.43 0.0948121 -0.0221717 0.500683
99.44 0.0947677 -0.0222508 0.500688
99.45 0.0947232 -0.0223299 0.500694
99.46 0.0946784 -0.022409 0.500699
99.47 0.0946336 -0.022488 0.500704
99.48 0.0945885 -0.022567 0.50071
99.49 0.0945433 -0.0226459 0.500715
99.5 0.094498 -0.0227248 0.50072
99.51 0.0944524 -0.0228037 0.500726
99.52 0.0944068 -0.0228825 0.500731
99.53 0.0943609 -0.0229613 0.500737
99.54 0.0943149 -0.02304 0.500742
99.55 0.0942688 -0.0231187 0.500747
99.56 0.0942225 -0.0231974 0.500753
99.57 0.094176 -0.023276 0.500758
99.58 0.0941294 -0.0233546 0.500764
99.59 0.0940826 -0.0234332 0.500769
99.6 0.0940357 -0.0235117 0.500775
99.61 0.0939886 -0.0235902 0.50078
99.62 0.0939413 -0.0236687 0.500786
99.63 0.0938939 -0.0237471 0.500791
99.64 0.0938464 -0.0238254 0.500797
99.65 0.0937986 -0.0239038 0.500803
99.66 0.0937507 -0.023982 0.500808
99.67 0.0937027 -0.0240603 0.500814
99.68 0.0936545 -0.0241385 0.500819
99.69 0.0936061 -0.0242167 0.500825
99.7 0.0935576 -0.0242948 0.500831
99.71 0.093509 -0.0243729 0.500836
99.72 0.0934601 -0.024451 0.500842
99.73 0.0934112 -0.024529 0.500848
99.74 0.093362 -0.024607 0.500854
99.75 0.0933127 -0.0246849 0.500859
99.76 0.0932633 -0.0247628 0.500865
99.77 0.0932136 -0.0248406 0.500871
99.78 0.0931639 -0.0249185 0.500877
99.79 0.093114 -0.0249962 0.500882
99.8 0.0930639 -0.025074 0.500888
99.81 0.0930136 -0.0251517 0.500894
99.82 0.0929632 -0.0252293 0.5009
99.83 0.0929127 -0.0253069 0.500906
99.84 0.092862 -0.0253845 0.500912
99.85 0.0928111 -0.025462 0.500918
99.86 0.0927601 -0.0255395 0.500923
99.87 0.0927089 -0.0256169 0.500929
99.88 0.0926576 -0.0256943 0.500935
99.89 0.0926061 -0.0257717 0.500941
99.9 0.0925545 -0.025849 0.500947
99.91 0.0925027 -0.0259263 0.500953
99.92 0.0924507 -0.0260035 0.500959
99.93 0.0923986 -0.0260807 0.500965
99.94 0.0923464 -0.0261579 0.500971
99.95 0.0922939 -0.026235 0.500977
99.96 0.0922414 -0.026312 0.500983
99.97 0.0921886 -0.026389 0.500989
99.98 0.0921358 -0.026466 0.500995
99.99 0.0920827 -0.0265429 0.501002
