0 1 5
0.01 0.960793 4.99901
0.02 0.92314 4.99611
0.03 0.886998 4.99136
0.04 0.852318 4.98485
0.05 0.819055 4.97666
0.06 0.787161 4.96687
0.07 0.756588 4.95554
0.08 0.727291 4.94277
0.09 0.699222 4.92861
0.1 0.672336 4.91314
0.11 0.646588 4.89644
0.12 0.621934 4.87856
0.13 0.59833 4.85957
0.14 0.575734 4.83954
0.15 0.554105 4.81852
0.16 0.533404 4.79659
0.17 0.51359 4.77378
0.18 0.494628 4.75016
0.19 0.47648 4.72579
0.2 0.459111 4.7007
0.21 0.442488 4.67495
0.22 0.426578 4.64859
0.23 0.41135 4.62165
0.24 0.396773 4.59419
0.25 0.382819 4.56624
0.26 0.369459 4.53784
0.27 0.356668 4.50903
0.28 0.34442 4.47983
0.29 0.33269 4.4503
0.3 0.321455 4.42045
0.31 0.310692 4.39032
0.32 0.300381 4.35993
0.33 0.2905 4.32932
0.34 0.281031 4.29851
0.35 0.271954 4.26752
0.36 0.263253 4.23638
0.37 0.254909 4.2051
0.38 0.246907 4.17372
0.39 0.239232 4.14225
0.4 0.231868 4.1107
0.41 0.224802 4.0791
0.42 0.21802 4.04746
0.43 0.21151 4.01581
0.44 0.205259 3.98414
0.45 0.199255 3.95248
0.46 0.193489 3.92085
0.47 0.187949 3.88924
0.48 0.182625 3.85768
0.49 0.177508 3.82618
0.5 0.172589 3.79475
0.51 0.167859 3.76339
0.52 0.163309 3.73212
0.53 0.158932 3.70094
0.54 0.154721 3.66987
0.55 0.150668 3.6389
0.56 0.146767 3.60806
0.57 0.143011 3.57733
0.58 0.139393 3.54674
0.59 0.135909 3.51629
0.6 0.132552 3.48598
0.61 0.129317 3.45581
0.62 0.126199 3.4258
0.63 0.123192 3.39594
0.64 0.120294 3.36625
0.65 0.117498 3.33672
0.66 0.114801 3.30736
0.67 0.112199 3.27817
0.68 0.109688 3.24915
0.69 0.107264 3.22031
0.7 0.104923 3.19165
0.71 0.102664 3.16318
0.72 0.100481 3.13489
0.73 0.0983723 3.10678
0.74 0.0963349 3.07886
0.75 0.094366 3.05114
0.76 0.0924629 3.0236
0.77 0.090623 2.99626
0.78 0.088844 2.96911
0.79 0.0871234 2.94215
0.8 0.0854591 2.91539
0.81 0.083849 2.88882
0.82 0.0822909 2.86246
0.83 0.0807831 2.83629
0.84 0.0793235 2.81031
0.85 0.0779105 2.78454
0.86 0.0765423 2.75896
0.87 0.0752172 2.73358
0.88 0.0739338 2.7084
0.89 0.0726906 2.68342
0.9 0.071486 2.65864
0.91 0.0703187 2.63405
0.92 0.0691875 2.60966
0.93 0.068091 2.58547
0.94 0.067028 2.56147
0.95 0.0659973 2.53767
0.96 0.064998 2.51407
0.97 0.0640288 2.49066
0.98 0.0630887 2.46744
0.99 0.0621769 2.44442
1 0.0612922 2.42159
1.01 0.0604339 2.39896
1.02 0.0596011 2.37651
1.03 0.0587928 2.35426
1.04 0.0580084 2.3322
1.05 0.057247 2.31032
1.06 0.0565079 2.28863
1.07 0.0557904 2.26714
1.08 0.0550938 2.24582
1.09 0.0544174 2.22469
1.1 0.0537607 2.20375
1.11 0.053123 2.18299
1.12 0.0525036 2.16241
1.13 0.0519022 2.14201
1.14 0.051318 2.12179
1.15 0.0507506 2.10175
1.16 0.0501995 2.08189
1.17 0.0496643 2.0622
1.18 0.0491443 2.04269
1.19 0.0486393 2.02336
1.2 0.0481487 2.00419
1.21 0.0476721 1.9852
1.22 0.0472092 1.96638
1.23 0.0467596 1.94773
1.24 0.0463228 1.92925
1.25 0.0458985 1.91093
1.26 0.0454865 1.89278
1.27 0.0450862 1.8748
1.28 0.0446975 1.85698
1.29 0.04432 1.83932
1.3 0.0439535 1.82182
1.31 0.0435975 1.80448
1.32 0.0432519 1.7873
1.33 0.0429164 1.77028
1.34 0.0425907 1.75342
1.35 0.0422745 1.73671
1.36 0.0419677 1.72015
1.37 0.04167 1.70375
1.38 0.0413811 1.6875
1.39 0.0411009 1.67139
1.4 0.0408291 1.65544
1.41 0.0405656 1.63964
1.42 0.0403101 1.62398
1.43 0.0400625 1.60847
1.44 0.0398225 1.5931
1.45 0.0395901 1.57787
1.46 0.0393649 1.56279
1.47 0.0391469 1.54785
1.48 0.0389359 1.53304
1.49 0.0387318 1.51838
1.5 0.0385343 1.50385
1.51 0.0383434 1.48946
1.52 0.0381589 1.4752
1.53 0.0379807 1.46108
1.54 0.0378087 1.44709
1.55 0.0376426 1.43323
1.56 0.0374825 1.41951
1.57 0.0373281 1.40591
1.58 0.0371794 1.39244
1.59 0.0370362 1.37909
1.6 0.0368985 1.36588
1.61 0.0367662 1.35278
1.62 0.0366391 1.33982
1.63 0.0365172 1.32697
1.64 0.0364003 1.31425
1.65 0.0362884 1.30164
1.66 0.0361813 1.28916
1.67 0.0360791 1.27679
1.68 0.0359816 1.26454
1.69 0.0358887 1.25241
1.7 0.0358004 1.24039
1.71 0.0357165 1.22849
1.72 0.0356371 1.2167
1.73 0.0355621 1.20502
1.74 0.0354913 1.19346
1.75 0.0354247 1.182
1.76 0.0353623 1.17065
1.77 0.035304 1.15941
1.78 0.0352497 1.14828
1.79 0.0351995 1.13726
1.8 0.0351531 1.12634
1.81 0.0351106 1.11552
1.82 0.035072 1.10481
1.83 0.0350371 1.0942
1.84 0.0350059 1.08369
1.85 0.0349785 1.07329
1.86 0.0349546 1.06298
1.87 0.0349344 1.05277
1.88 0.0349178 1.04266
1.89 0.0349046 1.03264
1.9 0.034895 1.02273
1.91 0.0348888 1.0129
1.92 0.034886 1.00317
1.93 0.0348865 0.993539
1.94 0.0348904 0.983996
1.95 0.0348977 0.974545
1.96 0.0349082 0.965185
1.97 0.034922 0.955915
1.98 0.034939 0.946734
1.99 0.0349592 0.937642
2 0.0349826 0.928637
2.01 0.0350091 0.919718
2.02 0.0350388 0.910886
2.03 0.0350716 0.902139
2.04 0.0351074 0.893476
2.05 0.0351463 0.884896
2.06 0.0351883 0.8764
2.07 0.0352333 0.867985
2.08 0.0352813 0.859651
2.09 0.0353324 0.851398
2.1 0.0353863 0.843225
2.11 0.0354433 0.83513
2.12 0.0355032 0.827114
2.13 0.0355661 0.819175
2.14 0.0356318 0.811313
2.15 0.0357005 0.803527
2.16 0.0357721 0.795816
2.17 0.0358466 0.788179
2.18 0.035924 0.780617
2.19 0.0360042 0.773128
2.2 0.0360873 0.765711
2.21 0.0361733 0.758366
2.22 0.0362621 0.751092
2.23 0.0363538 0.743889
2.24 0.0364484 0.736755
2.25 0.0365457 0.72969
2.26 0.0366459 0.722694
2.27 0.036749 0.715766
2.28 0.0368548 0.708905
2.29 0.0369635 0.70211
2.3 0.0370751 0.695381
2.31 0.0371894 0.688718
2.32 0.0373066 0.682119
2.33 0.0374266 0.675584
2.34 0.0375494 0.669113
2.35 0.0376751 0.662704
2.36 0.0378036 0.656358
2.37 0.0379349 0.650073
2.38 0.0380691 0.64385
2.39 0.0382061 0.637686
2.4 0.0383459 0.631583
2.41 0.0384886 0.625539
2.42 0.0386342 0.619553
2.43 0.0387826 0.613626
2.44 0.0389339 0.607757
2.45 0.039088 0.601944
2.46 0.0392451 0.596188
2.47 0.039405 0.590488
2.48 0.0395678 0.584844
2.49 0.0397335 0.579254
2.5 0.0399021 0.573719
2.51 0.0400737 0.568237
2.52 0.0402482 0.562809
2.53 0.0404256 0.557434
2.54 0.040606 0.552111
2.55 0.0407894 0.54684
2.56 0.0409757 0.54162
2.57 0.041165 0.536451
2.58 0.0413574 0.531333
2.59 0.0415527 0.526264
2.6 0.0417511 0.521245
2.61 0.0419525 0.516274
2.62 0.0421569 0.511352
2.63 0.0423645 0.506478
2.64 0.0425751 0.501652
2.65 0.0427888 0.496872
2.66 0.0430057 0.492139
2.67 0.0432256 0.487452
2.68 0.0434488 0.482811
2.69 0.0436751 0.478216
2.7 0.0439046 0.473665
2.71 0.0441372 0.469158
2.72 0.0443732 0.464695
2.73 0.0446123 0.460276
2.74 0.0448547 0.4559
2.75 0.0451004 0.451567
2.76 0.0453494 0.447276
2.77 0.0456018 0.443027
2.78 0.0458574 0.43882
2.79 0.0461164 0.434653
2.8 0.0463789 0.430527
2.81 0.0466447 0.426442
2.82 0.0469139 0.422396
2.83 0.0471866 0.41839
2.84 0.0474628 0.414423
2.85 0.0477425 0.410495
2.86 0.0480257 0.406605
2.87 0.0483125 0.402753
2.88 0.0486028 0.398939
2.89 0.0488968 0.395162
2.9 0.0491943 0.391422
2.91 0.0494955 0.387719
2.92 0.0498004 0.384051
2.93 0.050109 0.38042
2.94 0.0504214 0.376824
2.95 0.0507375 0.373263
2.96 0.0510574 0.369738
2.97 0.0513811 0.366246
2.98 0.0517086 0.362789
2.99 0.0520401 0.359365
3 0.0523754 0.355976
3.01 0.0527147 0.352619
3.02 0.053058 0.349295
3.03 0.0534052 0.346003
3.04 0.0537565 0.342744
3.05 0.0541119 0.339517
3.06 0.0544713 0.336321
3.07 0.0548349 0.333157
3.08 0.0552027 0.330023
3.09 0.0555746 0.326921
3.1 0.0559508 0.323848
3.11 0.0563312 0.320806
3.12 0.056716 0.317793
3.13 0.0571051 0.31481
3.14 0.0574986 0.311857
3.15 0.0578965 0.308932
3.16 0.0582988 0.306036
3.17 0.0587056 0.303168
3.18 0.059117 0.300328
3.19 0.0595329 0.297516
3.2 0.0599534 0.294732
3.21 0.0603786 0.291975
3.22 0.0608084 0.289245
3.23 0.061243 0.286542
3.24 0.0616823 0.283865
3.25 0.0621264 0.281215
3.26 0.0625754 0.27859
3.27 0.0630293 0.275991
3.28 0.0634881 0.273418
3.29 0.0639519 0.27087
3.3 0.0644207 0.268347
3.31 0.0648946 0.265849
3.32 0.0653736 0.263375
3.33 0.0658577 0.260926
3.34 0.0663471 0.2585
3.35 0.0668417 0.256098
3.36 0.0673416 0.25372
3.37 0.0678468 0.251366
3.38 0.0683574 0.249034
3.39 0.0688735 0.246725
3.4 0.069395 0.244439
3.41 0.0699221 0.242176
3.42 0.0704548 0.239934
3.43 0.0709932 0.237715
3.44 0.0715372 0.235518
3.45 0.072087 0.233342
3.46 0.0726425 0.231187
3.47 0.073204 0.229054
3.48 0.0737713 0.226941
3.49 0.0743446 0.22485
3.5 0.0749239 0.222779
3.51 0.0755092 0.220728
3.52 0.0761007 0.218697
3.53 0.0766984 0.216687
3.54 0.0773023 0.214696
3.55 0.0779125 0.212725
3.56 0.0785291 0.210773
3.57 0.0791521 0.20884
3.58 0.0797816 0.206927
3.59 0.0804176 0.205032
3.6 0.0810602 0.203156
3.61 0.0817094 0.201298
3.62 0.0823654 0.199459
3.63 0.0830282 0.197637
3.64 0.0836978 0.195834
3.65 0.0843744 0.194048
3.66 0.0850579 0.19228
3.67 0.0857484 0.19053
3.68 0.0864461 0.188797
3.69 0.087151 0.18708
3.7 0.0878631 0.185381
3.71 0.0885825 0.183698
3.72 0.0893093 0.182032
3.73 0.0900436 0.180383
3.74 0.0907854 0.178749
3.75 0.0915347 0.177132
3.76 0.0922918 0.175531
3.77 0.0930566 0.173946
3.78 0.0938292 0.172376
3.79 0.0946097 0.170822
3.8 0.0953982 0.169283
3.81 0.0961947 0.167759
3.82 0.0969994 0.16625
3.83 0.0978122 0.164756
3.84 0.0986333 0.163277
3.85 0.0994628 0.161813
3.86 0.100301 0.160363
3.87 0.101147 0.158927
3.88 0.102002 0.157506
3.89 0.102866 0.156098
3.9 0.103738 0.154705
3.91 0.10462 0.153325
3.92 0.10551 0.151959
3.93 0.106409 0.150607
3.94 0.107318 0.149267
3.95 0.108235 0.147942
3.96 0.109162 0.146629
3.97 0.110098 0.145329
3.98 0.111044 0.144042
3.99 0.111999 0.142768
4 0.112964 0.141507
4.01 0.113939 0.140258
4.02 0.114924 0.139021
4.03 0.115918 0.137797
4.04 0.116923 0.136585
4.05 0.117937 0.135384
4.06 0.118962 0.134196
4.07 0.119997 0.13302
4.08 0.121043 0.131855
4.09 0.122099 0.130702
4.1 0.123166 0.12956
4.11 0.124243 0.12843
4.12 0.125331 0.127311
4.13 0.126431 0.126203
4.14 0.127541 0.125106
4.15 0.128662 0.12402
4.16 0.129795 0.122944
4.17 0.130939 0.12188
4.18 0.132095 0.120826
4.19 0.133262 0.119782
4.2 0.134441 0.118749
4.21 0.135631 0.117727
4.22 0.136834 0.116714
4.23 0.138049 0.115712
4.24 0.139276 0.114719
4.25 0.140515 0.113737
4.26 0.141766 0.112764
4.27 0.14303 0.111801
4.28 0.144307 0.110848
4.29 0.145597 0.109904
4.3 0.146899 0.10897
4.31 0.148214 0.108045
4.32 0.149543 0.107129
4.33 0.150885 0.106223
4.34 0.15224 0.105325
4.35 0.153609 0.104437
4.36 0.154992 0.103557
4.37 0.156388 0.102687
4.38 0.157798 0.101825
4.39 0.159223 0.100972
4.4 0.160661 0.100127
4.41 0.162114 0.0992908
4.42 0.163582 0.098463
4.43 0.165064 0.0976436
4.44 0.166561 0.0968325
4.45 0.168072 0.0960295
4.46 0.169599 0.0952347
4.47 0.171141 0.0944478
4.48 0.172699 0.093669
4.49 0.174272 0.092898
4.5 0.175861 0.0921348
4.51 0.177465 0.0913793
4.52 0.179086 0.0906315
4.53 0.180722 0.0898913
4.54 0.182375 0.0891585
4.55 0.184045 0.0884333
4.56 0.185731 0.0877154
4.57 0.187433 0.0870048
4.58 0.189153 0.0863014
4.59 0.19089 0.0856052
4.6 0.192644 0.0849161
4.61 0.194416 0.084234
4.62 0.196205 0.0835589
4.63 0.198012 0.0828907
4.64 0.199837 0.0822294
4.65 0.20168 0.0815748
4.66 0.203542 0.0809269
4.67 0.205422 0.0802856
4.68 0.20732 0.079651
4.69 0.209238 0.0790229
4.7 0.211175 0.0784012
4.71 0.21313 0.077786
4.72 0.215106 0.077177
4.73 0.2171 0.0765744
4.74 0.219115 0.075978
4.75 0.22115 0.0753878
4.76 0.223205 0.0748037
4.77 0.22528 0.0742256
4.78 0.227376 0.0736536
4.79 0.229493 0.0730875
4.8 0.231631 0.0725273
4.81 0.233789 0.0719729
4.82 0.23597 0.0714243
4.83 0.238172 0.0708815
4.84 0.240396 0.0703443
4.85 0.242642 0.0698128
4.86 0.24491 0.0692868
4.87 0.247201 0.0687664
4.88 0.249514 0.0682515
4.89 0.25185 0.067742
4.9 0.25421 0.0672378
4.91 0.256593 0.0667391
4.92 0.258999 0.0662455
4.93 0.26143 0.0657573
4.94 0.263884 0.0652742
4.95 0.266363 0.0647963
4.96 0.268866 0.0643234
4.97 0.271394 0.0638557
4.98 0.273948 0.0633929
4.99 0.276526 0.0629351
5 0.27913 0.0624823
5.01 0.28176 0.0620343
5.02 0.284416 0.0615911
5.03 0.287098 0.0611528
5.04 0.289807 0.0607192
5.05 0.292542 0.0602903
5.06 0.295305 0.0598661
5.07 0.298095 0.0594466
5.08 0.300913 0.0590316
5.09 0.303758 0.0586212
5.1 0.306632 0.0582153
5.11 0.309534 0.0578139
5.12 0.312464 0.0574169
5.13 0.315424 0.0570244
5.14 0.318413 0.0566362
5.15 0.321432 0.0562523
5.16 0.32448 0.0558727
5.17 0.327559 0.0554974
5.18 0.330668 0.0551263
5.19 0.333808 0.0547595
5.2 0.336979 0.0543967
5.21 0.340181 0.0540381
5.22 0.343415 0.0536836
5.23 0.346681 0.0533332
5.24 0.349979 0.0529867
5.25 0.35331 0.0526443
5.26 0.356673 0.0523058
5.27 0.36007 0.0519713
5.28 0.3635 0.0516407
5.29 0.366965 0.0513139
5.3 0.370463 0.050991
5.31 0.373996 0.0506719
5.32 0.377564 0.0503565
5.33 0.381167 0.050045
5.34 0.384806 0.0497371
5.35 0.388481 0.049433
5.36 0.392192 0.0491326
5.37 0.395939 0.0488357
5.38 0.399724 0.0485426
5.39 0.403546 0.048253
5.4 0.407406 0.0479669
5.41 0.411303 0.0476844
5.42 0.41524 0.0474055
5.43 0.419215 0.04713
5.44 0.423229 0.046858
5.45 0.427283 0.0465895
5.46 0.431376 0.0463244
5.47 0.435511 0.0460627
5.48 0.439686 0.0458043
5.49 0.443902 0.0455494
5.5 0.448159 0.0452977
5.51 0.452459 0.0450494
5.52 0.456801 0.0448044
5.53 0.461186 0.0445626
5.54 0.465614 0.0443242
5.55 0.470085 0.0440889
5.56 0.474601 0.0438569
5.57 0.479161 0.0436281
5.58 0.483766 0.0434024
5.59 0.488417 0.0431799
5.6 0.493113 0.0429606
5.61 0.497856 0.0427444
5.62 0.502645 0.0425313
5.63 0.507481 0.0423213
5.64 0.512365 0.0421144
5.65 0.517297 0.0419106
5.66 0.522277 0.0417098
5.67 0.527307 0.0415121
5.68 0.532386 0.0413174
5.69 0.537515 0.0411257
5.7 0.542694 0.040937
5.71 0.547925 0.0407513
5.72 0.553206 0.0405685
5.73 0.55854 0.0403887
5.74 0.563926 0.0402119
5.75 0.569365 0.040038
5.76 0.574858 0.0398671
5.77 0.580404 0.039699
5.78 0.586005 0.0395339
5.79 0.591661 0.0393717
5.8 0.597373 0.0392124
5.81 0.60314 0.0390559
5.82 0.608965 0.0389024
5.83 0.614846 0.0387517
5.84 0.620785 0.0386039
5.85 0.626783 0.0384589
5.86 0.632839 0.0383168
5.87 0.638955 0.0381775
5.88 0.64513 0.0380411
5.89 0.651367 0.0379075
5.9 0.657664 0.0377768
5.91 0.664023 0.0376489
5.92 0.670445 0.0375238
5.93 0.676929 0.0374016
5.94 0.683477 0.0372821
5.95 0.690089 0.0371656
5.96 0.696766 0.0370518
5.97 0.703508 0.0369408
5.98 0.710317 0.0368327
5.99 0.717192 0.0367275
6 0.724134 0.036625
6.01 0.731144 0.0365254
6.02 0.738223 0.0364286
6.03 0.745371 0.0363347
6.04 0.752589 0.0362436
6.05 0.759877 0.0361553
6.06 0.767237 0.0360699
6.07 0.774669 0.0359874
6.08 0.782173 0.0359078
6.09 0.789751 0.035831
6.1 0.797403 0.0357571
6.11 0.805129 0.0356861
6.12 0.812931 0.035618
6.13 0.820809 0.0355528
6.14 0.828764 0.0354906
6.15 0.836796 0.0354313
6.16 0.844907 0.0353749
6.17 0.853097 0.0353216
6.18 0.861366 0.0352712
6.19 0.869717 0.0352238
6.2 0.878148 0.0351794
6.21 0.886662 0.0351381
6.22 0.895259 0.0350998
6.23 0.903939 0.0350645
6.24 0.912704 0.0350324
6.25 0.921554 0.0350034
6.26 0.93049 0.0349775
6.27 0.939513 0.0349548
6.28 0.948624 0.0349352
6.29 0.957823 0.0349189
6.3 0.967111 0.0349058
6.31 0.97649 0.0348959
6.32 0.98596 0.0348894
6.33 0.995522 0.0348861
6.34 1.00518 0.0348863
6.35 1.01492 0.0348898
6.36 1.02477 0.0348967
6.37 1.0347 0.0349071
6.38 1.04474 0.0349209
6.39 1.05487 0.0349383
6.4 1.0651 0.0349593
6.41 1.07543 0.0349838
6.42 1.08586 0.0350121
6.43 1.09638 0.035044
6.44 1.10702 0.0350796
6.45 1.11775 0.0351191
6.46 1.12859 0.0351624
6.47 1.13953 0.0352095
6.48 1.15057 0.0352606
6.49 1.16173 0.0353157
6.5 1.17299 0.0353749
6.51 1.18436 0.0354381
6.52 1.19584 0.0355056
6.53 1.20743 0.0355772
6.54 1.21913 0.0356532
6.55 1.23094 0.0357335
6.56 1.24287 0.0358182
6.57 1.25491 0.0359075
6.58 1.26706 0.0360013
6.59 1.27934 0.0360998
6.6 1.29173 0.036203
6.61 1.30424 0.0363111
6.62 1.31686 0.036424
6.63 1.32961 0.0365419
6.64 1.34248 0.0366649
6.65 1.35548 0.0367931
6.66 1.3686 0.0369265
6.67 1.38184 0.0370654
6.68 1.39521 0.0372096
6.69 1.40871 0.0373595
6.7 1.42233 0.0375151
6.71 1.43609 0.0376764
6.72 1.44997 0.0378437
6.73 1.46399 0.038017
6.74 1.47814 0.0381965
6.75 1.49242 0.0383823
6.76 1.50684 0.0385746
6.77 1.5214 0.0387734
6.78 1.53609 0.038979
6.79 1.55092 0.0391914
6.8 1.56589 0.0394108
6.81 1.58101 0.0396375
6.82 1.59626 0.0398715
6.83 1.61166 0.040113
6.84 1.6272 0.0403623
6.85 1.64289 0.0406194
6.86 1.65873 0.0408846
6.87 1.67471 0.0411581
6.88 1.69084 0.0414401
6.89 1.70712 0.0417307
6.9 1.72356 0.0420303
6.91 1.74015 0.042339
6.92 1.75689 0.0426571
6.93 1.77379 0.0429849
6.94 1.79084 0.0433225
6.95 1.80805 0.0436702
6.96 1.82542 0.0440283
6.97 1.84295 0.0443971
6.98 1.86065 0.0447769
6.99 1.8785 0.045168
7 1.89652 0.0455706
7.01 1.9147 0.0459852
7.02 1.93305 0.046412
7.03 1.95157 0.0468514
7.04 1.97026 0.0473037
7.05 1.98911 0.0477694
7.06 2.00814 0.0482489
7.07 2.02734 0.0487424
7.08 2.04671 0.0492505
7.09 2.06626 0.0497736
7.1 2.08598 0.0503121
7.11 2.10588 0.0508665
7.12 2.12595 0.0514373
7.13 2.14621 0.052025
7.14 2.16664 0.0526301
7.15 2.18726 0.0532532
7.16 2.20806 0.0538948
7.17 2.22904 0.0545555
7.18 2.25021 0.055236
7.19 2.27156 0.0559369
7.2 2.2931 0.0566588
7.21 2.31483 0.0574024
7.22 2.33674 0.0581685
7.23 2.35884 0.0589578
7.24 2.38113 0.0597711
7.25 2.40362 0.0606091
7.26 2.42629 0.0614728
7.27 2.44916 0.062363
7.28 2.47222 0.0632806
7.29 2.49548 0.0642266
7.3 2.51893 0.0652019
7.31 2.54257 0.0662077
7.32 2.56641 0.0672449
7.33 2.59045 0.0683147
7.34 2.61468 0.0694183
7.35 2.63911 0.0705569
7.36 2.66374 0.0717318
7.37 2.68857 0.0729442
7.38 2.71359 0.0741956
7.39 2.73881 0.0754875
7.4 2.76423 0.0768213
7.41 2.78985 0.0781987
7.42 2.81566 0.0796212
7.43 2.84168 0.0810906
7.44 2.86789 0.0826086
7.45 2.8943 0.0841773
7.46 2.9209 0.0857984
7.47 2.9477 0.0874742
7.48 2.9747 0.0892066
7.49 3.00189 0.0909981
7.5 3.02927 0.0928508
7.51 3.05685 0.0947673
7.52 3.08462 0.0967501
7.53 3.11257 0.0988019
7.54 3.14072 0.100926
7.55 3.16905 0.103124
7.56 3.19756 0.1054
7.57 3.22626 0.107758
7.58 3.25513 0.110199
7.59 3.28418 0.112729
7.6 3.31341 0.11535
7.61 3.34281 0.118067
7.62 3.37237 0.120884
7.63 3.4021 0.123805
7.64 3.43199 0.126833
7.65 3.46203 0.129975
7.66 3.49223 0.133235
7.67 3.52257 0.136618
7.68 3.55305 0.14013
7.69 3.58367 0.143775
7.7 3.61442 0.147561
7.71 3.64529 0.151493
7.72 3.67628 0.155578
7.73 3.70737 0.159823
7.74 3.73857 0.164234
7.75 3.76986 0.168821
7.76 3.80124 0.173589
7.77 3.83269 0.178549
7.78 3.8642 0.183708
7.79 3.89577 0.189075
7.8 3.92738 0.194661
7.81 3.95902 0.200476
7.82 3.99068 0.206529
7.83 4.02235 0.212833
7.84 4.054 0.219398
7.85 4.08563 0.226238
7.86 4.11722 0.233365
7.87 4.14876 0.240792
7.88 4.18021 0.248533
7.89 4.21157 0.256604
7.9 4.24282 0.265021
7.91 4.27394 0.273798
7.92 4.30489 0.282954
7.93 4.33566 0.292507
7.94 4.36623 0.302475
7.95 4.39657 0.312878
7.96 4.42664 0.323736
7.97 4.45643 0.335072
7.98 4.48589 0.346907
7.99 4.51501 0.359265
8 4.54374 0.372172
8.01 4.57205 0.385652
8.02 4.59991 0.399732
8.03 4.62726 0.414441
8.04 4.65408 0.429808
8.05 4.68032 0.445863
8.06 4.70594 0.462637
8.07 4.73088 0.480164
8.08 4.75511 0.498477
8.09 4.77856 0.517612
8.1 4.80119 0.537606
8.11 4.82294 0.558496
8.12 4.84376 0.580321
8.13 4.86358 0.603122
8.14 4.88234 0.62694
8.15 4.89999 0.651816
8.16 4.91644 0.677796
8.17 4.93164 0.704922
8.18 4.94552 0.733241
8.19 4.95801 0.762798
8.2 4.96902 0.79364
8.21 4.97849 0.825813
8.22 4.98634 0.859365
8.23 4.99249 0.894343
8.24 4.99686 0.930794
8.25 4.99938 0.968764
8.26 4.99996 1.0083
8.27 4.99852 1.04944
8.28 4.99499 1.09224
8.29 4.98928 1.13672
8.3 4.98132 1.18294
8.31 4.97103 1.23093
8.32 4.95834 1.28071
8.33 4.94317 1.33233
8.34 4.92546 1.38579
8.35 4.90514 1.44113
8.36 4.88216 1.49835
8.37 4.85647 1.55747
8.38 4.828 1.61848
8.39 4.79673 1.68138
8.4 4.76263 1.74615
8.41 4.72565 1.81277
8.42 4.6858 1.88121
8.43 4.64307 1.95143
8.44 4.59746 2.02338
8.45 4.54898 2.09699
8.46 4.49766 2.17219
8.47 4.44355 2.24891
8.48 4.38669 2.32704
8.49 4.32715 2.40649
8.5 4.265 2.48714
8.51 4.20033 2.56886
8.52 4.13324 2.65152
8.53 4.06384 2.73497
8.54 3.99227 2.81905
8.55 3.91865 2.90362
8.56 3.84313 2.98849
8.57 3.76586 3.07349
8.58 3.68701 3.15845
8.59 3.60675 3.24317
8.6 3.52526 3.32747
8.61 3.44272 3.41116
8.62 3.35931 3.49405
8.63 3.27521 3.57597
8.64 3.19063 3.65671
8.65 3.10574 3.73612
8.66 3.02074 3.814
8.67 2.9358 3.89021
8.68 2.8511 3.96457
8.69 2.76681 4.03693
8.7 2.6831 4.10717
8.71 2.60012 4.17515
8.72 2.51803 4.24075
8.73 2.43696 4.30387
8.74 2.35704 4.36441
8.75 2.2784 4.4223
8.76 2.20113 4.47746
8.77 2.12534 4.52984
8.78 2.05112 4.5794
8.79 1.97853 4.6261
8.8 1.90765 4.66993
8.81 1.83853 4.71087
8.82 1.77121 4.74893
8.83 1.70573 4.78413
8.84 1.64212 4.81647
8.85 1.5804 4.84599
8.86 1.52056 4.87274
8.87 1.46262 4.89674
8.88 1.40657 4.91806
8.89 1.3524 4.93675
8.9 1.30008 4.95288
8.91 1.24961 4.9665
8.92 1.20094 4.97769
8.93 1.15406 4.98653
8.94 1.10892 4.99308
8.95 1.06548 4.99743
8.96 1.02372 4.99965
8.97 0.983578 4.99983
8.98 0.94502 4.99804
8.99 0.907999 4.99436
9 0.872467 4.98888
9.01 0.83838 4.98166
9.02 0.805689 4.9728
9.03 0.774347 4.96236
9.04 0.744308 4.95043
9.05 0.715525 4.93707
9.06 0.687952 4.92236
9.07 0.661542 4.90637
9.08 0.636252 4.88917
9.09 0.612038 4.87083
9.1 0.588856 4.8514
9.11 0.566666 4.83095
9.12 0.545425 4.80955
9.13 0.525096 4.78725
9.14 0.50564 4.7641
9.15 0.487018 4.74016
9.16 0.469197 4.71548
9.17 0.452141 4.69012
9.18 0.435817 4.66411
9.19 0.420193 4.6375
9.2 0.405238 4.61035
9.21 0.390922 4.58268
9.22 0.377218 4.55454
9.23 0.364097 4.52596
9.24 0.351533 4.49699
9.25 0.339503 4.46765
9.26 0.32798 4.43798
9.27 0.316943 4.40801
9.28 0.30637 4.37777
9.29 0.29624 4.34729
9.3 0.286532 4.31659
9.31 0.277227 4.2857
9.32 0.268308 4.25465
9.33 0.259757 4.22345
9.34 0.251556 4.19213
9.35 0.243691 4.1607
9.36 0.236147 4.1292
9.37 0.228908 4.09763
9.38 0.221961 4.06601
9.39 0.215293 4.03436
9.4 0.208891 4.0027
9.41 0.202744 3.97103
9.42 0.19684 3.93938
9.43 0.191169 3.90776
9.44 0.18572 3.87617
9.45 0.180482 3.84464
9.46 0.175448 3.81316
9.47 0.170608 3.78176
9.48 0.165954 3.75043
9.49 0.161477 3.7192
9.5 0.157169 3.68806
9.51 0.153025 3.65703
9.52 0.149035 3.62612
9.53 0.145195 3.59532
9.54 0.141497 3.56465
9.55 0.137935 3.53412
9.56 0.134504 3.50372
9.57 0.131198 3.47347
9.58 0.128012 3.44337
9.59 0.124941 3.41342
9.6 0.12198 3.38363
9.61 0.119124 3.354
9.62 0.11637 3.32454
9.63 0.113713 3.29525
9.64 0.111149 3.26613
9.65 0.108674 3.23719
9.66 0.106285 3.20843
9.67 0.103978 3.17984
9.68 0.101751 3.15144
9.69 0.0995992 3.12323
9.7 0.0975204 3.0952
9.71 0.0955117 3.06736
9.72 0.0935704 3.03971
9.73 0.0916937 3.01226
9.74 0.0898793 2.98499
9.75 0.0881248 2.95792
9.76 0.0864278 2.93105
9.77 0.0847861 2.90437
9.78 0.0831978 2.87789
9.79 0.0816608 2.8516
9.8 0.0801731 2.82551
9.81 0.078733 2.79962
9.82 0.0773388 2.77393
9.83 0.0759886 2.74843
9.84 0.074681 2.72314
9.85 0.0734144 2.69804
9.86 0.0721873 2.67314
9.87 0.0709984 2.64843
9.88 0.0698462 2.62393
9.89 0.0687294 2.59962
9.9 0.0676469 2.57551
9.91 0.0665975 2.55159
9.92 0.0655799 2.52788
9.93 0.0645932 2.50435
9.94 0.0636362 2.48102
9.95 0.0627079 2.45789
9.96 0.0618074 2.43495
9.97 0.0609338 2.4122
9.98 0.0600861 2.38964
9.99 0.0592635 2.36728
10 0.0584653 2.3451
10.01 0.0576905 2.32312
10.02 0.0569384 2.30132
10.03 0.0562083 2.27971
10.04 0.0554995 2.25829
10.05 0.0548114 2.23705
10.06 0.0541432 2.216
10.07 0.0534944 2.19513
10.08 0.0528644 2.17445
10.09 0.0522525 2.15394
10.1 0.0516583 2.13362
10.11 0.0510811 2.11347
10.12 0.0505206 2.09351
10.13 0.0499761 2.07372
10.14 0.0494472 2.05411
10.15 0.0489335 2.03467
10.16 0.0484345 2.0154
10.17 0.0479497 1.99631
10.18 0.0474789 1.97739
10.19 0.0470215 1.95864
10.2 0.0465772 1.94006
10.21 0.0461457 1.92165
10.22 0.0457265 1.9034
10.23 0.0453194 1.88532
10.24 0.0449239 1.8674
10.25 0.0445399 1.84965
10.26 0.044167 1.83206
10.27 0.0438048 1.81462
10.28 0.0434532 1.79735
10.29 0.0431118 1.78024
10.3 0.0427804 1.76328
10.31 0.0424586 1.74648
10.32 0.0421464 1.72984
10.33 0.0418434 1.71334
10.34 0.0415493 1.697
10.35 0.0412641 1.68081
10.36 0.0409874 1.66477
10.37 0.0407191 1.64888
10.38 0.0404589 1.63314
10.39 0.0402067 1.61754
10.4 0.0399623 1.60209
10.41 0.0397254 1.58678
10.42 0.039496 1.57161
10.43 0.0392738 1.55659
10.44 0.0390588 1.5417
10.45 0.0388506 1.52696
10.46 0.0386493 1.51235
10.47 0.0384545 1.49788
10.48 0.0382663 1.48354
10.49 0.0380844 1.46934
10.5 0.0379088 1.45528
10.51 0.0377392 1.44134
10.52 0.0375756 1.42754
10.53 0.0374179 1.41386
10.54 0.0372658 1.40032
10.55 0.0371195 1.3869
10.56 0.0369786 1.37361
10.57 0.0368431 1.36044
10.58 0.036713 1.3474
10.59 0.036588 1.33448
10.6 0.0364682 1.32169
10.61 0.0363533 1.30901
10.62 0.0362435 1.29646
10.63 0.0361384 1.28402
10.64 0.0360381 1.27171
10.65 0.0359426 1.25951
10.66 0.0358516 1.24742
10.67 0.0357651 1.23545
10.68 0.0356831 1.2236
10.69 0.0356055 1.21185
10.7 0.0355322 1.20022
10.71 0.0354632 1.1887
10.72 0.0353984 1.17729
10.73 0.0353377 1.16599
10.74 0.0352811 1.15479
10.75 0.0352284 1.14371
10.76 0.0351798 1.13272
10.77 0.035135 1.12185
10.78 0.0350942 1.11108
10.79 0.0350571 1.10041
10.8 0.0350237 1.08984
10.81 0.0349941 1.07937
10.82 0.0349682 1.06901
10.83 0.0349458 1.05874
10.84 0.0349271 1.04857
10.85 0.0349119 1.0385
10.86 0.0349002 1.02853
10.87 0.034892 1.01865
10.88 0.0348872 1.00886
10.89 0.0348858 0.999174
10.9 0.0348877 0.989577
10.91 0.034893 0.980073
10.92 0.0349016 0.97066
10.93 0.0349135 0.961337
10.94 0.0349286 0.952104
10.95 0.034947 0.94296
10.96 0.0349685 0.933903
10.97 0.0349932 0.924934
10.98 0.035021 0.916052
10.99 0.035052 0.907255
11 0.035086 0.898542
11.01 0.0351232 0.889914
11.02 0.0351634 0.881369
11.03 0.0352066 0.872906
11.04 0.0352528 0.864525
11.05 0.0353021 0.856225
11.06 0.0353543 0.848005
11.07 0.0354096 0.839864
11.08 0.0354677 0.831802
11.09 0.0355289 0.823818
11.1 0.0355929 0.815911
11.11 0.0356599 0.808081
11.12 0.0357298 0.800326
11.13 0.0358026 0.792646
11.14 0.0358783 0.78504
11.15 0.0359568 0.777508
11.16 0.0360383 0.770049
11.17 0.0361226 0.762662
11.18 0.0362097 0.755346
11.19 0.0362998 0.748102
11.2 0.0363926 0.740927
11.21 0.0364883 0.733822
11.22 0.0365869 0.726786
11.23 0.0366882 0.719818
11.24 0.0367925 0.712918
11.25 0.0368995 0.706084
11.26 0.0370094 0.699317
11.27 0.0371221 0.692615
11.28 0.0372376 0.685979
11.29 0.0373559 0.679406
11.3 0.0374771 0.672898
11.31 0.0376011 0.666452
11.32 0.0377279 0.66007
11.33 0.0378576 0.653749
11.34 0.0379901 0.64749
11.35 0.0381254 0.641291
11.36 0.0382636 0.635153
11.37 0.0384046 0.629074
11.38 0.0385485 0.623054
11.39 0.0386953 0.617093
11.4 0.0388449 0.61119
11.41 0.0389973 0.605344
11.42 0.0391527 0.599555
11.43 0.0393109 0.593822
11.44 0.039472 0.588145
11.45 0.039636 0.582523
11.46 0.039803 0.576956
11.47 0.0399728 0.571443
11.48 0.0401456 0.565984
11.49 0.0403213 0.560578
11.5 0.0404999 0.555224
11.51 0.0406816 0.549923
11.52 0.0408661 0.544673
11.53 0.0410537 0.539474
11.54 0.0412443 0.534326
11.55 0.0414378 0.529228
11.56 0.0416344 0.52418
11.57 0.0418341 0.519181
11.58 0.0420367 0.514231
11.59 0.0422425 0.509329
11.6 0.0424513 0.504474
11.61 0.0426632 0.499667
11.62 0.0428782 0.494907
11.63 0.0430963 0.490193
11.64 0.0433176 0.485526
11.65 0.0435421 0.480903
11.66 0.0437697 0.476326
11.67 0.0440005 0.471794
11.68 0.0442345 0.467305
11.69 0.0444718 0.462861
11.7 0.0447123 0.45846
11.71 0.044956 0.454102
11.72 0.0452031 0.449786
11.73 0.0454535 0.445512
11.74 0.0457072 0.441281
11.75 0.0459642 0.43709
11.76 0.0462247 0.43294
11.77 0.0464885 0.428831
11.78 0.0467557 0.424762
11.79 0.0470264 0.420733
11.8 0.0473006 0.416743
11.81 0.0475782 0.412792
11.82 0.0478593 0.40888
11.83 0.048144 0.405006
11.84 0.0484322 0.40117
11.85 0.0487241 0.397371
11.86 0.0490195 0.39361
11.87 0.0493186 0.389885
11.88 0.0496213 0.386196
11.89 0.0499277 0.382544
11.9 0.0502379 0.378927
11.91 0.0505518 0.375346
11.92 0.0508694 0.3718
11.93 0.0511909 0.368288
11.94 0.0515162 0.364811
11.95 0.0518454 0.361368
11.96 0.0521784 0.357958
11.97 0.0525154 0.354582
11.98 0.0528563 0.351239
11.99 0.0532012 0.347928
12 0.0535501 0.34465
12.01 0.0539031 0.341404
12.02 0.0542602 0.33819
12.03 0.0546213 0.335008
12.04 0.0549866 0.331856
12.05 0.0553561 0.328735
12.06 0.0557298 0.325645
12.07 0.0561078 0.322585
12.08 0.05649 0.319555
12.09 0.0568765 0.316555
12.1 0.0572674 0.313584
12.11 0.0576627 0.310642
12.12 0.0580625 0.307729
12.13 0.0584666 0.304845
12.14 0.0588753 0.301989
12.15 0.0592886 0.299161
12.16 0.0597064 0.29636
12.17 0.0601288 0.293587
12.18 0.0605559 0.290842
12.19 0.0609877 0.288123
12.2 0.0614242 0.285431
12.21 0.0618656 0.282765
12.22 0.0623117 0.280125
12.23 0.0627627 0.277511
12.24 0.0632186 0.274923
12.25 0.0636795 0.27236
12.26 0.0641454 0.269823
12.27 0.0646163 0.26731
12.28 0.0650922 0.264822
12.29 0.0655734 0.262358
12.3 0.0660597 0.259919
12.31 0.0665512 0.257503
12.32 0.0670479 0.255111
12.33 0.06755 0.252743
12.34 0.0680575 0.250398
12.35 0.0685704 0.248076
12.36 0.0690887 0.245776
12.37 0.0696126 0.2435
12.38 0.070142 0.241245
12.39 0.070677 0.239013
12.4 0.0712177 0.236803
12.41 0.0717641 0.234614
12.42 0.0723162 0.232447
12.43 0.0728742 0.230301
12.44 0.0734381 0.228177
12.45 0.0740079 0.226073
12.46 0.0745836 0.22399
12.47 0.0751654 0.221927
12.48 0.0757533 0.219885
12.49 0.0763474 0.217863
12.5 0.0769476 0.21586
12.51 0.0775542 0.213878
12.52 0.078167 0.211914
12.53 0.0787862 0.209971
12.54 0.0794119 0.208046
12.55 0.0800441 0.20614
12.56 0.0806828 0.204253
12.57 0.0813281 0.202384
12.58 0.0819802 0.200534
12.59 0.082639 0.198702
12.6 0.0833046 0.196889
12.61 0.083977 0.195093
12.62 0.0846565 0.193314
12.63 0.0853429 0.191554
12.64 0.0860364 0.18981
12.65 0.086737 0.188084
12.66 0.0874449 0.186375
12.67 0.08816 0.184682
12.68 0.0888825 0.183007
12.69 0.0896123 0.181348
12.7 0.0903497 0.179705
12.71 0.0910946 0.178078
12.72 0.0918472 0.176468
12.73 0.0926074 0.174873
12.74 0.0933755 0.173294
12.75 0.0941514 0.171731
12.76 0.0949352 0.170183
12.77 0.095727 0.16865
12.78 0.0965268 0.167132
12.79 0.0973349 0.16563
12.8 0.0981511 0.164142
12.81 0.0989757 0.162669
12.82 0.0998087 0.161211
12.83 0.10065 0.159767
12.84 0.1015 0.158337
12.85 0.102359 0.156921
12.86 0.103226 0.15552
12.87 0.104102 0.154132
12.88 0.104987 0.152758
12.89 0.105881 0.151398
12.9 0.106784 0.150051
12.91 0.107696 0.148717
12.92 0.108618 0.147397
12.93 0.109549 0.146089
12.94 0.110489 0.144795
12.95 0.111438 0.143513
12.96 0.112398 0.142244
12.97 0.113367 0.140988
12.98 0.114345 0.139744
12.99 0.115334 0.138513
13 0.116333 0.137293
13.01 0.117341 0.136086
13.02 0.11836 0.134891
13.03 0.119389 0.133708
13.04 0.120429 0.132536
13.05 0.121479 0.131376
13.06 0.122539 0.130228
13.07 0.12361 0.129091
13.08 0.124692 0.127965
13.09 0.125785 0.126851
13.1 0.126889 0.125747
13.11 0.128004 0.124655
13.12 0.12913 0.123573
13.13 0.130267 0.122502
13.14 0.131416 0.121442
13.15 0.132576 0.120393
13.16 0.133748 0.119354
13.17 0.134932 0.118325
13.18 0.136128 0.117306
13.19 0.137335 0.116298
13.2 0.138555 0.1153
13.21 0.139787 0.114312
13.22 0.141031 0.113333
13.23 0.142288 0.112364
13.24 0.143557 0.111406
13.25 0.144839 0.110456
13.26 0.146134 0.109516
13.27 0.147442 0.108586
13.28 0.148763 0.107665
13.29 0.150097 0.106753
13.3 0.151444 0.10585
13.31 0.152805 0.104957
13.32 0.15418 0.104072
13.33 0.155568 0.103196
13.34 0.15697 0.102329
13.35 0.158386 0.101471
13.36 0.159816 0.100621
13.37 0.161261 0.0997798
13.38 0.16272 0.0989471
13.39 0.164193 0.0981228
13.4 0.165682 0.0973069
13.41 0.167185 0.0964991
13.42 0.168703 0.0956995
13.43 0.170236 0.094908
13.44 0.171784 0.0941245
13.45 0.173348 0.0933489
13.46 0.174928 0.0925811
13.47 0.176523 0.0918211
13.48 0.178134 0.0910688
13.49 0.179761 0.0903242
13.5 0.181404 0.089587
13.51 0.183064 0.0888574
13.52 0.184741 0.0881352
13.53 0.186433 0.0874203
13.54 0.188143 0.0867127
13.55 0.18987 0.0860123
13.56 0.191614 0.0853191
13.57 0.193375 0.0846329
13.58 0.195154 0.0839537
13.59 0.196951 0.0832815
13.6 0.198765 0.0826161
13.61 0.200598 0.0819576
13.62 0.202449 0.0813058
13.63 0.204318 0.0806606
13.64 0.206205 0.0800221
13.65 0.208112 0.0793902
13.66 0.210037 0.0787648
13.67 0.211982 0.0781458
13.68 0.213946 0.0775331
13.69 0.215929 0.0769268
13.7 0.217932 0.0763268
13.71 0.219955 0.075733
13.72 0.221998 0.0751453
13.73 0.224061 0.0745637
13.74 0.226145 0.0739881
13.75 0.22825 0.0734185
13.76 0.230375 0.0728549
13.77 0.232522 0.0722971
13.78 0.234689 0.0717451
13.79 0.236879 0.0711989
13.8 0.23909 0.0706584
13.81 0.241323 0.0701236
13.82 0.243578 0.0695944
13.83 0.245855 0.0690707
13.84 0.248155 0.0685526
13.85 0.250478 0.0680399
13.86 0.252824 0.0675326
13.87 0.255193 0.0670307
13.88 0.257586 0.0665341
13.89 0.260002 0.0660428
13.9 0.262443 0.0655567
13.91 0.264907 0.0650757
13.92 0.267396 0.0645999
13.93 0.26991 0.0641292
13.94 0.272448 0.0636635
13.95 0.275012 0.0632028
13.96 0.277601 0.0627471
13.97 0.280216 0.0622962
13.98 0.282856 0.0618503
13.99 0.285523 0.0614091
14 0.288216 0.0609727
14.01 0.290936 0.0605411
14.02 0.293683 0.0601142
14.03 0.296457 0.0596919
14.04 0.299258 0.0592742
14.05 0.302087 0.0588612
14.06 0.304944 0.0584526
14.07 0.307829 0.0580486
14.08 0.310743 0.057649
14.09 0.313686 0.0572539
14.1 0.316658 0.0568631
14.11 0.319659 0.0564767
14.12 0.32269 0.0560947
14.13 0.325751 0.0557169
14.14 0.328842 0.0553433
14.15 0.331964 0.054974
14.16 0.335117 0.0546088
14.17 0.338301 0.0542478
14.18 0.341516 0.0538909
14.19 0.344763 0.053538
14.2 0.348042 0.0531893
14.21 0.351354 0.0528445
14.22 0.354698 0.0525037
14.23 0.358075 0.0521669
14.24 0.361486 0.0518339
14.25 0.36493 0.0515049
14.26 0.368409 0.0511798
14.27 0.371921 0.0508584
14.28 0.375469 0.0505409
14.29 0.379051 0.0502271
14.3 0.382669 0.0499171
14.31 0.386323 0.0496108
14.32 0.390013 0.0493082
14.33 0.393739 0.0490092
14.34 0.397502 0.0487139
14.35 0.401302 0.0484222
14.36 0.405139 0.0481341
14.37 0.409014 0.0478496
14.38 0.412928 0.0475685
14.39 0.41688 0.047291
14.4 0.420871 0.047017
14.41 0.424902 0.0467464
14.42 0.428972 0.0464793
14.43 0.433083 0.0462156
14.44 0.437234 0.0459553
14.45 0.441426 0.0456984
14.46 0.445659 0.0454448
14.47 0.449934 0.0451945
14.48 0.454251 0.0449476
14.49 0.458611 0.0447039
14.5 0.463014 0.0444635
14.51 0.46746 0.0442264
14.52 0.471949 0.0439925
14.53 0.476483 0.0437618
14.54 0.481062 0.0435343
14.55 0.485686 0.0433099
14.56 0.490355 0.0430888
14.57 0.495071 0.0428707
14.58 0.499832 0.0426558
14.59 0.504641 0.042444
14.6 0.509497 0.0422353
14.61 0.514401 0.0420297
14.62 0.519353 0.0418271
14.63 0.524354 0.0416276
14.64 0.529403 0.0414311
14.65 0.534503 0.0412377
14.66 0.539653 0.0410472
14.67 0.544853 0.0408597
14.68 0.550105 0.0406752
14.69 0.555408 0.0404937
14.7 0.560763 0.0403152
14.71 0.566171 0.0401396
14.72 0.571632 0.0399669
14.73 0.577147 0.0397972
14.74 0.582716 0.0396303
14.75 0.58834 0.0394664
14.76 0.594019 0.0393054
14.77 0.599753 0.0391473
14.78 0.605544 0.038992
14.79 0.611392 0.0388397
14.8 0.617298 0.0386902
14.81 0.623261 0.0385435
14.82 0.629282 0.0383997
14.83 0.635363 0.0382588
14.84 0.641504 0.0381207
14.85 0.647704 0.0379855
14.86 0.653966 0.0378531
14.87 0.660289 0.0377235
14.88 0.666674 0.0375968
14.89 0.673121 0.0374729
14.9 0.679632 0.0373518
14.91 0.686206 0.0372335
14.92 0.692845 0.0371181
14.93 0.699549 0.0370055
14.94 0.706319 0.0368958
14.95 0.713155 0.0367888
14.96 0.720057 0.0366847
14.97 0.727028 0.0365834
14.98 0.734066 0.036485
14.99 0.741173 0.0363894
15 0.74835 0.0362966
15.01 0.755597 0.0362067
15.02 0.762915 0.0361196
15.03 0.770305 0.0360354
15.04 0.777767 0.0359541
15.05 0.785301 0.0358756
15.06 0.792909 0.0358
15.07 0.800592 0.0357273
15.08 0.808349 0.0356576
15.09 0.816183 0.0355907
15.1 0.824092 0.0355267
15.11 0.832079 0.0354657
15.12 0.840144 0.0354076
15.13 0.848287 0.0353525
15.14 0.85651 0.0353003
15.15 0.864813 0.0352512
15.16 0.873197 0.035205
15.17 0.881662 0.0351619
15.18 0.89021 0.0351218
15.19 0.898842 0.0350848
15.2 0.907557 0.0350509
15.21 0.916357 0.03502
15.22 0.925242 0.0349923
15.23 0.934214 0.0349677
15.24 0.943274 0.0349463
15.25 0.952421 0.0349281
15.26 0.961657 0.0349131
15.27 0.970983 0.0349013
15.28 0.980399 0.0348928
15.29 0.989907 0.0348876
15.3 0.999507 0.0348858
15.31 1.0092 0.0348873
15.32 1.01899 0.0348922
15.33 1.02887 0.0349006
15.34 1.03885 0.0349124
15.35 1.04892 0.0349277
15.36 1.05909 0.0349466
15.37 1.06936 0.034969
15.38 1.07973 0.0349951
15.39 1.0902 0.0350248
15.4 1.10077 0.0350583
15.41 1.11145 0.0350955
15.42 1.12222 0.0351365
15.43 1.1331 0.0351814
15.44 1.14409 0.0352302
15.45 1.15518 0.0352829
15.46 1.16638 0.0353397
15.47 1.17768 0.0354006
15.48 1.1891 0.0354655
15.49 1.20062 0.0355347
15.5 1.21226 0.0356081
15.51 1.224 0.0356859
15.52 1.23586 0.035768
15.53 1.24784 0.0358546
15.54 1.25992 0.0359458
15.55 1.27213 0.0360415
15.56 1.28445 0.036142
15.57 1.29689 0.0362472
15.58 1.30945 0.0363572
15.59 1.32213 0.0364722
15.6 1.33493 0.0365922
15.61 1.34785 0.0367174
15.62 1.36089 0.0368477
15.63 1.37406 0.0369834
15.64 1.38736 0.0371244
15.65 1.40078 0.037271
15.66 1.41433 0.0374232
15.67 1.42801 0.0375811
15.68 1.44182 0.0377449
15.69 1.45576 0.0379147
15.7 1.46983 0.0380906
15.71 1.48404 0.0382727
15.72 1.49838 0.0384611
15.73 1.51285 0.0386561
15.74 1.52746 0.0388577
15.75 1.54221 0.0390661
15.76 1.5571 0.0392814
15.77 1.57213 0.0395038
15.78 1.5873 0.0397335
15.79 1.60262 0.0399706
15.8 1.61808 0.0402153
15.81 1.63368 0.0404677
15.82 1.64943 0.0407282
15.83 1.66532 0.0409968
15.84 1.68137 0.0412738
15.85 1.69756 0.0415593
15.86 1.71391 0.0418537
15.87 1.73041 0.042157
15.88 1.74706 0.0424696
15.89 1.76387 0.0427916
15.9 1.78083 0.0431234
15.91 1.79795 0.0434652
15.92 1.81522 0.0438171
15.93 1.83266 0.0441797
15.94 1.85026 0.044553
15.95 1.86802 0.0449374
15.96 1.88594 0.0453332
15.97 1.90403 0.0457407
15.98 1.92228 0.0461603
15.99 1.9407 0.0465923
16 1.95928 0.047037
16.01 1.97804 0.0474949
16.02 1.99697 0.0479662
16.03 2.01606 0.0484514
16.04 2.03533 0.0489509
16.05 2.05478 0.0494652
16.06 2.0744 0.0499946
16.07 2.09419 0.0505396
16.08 2.11417 0.0511008
16.09 2.13432 0.0516785
16.1 2.15465 0.0522733
16.11 2.17516 0.0528858
16.12 2.19585 0.0535165
16.13 2.21672 0.054166
16.14 2.23778 0.0548348
16.15 2.25903 0.0555236
16.16 2.28045 0.0562331
16.17 2.30207 0.056964
16.18 2.32387 0.0577168
16.19 2.34587 0.0584924
16.2 2.36805 0.0592915
16.21 2.39042 0.0601149
16.22 2.41298 0.0609635
16.23 2.43574 0.061838
16.24 2.45868 0.0627395
16.25 2.48183 0.0636687
16.26 2.50516 0.0646267
16.27 2.52869 0.0656145
16.28 2.55242 0.0666331
16.29 2.57634 0.0676837
16.3 2.60046 0.0687674
16.31 2.62477 0.0698853
16.32 2.64928 0.0710388
16.33 2.67399 0.072229
16.34 2.6989 0.0734574
16.35 2.72401 0.0747254
16.36 2.74931 0.0760345
16.37 2.77481 0.0773861
16.38 2.80051 0.0787819
16.39 2.82641 0.0802236
16.4 2.8525 0.081713
16.41 2.8788 0.0832517
16.42 2.90529 0.0848419
16.43 2.93197 0.0864854
16.44 2.95885 0.0881843
16.45 2.98593 0.0899409
16.46 3.0132 0.0917574
16.47 3.04066 0.0936363
16.48 3.06832 0.0955799
16.49 3.09616 0.0975909
16.5 3.1242 0.0996722
16.51 3.15242 0.101826
16.52 3.18083 0.104057
16.53 3.20942 0.106366
16.54 3.23819 0.108758
16.55 3.26714 0.111236
16.56 3.29626 0.113803
16.57 3.32556 0.116463
16.58 3.35502 0.119221
16.59 3.38466 0.12208
16.6 3.41445 0.125045
16.61 3.44441 0.12812
16.62 3.47451 0.13131
16.63 3.50477 0.13462
16.64 3.53517 0.138056
16.65 3.56571 0.141622
16.66 3.59638 0.145325
16.67 3.62718 0.14917
16.68 3.6581 0.153165
16.69 3.68914 0.157315
16.7 3.72028 0.161628
16.71 3.75151 0.166111
16.72 3.78284 0.170772
16.73 3.81425 0.175619
16.74 3.84572 0.18066
16.75 3.87726 0.185904
16.76 3.90885 0.191361
16.77 3.94047 0.19704
16.78 3.97213 0.202952
16.79 4.00379 0.209108
16.8 4.03545 0.215518
16.81 4.0671 0.222196
16.82 4.09872 0.229152
16.83 4.13028 0.236402
16.84 4.16179 0.243957
16.85 4.19321 0.251833
16.86 4.22452 0.260046
16.87 4.25572 0.268609
16.88 4.28677 0.277542
16.89 4.31765 0.28686
16.9 4.34834 0.296582
16.91 4.37882 0.306727
16.92 4.40905 0.317316
16.93 4.43901 0.328369
16.94 4.46867 0.339909
16.95 4.49799 0.351958
16.96 4.52695 0.36454
16.97 4.55551 0.377681
16.98 4.58364 0.391406
16.99 4.61129 0.405743
17 4.63843 0.420721
17.01 4.66502 0.436369
17.02 4.691 0.452717
17.03 4.71635 0.469799
17.04 4.741 0.487647
17.05 4.76491 0.506297
17.06 4.78803 0.525783
17.07 4.8103 0.546143
17.08 4.83168 0.567415
17.09 4.85209 0.589639
17.1 4.87148 0.612856
17.11 4.88979 0.637106
17.12 4.90695 0.662434
17.13 4.92289 0.688883
17.14 4.93755 0.716498
17.15 4.95086 0.745323
17.16 4.96275 0.775406
17.17 4.97313 0.806794
17.18 4.98194 0.839532
17.19 4.98909 0.873669
17.2 4.99452 0.909251
17.21 4.99813 0.946325
17.22 4.99986 0.984937
17.23 4.99961 1.02513
17.24 4.99732 1.06695
17.25 4.99289 1.11044
17.26 4.98626 1.15564
17.27 4.97735 1.20259
17.28 4.96607 1.25132
17.29 4.95236 1.30186
17.3 4.93615 1.35423
17.31 4.91737 1.40847
17.32 4.89596 1.46459
17.33 4.87186 1.52259
17.34 4.84502 1.58249
17.35 4.8154 1.64429
17.36 4.78296 1.70796
17.37 4.74767 1.7735
17.38 4.70951 1.84088
17.39 4.66846 1.91006
17.4 4.62454 1.98101
17.41 4.57774 2.05365
17.42 4.52808 2.12793
17.43 4.4756 2.20377
17.44 4.42034 2.28109
17.45 4.36236 2.35978
17.46 4.30173 2.43974
17.47 4.23853 2.52085
17.48 4.17284 2.60297
17.49 4.10479 2.68597
17.5 4.03447 2.76971
17.51 3.96203 2.85401
17.52 3.88761 2.93872
17.53 3.81134 3.02367
17.54 3.7334 3.10868
17.55 3.65395 3.19355
17.56 3.57316 3.27812
17.57 3.49121 3.3622
17.58 3.40828 3.44558
17.59 3.32457 3.52809
17.6 3.24025 3.60954
17.61 3.15552 3.68976
17.62 3.07056 3.76855
17.63 2.98556 3.84576
17.64 2.9007 3.92122
17.65 2.81614 3.99477
17.66 2.73208 4.06627
17.67 2.64865 4.13559
17.68 2.56602 4.2026
17.69 2.48434 4.26718
17.7 2.40373 4.32925
17.71 2.32433 4.3887
17.72 2.24624 4.44546
17.73 2.16957 4.49948
17.74 2.09442 4.5507
17.75 2.02087 4.59908
17.76 1.94898 4.64459
17.77 1.87882 4.68723
17.78 1.81044 4.72698
17.79 1.74388 4.76385
17.8 1.67918 4.79786
17.81 1.61634 4.82903
17.82 1.5554 4.8574
17.83 1.49635 4.883
17.84 1.43919 4.90589
17.85 1.38392 4.92611
17.86 1.33052 4.94373
17.87 1.27897 4.95881
17.88 1.22924 4.97142
17.89 1.18132 4.98163
17.9 1.13516 4.98951
17.91 1.09073 4.99515
17.92 1.04799 4.9986
17.93 1.00691 4.99997
17.94 0.967428 4.99932
17.95 0.929511 4.99674
17.96 0.893112 4.9923
17.97 0.858184 4.98609
17.98 0.824681 4.97819
17.99 0.792554 4.96866
18 0.761757 4.9576
18.01 0.732244 4.94507
18.02 0.703967 4.93114
18.03 0.676881 4.91589
18.04 0.65094 4.8994
18.05 0.626101 4.88171
18.06 0.602319 4.86291
18.07 0.579553 4.84306
18.08 0.55776 4.82221
18.09 0.536902 4.80042
18.1 0.516938 4.77776
18.11 0.497832 4.75428
18.12 0.479546 4.73003
18.13 0.462046 4.70506
18.14 0.445297 4.67943
18.15 0.429267 4.65317
18.16 0.413923 4.62633
18.17 0.399236 4.59895
18.18 0.385177 4.57108
18.19 0.371717 4.54276
18.2 0.35883 4.51401
18.21 0.34649 4.48488
18.22 0.334672 4.4554
18.23 0.323354 4.42561
18.24 0.312511 4.39552
18.25 0.302124 4.36518
18.26 0.292171 4.3346
18.27 0.282632 4.30382
18.28 0.273489 4.27286
18.29 0.264724 4.24175
18.3 0.25632 4.21049
18.31 0.248261 4.17913
18.32 0.24053 4.14767
18.33 0.233114 4.11613
18.34 0.225997 4.08454
18.35 0.219167 4.05291
18.36 0.212611 4.02125
18.37 0.206316 3.98959
18.38 0.200271 3.95793
18.39 0.194465 3.92629
18.4 0.188887 3.89468
18.41 0.183526 3.86311
18.42 0.178374 3.8316
18.43 0.173422 3.80015
18.44 0.168659 3.76878
18.45 0.164079 3.73749
18.46 0.159674 3.7063
18.47 0.155434 3.67521
18.48 0.151355 3.64422
18.49 0.147428 3.61335
18.5 0.143647 3.58261
18.51 0.140006 3.552
18.52 0.136499 3.52152
18.53 0.133121 3.49118
18.54 0.129865 3.46099
18.55 0.126727 3.43095
18.56 0.123702 3.40107
18.57 0.120785 3.37135
18.58 0.117972 3.34179
18.59 0.115258 3.3124
18.6 0.11264 3.28318
18.61 0.110114 3.25413
18.62 0.107675 3.22526
18.63 0.10532 3.19657
18.64 0.103047 3.16807
18.65 0.100851 3.13974
18.66 0.09873 3.1116
18.67 0.0966806 3.08365
18.68 0.0947001 3.05589
18.69 0.0927858 3.02832
18.7 0.0909353 3.00095
18.71 0.0891459 2.97376
18.72 0.0874154 2.94677
18.73 0.0857416 2.91998
18.74 0.0841223 2.89338
18.75 0.0825554 2.86698
18.76 0.0810391 2.84078
18.77 0.0795713 2.81477
18.78 0.0781504 2.78896
18.79 0.0767746 2.76335
18.8 0.0754423 2.73794
18.81 0.0741518 2.71272
18.82 0.0729017 2.68771
18.83 0.0716906 2.66289
18.84 0.070517 2.63827
18.85 0.0693797 2.61384
18.86 0.0682773 2.58962
18.87 0.0672086 2.56559
18.88 0.0661725 2.54175
18.89 0.0651678 2.51811
18.9 0.0641935 2.49467
18.91 0.0632485 2.47142
18.92 0.0623318 2.44837
18.93 0.0614426 2.42551
18.94 0.0605798 2.40284
18.95 0.0597426 2.38036
18.96 0.0589302 2.35808
18.97 0.0581417 2.33598
18.98 0.0573764 2.31407
18.99 0.0566335 2.29235
19 0.0559124 2.27082
19.01 0.0552122 2.24948
19.02 0.0545324 2.22832
19.03 0.0538723 2.20734
19.04 0.0532314 2.18655
19.05 0.0526089 2.16594
19.06 0.0520044 2.14551
19.07 0.0514173 2.12526
19.08 0.0508471 2.10519
19.09 0.0502932 2.08529
19.1 0.0497553 2.06558
19.11 0.0492327 2.04604
19.12 0.0487251 2.02667
19.13 0.0482321 2.00748
19.14 0.0477531 1.98846
19.15 0.0472879 1.96961
19.16 0.046836 1.95093
19.17 0.046397 1.93242
19.18 0.0459707 1.91407
19.19 0.0455565 1.89589
19.2 0.0451543 1.87788
19.21 0.0447636 1.86003
19.22 0.0443842 1.84235
19.23 0.0440158 1.82482
19.24 0.043658 1.80746
19.25 0.0433106 1.79025
19.26 0.0429734 1.7732
19.27 0.042646 1.75631
19.28 0.0423282 1.73957
19.29 0.0420198 1.72299
19.3 0.0417206 1.70656
19.31 0.0414302 1.69028
19.32 0.0411485 1.67415
19.33 0.0408753 1.65818
19.34 0.0406104 1.64235
19.35 0.0403535 1.62666
19.36 0.0401046 1.61113
19.37 0.0398633 1.59573
19.38 0.0396296 1.58048
19.39 0.0394032 1.56538
19.4 0.039184 1.55041
19.41 0.0389718 1.53558
19.42 0.0387664 1.52089
19.43 0.0385679 1.50634
19.44 0.0383758 1.49193
19.45 0.0381902 1.47765
19.46 0.038011 1.4635
19.47 0.0378378 1.44949
19.48 0.0376708 1.43561
19.49 0.0375096 1.42186
19.5 0.0373542 1.40824
19.51 0.0372046 1.39475
19.52 0.0370605 1.38138
19.53 0.0369219 1.36814
19.54 0.0367886 1.35503
19.55 0.0366606 1.34204
19.56 0.0365378 1.32917
19.57 0.03642 1.31643
19.58 0.0363073 1.3038
19.59 0.0361994 1.2913
19.6 0.0360963 1.27891
19.61 0.035998 1.26664
19.62 0.0359043 1.25449
19.63 0.0358152 1.24245
19.64 0.0357306 1.23053
19.65 0.0356505 1.21872
19.66 0.0355747 1.20702
19.67 0.0355032 1.19544
19.68 0.0354359 1.18396
19.69 0.0353728 1.1726
19.7 0.0353138 1.16134
19.71 0.0352588 1.15019
19.72 0.0352078 1.13915
19.73 0.0351608 1.12821
19.74 0.0351177 1.11738
19.75 0.0350783 1.10665
19.76 0.0350428 1.09602
19.77 0.035011 1.08549
19.78 0.0349829 1.07507
19.79 0.0349585 1.06474
19.8 0.0349377 1.05452
19.81 0.0349204 1.04439
19.82 0.0349066 1.03436
19.83 0.0348964 1.02443
19.84 0.0348896 1.01459
19.85 0.0348862 1.00484
19.86 0.0348862 0.99519
19.87 0.0348895 0.985632
19.88 0.0348962 0.976165
19.89 0.0349062 0.96679
19.9 0.0349194 0.957504
19.91 0.0349358 0.948308
19.92 0.0349555 0.9392
19.93 0.0349783 0.93018
19.94 0.0350043 0.921247
19.95 0.0350335 0.9124
19.96 0.0350657 0.903638
19.97 0.035101 0.894961
19.98 0.0351394 0.886367
19.99 0.0351809 0.877856
20 0.0352254 0.869427
20.01 0.0352729 0.86108
20.02 0.0353234 0.852813
20.03 0.0353768 0.844626
20.04 0.0354333 0.836518
20.05 0.0354927 0.828488
20.06 0.035555 0.820536
20.07 0.0356203 0.81266
20.08 0.0356885 0.804861
20.09 0.0357596 0.797137
20.1 0.0358336 0.789488
20.11 0.0359105 0.781913
20.12 0.0359902 0.774411
20.13 0.0360728 0.766982
20.14 0.0361583 0.759625
20.15 0.0362467 0.752339
20.16 0.0363379 0.745123
20.17 0.0364319 0.737978
20.18 0.0365288 0.730901
20.19 0.0366285 0.723893
20.2 0.036731 0.716953
20.21 0.0368364 0.710081
20.22 0.0369446 0.703275
20.23 0.0370557 0.696535
20.24 0.0371695 0.68986
20.25 0.0372862 0.68325
20.26 0.0374057 0.676704
20.27 0.0375281 0.670222
20.28 0.0376533 0.663803
20.29 0.0377813 0.657446
20.3 0.0379121 0.65115
20.31 0.0380458 0.644916
20.32 0.0381823 0.638743
20.33 0.0383216 0.632629
20.34 0.0384639 0.626575
20.35 0.0386089 0.620579
20.36 0.0387568 0.614642
20.37 0.0389076 0.608763
20.38 0.0390613 0.60294
20.39 0.0392178 0.597175
20.4 0.0393772 0.591465
20.41 0.0395396 0.585811
20.42 0.0397048 0.580212
20.43 0.0398729 0.574667
20.44 0.040044 0.569177
20.45 0.040218 0.56374
20.46 0.0403949 0.558355
20.47 0.0405748 0.553023
20.48 0.0407576 0.547743
20.49 0.0409434 0.542515
20.5 0.0411322 0.537337
20.51 0.041324 0.53221
20.52 0.0415189 0.527133
20.53 0.0417167 0.522105
20.54 0.0419176 0.517126
20.55 0.0421215 0.512196
20.56 0.0423285 0.507313
20.57 0.0425386 0.502479
20.58 0.0427518 0.497691
20.59 0.0429681 0.49295
20.6 0.0431876 0.488256
20.61 0.0434101 0.483607
20.62 0.0436359 0.479003
20.63 0.0438648 0.474445
20.64 0.044097 0.46993
20.65 0.0443323 0.46546
20.66 0.0445709 0.461034
20.67 0.0448128 0.456651
20.68 0.0450579 0.45231
20.69 0.0453063 0.448012
20.7 0.0455581 0.443756
20.71 0.0458132 0.439541
20.72 0.0460716 0.435367
20.73 0.0463335 0.431235
20.74 0.0465987 0.427142
20.75 0.0468674 0.42309
20.76 0.0471395 0.419077
20.77 0.0474151 0.415103
20.78 0.0476941 0.411168
20.79 0.0479767 0.407272
20.8 0.0482629 0.403413
20.81 0.0485526 0.399593
20.82 0.0488459 0.39581
20.83 0.0491429 0.392063
20.84 0.0494434 0.388353
20.85 0.0497477 0.38468
20.86 0.0500557 0.381042
20.87 0.0503674 0.377441
20.88 0.0506828 0.373874
20.89 0.051002 0.370342
20.9 0.0513251 0.366845
20.91 0.051652 0.363381
20.92 0.0519828 0.359952
20.93 0.0523174 0.356557
20.94 0.052656 0.353194
20.95 0.0529986 0.349865
20.96 0.0533452 0.346568
20.97 0.0536958 0.343303
20.98 0.0540504 0.34007
20.99 0.0544092 0.336869
21 0.054772 0.333699
21.01 0.0551391 0.33056
21.02 0.0555103 0.327452
21.03 0.0558857 0.324375
21.04 0.0562655 0.321327
21.05 0.0566495 0.31831
21.06 0.0570378 0.315322
21.07 0.0574305 0.312363
21.08 0.0578277 0.309433
21.09 0.0582292 0.306532
21.1 0.0586353 0.303659
21.11 0.0590458 0.300815
21.12 0.059461 0.297998
21.13 0.0598807 0.295209
21.14 0.0603051 0.292447
21.15 0.0607341 0.289713
21.16 0.0611678 0.287005
21.17 0.0616063 0.284324
21.18 0.0620497 0.281669
21.19 0.0624978 0.27904
21.2 0.0629508 0.276437
21.21 0.0634088 0.273859
21.22 0.0638717 0.271307
21.23 0.0643397 0.268779
21.24 0.0648127 0.266277
21.25 0.0652908 0.263799
21.26 0.065774 0.261345
21.27 0.0662625 0.258916
21.28 0.0667562 0.25651
21.29 0.0672551 0.254128
21.3 0.0677595 0.251769
21.31 0.0682692 0.249434
21.32 0.0687843 0.247121
21.33 0.0693049 0.244831
21.34 0.069831 0.242564
21.35 0.0703628 0.240319
21.36 0.0709001 0.238096
21.37 0.0714432 0.235894
21.38 0.0719919 0.233715
21.39 0.0725465 0.231556
21.4 0.0731069 0.229419
21.41 0.0736732 0.227303
21.42 0.0742455 0.225208
21.43 0.0748237 0.223134
21.44 0.0754081 0.221079
21.45 0.0759985 0.219045
21.46 0.0765951 0.217031
21.47 0.0771979 0.215037
21.48 0.0778071 0.213063
21.49 0.0784226 0.211107
21.5 0.0790444 0.209171
21.51 0.0796728 0.207255
21.52 0.0803077 0.205357
21.53 0.0809491 0.203477
21.54 0.0815972 0.201616
21.55 0.0822521 0.199774
21.56 0.0829137 0.197949
21.57 0.0835821 0.196143
21.58 0.0842574 0.194354
21.59 0.0849398 0.192583
21.6 0.0856291 0.19083
21.61 0.0863255 0.189094
21.62 0.0870292 0.187374
21.63 0.08774 0.185672
21.64 0.0884582 0.183987
21.65 0.0891837 0.182318
21.66 0.0899167 0.180666
21.67 0.0906572 0.179029
21.68 0.0914052 0.177409
21.69 0.092161 0.175806
21.7 0.0929244 0.174217
21.71 0.0936957 0.172645
21.72 0.0944748 0.171088
21.73 0.0952619 0.169546
21.74 0.0960571 0.16802
21.75 0.0968603 0.166509
21.76 0.0976718 0.165012
21.77 0.0984914 0.163531
21.78 0.0993195 0.162064
21.79 0.100156 0.160611
21.8 0.101001 0.159173
21.81 0.101854 0.157749
21.82 0.102717 0.15634
21.83 0.103588 0.154944
21.84 0.104467 0.153562
21.85 0.105356 0.152193
21.86 0.106254 0.150838
21.87 0.107161 0.149497
21.88 0.108077 0.148169
21.89 0.109002 0.146854
21.9 0.109937 0.145552
21.91 0.110881 0.144263
21.92 0.111834 0.142986
21.93 0.112798 0.141723
21.94 0.113771 0.140472
21.95 0.114753 0.139233
21.96 0.115746 0.138007
21.97 0.116749 0.136792
21.98 0.117762 0.13559
21.99 0.118785 0.1344
22 0.119818 0.133221
22.01 0.120862 0.132055
22.02 0.121916 0.130899
22.03 0.122981 0.129756
22.04 0.124057 0.128623
22.05 0.125143 0.127502
22.06 0.126241 0.126392
22.07 0.127349 0.125294
22.08 0.128469 0.124206
22.09 0.129599 0.123129
22.1 0.130741 0.122062
22.11 0.131895 0.121006
22.12 0.13306 0.119961
22.13 0.134237 0.118926
22.14 0.135426 0.117902
22.15 0.136626 0.116888
22.16 0.137839 0.115884
22.17 0.139064 0.114889
22.18 0.140301 0.113905
22.19 0.14155 0.112931
22.2 0.142812 0.111966
22.21 0.144086 0.111011
22.22 0.145374 0.110066
22.23 0.146674 0.10913
22.24 0.147987 0.108204
22.25 0.149313 0.107286
22.26 0.150653 0.106378
22.27 0.152006 0.105479
22.28 0.153373 0.104589
22.29 0.154753 0.103708
22.3 0.156147 0.102836
22.31 0.157555 0.101973
22.32 0.158976 0.101118
22.33 0.160413 0.100272
22.34 0.161863 0.0994341
22.35 0.163328 0.0986049
22.36 0.164808 0.097784
22.37 0.166302 0.0969715
22.38 0.167811 0.0961671
22.39 0.169335 0.0953709
22.4 0.170875 0.0945827
22.41 0.17243 0.0938024
22.42 0.174 0.0930301
22.43 0.175586 0.0922656
22.44 0.177188 0.0915088
22.45 0.178806 0.0907596
22.46 0.180439 0.0900181
22.47 0.18209 0.0892841
22.48 0.183756 0.0885576
22.49 0.185439 0.0878384
22.5 0.187139 0.0871265
22.51 0.188856 0.0864219
22.52 0.19059 0.0857245
22.53 0.192341 0.0850342
22.54 0.19411 0.0843509
22.55 0.195896 0.0836746
22.56 0.1977 0.0830052
22.57 0.199522 0.0823427
22.58 0.201362 0.0816869
22.59 0.20322 0.0810379
22.6 0.205097 0.0803955
22.61 0.206992 0.0797598
22.62 0.208907 0.0791305
22.63 0.21084 0.0785077
22.64 0.212792 0.0778914
22.65 0.214764 0.0772814
22.66 0.216756 0.0766777
22.67 0.218767 0.0760802
22.68 0.220798 0.0754889
22.69 0.22285 0.0749038
22.7 0.224922 0.0743247
22.71 0.227014 0.0737516
22.72 0.229127 0.0731845
22.73 0.231261 0.0726233
22.74 0.233416 0.0720679
22.75 0.235593 0.0715183
22.76 0.237791 0.0709745
22.77 0.240011 0.0704364
22.78 0.242254 0.0699039
22.79 0.244518 0.069377
22.8 0.246805 0.0688556
22.81 0.249114 0.0683397
22.82 0.251447 0.0678293
22.83 0.253802 0.0673242
22.84 0.256181 0.0668245
22.85 0.258583 0.0663301
22.86 0.26101 0.0658409
22.87 0.26346 0.065357
22.88 0.265935 0.0648782
22.89 0.268434 0.0644045
22.9 0.270958 0.0639358
22.91 0.273506 0.0634722
22.92 0.276081 0.0630136
22.93 0.27868 0.0625599
22.94 0.281306 0.062111
22.95 0.283957 0.0616671
22.96 0.286635 0.0612279
22.97 0.289339 0.0607935
22.98 0.29207 0.0603638
22.99 0.294828 0.0599388
23 0.297613 0.0595185
23.01 0.300426 0.0591027
23.02 0.303266 0.0586915
23.03 0.306135 0.0582848
23.04 0.309032 0.0578827
23.05 0.311958 0.0574849
23.06 0.314913 0.0570916
23.07 0.317897 0.0567027
23.08 0.32091 0.056318
23.09 0.323954 0.0559377
23.1 0.327027 0.0555617
23.11 0.330131 0.0551899
23.12 0.333265 0.0548223
23.13 0.336431 0.0544589
23.14 0.339628 0.0540995
23.15 0.342856 0.0537443
23.16 0.346116 0.0533932
23.17 0.349409 0.0530461
23.18 0.352734 0.0527029
23.19 0.356092 0.0523638
23.2 0.359483 0.0520286
23.21 0.362908 0.0516973
23.22 0.366366 0.0513698
23.23 0.369859 0.0510463
23.24 0.373386 0.0507265
23.25 0.376948 0.0504105
23.26 0.380545 0.0500983
23.27 0.384177 0.0497899
23.28 0.387846 0.0494851
23.29 0.391551 0.049184
23.3 0.395292 0.0488866
23.31 0.39907 0.0485928
23.32 0.402886 0.0483025
23.33 0.406739 0.0480159
23.34 0.41063 0.0477328
23.35 0.414559 0.0474532
23.36 0.418528 0.0471772
23.37 0.422535 0.0469046
23.38 0.426582 0.0466355
23.39 0.430669 0.0463698
23.4 0.434796 0.0461075
23.41 0.438964 0.0458485
23.42 0.443173 0.045593
23.43 0.447424 0.0453408
23.44 0.451716 0.0450919
23.45 0.456051 0.0448463
23.46 0.460428 0.044604
23.47 0.464849 0.044365
23.48 0.469313 0.0441292
23.49 0.473821 0.0438966
23.5 0.478373 0.0436672
23.51 0.482971 0.043441
23.52 0.487613 0.043218
23.53 0.492302 0.0429981
23.54 0.497036 0.0427814
23.55 0.501817 0.0425678
23.56 0.506645 0.0423573
23.57 0.511521 0.0421498
23.58 0.516445 0.0419455
23.59 0.521417 0.0417442
23.6 0.526438 0.0415459
23.61 0.531508 0.0413507
23.62 0.536629 0.0411584
23.63 0.541799 0.0409692
23.64 0.547021 0.040783
23.65 0.552294 0.0405997
23.66 0.557619 0.0404195
23.67 0.562996 0.0402421
23.68 0.568425 0.0400677
23.69 0.573909 0.0398963
23.7 0.579446 0.0397277
23.71 0.585037 0.0395621
23.72 0.590684 0.0393994
23.73 0.596386 0.0392396
23.74 0.602144 0.0390827
23.75 0.607958 0.0389286
23.76 0.61383 0.0387774
23.77 0.619759 0.0386291
23.78 0.625746 0.0384836
23.79 0.631792 0.038341
23.8 0.637898 0.0382013
23.81 0.644063 0.0380644
23.82 0.650289 0.0379303
23.83 0.656576 0.0377991
23.84 0.662924 0.0376707
23.85 0.669335 0.0375451
23.86 0.675809 0.0374224
23.87 0.682346 0.0373025
23.88 0.688947 0.0371854
23.89 0.695612 0.0370712
23.9 0.702343 0.0369597
23.91 0.70914 0.0368511
23.92 0.716004 0.0367454
23.93 0.722934 0.0366424
23.94 0.729933 0.0365423
23.95 0.737 0.0364451
23.96 0.744136 0.0363506
23.97 0.751342 0.036259
23.98 0.758618 0.0361703
23.99 0.765966 0.0360844
24 0.773385 0.0360014
24.01 0.780877 0.0359213
24.02 0.788442 0.035844
24.03 0.796081 0.0357696
24.04 0.803794 0.0356981
24.05 0.811583 0.0356295
24.06 0.819448 0.0355638
24.07 0.827389 0.0355011
24.08 0.835408 0.0354413
24.09 0.843505 0.0353844
24.1 0.851682 0.0353305
24.11 0.859937 0.0352796
24.12 0.868274 0.0352317
24.13 0.876691 0.0351868
24.14 0.885191 0.035145
24.15 0.893773 0.0351061
24.16 0.902439 0.0350704
24.17 0.911189 0.0350377
24.18 0.920025 0.0350081
24.19 0.928946 0.0349817
24.2 0.937954 0.0349584
24.21 0.947049 0.0349383
24.22 0.956233 0.0349215
24.23 0.965507 0.0349078
24.24 0.97487 0.0348974
24.25 0.984324 0.0348903
24.26 0.99387 0.0348865
24.27 1.00351 0.034886
24.28 1.01324 0.0348889
24.29 1.02307 0.0348952
24.3 1.03299 0.034905
24.31 1.043 0.0349183
24.32 1.05312 0.0349351
24.33 1.06333 0.0349554
24.34 1.07364 0.0349794
24.35 1.08405 0.0350069
24.36 1.09457 0.0350382
24.37 1.10518 0.0350732
24.38 1.11589 0.035112
24.39 1.12671 0.0351546
24.4 1.13764 0.0352011
24.41 1.14867 0.0352515
24.42 1.1598 0.035306
24.43 1.17104 0.0353644
24.44 1.18239 0.035427
24.45 1.19385 0.0354937
24.46 1.20542 0.0355646
24.47 1.2171 0.0356398
24.48 1.2289 0.0357194
24.49 1.2408 0.0358033
24.5 1.25283 0.0358918
24.51 1.26496 0.0359849
24.52 1.27722 0.0360825
24.53 1.28959 0.0361849
24.54 1.30207 0.0362921
24.55 1.31468 0.0364042
24.56 1.32741 0.0365213
24.57 1.34026 0.0366434
24.58 1.35323 0.0367707
24.59 1.36633 0.0369032
24.6 1.37955 0.0370411
24.61 1.3929 0.0371844
24.62 1.40638 0.0373333
24.63 1.41998 0.0374879
24.64 1.43371 0.0376482
24.65 1.44757 0.0378145
24.66 1.46157 0.0379868
24.67 1.47569 0.0381652
24.68 1.48996 0.0383499
24.69 1.50435 0.038541
24.7 1.51888 0.0387387
24.71 1.53355 0.0389431
24.72 1.54836 0.0391543
24.73 1.56331 0.0393726
24.74 1.5784 0.039598
24.75 1.59363 0.0398307
24.76 1.609 0.0400709
24.77 1.62452 0.0403188
24.78 1.64018 0.0405746
24.79 1.65599 0.0408384
24.8 1.67195 0.0411104
24.81 1.68805 0.0413909
24.82 1.70431 0.0416801
24.83 1.72072 0.0419781
24.84 1.73728 0.0422853
24.85 1.754 0.0426017
24.86 1.77087 0.0429278
24.87 1.78789 0.0432636
24.88 1.80508 0.0436096
24.89 1.82242 0.0439659
24.9 1.83993 0.0443329
24.91 1.85759 0.0447107
24.92 1.87542 0.0450998
24.93 1.89341 0.0455005
24.94 1.91156 0.045913
24.95 1.92988 0.0463376
24.96 1.94837 0.0467748
24.97 1.96703 0.047225
24.98 1.98585 0.0476883
24.99 2.00485 0.0481654
25 2.02402 0.0486564
25.01 2.04336 0.049162
25.02 2.06288 0.0496825
25.03 2.08257 0.0502183
25.04 2.10244 0.0507699
25.05 2.12249 0.0513379
25.06 2.14271 0.0519226
25.07 2.16311 0.0525247
25.08 2.1837 0.0531446
25.09 2.20447 0.053783
25.1 2.22542 0.0544404
25.11 2.24655 0.0551175
25.12 2.26787 0.0558148
25.13 2.28938 0.056533
25.14 2.31107 0.0572729
25.15 2.33295 0.0580351
25.16 2.35502 0.0588203
25.17 2.37728 0.0596294
25.18 2.39974 0.0604631
25.19 2.42238 0.0613223
25.2 2.44521 0.0622079
25.21 2.46824 0.0631207
25.22 2.49146 0.0640617
25.23 2.51488 0.0650319
25.24 2.53849 0.0660324
25.25 2.56229 0.0670641
25.26 2.5863 0.0681282
25.27 2.6105 0.0692259
25.28 2.63489 0.0703584
25.29 2.65949 0.0715269
25.3 2.68428 0.0727328
25.31 2.70927 0.0739774
25.32 2.73446 0.0752623
25.33 2.75984 0.0765887
25.34 2.78542 0.0779585
25.35 2.81121 0.0793731
25.36 2.83719 0.0808343
25.37 2.86336 0.0823438
25.38 2.88974 0.0839036
25.39 2.91631 0.0855156
25.4 2.94308 0.0871818
25.41 2.97004 0.0889044
25.42 2.9972 0.0906855
25.43 3.02455 0.0925275
25.44 3.05209 0.0944328
25.45 3.07982 0.096404
25.46 3.10775 0.0984438
25.47 3.13586 0.100555
25.48 3.16416 0.10274
25.49 3.19264 0.105003
25.5 3.2213 0.107346
25.51 3.25015 0.109773
25.52 3.27917 0.112287
25.53 3.30837 0.114893
25.54 3.33773 0.117593
25.55 3.36727 0.120392
25.56 3.39697 0.123294
25.57 3.42683 0.126304
25.58 3.45685 0.129426
25.59 3.48702 0.132665
25.6 3.51734 0.136027
25.61 3.5478 0.139516
25.62 3.57839 0.143138
25.63 3.60912 0.146899
25.64 3.63997 0.150806
25.65 3.67094 0.154864
25.66 3.70201 0.159081
25.67 3.73319 0.163463
25.68 3.76447 0.168019
25.69 3.79583 0.172755
25.7 3.82727 0.177681
25.71 3.85877 0.182805
25.72 3.89033 0.188136
25.73 3.92194 0.193684
25.74 3.95357 0.199459
25.75 3.98523 0.20547
25.76 4.0169 0.21173
25.77 4.04856 0.218249
25.78 4.08019 0.225041
25.79 4.11179 0.232117
25.8 4.14333 0.239491
25.81 4.1748 0.247178
25.82 4.20618 0.255191
25.83 4.23745 0.263547
25.84 4.26859 0.272261
25.85 4.29957 0.281351
25.86 4.33038 0.290834
25.87 4.36099 0.300729
25.88 4.39136 0.311056
25.89 4.42148 0.321834
25.9 4.45132 0.333086
25.91 4.48085 0.344834
25.92 4.51003 0.3571
25.93 4.53883 0.36991
25.94 4.56721 0.38329
25.95 4.59515 0.397265
25.96 4.62259 0.411864
25.97 4.64951 0.427115
25.98 4.67585 0.443049
25.99 4.70158 0.459698
26 4.72664 0.477092
26.01 4.75099 0.495268
26.02 4.77458 0.514259
26.03 4.79736 0.534103
26.04 4.81926 0.554836
26.05 4.84025 0.576497
26.06 4.86024 0.599127
26.07 4.87919 0.622766
26.08 4.89703 0.647458
26.09 4.9137 0.673244
26.1 4.92912 0.70017
26.11 4.94323 0.728281
26.12 4.95596 0.757621
26.13 4.96723 0.788238
26.14 4.97697 0.820179
26.15 4.98511 0.853491
26.16 4.99155 0.88822
26.17 4.99624 0.924414
26.18 4.99908 0.962119
26.19 5 1.00138
26.2 4.99892 1.04224
26.21 4.99575 1.08475
26.22 4.99042 1.12895
26.23 4.98285 1.17486
26.24 4.97297 1.22254
26.25 4.96069 1.27202
26.26 4.94596 1.32331
26.27 4.92869 1.37646
26.28 4.90883 1.43147
26.29 4.88631 1.48837
26.3 4.86108 1.54716
26.31 4.8331 1.60784
26.32 4.80232 1.67042
26.33 4.7687 1.73487
26.34 4.73222 1.80117
26.35 4.69287 1.8693
26.36 4.65063 1.93922
26.37 4.60551 2.01087
26.38 4.55753 2.0842
26.39 4.5067 2.15914
26.4 4.45306 2.2356
26.41 4.39667 2.3135
26.42 4.33758 2.39273
26.43 4.27587 2.47318
26.44 4.21163 2.55473
26.45 4.14495 2.63723
26.46 4.07595 2.72056
26.47 4.00474 2.80454
26.48 3.93146 2.88904
26.49 3.85625 2.97387
26.5 3.77928 3.05886
26.51 3.70069 3.14384
26.52 3.62066 3.22861
26.53 3.53937 3.313
26.54 3.45699 3.39681
26.55 3.37371 3.47985
26.56 3.28973 3.56195
26.57 3.20521 3.64291
26.58 3.12037 3.72256
26.59 3.03537 3.80072
26.6 2.9504 3.87722
26.61 2.86565 3.95191
26.62 2.78128 4.02463
26.63 2.69746 4.09524
26.64 2.61434 4.16362
26.65 2.53209 4.22963
26.66 2.45083 4.29319
26.67 2.37071 4.35418
26.68 2.29184 4.41253
26.69 2.21433 4.46816
26.7 2.13828 4.52103
26.71 2.06377 4.57107
26.72 1.9909 4.61827
26.73 1.91972 4.66259
26.74 1.8503 4.70403
26.75 1.78267 4.74259
26.76 1.71687 4.77827
26.77 1.65294 4.81111
26.78 1.59088 4.84111
26.79 1.53072 4.86833
26.8 1.47246 4.8928
26.81 1.41608 4.91458
26.82 1.36159 4.93372
26.83 1.30895 4.95028
26.84 1.25816 4.96433
26.85 1.20919 4.97594
26.86 1.162 4.98517
26.87 1.11656 4.99211
26.88 1.07284 4.99684
26.89 1.03079 4.99942
26.9 0.990372 4.99994
26.91 0.951545 4.99848
26.92 0.914262 4.99512
26.93 0.878478 4.98994
26.94 0.844145 4.98302
26.95 0.811217 4.97444
26.96 0.779647 4.96427
26.97 0.749387 4.95259
26.98 0.720391 4.93947
26.99 0.692613 4.92499
27 0.666006 4.90921
27.01 0.640527 4.89222
27.02 0.61613 4.87406
27.03 0.592774 4.85482
27.04 0.570416 4.83454
27.05 0.549015 4.8133
27.06 0.528532 4.79115
27.07 0.508927 4.76814
27.08 0.490165 4.74434
27.09 0.472209 4.71978
27.1 0.455023 4.69453
27.11 0.438576 4.66863
27.12 0.422833 4.64212
27.13 0.407765 4.61506
27.14 0.393342 4.58747
27.15 0.379534 4.55941
27.16 0.366314 4.53091
27.17 0.353657 4.502
27.18 0.341536 4.47272
27.19 0.329928 4.44311
27.2 0.318809 4.41319
27.21 0.308158 4.38299
27.22 0.297952 4.35255
27.23 0.288173 4.32189
27.24 0.2788 4.29103
27.25 0.269816 4.26
27.26 0.261203 4.22882
27.27 0.252943 4.19752
27.28 0.245022 4.16612
27.29 0.237423 4.13462
27.3 0.230132 4.10306
27.31 0.223136 4.07145
27.32 0.216421 4.03981
27.33 0.209974 4.00815
27.34 0.203784 3.97648
27.35 0.197839 3.94483
27.36 0.192129 3.9132
27.37 0.186642 3.88161
27.38 0.181369 3.85006
27.39 0.176301 3.81857
27.4 0.171428 3.78716
27.41 0.166742 3.75582
27.42 0.162235 3.72457
27.43 0.157899 3.69341
27.44 0.153727 3.66237
27.45 0.149711 3.63143
27.46 0.145845 3.60061
27.47 0.142123 3.56992
27.48 0.138539 3.53936
27.49 0.135085 3.50894
27.5 0.131758 3.47867
27.51 0.128552 3.44854
27.52 0.125461 3.41856
27.53 0.122482 3.38875
27.54 0.119608 3.35909
27.55 0.116837 3.3296
27.56 0.114163 3.30028
27.57 0.111583 3.27113
27.58 0.109094 3.24216
27.59 0.10669 3.21336
27.6 0.10437 3.18475
27.61 0.102129 3.15632
27.62 0.0999642 3.12807
27.63 0.0978731 3.10001
27.64 0.0958525 3.07214
27.65 0.0938998 3.04446
27.66 0.0920122 3.01697
27.67 0.0901873 2.98967
27.68 0.0884226 2.96257
27.69 0.0867158 2.93566
27.7 0.0850648 2.90895
27.71 0.0834674 2.88243
27.72 0.0819217 2.85611
27.73 0.0804257 2.82999
27.74 0.0789776 2.80406
27.75 0.0775755 2.77833
27.76 0.0762179 2.75281
27.77 0.0749031 2.72748
27.78 0.0736295 2.70234
27.79 0.0723957 2.67741
27.8 0.0712003 2.65267
27.81 0.0700419 2.62813
27.82 0.0689191 2.60379
27.83 0.0678308 2.57964
27.84 0.0667758 2.5557
27.85 0.0657528 2.53194
27.86 0.0647608 2.50839
27.87 0.0637988 2.48502
27.88 0.0628656 2.46186
27.89 0.0619605 2.43888
27.9 0.0610823 2.4161
27.91 0.0602302 2.39351
27.92 0.0594034 2.37111
27.93 0.0586009 2.34891
27.94 0.0578222 2.32689
27.95 0.0570662 2.30506
27.96 0.0563324 2.28342
27.97 0.05562 2.26196
27.98 0.0549284 2.24069
27.99 0.0542568 2.21961
28 0.0536047 2.19871
28.01 0.0529715 2.17799
28.02 0.0523565 2.15746
28.03 0.0517593 2.1371
28.04 0.0511793 2.11693
28.05 0.0506159 2.09693
28.06 0.0500687 2.07711
28.07 0.0495371 2.05747
28.08 0.0490208 2.038
28.09 0.0485193 2.01871
28.1 0.0480321 1.99958
28.11 0.0475589 1.98063
28.12 0.0470993 1.96186
28.13 0.0466527 1.94325
28.14 0.046219 1.9248
28.15 0.0457978 1.90653
28.16 0.0453886 1.88842
28.17 0.0449912 1.87047
28.18 0.0446052 1.85269
28.19 0.0442304 1.83507
28.2 0.0438664 1.81761
28.21 0.043513 1.80031
28.22 0.0431698 1.78317
28.23 0.0428367 1.76619
28.24 0.0425133 1.74936
28.25 0.0421995 1.73269
28.26 0.0418949 1.71617
28.27 0.0415993 1.6998
28.28 0.0413126 1.68359
28.29 0.0410344 1.66752
28.3 0.0407647 1.65161
28.31 0.0405031 1.63584
28.32 0.0402495 1.62021
28.33 0.0400038 1.60474
28.34 0.0397656 1.5894
28.35 0.039535 1.57421
28.36 0.0393116 1.55916
28.37 0.0390953 1.54425
28.38 0.0388859 1.52948
28.39 0.0386834 1.51485
28.4 0.0384876 1.50036
28.41 0.0382982 1.486
28.42 0.0381153 1.47178
28.43 0.0379386 1.45769
28.44 0.0377679 1.44373
28.45 0.0376033 1.4299
28.46 0.0374446 1.41621
28.47 0.0372916 1.40264
28.48 0.0371443 1.3892
28.49 0.0370024 1.37589
28.5 0.036866 1.3627
28.51 0.036735 1.34964
28.52 0.0366091 1.3367
28.53 0.0364884 1.32388
28.54 0.0363727 1.31119
28.55 0.036262 1.29861
28.56 0.0361562 1.28615
28.57 0.0360551 1.27382
28.58 0.0359587 1.2616
28.59 0.0358669 1.24949
28.6 0.0357797 1.2375
28.61 0.0356969 1.22563
28.62 0.0356186 1.21387
28.63 0.0355446 1.20221
28.64 0.0354748 1.19068
28.65 0.0354093 1.17925
28.66 0.0353478 1.16792
28.67 0.0352905 1.15671
28.68 0.0352372 1.14561
28.69 0.0351879 1.13461
28.7 0.0351425 1.12371
28.71 0.0351009 1.11292
28.72 0.0350632 1.10224
28.73 0.0350292 1.09165
28.74 0.034999 1.08117
28.75 0.0349724 1.07078
28.76 0.0349494 1.0605
28.77 0.0349301 1.05031
28.78 0.0349143 1.04023
28.79 0.034902 1.03024
28.8 0.0348931 1.02034
28.81 0.0348878 1.01054
28.82 0.0348858 1.00084
28.83 0.0348872 0.991222
28.84 0.0348919 0.981702
28.85 0.0348999 0.972273
28.86 0.0349112 0.962935
28.87 0.0349258 0.953686
28.88 0.0349436 0.944527
28.89 0.0349646 0.935456
28.9 0.0349887 0.926472
28.91 0.035016 0.917574
28.92 0.0350464 0.908763
28.93 0.0350799 0.900036
28.94 0.0351166 0.891393
28.95 0.0351562 0.882834
28.96 0.0351989 0.874357
28.97 0.0352447 0.865962
28.98 0.0352934 0.857648
28.99 0.0353451 0.849414
29 0.0353999 0.84126
29.01 0.0354575 0.833184
29.02 0.0355181 0.825187
29.03 0.0355817 0.817266
29.04 0.0356482 0.809423
29.05 0.0357176 0.801655
29.06 0.0357899 0.793962
29.07 0.0358651 0.786344
29.08 0.0359431 0.778799
29.09 0.0360241 0.771327
29.1 0.0361079 0.763928
29.11 0.0361945 0.7566
29.12 0.0362841 0.749343
29.13 0.0363764 0.742157
29.14 0.0364716 0.73504
29.15 0.0365697 0.727992
29.16 0.0366706 0.721012
29.17 0.0367743 0.7141
29.18 0.0368809 0.707255
29.19 0.0369902 0.700477
29.2 0.0371025 0.693764
29.21 0.0372175 0.687116
29.22 0.0373354 0.680533
29.23 0.037456 0.674013
29.24 0.0375796 0.667557
29.25 0.0377059 0.661164
29.26 0.0378351 0.654832
29.27 0.0379671 0.648562
29.28 0.0381019 0.642353
29.29 0.0382396 0.636205
29.3 0.0383802 0.630116
29.31 0.0385236 0.624086
29.32 0.0386698 0.618115
29.33 0.0388189 0.612201
29.34 0.0389709 0.606346
29.35 0.0391257 0.600547
29.36 0.0392835 0.594804
29.37 0.0394441 0.589118
29.38 0.0396076 0.583487
29.39 0.039774 0.57791
29.4 0.0399434 0.572388
29.41 0.0401156 0.56692
29.42 0.0402908 0.561504
29.43 0.040469 0.556142
29.44 0.0406501 0.550831
29.45 0.0408342 0.545573
29.46 0.0410212 0.540365
29.47 0.0412113 0.535209
29.48 0.0414043 0.530102
29.49 0.0416004 0.525045
29.5 0.0417995 0.520038
29.51 0.0420016 0.515079
29.52 0.0422068 0.510169
29.53 0.0424151 0.505306
29.54 0.0426265 0.500491
29.55 0.042841 0.495723
29.56 0.0430586 0.491001
29.57 0.0432793 0.486326
29.58 0.0435032 0.481696
29.59 0.0437303 0.477111
29.6 0.0439605 0.472571
29.61 0.044194 0.468075
29.62 0.0444307 0.463623
29.63 0.0446706 0.459214
29.64 0.0449139 0.454849
29.65 0.0451604 0.450526
29.66 0.0454102 0.446245
29.67 0.0456633 0.442006
29.68 0.0459198 0.437808
29.69 0.0461796 0.433652
29.7 0.0464428 0.429536
29.71 0.0467095 0.42546
29.72 0.0469796 0.421424
29.73 0.0472531 0.417427
29.74 0.0475302 0.41347
29.75 0.0478107 0.409551
29.76 0.0480948 0.40567
29.77 0.0483824 0.401827
29.78 0.0486736 0.398022
29.79 0.0489684 0.394254
29.8 0.0492668 0.390523
29.81 0.0495689 0.386828
29.82 0.0498747 0.38317
29.83 0.0501842 0.379547
29.84 0.0504975 0.37596
29.85 0.0508145 0.372408
29.86 0.0511353 0.36889
29.87 0.0514599 0.365407
29.88 0.0517884 0.361958
29.89 0.0521208 0.358543
29.9 0.0524571 0.355161
29.91 0.0527974 0.351812
29.92 0.0531416 0.348496
29.93 0.0534898 0.345212
29.94 0.0538421 0.341961
29.95 0.0541984 0.338741
29.96 0.0545589 0.335553
29.97 0.0549235 0.332396
29.98 0.0552922 0.32927
29.99 0.0556652 0.326175
30 0.0560424 0.32311
30.01 0.0564239 0.320075
30.02 0.0568097 0.317069
30.03 0.0571999 0.314093
30.04 0.0575944 0.311147
30.05 0.0579934 0.308229
30.06 0.0583968 0.305339
30.07 0.0588047 0.302478
30.08 0.0592171 0.299646
30.09 0.0596342 0.29684
30.1 0.0600558 0.294063
30.11 0.0604821 0.291312
30.12 0.0609131 0.288589
30.13 0.0613488 0.285892
30.14 0.0617893 0.283222
30.15 0.0622346 0.280577
30.16 0.0626847 0.277959
30.17 0.0631398 0.275367
30.18 0.0635998 0.2728
30.19 0.0640648 0.270258
30.2 0.0645349 0.267741
30.21 0.06501 0.265248
30.22 0.0654902 0.26278
30.23 0.0659756 0.260337
30.24 0.0664662 0.257917
30.25 0.0669621 0.255521
30.26 0.0674633 0.253149
30.27 0.0679698 0.2508
30.28 0.0684817 0.248474
30.29 0.0689991 0.24617
30.3 0.069522 0.24389
30.31 0.0700505 0.241632
30.32 0.0705845 0.239396
30.33 0.0711242 0.237182
30.34 0.0716696 0.234989
30.35 0.0722208 0.232819
30.36 0.0727778 0.230669
30.37 0.0733406 0.228541
30.38 0.0739094 0.226434
30.39 0.0744841 0.224347
30.4 0.0750649 0.222281
30.41 0.0756517 0.220235
30.42 0.0762447 0.218209
30.43 0.0768439 0.216203
30.44 0.0774493 0.214217
30.45 0.0780611 0.212251
30.46 0.0786792 0.210304
30.47 0.0793038 0.208376
30.48 0.0799348 0.206467
30.49 0.0805724 0.204576
30.5 0.0812166 0.202705
30.51 0.0818675 0.200851
30.52 0.0825251 0.199016
30.53 0.0831895 0.1972
30.54 0.0838608 0.195401
30.55 0.084539 0.193619
30.56 0.0852243 0.191855
30.57 0.0859165 0.190109
30.58 0.0866159 0.18838
30.59 0.0873225 0.186668
30.6 0.0880364 0.184972
30.61 0.0887576 0.183294
30.62 0.0894862 0.181632
30.63 0.0902223 0.179986
30.64 0.0909659 0.178357
30.65 0.0917171 0.176744
30.66 0.0924761 0.175146
30.67 0.0932427 0.173565
30.68 0.0940173 0.171999
30.69 0.0947997 0.170448
30.7 0.0955901 0.168913
30.71 0.0963886 0.167393
30.72 0.0971952 0.165887
30.73 0.0980101 0.164397
30.74 0.0988332 0.162922
30.75 0.0996647 0.161461
30.76 0.100505 0.160014
30.77 0.101353 0.158582
30.78 0.10221 0.157164
30.79 0.103076 0.15576
30.8 0.103951 0.15437
30.81 0.104834 0.152994
30.82 0.105727 0.151631
30.83 0.106628 0.150282
30.84 0.107539 0.148946
30.85 0.108459 0.147623
30.86 0.109388 0.146313
30.87 0.110326 0.145017
30.88 0.111274 0.143733
30.89 0.112232 0.142462
30.9 0.113199 0.141203
30.91 0.114176 0.139957
30.92 0.115163 0.138724
30.93 0.11616 0.137502
30.94 0.117167 0.136293
30.95 0.118184 0.135096
30.96 0.119211 0.133911
30.97 0.120249 0.132737
30.98 0.121297 0.131575
30.99 0.122356 0.130425
31 0.123425 0.129286
31.01 0.124505 0.128158
31.02 0.125596 0.127042
31.03 0.126698 0.125936
31.04 0.127811 0.124842
31.05 0.128935 0.123759
31.06 0.130071 0.122686
31.07 0.131218 0.121624
31.08 0.132376 0.120573
31.09 0.133546 0.119532
31.1 0.134728 0.118501
31.11 0.135921 0.117481
31.12 0.137127 0.116471
31.13 0.138344 0.115471
31.14 0.139574 0.114481
31.15 0.140816 0.113501
31.16 0.142071 0.11253
31.17 0.143338 0.11157
31.18 0.144618 0.110619
31.19 0.14591 0.109677
31.2 0.147216 0.108745
31.21 0.148535 0.107823
31.22 0.149866 0.106909
31.23 0.151211 0.106005
31.24 0.15257 0.10511
31.25 0.153942 0.104223
31.26 0.155328 0.103346
31.27 0.156728 0.102478
31.28 0.158141 0.101618
31.29 0.159569 0.100767
31.3 0.161011 0.0999239
31.31 0.162468 0.0990898
31.32 0.163939 0.0982641
31.33 0.165424 0.0974467
31.34 0.166925 0.0966375
31.35 0.16844 0.0958365
31.36 0.169971 0.0950436
31.37 0.171517 0.0942587
31.38 0.173078 0.0934818
31.39 0.174655 0.0927127
31.4 0.176247 0.0919513
31.41 0.177856 0.0911977
31.42 0.17948 0.0904518
31.43 0.181121 0.0897134
31.44 0.182777 0.0889825
31.45 0.184451 0.088259
31.46 0.186141 0.0875428
31.47 0.187848 0.086834
31.48 0.189572 0.0861324
31.49 0.191313 0.0854379
31.5 0.193071 0.0847505
31.51 0.194847 0.0840701
31.52 0.19664 0.0833967
31.53 0.198452 0.0827301
31.54 0.200281 0.0820704
31.55 0.202129 0.0814175
31.56 0.203995 0.0807712
31.57 0.205879 0.0801316
31.58 0.207782 0.0794985
31.59 0.209705 0.0788719
31.6 0.211646 0.0782518
31.61 0.213606 0.0776381
31.62 0.215586 0.0770307
31.63 0.217586 0.0764296
31.64 0.219605 0.0758347
31.65 0.221645 0.075246
31.66 0.223705 0.0746633
31.67 0.225785 0.0740867
31.68 0.227886 0.0735161
31.69 0.230008 0.0729515
31.7 0.232151 0.0723927
31.71 0.234315 0.0718397
31.72 0.2365 0.0712925
31.73 0.238708 0.0707511
31.74 0.240937 0.0702153
31.75 0.243188 0.0696851
31.76 0.245462 0.0691605
31.77 0.247758 0.0686414
31.78 0.250077 0.0681278
31.79 0.252419 0.0676196
31.8 0.254784 0.0671167
31.81 0.257173 0.0666192
31.82 0.259585 0.066127
31.83 0.262021 0.06564
31.84 0.264481 0.0651581
31.85 0.266966 0.0646814
31.86 0.269475 0.0642098
31.87 0.27201 0.0637433
31.88 0.274569 0.0632817
31.89 0.277154 0.0628252
31.9 0.279764 0.0623735
31.91 0.2824 0.0619267
31.92 0.285062 0.0614847
31.93 0.287751 0.0610475
31.94 0.290466 0.0606151
31.95 0.293208 0.0601873
31.96 0.295977 0.0597642
31.97 0.298774 0.0593458
31.98 0.301598 0.0589319
31.99 0.30445 0.0585226
32 0.307331 0.0581178
32.01 0.31024 0.0577175
32.02 0.313178 0.0573216
32.03 0.316145 0.0569301
32.04 0.319141 0.0565429
32.05 0.322167 0.0561601
32.06 0.325222 0.0557816
32.07 0.328308 0.0554073
32.08 0.331425 0.0550372
32.09 0.334572 0.0546713
32.1 0.33775 0.0543096
32.11 0.34096 0.053952
32.12 0.344202 0.0535985
32.13 0.347475 0.053249
32.14 0.350781 0.0529035
32.15 0.35412 0.0525621
32.16 0.357492 0.0522246
32.17 0.360897 0.051891
32.18 0.364335 0.0515613
32.19 0.367808 0.0512354
32.2 0.371314 0.0509134
32.21 0.374856 0.0505953
32.22 0.378432 0.0502808
32.23 0.382044 0.0499702
32.24 0.385692 0.0496633
32.25 0.389375 0.04936
32.26 0.393095 0.0490604
32.27 0.396851 0.0487645
32.28 0.400645 0.0484722
32.29 0.404476 0.0481835
32.3 0.408345 0.0478983
32.31 0.412252 0.0476167
32.32 0.416197 0.0473385
32.33 0.420182 0.0470639
32.34 0.424206 0.0467928
32.35 0.428269 0.0465251
32.36 0.432373 0.0462608
32.37 0.436517 0.0459999
32.38 0.440701 0.0457424
32.39 0.444928 0.0454882
32.4 0.449195 0.0452374
32.41 0.453505 0.0449898
32.42 0.457858 0.0447456
32.43 0.462253 0.0445047
32.44 0.466691 0.044267
32.45 0.471174 0.0440325
32.46 0.4757 0.0438013
32.47 0.480271 0.0435732
32.48 0.484887 0.0433483
32.49 0.489548 0.0431266
32.5 0.494256 0.042908
32.51 0.49901 0.0426926
32.52 0.50381 0.0424803
32.53 0.508658 0.042271
32.54 0.513553 0.0420649
32.55 0.518497 0.0418618
32.56 0.523489 0.0416617
32.57 0.528531 0.0414647
32.58 0.533622 0.0412707
32.59 0.538763 0.0410798
32.6 0.543955 0.0408918
32.61 0.549197 0.0407068
32.62 0.554492 0.0405248
32.63 0.559838 0.0403457
32.64 0.565237 0.0401696
32.65 0.570689 0.0399964
32.66 0.576194 0.0398262
32.67 0.581754 0.0396588
32.68 0.587368 0.0394944
32.69 0.593037 0.0393329
32.7 0.598763 0.0391743
32.71 0.604544 0.0390185
32.72 0.610382 0.0388657
32.73 0.616277 0.0387157
32.74 0.62223 0.0385685
32.75 0.628242 0.0384243
32.76 0.634313 0.0382829
32.77 0.640443 0.0381443
32.78 0.646633 0.0380085
32.79 0.652884 0.0378757
32.8 0.659196 0.0377456
32.81 0.665571 0.0376184
32.82 0.672007 0.037494
32.83 0.678507 0.0373724
32.84 0.68507 0.0372537
32.85 0.691698 0.0371378
32.86 0.698391 0.0370247
32.87 0.705149 0.0369144
32.88 0.711973 0.036807
32.89 0.718865 0.0367024
32.9 0.725823 0.0366006
32.91 0.73285 0.0365017
32.92 0.739945 0.0364056
32.93 0.74711 0.0363124
32.94 0.754345 0.036222
32.95 0.761651 0.0361344
32.96 0.769028 0.0360497
32.97 0.776477 0.0359679
32.98 0.783999 0.0358889
32.99 0.791595 0.0358128
33 0.799264 0.0357397
33.01 0.807009 0.0356694
33.02 0.814829 0.035602
33.03 0.822726 0.0355375
33.04 0.830699 0.035476
33.05 0.83875 0.0354174
33.06 0.84688 0.0353618
33.07 0.855089 0.0353091
33.08 0.863378 0.0352594
33.09 0.871748 0.0352128
33.1 0.8802 0.0351691
33.11 0.888733 0.0351285
33.12 0.89735 0.035091
33.13 0.906051 0.0350565
33.14 0.914836 0.0350251
33.15 0.923707 0.0349968
33.16 0.932664 0.0349717
33.17 0.941708 0.0349497
33.18 0.95084 0.034931
33.19 0.960061 0.0349154
33.2 0.969371 0.0349031
33.21 0.978772 0.034894
33.22 0.988264 0.0348883
33.23 0.997848 0.0348859
33.24 1.00753 0.0348868
33.25 1.0173 0.0348911
33.26 1.02716 0.0348989
33.27 1.03712 0.0349101
33.28 1.04718 0.0349248
33.29 1.05734 0.0349431
33.3 1.06759 0.0349649
33.31 1.07794 0.0349903
33.32 1.08839 0.0350194
33.33 1.09895 0.0350523
33.34 1.1096 0.0350888
33.35 1.12036 0.0351292
33.36 1.13122 0.0351734
33.37 1.14219 0.0352215
33.38 1.15326 0.0352736
33.39 1.16444 0.0353297
33.4 1.17573 0.0353898
33.41 1.18712 0.0354541
33.42 1.19863 0.0355225
33.43 1.21025 0.0355952
33.44 1.22197 0.0356722
33.45 1.23381 0.0357536
33.46 1.24577 0.0358394
33.47 1.25784 0.0359298
33.48 1.27002 0.0360247
33.49 1.28232 0.0361243
33.5 1.29474 0.0362287
33.51 1.30728 0.0363379
33.52 1.31994 0.0364521
33.53 1.33272 0.0365712
33.54 1.34562 0.0366955
33.55 1.35864 0.0368249
33.56 1.37179 0.0369596
33.57 1.38506 0.0370997
33.58 1.39846 0.0372454
33.59 1.41199 0.0373966
33.6 1.42565 0.0375536
33.61 1.43943 0.0377163
33.62 1.45335 0.0378851
33.63 1.4674 0.0380599
33.64 1.48158 0.0382409
33.65 1.4959 0.0384282
33.66 1.51035 0.0386221
33.67 1.52494 0.0388225
33.68 1.53967 0.0390297
33.69 1.55453 0.0392438
33.7 1.56954 0.039465
33.71 1.58468 0.0396934
33.72 1.59997 0.0399292
33.73 1.61541 0.0401726
33.74 1.63098 0.0404237
33.75 1.64671 0.0406828
33.76 1.66258 0.04095
33.77 1.6786 0.0412255
33.78 1.69477 0.0415096
33.79 1.71109 0.0418024
33.8 1.72756 0.0421041
33.81 1.74418 0.0424151
33.82 1.76096 0.0427355
33.83 1.7779 0.0430656
33.84 1.79499 0.0434056
33.85 1.81224 0.0437558
33.86 1.82965 0.0441165
33.87 1.84722 0.0444879
33.88 1.86495 0.0448704
33.89 1.88284 0.0452643
33.9 1.9009 0.0456698
33.91 1.91913 0.0460873
33.92 1.93752 0.0465171
33.93 1.95607 0.0469596
33.94 1.9748 0.0474151
33.95 1.9937 0.0478841
33.96 2.01277 0.0483669
33.97 2.03201 0.0488639
33.98 2.05142 0.0493756
33.99 2.07101 0.0499024
34 2.09077 0.0504447
34.01 2.11072 0.051003
34.02 2.13084 0.0515779
34.03 2.15113 0.0521697
34.04 2.17161 0.0527791
34.05 2.19228 0.0534066
34.06 2.21312 0.0540528
34.07 2.23415 0.0547183
34.08 2.25536 0.0554036
34.09 2.27675 0.0561095
34.1 2.29834 0.0568366
34.11 2.32011 0.0575856
34.12 2.34207 0.0583573
34.13 2.36422 0.0591523
34.14 2.38656 0.0599715
34.15 2.40909 0.0608156
34.16 2.43181 0.0616856
34.17 2.45472 0.0625824
34.18 2.47783 0.0635068
34.19 2.50113 0.0644597
34.2 2.52463 0.0654423
34.21 2.54832 0.0664556
34.22 2.57221 0.0675006
34.23 2.59629 0.0685785
34.24 2.62057 0.0696904
34.25 2.64505 0.0708377
34.26 2.66973 0.0720215
34.27 2.6946 0.0732433
34.28 2.71967 0.0745043
34.29 2.74494 0.0758062
34.3 2.77041 0.0771504
34.31 2.79607 0.0785385
34.32 2.82194 0.0799722
34.33 2.848 0.0814532
34.34 2.87426 0.0829833
34.35 2.90071 0.0845645
34.36 2.92737 0.0861986
34.37 2.95421 0.0878879
34.38 2.98126 0.0896344
34.39 3.00849 0.0914405
34.4 3.03592 0.0933084
34.41 3.06355 0.0952407
34.42 3.09136 0.0972399
34.43 3.11936 0.0993089
34.44 3.14755 0.10145
34.45 3.17592 0.103667
34.46 3.20448 0.105963
34.47 3.23322 0.10834
34.48 3.26214 0.110803
34.49 3.29124 0.113355
34.5 3.3205 0.115999
34.51 3.34994 0.118739
34.52 3.37955 0.121581
34.53 3.40931 0.124527
34.54 3.43924 0.127583
34.55 3.46932 0.130753
34.56 3.49955 0.134042
34.57 3.52993 0.137455
34.58 3.56044 0.140999
34.59 3.59109 0.144678
34.6 3.62187 0.148498
34.61 3.65277 0.152467
34.62 3.68379 0.15659
34.63 3.71491 0.160874
34.64 3.74613 0.165327
34.65 3.77744 0.169957
34.66 3.80884 0.174771
34.67 3.8403 0.179778
34.68 3.87183 0.184987
34.69 3.90341 0.190406
34.7 3.93503 0.196046
34.71 3.96668 0.201918
34.72 3.99834 0.208031
34.73 4.03 0.214396
34.74 4.06166 0.221027
34.75 4.09328 0.227935
34.76 4.12486 0.235133
34.77 4.15637 0.242635
34.78 4.18781 0.250455
34.79 4.21914 0.258608
34.8 4.25036 0.26711
34.81 4.28144 0.275977
34.82 4.31235 0.285228
34.83 4.34308 0.294879
34.84 4.37359 0.30495
34.85 4.40386 0.315461
34.86 4.43387 0.326433
34.87 4.46358 0.337887
34.88 4.49297 0.349847
34.89 4.522 0.362336
34.9 4.55063 0.375378
34.91 4.57883 0.389001
34.92 4.60657 0.403231
34.93 4.6338 0.418096
34.94 4.66048 0.433627
34.95 4.68658 0.449852
34.96 4.71203 0.466806
34.97 4.73681 0.48452
34.98 4.76085 0.503029
34.99 4.78411 0.522368
35 4.80653 0.542575
35.01 4.82807 0.563688
35.02 4.84865 0.585745
35.03 4.86822 0.608788
35.04 4.88671 0.632857
35.05 4.90408 0.657997
35.06 4.92024 0.68425
35.07 4.93513 0.71166
35.08 4.94867 0.740274
35.09 4.96081 0.770138
35.1 4.97145 0.801297
35.11 4.98054 0.8338
35.12 4.98798 0.867692
35.13 4.99371 0.903022
35.14 4.99764 0.939836
35.15 4.9997 0.97818
35.16 4.9998 1.0181
35.17 4.99786 1.05964
35.18 4.99381 1.10284
35.19 4.98756 1.14774
35.2 4.97905 1.19439
35.21 4.96818 1.2428
35.22 4.9549 1.29303
35.23 4.93912 1.34509
35.24 4.92079 1.399
35.25 4.89983 1.4548
35.26 4.8762 1.51248
35.27 4.84984 1.57205
35.28 4.8207 1.63352
35.29 4.78875 1.69687
35.3 4.75395 1.76209
35.31 4.71628 1.82916
35.32 4.67573 1.89803
35.33 4.6323 1.96867
35.34 4.58599 2.04103
35.35 4.53683 2.11503
35.36 4.48483 2.19061
35.37 4.43005 2.26768
35.38 4.37253 2.34614
35.39 4.31235 2.42589
35.4 4.24958 2.50681
35.41 4.18432 2.58877
35.42 4.11666 2.67163
35.43 4.04673 2.75525
35.44 3.97465 2.83947
35.45 3.90055 2.92412
35.46 3.82459 3.00904
35.47 3.74693 3.09405
35.48 3.66772 3.17896
35.49 3.58715 3.2636
35.5 3.50539 3.34777
35.51 3.42262 3.43129
35.52 3.33902 3.51396
35.53 3.25479 3.59561
35.54 3.17012 3.67605
35.55 3.08519 3.7551
35.56 3.00018 3.8326
35.57 2.91528 3.90837
35.58 2.83067 3.98226
35.59 2.7465 4.05412
35.6 2.66296 4.12382
35.61 2.58018 4.19124
35.62 2.49832 4.25625
35.63 2.41752 4.31875
35.64 2.3379 4.37866
35.65 2.25958 4.43589
35.66 2.18266 4.49038
35.67 2.10724 4.54209
35.68 2.03341 4.59096
35.69 1.96123 4.63696
35.7 1.89077 4.6801
35.71 1.82208 4.72034
35.72 1.75521 4.75771
35.73 1.69018 4.79221
35.74 1.62702 4.82387
35.75 1.56575 4.85271
35.76 1.50637 4.87879
35.77 1.44889 4.90214
35.78 1.3933 4.92282
35.79 1.33957 4.94088
35.8 1.28771 4.9564
35.81 1.23767 4.96943
35.82 1.18944 4.98004
35.83 1.14298 4.98832
35.84 1.09826 4.99433
35.85 1.05523 4.99816
35.86 1.01386 4.99988
35.87 0.97411 4.99957
35.88 0.935927 4.99732
35.89 0.89927 4.9932
35.9 0.864092 4.98729
35.91 0.830347 4.97967
35.92 0.797987 4.97042
35.93 0.766964 4.95961
35.94 0.737233 4.94732
35.95 0.708747 4.93363
35.96 0.681459 4.91861
35.97 0.655325 4.90232
35.98 0.630299 4.88484
35.99 0.606338 4.86622
36 0.5834 4.84655
36.01 0.561443 4.82586
36.02 0.540427 4.80424
36.03 0.520312 4.78172
36.04 0.501061 4.75838
36.05 0.482636 4.73426
36.06 0.465003 4.70941
36.07 0.448127 4.68388
36.08 0.431975 4.65773
36.09 0.416516 4.63099
36.1 0.401718 4.6037
36.11 0.387553 4.57591
36.12 0.373992 4.54766
36.13 0.361008 4.51899
36.14 0.348576 4.48992
36.15 0.33667 4.4605
36.16 0.325267 4.43076
36.17 0.314344 4.40072
36.18 0.30388 4.37042
36.19 0.293854 4.33988
36.2 0.284245 4.30914
36.21 0.275035 4.2782
36.22 0.266207 4.24711
36.23 0.257742 4.21588
36.24 0.249624 4.18453
36.25 0.241838 4.15309
36.26 0.234368 4.12157
36.27 0.227201 4.08998
36.28 0.220323 4.05836
36.29 0.213721 4.0267
36.3 0.207382 3.99504
36.31 0.201294 3.96338
36.32 0.195448 3.93173
36.33 0.189831 3.90012
36.34 0.184434 3.86854
36.35 0.179247 3.83702
36.36 0.17426 3.80556
36.37 0.169466 3.77417
36.38 0.164855 3.74287
36.39 0.16042 3.71166
36.4 0.156152 3.68055
36.41 0.152046 3.64955
36.42 0.148093 3.61866
36.43 0.144288 3.58789
36.44 0.140623 3.55726
36.45 0.137093 3.52675
36.46 0.133693 3.49639
36.47 0.130417 3.46618
36.48 0.127259 3.43611
36.49 0.124215 3.4062
36.5 0.12128 3.37645
36.51 0.118449 3.34686
36.52 0.115719 3.31744
36.53 0.113084 3.28819
36.54 0.110542 3.25912
36.55 0.108088 3.23022
36.56 0.10572 3.2015
36.57 0.103433 3.17296
36.58 0.101224 3.1446
36.59 0.0990898 3.11643
36.6 0.0970283 3.08845
36.61 0.0950361 3.06066
36.62 0.0931107 3.03306
36.63 0.0912493 3.00565
36.64 0.0894496 2.97843
36.65 0.0877091 2.95141
36.66 0.0860257 2.92458
36.67 0.0843972 2.89795
36.68 0.0828214 2.87151
36.69 0.0812965 2.84527
36.7 0.0798205 2.81923
36.71 0.0783917 2.79339
36.72 0.0770082 2.76774
36.73 0.0756685 2.7423
36.74 0.074371 2.71705
36.75 0.0731141 2.692
36.76 0.0718963 2.66714
36.77 0.0707164 2.64249
36.78 0.0695729 2.61803
36.79 0.0684645 2.59377
36.8 0.0673901 2.56971
36.81 0.0663485 2.54584
36.82 0.0653385 2.52217
36.83 0.064359 2.49869
36.84 0.0634091 2.47541
36.85 0.0624876 2.45232
36.86 0.0615937 2.42943
36.87 0.0607264 2.40673
36.88 0.0598849 2.38422
36.89 0.0590683 2.3619
36.9 0.0582757 2.33977
36.91 0.0575065 2.31783
36.92 0.0567598 2.29608
36.93 0.056035 2.27451
36.94 0.0553312 2.25314
36.95 0.054648 2.23194
36.96 0.0539846 2.21094
36.97 0.0533404 2.19011
36.98 0.0527148 2.16947
36.99 0.0521072 2.14901
37 0.0515171 2.12873
37.01 0.050944 2.10863
37.02 0.0503874 2.08871
37.03 0.0498467 2.06896
37.04 0.0493216 2.04939
37.05 0.0488114 2.02999
37.06 0.0483159 2.01077
37.07 0.0478346 1.99172
37.08 0.047367 1.97284
37.09 0.0469128 1.95413
37.1 0.0464717 1.93559
37.11 0.0460432 1.91722
37.12 0.0456269 1.89901
37.13 0.0452227 1.88097
37.14 0.04483 1.86309
37.15 0.0444487 1.84538
37.16 0.0440784 1.82783
37.17 0.0437188 1.81043
37.18 0.0433697 1.7932
37.19 0.0430307 1.77612
37.2 0.0427017 1.75921
37.21 0.0423823 1.74244
37.22 0.0420723 1.72583
37.23 0.0417714 1.70938
37.24 0.0414795 1.69307
37.25 0.0411964 1.67692
37.26 0.0409217 1.66092
37.27 0.0406554 1.64506
37.28 0.0403972 1.62935
37.29 0.0401469 1.61379
37.3 0.0399043 1.59837
37.31 0.0396693 1.5831
37.32 0.0394416 1.56797
37.33 0.0392212 1.55297
37.34 0.0390078 1.53812
37.35 0.0388013 1.52341
37.36 0.0386016 1.50884
37.37 0.0384084 1.4944
37.38 0.0382217 1.4801
37.39 0.0380414 1.46593
37.4 0.0378672 1.45189
37.41 0.0376991 1.43799
37.42 0.0375369 1.42422
37.43 0.0373806 1.41057
37.44 0.0372299 1.39706
37.45 0.0370849 1.38367
37.46 0.0369453 1.37041
37.47 0.0368112 1.35728
37.48 0.0366823 1.34427
37.49 0.0365586 1.33138
37.5 0.0364399 1.31861
37.51 0.0363263 1.30597
37.52 0.0362176 1.29344
37.53 0.0361137 1.28103
37.54 0.0360146 1.26874
37.55 0.0359201 1.25657
37.56 0.0358303 1.24452
37.57 0.0357449 1.23257
37.58 0.035664 1.22074
37.59 0.0355874 1.20903
37.6 0.0355152 1.19742
37.61 0.0354472 1.18593
37.62 0.0353833 1.17455
37.63 0.0353236 1.16327
37.64 0.035268 1.1521
37.65 0.0352163 1.14104
37.66 0.0351686 1.13008
37.67 0.0351248 1.11923
37.68 0.0350848 1.10849
37.69 0.0350487 1.09784
37.7 0.0350162 1.0873
37.71 0.0349875 1.07686
37.72 0.0349624 1.06651
37.73 0.034941 1.05627
37.74 0.0349231 1.04613
37.75 0.0349088 1.03608
37.76 0.0348979 1.02613
37.77 0.0348905 1.01627
37.78 0.0348865 1.00651
37.79 0.0348859 0.996845
37.8 0.0348887 0.98727
37.81 0.0348948 0.977788
37.82 0.0349042 0.968397
37.83 0.0349169 0.959096
37.84 0.0349328 0.949884
37.85 0.0349519 0.940761
37.86 0.0349742 0.931726
37.87 0.0349996 0.922778
37.88 0.0350282 0.913916
37.89 0.0350599 0.90514
37.9 0.0350947 0.896448
37.91 0.0351326 0.88784
37.92 0.0351735 0.879315
37.93 0.0352175 0.870872
37.94 0.0352645 0.86251
37.95 0.0353145 0.85423
37.96 0.0353674 0.846029
37.97 0.0354234 0.837907
37.98 0.0354823 0.829864
37.99 0.0355441 0.821899
38 0.0356089 0.81401
38.01 0.0356766 0.806198
38.02 0.0357471 0.798461
38.03 0.0358206 0.790799
38.04 0.035897 0.783212
38.05 0.0359763 0.775697
38.06 0.0360584 0.768256
38.07 0.0361434 0.760886
38.08 0.0362313 0.753588
38.09 0.036322 0.74636
38.1 0.0364155 0.739202
38.11 0.0365119 0.732114
38.12 0.0366111 0.725095
38.13 0.0367132 0.718143
38.14 0.0368181 0.711259
38.15 0.0369258 0.704441
38.16 0.0370364 0.69769
38.17 0.0371497 0.691004
38.18 0.0372659 0.684383
38.19 0.037385 0.677826
38.2 0.0375068 0.671333
38.21 0.0376315 0.664903
38.22 0.037759 0.658535
38.23 0.0378894 0.652229
38.24 0.0380226 0.645985
38.25 0.0381586 0.639801
38.26 0.0382975 0.633677
38.27 0.0384392 0.627612
38.28 0.0385838 0.621607
38.29 0.0387312 0.61566
38.3 0.0388815 0.60977
38.31 0.0390346 0.603938
38.32 0.0391907 0.598163
38.33 0.0393496 0.592444
38.34 0.0395114 0.58678
38.35 0.0396761 0.581172
38.36 0.0398438 0.575618
38.37 0.0400143 0.570118
38.38 0.0401878 0.564671
38.39 0.0403642 0.559278
38.4 0.0405436 0.553937
38.41 0.0407259 0.548648
38.42 0.0409112 0.543411
38.43 0.0410995 0.538225
38.44 0.0412908 0.533089
38.45 0.0414851 0.528003
38.46 0.0416824 0.522967
38.47 0.0418828 0.517979
38.48 0.0420862 0.513041
38.49 0.0422927 0.50815
38.5 0.0425022 0.503307
38.51 0.0427149 0.498512
38.52 0.0429307 0.493763
38.53 0.0431496 0.48906
38.54 0.0433716 0.484404
38.55 0.0435968 0.479792
38.56 0.0438252 0.475226
38.57 0.0440568 0.470704
38.58 0.0442916 0.466227
38.59 0.0445296 0.461793
38.6 0.0447709 0.457402
38.61 0.0450155 0.453054
38.62 0.0452634 0.448748
38.63 0.0455145 0.444485
38.64 0.045769 0.440263
38.65 0.0460269 0.436083
38.66 0.0462882 0.431943
38.67 0.0465528 0.427844
38.68 0.0468209 0.423784
38.69 0.0470924 0.419765
38.7 0.0473674 0.415784
38.71 0.0476459 0.411843
38.72 0.0479279 0.40794
38.73 0.0482134 0.404075
38.74 0.0485025 0.400248
38.75 0.0487952 0.396458
38.76 0.0490915 0.392705
38.77 0.0493915 0.388989
38.78 0.0496951 0.38531
38.79 0.0500024 0.381666
38.8 0.0503135 0.378058
38.81 0.0506283 0.374485
38.82 0.0509468 0.370947
38.83 0.0512692 0.367444
38.84 0.0515955 0.363975
38.85 0.0519256 0.36054
38.86 0.0522596 0.357139
38.87 0.0525975 0.35377
38.88 0.0529394 0.350435
38.89 0.0532852 0.347133
38.9 0.0536351 0.343862
38.91 0.0539891 0.340624
38.92 0.0543471 0.337418
38.93 0.0547093 0.334242
38.94 0.0550756 0.331098
38.95 0.0554461 0.327985
38.96 0.0558208 0.324902
38.97 0.0561998 0.32185
38.98 0.0565831 0.318827
38.99 0.0569707 0.315834
39 0.0573626 0.31287
39.01 0.057759 0.309935
39.02 0.0581598 0.307029
39.03 0.0585651 0.304152
39.04 0.0589749 0.301302
39.05 0.0593892 0.298481
39.06 0.0598081 0.295687
39.07 0.0602317 0.292921
39.08 0.0606599 0.290182
39.09 0.0610929 0.287469
39.1 0.0615305 0.284783
39.11 0.061973 0.282124
39.12 0.0624203 0.27949
39.13 0.0628725 0.276883
39.14 0.0633296 0.274301
39.15 0.0637917 0.271744
39.16 0.0642588 0.269213
39.17 0.0647309 0.266706
39.18 0.0652081 0.264224
39.19 0.0656905 0.261766
39.2 0.066178 0.259332
39.21 0.0666708 0.256922
39.22 0.0671689 0.254536
39.23 0.0676723 0.252174
39.24 0.0681811 0.249834
39.25 0.0686952 0.247517
39.26 0.0692149 0.245224
39.27 0.0697401 0.242952
39.28 0.0702709 0.240703
39.29 0.0708072 0.238477
39.3 0.0713493 0.236272
39.31 0.0718971 0.234088
39.32 0.0724507 0.231926
39.33 0.0730101 0.229786
39.34 0.0735753 0.227666
39.35 0.0741466 0.225567
39.36 0.0747238 0.223489
39.37 0.0753071 0.221431
39.38 0.0758964 0.219394
39.39 0.076492 0.217377
39.4 0.0770938 0.215379
39.41 0.0777018 0.213401
39.42 0.0783162 0.211442
39.43 0.078937 0.209503
39.44 0.0795642 0.207583
39.45 0.0801979 0.205682
39.46 0.0808383 0.203799
39.47 0.0814852 0.201935
39.48 0.0821389 0.20009
39.49 0.0827993 0.198262
39.5 0.0834666 0.196453
39.51 0.0841407 0.194661
39.52 0.0848218 0.192887
39.53 0.08551 0.19113
39.54 0.0862052 0.189391
39.55 0.0869076 0.187669
39.56 0.0876172 0.185964
39.57 0.0883341 0.184276
39.58 0.0890583 0.182604
39.59 0.08979 0.180949
39.6 0.0905292 0.17931
39.61 0.0912759 0.177687
39.62 0.0920304 0.17608
39.63 0.0927925 0.17449
39.64 0.0935624 0.172914
39.65 0.0943402 0.171355
39.66 0.0951259 0.169811
39.67 0.0959197 0.168282
39.68 0.0967215 0.166768
39.69 0.0975315 0.165269
39.7 0.0983498 0.163785
39.71 0.0991764 0.162315
39.72 0.100011 0.16086
39.73 0.100855 0.15942
39.74 0.101707 0.157993
39.75 0.102568 0.156581
39.76 0.103437 0.155183
39.77 0.104315 0.153799
39.78 0.105203 0.152428
39.79 0.106099 0.151071
39.8 0.107004 0.149727
39.81 0.107918 0.148396
39.82 0.108842 0.147079
39.83 0.109775 0.145775
39.84 0.110718 0.144484
39.85 0.11167 0.143205
39.86 0.112631 0.141939
39.87 0.113603 0.140686
39.88 0.114584 0.139445
39.89 0.115575 0.138217
39.9 0.116576 0.137
39.91 0.117587 0.135796
39.92 0.118608 0.134604
39.93 0.11964 0.133423
39.94 0.120682 0.132255
39.95 0.121734 0.131097
39.96 0.122797 0.129952
39.97 0.123871 0.128817
39.98 0.124956 0.127695
39.99 0.126051 0.126583
40 0.127157 0.125482
40.01 0.128275 0.124392
40.02 0.129404 0.123313
40.03 0.130544 0.122245
40.04 0.131696 0.121187
40.05 0.132859 0.12014
40.06 0.134034 0.119104
40.07 0.13522 0.118078
40.08 0.136419 0.117062
40.09 0.137629 0.116056
40.1 0.138852 0.11506
40.11 0.140087 0.114074
40.12 0.141334 0.113098
40.13 0.142594 0.112132
40.14 0.143866 0.111175
40.15 0.145151 0.110228
40.16 0.146449 0.10929
40.17 0.14776 0.108362
40.18 0.149084 0.107443
40.19 0.150422 0.106534
40.2 0.151772 0.105633
40.21 0.153136 0.104742
40.22 0.154514 0.103859
40.23 0.155906 0.102985
40.24 0.157311 0.102121
40.25 0.158731 0.101264
40.26 0.160164 0.100417
40.27 0.161612 0.0995776
40.28 0.163075 0.098747
40.29 0.164552 0.0979247
40.3 0.166044 0.0971107
40.31 0.16755 0.096305
40.32 0.169072 0.0955073
40.33 0.170609 0.0947178
40.34 0.172161 0.0939361
40.35 0.173729 0.0931624
40.36 0.175312 0.0923966
40.37 0.176911 0.0916385
40.38 0.178526 0.090888
40.39 0.180157 0.0901452
40.4 0.181804 0.0894099
40.41 0.183468 0.0886821
40.42 0.185148 0.0879616
40.43 0.186845 0.0872485
40.44 0.188559 0.0865427
40.45 0.19029 0.085844
40.46 0.192039 0.0851525
40.47 0.193804 0.084468
40.48 0.195587 0.0837905
40.49 0.197388 0.0831199
40.5 0.199207 0.0824562
40.51 0.201044 0.0817993
40.52 0.202899 0.0811491
40.53 0.204773 0.0805056
40.54 0.206665 0.0798687
40.55 0.208576 0.0792383
40.56 0.210506 0.0786145
40.57 0.212455 0.077997
40.58 0.214424 0.0773859
40.59 0.216412 0.0767811
40.6 0.21842 0.0761826
40.61 0.220447 0.0755903
40.62 0.222495 0.075004
40.63 0.224564 0.0744239
40.64 0.226652 0.0738498
40.65 0.228762 0.0732817
40.66 0.230892 0.0727194
40.67 0.233044 0.0721631
40.68 0.235217 0.0716125
40.69 0.237411 0.0710677
40.7 0.239628 0.0705286
40.71 0.241866 0.0699951
40.72 0.244127 0.0694672
40.73 0.24641 0.0689449
40.74 0.248715 0.0684281
40.75 0.251044 0.0679167
40.76 0.253395 0.0674108
40.77 0.25577 0.0669101
40.78 0.258168 0.0664148
40.79 0.26059 0.0659247
40.8 0.263037 0.0654399
40.81 0.265507 0.0649602
40.82 0.268002 0.0644856
40.83 0.270521 0.0640161
40.84 0.273066 0.0635516
40.85 0.275636 0.0630921
40.86 0.278231 0.0626376
40.87 0.280852 0.0621879
40.88 0.283499 0.0617431
40.89 0.286172 0.0613031
40.9 0.288871 0.0608679
40.91 0.291598 0.0604374
40.92 0.294351 0.0600116
40.93 0.297132 0.0595905
40.94 0.29994 0.0591739
40.95 0.302775 0.0587619
40.96 0.305639 0.0583545
40.97 0.308532 0.0579516
40.98 0.311453 0.0575531
40.99 0.314402 0.057159
41 0.317381 0.0567693
41.01 0.32039 0.0563839
41.02 0.323428 0.0560029
41.03 0.326496 0.0556261
41.04 0.329595 0.0552536
41.05 0.332724 0.0548853
41.06 0.335884 0.0545211
41.07 0.339075 0.0541611
41.08 0.342298 0.0538052
41.09 0.345553 0.0534533
41.1 0.34884 0.0531055
41.11 0.352159 0.0527617
41.12 0.355512 0.0524219
41.13 0.358897 0.052086
41.14 0.362316 0.051754
41.15 0.365768 0.0514259
41.16 0.369255 0.0511017
41.17 0.372776 0.0507813
41.18 0.376332 0.0504647
41.19 0.379923 0.0501518
41.2 0.38355 0.0498427
41.21 0.387212 0.0495373
41.22 0.39091 0.0492356
41.23 0.394645 0.0489375
41.24 0.398417 0.0486431
41.25 0.402226 0.0483522
41.26 0.406073 0.048065
41.27 0.409957 0.0477813
41.28 0.41388 0.0475011
41.29 0.417842 0.0472244
41.3 0.421843 0.0469513
41.31 0.425883 0.0466815
41.32 0.429963 0.0464152
41.33 0.434083 0.0461524
41.34 0.438244 0.0458929
41.35 0.442446 0.0456367
41.36 0.446689 0.045384
41.37 0.450974 0.0451345
41.38 0.455302 0.0448883
41.39 0.459672 0.0446455
41.4 0.464085 0.0444059
41.41 0.468541 0.0441695
41.42 0.473042 0.0439364
41.43 0.477587 0.0437065
41.44 0.482176 0.0434797
41.45 0.486811 0.0432562
41.46 0.491492 0.0430357
41.47 0.496218 0.0428185
41.48 0.500991 0.0426043
41.49 0.505811 0.0423933
41.5 0.510679 0.0421853
41.51 0.515594 0.0419804
41.52 0.520558 0.0417786
41.53 0.52557 0.0415798
41.54 0.530632 0.0413841
41.55 0.535744 0.0411913
41.56 0.540906 0.0410016
41.57 0.546119 0.0408148
41.58 0.551383 0.0406311
41.59 0.556698 0.0404503
41.6 0.562066 0.0402724
41.61 0.567487 0.0400975
41.62 0.572961 0.0399256
41.63 0.578489 0.0397565
41.64 0.584071 0.0395904
41.65 0.589708 0.0394272
41.66 0.595401 0.0392669
41.67 0.601149 0.0391095
41.68 0.606954 0.0389549
41.69 0.612815 0.0388032
41.7 0.618734 0.0386544
41.71 0.624712 0.0385085
41.72 0.630748 0.0383654
41.73 0.636843 0.0382251
41.74 0.642998 0.0380877
41.75 0.649213 0.0379532
41.76 0.65549 0.0378215
41.77 0.661827 0.0376926
41.78 0.668227 0.0375665
41.79 0.67469 0.0374433
41.8 0.681216 0.0373229
41.81 0.687806 0.0372054
41.82 0.694461 0.0370906
41.83 0.70118 0.0369787
41.84 0.707966 0.0368696
41.85 0.714818 0.0367634
41.86 0.721737 0.0366599
41.87 0.728724 0.0365593
41.88 0.735779 0.0364616
41.89 0.742903 0.0363667
41.9 0.750097 0.0362746
41.91 0.757361 0.0361854
41.92 0.764696 0.036099
41.93 0.772103 0.0360155
41.94 0.779582 0.0359348
41.95 0.787135 0.0358571
41.96 0.794761 0.0357822
41.97 0.802461 0.0357102
41.98 0.810237 0.0356411
41.99 0.818089 0.0355749
42 0.826017 0.0355117
42.01 0.834023 0.0354514
42.02 0.842106 0.035394
42.03 0.850269 0.0353396
42.04 0.858511 0.0352882
42.05 0.866833 0.0352398
42.06 0.875237 0.0351943
42.07 0.883722 0.0351519
42.08 0.89229 0.0351126
42.09 0.900942 0.0350763
42.1 0.909677 0.0350431
42.11 0.918498 0.035013
42.12 0.927404 0.034986
42.13 0.936397 0.0349622
42.14 0.945478 0.0349416
42.15 0.954647 0.0349241
42.16 0.963904 0.0349099
42.17 0.973252 0.0348989
42.18 0.98269 0.0348912
42.19 0.99222 0.0348869
42.2 1.00184 0.0348858
42.21 1.01156 0.0348882
42.22 1.02137 0.0348939
42.23 1.03127 0.0349031
42.24 1.04127 0.0349158
42.25 1.05137 0.0349319
42.26 1.06157 0.0349517
42.27 1.07186 0.034975
42.28 1.08226 0.0350019
42.29 1.09275 0.0350326
42.3 1.10334 0.0350669
42.31 1.11404 0.0351051
42.32 1.12484 0.035147
42.33 1.13575 0.0351928
42.34 1.14676 0.0352426
42.35 1.15788 0.0352963
42.36 1.1691 0.0353541
42.37 1.18043 0.0354159
42.38 1.19187 0.0354819
42.39 1.20342 0.0355521
42.4 1.21509 0.0356265
42.41 1.22686 0.0357054
42.42 1.23875 0.0357886
42.43 1.25075 0.0358763
42.44 1.26287 0.0359685
42.45 1.2751 0.0360654
42.46 1.28745 0.036167
42.47 1.29992 0.0362733
42.48 1.3125 0.0363846
42.49 1.32521 0.0365008
42.5 1.33804 0.036622
42.51 1.35099 0.0367484
42.52 1.36407 0.03688
42.53 1.37727 0.037017
42.54 1.39059 0.0371594
42.55 1.40405 0.0373073
42.56 1.41763 0.0374609
42.57 1.43134 0.0376202
42.58 1.44518 0.0377855
42.59 1.45915 0.0379567
42.6 1.47325 0.0381341
42.61 1.48749 0.0383177
42.62 1.50186 0.0385077
42.63 1.51637 0.0387042
42.64 1.53102 0.0389075
42.65 1.5458 0.0391175
42.66 1.56073 0.0393345
42.67 1.57579 0.0395587
42.68 1.59099 0.0397901
42.69 1.60634 0.040029
42.7 1.62184 0.0402756
42.71 1.63747 0.04053
42.72 1.65326 0.0407924
42.73 1.66919 0.041063
42.74 1.68527 0.0413421
42.75 1.7015 0.0416297
42.76 1.71789 0.0419262
42.77 1.73442 0.0422317
42.78 1.75111 0.0425466
42.79 1.76795 0.042871
42.8 1.78495 0.0432051
42.81 1.80211 0.0435493
42.82 1.81943 0.0439038
42.83 1.8369 0.0442689
42.84 1.85454 0.0446449
42.85 1.87234 0.0450321
42.86 1.8903 0.0454307
42.87 1.90843 0.0458411
42.88 1.92672 0.0462637
42.89 1.94518 0.0466987
42.9 1.96381 0.0471466
42.91 1.9826 0.0476076
42.92 2.00157 0.0480823
42.93 2.02071 0.0485709
42.94 2.04002 0.049074
42.95 2.05951 0.0495918
42.96 2.07917 0.050125
42.97 2.09901 0.0506738
42.98 2.11902 0.0512389
42.99 2.13922 0.0518208
43 2.15959 0.0524198
43.01 2.18014 0.0530367
43.02 2.20088 0.0536718
43.03 2.2218 0.0543259
43.04 2.2429 0.0549995
43.05 2.26419 0.0556933
43.06 2.28567 0.0564079
43.07 2.30733 0.057144
43.08 2.32918 0.0579023
43.09 2.35121 0.0586835
43.1 2.37344 0.0594884
43.11 2.39586 0.0603178
43.12 2.41847 0.0611726
43.13 2.44127 0.0620536
43.14 2.46426 0.0629616
43.15 2.48745 0.0638977
43.16 2.51083 0.0648628
43.17 2.53441 0.065858
43.18 2.55818 0.0668843
43.19 2.58215 0.0679427
43.2 2.60632 0.0690346
43.21 2.63068 0.070161
43.22 2.65524 0.0713232
43.23 2.68 0.0725226
43.24 2.70495 0.0737604
43.25 2.73011 0.0750382
43.26 2.75546 0.0763574
43.27 2.78101 0.0777196
43.28 2.80676 0.0791264
43.29 2.8327 0.0805794
43.3 2.85884 0.0820805
43.31 2.88518 0.0836315
43.32 2.91172 0.0852344
43.33 2.93846 0.0868911
43.34 2.96538 0.0886038
43.35 2.99251 0.0903747
43.36 3.01983 0.092206
43.37 3.04734 0.0941003
43.38 3.07504 0.09606
43.39 3.10293 0.0980878
43.4 3.13101 0.100186
43.41 3.15927 0.102359
43.42 3.18772 0.104608
43.43 3.21636 0.106937
43.44 3.24517 0.109349
43.45 3.27416 0.111848
43.46 3.30333 0.114438
43.47 3.33267 0.117121
43.48 3.36218 0.119903
43.49 3.39185 0.122787
43.5 3.42168 0.125778
43.51 3.45167 0.128881
43.52 3.48182 0.132099
43.53 3.51211 0.135439
43.54 3.54254 0.138906
43.55 3.57312 0.142505
43.56 3.60382 0.146242
43.57 3.63465 0.150123
43.58 3.6656 0.154154
43.59 3.69666 0.158343
43.6 3.72782 0.162697
43.61 3.75908 0.167222
43.62 3.79043 0.171927
43.63 3.82185 0.17682
43.64 3.85335 0.181909
43.65 3.8849 0.187204
43.66 3.9165 0.192714
43.67 3.94813 0.198448
43.68 3.97978 0.204418
43.69 4.01145 0.210634
43.7 4.04311 0.217108
43.71 4.07475 0.223852
43.72 4.10636 0.230878
43.73 4.13791 0.238201
43.74 4.16939 0.245832
43.75 4.20079 0.253788
43.76 4.23208 0.262084
43.77 4.26324 0.270735
43.78 4.29425 0.279759
43.79 4.32509 0.289173
43.8 4.35573 0.298996
43.81 4.38615 0.309247
43.82 4.41632 0.319946
43.83 4.44621 0.331115
43.84 4.47579 0.342776
43.85 4.50503 0.354951
43.86 4.5339 0.367666
43.87 4.56236 0.380946
43.88 4.59037 0.394816
43.89 4.6179 0.409306
43.9 4.64491 0.424443
43.91 4.67136 0.440257
43.92 4.69719 0.45678
43.93 4.72238 0.474044
43.94 4.74685 0.492083
43.95 4.77058 0.510931
43.96 4.7935 0.530625
43.97 4.81556 0.551203
43.98 4.8367 0.572701
43.99 4.85687 0.595162
44 4.87601 0.618624
44.01 4.89404 0.643132
44.02 4.91092 0.668727
44.03 4.92656 0.695453
44.04 4.9409 0.723357
44.05 4.95387 0.752482
44.06 4.9654 0.782876
44.07 4.97541 0.814586
44.08 4.98382 0.847658
44.09 4.99057 0.88214
44.1 4.99556 0.918079
44.11 4.99873 0.955521
44.12 4.99998 0.994511
44.13 4.99925 1.0351
44.14 4.99645 1.07732
44.15 4.9915 1.12122
44.16 4.98432 1.16684
44.17 4.97484 1.21421
44.18 4.96298 1.26337
44.19 4.94867 1.31435
44.2 4.93185 1.36718
44.21 4.91243 1.42187
44.22 4.89038 1.47844
44.23 4.86562 1.53691
44.24 4.83811 1.59727
44.25 4.80782 1.65952
44.26 4.77469 1.72364
44.27 4.7387 1.78963
44.28 4.69985 1.85745
44.29 4.6581 1.92706
44.3 4.61348 1.99842
44.31 4.56599 2.07147
44.32 4.51564 2.14613
44.33 4.46249 2.22234
44.34 4.40657 2.3
44.35 4.34794 2.37901
44.36 4.28668 2.45925
44.37 4.22286 2.54062
44.38 4.1566 2.62297
44.39 4.08798 2.70616
44.4 4.01714 2.79005
44.41 3.94421 2.87447
44.42 3.86933 2.95925
44.43 3.79264 3.04423
44.44 3.71432 3.12922
44.45 3.63453 3.21404
44.46 3.55344 3.29851
44.47 3.47124 3.38243
44.48 3.3881 3.46562
44.49 3.30422 3.5479
44.5 3.21979 3.62907
44.51 3.13498 3.70895
44.52 3.05 3.78738
44.53 2.96501 3.86418
44.54 2.88021 3.93919
44.55 2.79576 4.01226
44.56 2.71183 4.08325
44.57 2.62859 4.15201
44.58 2.54618 4.21845
44.59 2.46474 4.28243
44.6 2.38441 4.34387
44.61 2.30532 4.40268
44.62 2.22756 4.45878
44.63 2.15125 4.51213
44.64 2.07648 4.56266
44.65 2.00332 4.61035
44.66 1.93185 4.65517
44.67 1.86212 4.69711
44.68 1.79417 4.73616
44.69 1.72806 4.77234
44.7 1.66381 4.80566
44.71 1.60143 4.83615
44.72 1.54094 4.86384
44.73 1.48235 4.88878
44.74 1.42565 4.91102
44.75 1.37083 4.93061
44.76 1.31788 4.94761
44.77 1.26677 4.96209
44.78 1.21749 4.97411
44.79 1.16999 4.98375
44.8 1.12426 4.99108
44.81 1.08024 4.99618
44.82 1.03791 4.99912
44.83 0.997213 5
44.84 0.958116 4.99887
44.85 0.920571 4.99583
44.86 0.884532 4.99096
44.87 0.849952 4.98433
44.88 0.816786 4.97603
44.89 0.784985 4.96613
44.9 0.754503 4.9547
44.91 0.725293 4.94182
44.92 0.697308 4.92757
44.93 0.670503 4.91202
44.94 0.644833 4.89523
44.95 0.620253 4.87727
44.96 0.596721 4.8582
44.97 0.574194 4.8381
44.98 0.552631 4.81702
44.99 0.531993 4.79502
45 0.51224 4.77216
45.01 0.493336 4.74849
45.02 0.475243 4.72406
45.03 0.457927 4.69892
45.04 0.441355 4.67313
45.05 0.425494 4.64673
45.06 0.410312 4.61975
45.07 0.395779 4.59226
45.08 0.381868 4.56427
45.09 0.368549 4.53584
45.1 0.355796 4.507
45.11 0.343585 4.47778
45.12 0.33189 4.44823
45.13 0.320689 4.41836
45.14 0.309958 4.38821
45.15 0.299678 4.35781
45.16 0.289826 4.32718
45.17 0.280385 4.29635
45.18 0.271335 4.26535
45.19 0.262659 4.2342
45.2 0.25434 4.20292
45.21 0.246361 4.17153
45.22 0.238708 4.14005
45.23 0.231366 4.1085
45.24 0.22432 4.07689
45.25 0.217557 4.04526
45.26 0.211065 4.0136
45.27 0.204832 3.98193
45.28 0.198846 3.95027
45.29 0.193095 3.91864
45.3 0.187571 3.88704
45.31 0.182262 3.85549
45.32 0.177159 3.82399
45.33 0.172253 3.79256
45.34 0.167535 3.76121
45.35 0.162998 3.72994
45.36 0.158633 3.69877
45.37 0.154433 3.6677
45.38 0.150391 3.63675
45.39 0.1465 3.60591
45.4 0.142754 3.57519
45.41 0.139146 3.54461
45.42 0.135671 3.51417
45.43 0.132322 3.48387
45.44 0.129095 3.45371
45.45 0.125985 3.42371
45.46 0.122987 3.39387
45.47 0.120095 3.36418
45.48 0.117307 3.33466
45.49 0.114617 3.30531
45.5 0.112021 3.27614
45.51 0.109516 3.24713
45.52 0.107098 3.21831
45.53 0.104763 3.18966
45.54 0.102509 3.1612
45.55 0.100331 3.13292
45.56 0.0982278 3.10483
45.57 0.0961954 3.07692
45.58 0.0942311 3.04921
45.59 0.0923325 3.02169
45.6 0.090497 2.99435
45.61 0.0887221 2.96722
45.62 0.0870055 2.94028
45.63 0.0853451 2.91353
45.64 0.0837386 2.88698
45.65 0.0821841 2.86063
45.66 0.0806797 2.83447
45.67 0.0792234 2.80851
45.68 0.0778136 2.78275
45.69 0.0764484 2.75719
45.7 0.0751264 2.73182
45.71 0.0738458 2.70665
45.72 0.0726053 2.68168
45.73 0.0714034 2.65691
45.74 0.0702387 2.63234
45.75 0.0691099 2.60796
45.76 0.0680157 2.58379
45.77 0.066955 2.5598
45.78 0.0659266 2.53602
45.79 0.0649294 2.51243
45.8 0.0639623 2.48903
45.81 0.0630242 2.46583
45.82 0.0621143 2.44282
45.83 0.0612315 2.42001
45.84 0.060375 2.39739
45.85 0.0595439 2.37495
45.86 0.0587373 2.35271
45.87 0.0579545 2.33066
45.88 0.0571947 2.3088
45.89 0.0564572 2.28713
45.9 0.0557411 2.26564
45.91 0.055046 2.24434
45.92 0.054371 2.22323
45.93 0.0537156 2.20229
45.94 0.0530792 2.18155
45.95 0.0524611 2.16098
45.96 0.0518608 2.14059
45.97 0.0512779 2.12039
45.98 0.0507117 2.10036
45.99 0.0501617 2.08051
46 0.0496275 2.06084
46.01 0.0491086 2.04134
46.02 0.0486046 2.02201
46.03 0.048115 2.00286
46.04 0.0476394 1.98388
46.05 0.0471774 1.96508
46.06 0.0467287 1.94644
46.07 0.0462928 1.92796
46.08 0.0458694 1.90966
46.09 0.0454582 1.89152
46.1 0.0450587 1.87355
46.11 0.0446708 1.85574
46.12 0.0442941 1.83809
46.13 0.0439283 1.82061
46.14 0.0435731 1.80328
46.15 0.0432282 1.78611
46.16 0.0428933 1.7691
46.17 0.0425683 1.75225
46.18 0.0422528 1.73555
46.19 0.0419466 1.719
46.2 0.0416495 1.70261
46.21 0.0413613 1.68637
46.22 0.0410817 1.67028
46.23 0.0408105 1.65433
46.24 0.0405475 1.63854
46.25 0.0402926 1.62289
46.26 0.0400455 1.60739
46.27 0.0398061 1.59203
46.28 0.0395741 1.57682
46.29 0.0393495 1.56174
46.3 0.039132 1.54681
46.31 0.0389215 1.53202
46.32 0.0387178 1.51736
46.33 0.0385208 1.50284
46.34 0.0383304 1.48846
46.35 0.0381463 1.47422
46.36 0.0379685 1.4601
46.37 0.0377969 1.44612
46.38 0.0376312 1.43227
46.39 0.0374715 1.41855
46.4 0.0373175 1.40496
46.41 0.0371692 1.3915
46.42 0.0370265 1.37817
46.43 0.0368891 1.36496
46.44 0.0367572 1.35188
46.45 0.0366304 1.33892
46.46 0.0365088 1.32608
46.47 0.0363923 1.31336
46.48 0.0362807 1.30077
46.49 0.036174 1.28829
46.5 0.0360721 1.27593
46.51 0.0359749 1.26369
46.52 0.0358824 1.25157
46.53 0.0357944 1.23956
46.54 0.0357109 1.22766
46.55 0.0356318 1.21588
46.56 0.035557 1.20421
46.57 0.0354865 1.19265
46.58 0.0354202 1.1812
46.59 0.0353581 1.16987
46.6 0.0353001 1.15863
46.61 0.0352461 1.14751
46.62 0.0351961 1.13649
46.63 0.03515 1.12558
46.64 0.0351078 1.11477
46.65 0.0350694 1.10407
46.66 0.0350348 1.09346
46.67 0.0350039 1.08296
46.68 0.0349767 1.07256
46.69 0.0349531 1.06226
46.7 0.0349332 1.05206
46.71 0.0349167 1.04196
46.72 0.0349038 1.03195
46.73 0.0348944 1.02204
46.74 0.0348884 1.01222
46.75 0.0348859 1.0025
46.76 0.0348867 0.99287
46.77 0.0348908 0.983334
46.78 0.0348983 0.973889
46.79 0.0349091 0.964535
46.8 0.0349231 0.955272
46.81 0.0349403 0.946097
46.82 0.0349607 0.937011
46.83 0.0349843 0.928012
46.84 0.0350111 0.919099
46.85 0.035041 0.910273
46.86 0.035074 0.901532
46.87 0.03511 0.892875
46.88 0.0351492 0.884301
46.89 0.0351914 0.87581
46.9 0.0352366 0.867401
46.91 0.0352848 0.859073
46.92 0.035336 0.850825
46.93 0.0353902 0.842657
46.94 0.0354474 0.834568
46.95 0.0355075 0.826557
46.96 0.0355706 0.818624
46.97 0.0356365 0.810767
46.98 0.0357054 0.802986
46.99 0.0357772 0.795281
47 0.0358519 0.787649
47.01 0.0359295 0.780092
47.02 0.0360099 0.772608
47.03 0.0360932 0.765196
47.04 0.0361794 0.757856
47.05 0.0362685 0.750587
47.06 0.0363603 0.743389
47.07 0.0364551 0.73626
47.08 0.0365526 0.7292
47.09 0.036653 0.722209
47.1 0.0367563 0.715285
47.11 0.0368623 0.708429
47.12 0.0369712 0.701639
47.13 0.0370829 0.694914
47.14 0.0371975 0.688255
47.15 0.0373149 0.681661
47.16 0.0374351 0.675131
47.17 0.0375581 0.668664
47.18 0.037684 0.66226
47.19 0.0378126 0.655918
47.2 0.0379442 0.649637
47.21 0.0380785 0.643418
47.22 0.0382157 0.637259
47.23 0.0383558 0.631159
47.24 0.0384987 0.625119
47.25 0.0386444 0.619138
47.26 0.038793 0.613215
47.27 0.0389445 0.607349
47.28 0.0390989 0.601541
47.29 0.0392561 0.595789
47.3 0.0394162 0.590093
47.31 0.0395793 0.584452
47.32 0.0397452 0.578866
47.33 0.039914 0.573335
47.34 0.0400858 0.567857
47.35 0.0402605 0.562432
47.36 0.0404381 0.557061
47.37 0.0406187 0.551742
47.38 0.0408023 0.546474
47.39 0.0409888 0.541258
47.4 0.0411783 0.536093
47.41 0.0413709 0.530977
47.42 0.0415664 0.525912
47.43 0.041765 0.520896
47.44 0.0419666 0.515929
47.45 0.0421713 0.511011
47.46 0.0423791 0.50614
47.47 0.0425899 0.501317
47.48 0.0428038 0.49654
47.49 0.0430209 0.491811
47.5 0.0432411 0.487127
47.51 0.0434645 0.482489
47.52 0.043691 0.477897
47.53 0.0439207 0.473349
47.54 0.0441536 0.468845
47.55 0.0443897 0.464386
47.56 0.0446291 0.45997
47.57 0.0448718 0.455597
47.58 0.0451177 0.451267
47.59 0.0453669 0.446979
47.6 0.0456195 0.442732
47.61 0.0458754 0.438528
47.62 0.0461346 0.434364
47.63 0.0463973 0.430241
47.64 0.0466634 0.426158
47.65 0.0469329 0.422115
47.66 0.0472058 0.418112
47.67 0.0474822 0.414148
47.68 0.0477622 0.410222
47.69 0.0480456 0.406335
47.7 0.0483326 0.402486
47.71 0.0486232 0.398674
47.72 0.0489174 0.3949
47.73 0.0492152 0.391163
47.74 0.0495167 0.387462
47.75 0.0498218 0.383797
47.76 0.0501307 0.380168
47.77 0.0504433 0.376575
47.78 0.0507597 0.373016
47.79 0.0510798 0.369493
47.8 0.0514038 0.366004
47.81 0.0517316 0.362549
47.82 0.0520633 0.359128
47.83 0.052399 0.35574
47.84 0.0527385 0.352386
47.85 0.0530821 0.349064
47.86 0.0534296 0.345775
47.87 0.0537812 0.342518
47.88 0.0541368 0.339293
47.89 0.0544966 0.336099
47.9 0.0548604 0.332937
47.91 0.0552285 0.329806
47.92 0.0556007 0.326705
47.93 0.0559772 0.323635
47.94 0.0563579 0.320595
47.95 0.056743 0.317584
47.96 0.0571324 0.314603
47.97 0.0575262 0.311652
47.98 0.0579244 0.308729
47.99 0.058327 0.305835
48 0.0587342 0.302969
48.01 0.0591458 0.300131
48.02 0.0595621 0.297321
48.03 0.0599829 0.294539
48.04 0.0604084 0.291784
48.05 0.0608386 0.289056
48.06 0.0612735 0.286354
48.07 0.0617131 0.283679
48.08 0.0621576 0.281031
48.09 0.0626069 0.278408
48.1 0.0630611 0.275811
48.11 0.0635203 0.273239
48.12 0.0639844 0.270693
48.13 0.0644536 0.268172
48.14 0.0649278 0.265675
48.15 0.0654072 0.263203
48.16 0.0658917 0.260756
48.17 0.0663814 0.258332
48.18 0.0668764 0.255932
48.19 0.0673766 0.253555
48.2 0.0678822 0.251202
48.21 0.0683932 0.248872
48.22 0.0689097 0.246565
48.23 0.0694316 0.244281
48.24 0.0699591 0.242019
48.25 0.0704922 0.239779
48.26 0.0710309 0.237561
48.27 0.0715754 0.235365
48.28 0.0721255 0.233191
48.29 0.0726815 0.231038
48.3 0.0732433 0.228906
48.31 0.0738111 0.226795
48.32 0.0743848 0.224705
48.33 0.0749645 0.222635
48.34 0.0755503 0.220586
48.35 0.0761422 0.218556
48.36 0.0767403 0.216547
48.37 0.0773447 0.214558
48.38 0.0779553 0.212588
48.39 0.0785724 0.210637
48.4 0.0791958 0.208706
48.41 0.0798257 0.206794
48.42 0.0804622 0.2049
48.43 0.0811053 0.203025
48.44 0.081755 0.201169
48.45 0.0824115 0.199331
48.46 0.0830747 0.197511
48.47 0.0837448 0.195709
48.48 0.0844218 0.193924
48.49 0.0851058 0.192158
48.5 0.0857969 0.190408
48.51 0.0864951 0.188676
48.52 0.0872004 0.186961
48.53 0.087913 0.185263
48.54 0.088633 0.183582
48.55 0.0893603 0.181917
48.56 0.0900951 0.180268
48.57 0.0908374 0.178636
48.58 0.0915873 0.17702
48.59 0.0923449 0.17542
48.6 0.0931102 0.173836
48.61 0.0938834 0.172267
48.62 0.0946645 0.170714
48.63 0.0954535 0.169176
48.64 0.0962506 0.167653
48.65 0.0970558 0.166145
48.66 0.0978692 0.164653
48.67 0.0986909 0.163175
48.68 0.099521 0.161711
48.69 0.10036 0.160262
48.7 0.101207 0.158828
48.71 0.102062 0.157407
48.72 0.102927 0.156001
48.73 0.1038 0.154608
48.74 0.104682 0.153229
48.75 0.105572 0.151864
48.76 0.106472 0.150513
48.77 0.107381 0.149175
48.78 0.1083 0.14785
48.79 0.109227 0.146538
48.8 0.110164 0.145239
48.81 0.111111 0.143953
48.82 0.112066 0.14268
48.83 0.113032 0.141419
48.84 0.114007 0.140171
48.85 0.114993 0.138935
48.86 0.115988 0.137712
48.87 0.116993 0.1365
48.88 0.118008 0.135301
48.89 0.119034 0.134114
48.9 0.12007 0.132938
48.91 0.121116 0.131774
48.92 0.122173 0.130622
48.93 0.12324 0.129481
48.94 0.124319 0.128351
48.95 0.125408 0.127233
48.96 0.126508 0.126126
48.97 0.127619 0.125029
48.98 0.128741 0.123944
48.99 0.129874 0.12287
49 0.131019 0.121806
49.01 0.132176 0.120753
49.02 0.133344 0.11971
49.03 0.134523 0.118678
49.04 0.135715 0.117656
49.05 0.136918 0.116644
49.06 0.138134 0.115642
49.07 0.139362 0.114651
49.08 0.140602 0.113669
49.09 0.141854 0.112697
49.1 0.143119 0.111735
49.11 0.144397 0.110782
49.12 0.145687 0.109839
49.13 0.14699 0.108905
49.14 0.148307 0.107981
49.15 0.149636 0.107066
49.16 0.150979 0.10616
49.17 0.152335 0.105263
49.18 0.153705 0.104375
49.19 0.155089 0.103496
49.2 0.156486 0.102626
49.21 0.157897 0.101765
49.22 0.159323 0.100912
49.23 0.160762 0.100068
49.24 0.162216 0.0992328
49.25 0.163685 0.0984056
49.26 0.165168 0.0975868
49.27 0.166666 0.0967762
49.28 0.168178 0.0959738
49.29 0.169706 0.0951795
49.3 0.17125 0.0943932
49.31 0.172808 0.0936149
49.32 0.174382 0.0928445
49.33 0.175972 0.0920818
49.34 0.177578 0.0913269
49.35 0.179199 0.0905796
49.36 0.180837 0.0898399
49.37 0.182491 0.0891077
49.38 0.184162 0.0883829
49.39 0.185849 0.0876656
49.4 0.187553 0.0869555
49.41 0.189274 0.0862526
49.42 0.191012 0.0855569
49.43 0.192767 0.0848683
49.44 0.19454 0.0841867
49.45 0.196331 0.0835121
49.46 0.198139 0.0828444
49.47 0.199965 0.0821835
49.48 0.20181 0.0815293
49.49 0.203672 0.0808819
49.5 0.205554 0.0802412
49.51 0.207454 0.079607
49.52 0.209372 0.0789793
49.53 0.21131 0.0783581
49.54 0.213268 0.0777433
49.55 0.215244 0.0771348
49.56 0.21724 0.0765326
49.57 0.219256 0.0759366
49.58 0.221293 0.0753469
49.59 0.223349 0.0747632
49.6 0.225426 0.0741855
49.61 0.227523 0.0736139
49.62 0.229641 0.0730482
49.63 0.23178 0.0724884
49.64 0.233941 0.0719345
49.65 0.236123 0.0713863
49.66 0.238326 0.0708438
49.67 0.240552 0.0703071
49.68 0.242799 0.0697759
49.69 0.245069 0.0692504
49.7 0.247361 0.0687303
49.71 0.249676 0.0682158
49.72 0.252014 0.0677066
49.73 0.254375 0.0672029
49.74 0.25676 0.0667044
49.75 0.259168 0.0662113
49.76 0.2616 0.0657234
49.77 0.264056 0.0652407
49.78 0.266537 0.0647631
49.79 0.269042 0.0642906
49.8 0.271572 0.0638232
49.81 0.274127 0.0633608
49.82 0.276707 0.0629034
49.83 0.279313 0.0624509
49.84 0.281944 0.0620032
49.85 0.284602 0.0615604
49.86 0.287286 0.0611224
49.87 0.289997 0.0606891
49.88 0.292734 0.0602606
49.89 0.295499 0.0598367
49.9 0.298291 0.0594175
49.91 0.30111 0.0590028
49.92 0.303958 0.0585927
49.93 0.306833 0.0581872
49.94 0.309737 0.0577861
49.95 0.31267 0.0573894
49.96 0.315632 0.0569971
49.97 0.318623 0.0566092
49.98 0.321644 0.0562257
49.99 0.324694 0.0558464
50 0.327775 0.0554714
