0 1.414 0
0.01 1.414 -0.00426267
0.02 1.41396 -0.00852535
0.03 1.41387 -0.0127877
0.04 1.41374 -0.0170493
0.05 1.41357 -0.0213098
0.06 1.41336 -0.0255689
0.07 1.4131 -0.0298261
0.08 1.41281 -0.0340813
0.09 1.41247 -0.0383339
0.1 1.41208 -0.0425836
0.11 1.41166 -0.0468301
0.12 1.41119 -0.051073
0.13 1.41068 -0.055312
0.14 1.41012 -0.0595467
0.15 1.40953 -0.0637768
0.16 1.40889 -0.0680018
0.17 1.40821 -0.0722215
0.18 1.40749 -0.0764355
0.19 1.40672 -0.0806434
0.2 1.40592 -0.084845
0.21 1.40507 -0.0890398
0.22 1.40418 -0.0932275
0.23 1.40325 -0.0974078
0.24 1.40227 -0.10158
0.25 1.40126 -0.105745
0.26 1.4002 -0.109901
0.27 1.3991 -0.114048
0.28 1.39796 -0.118186
0.29 1.39678 -0.122314
0.3 1.39556 -0.126433
0.31 1.39429 -0.130542
0.32 1.39299 -0.13464
0.33 1.39164 -0.138728
0.34 1.39025 -0.142804
0.35 1.38882 -0.146869
0.36 1.38736 -0.150923
0.37 1.38585 -0.154964
0.38 1.3843 -0.158993
0.39 1.38271 -0.163009
0.4 1.38108 -0.167013
0.41 1.37941 -0.171003
0.42 1.3777 -0.17498
0.43 1.37595 -0.178942
0.44 1.37416 -0.182891
0.45 1.37233 -0.186825
0.46 1.37046 -0.190745
0.47 1.36855 -0.19465
0.48 1.36661 -0.198539
0.49 1.36462 -0.202413
0.5 1.3626 -0.206271
0.51 1.36053 -0.210113
0.52 1.35843 -0.213938
0.53 1.35629 -0.217747
0.54 1.35412 -0.221539
0.55 1.3519 -0.225314
0.56 1.34965 -0.229072
0.57 1.34736 -0.232812
0.58 1.34503 -0.236534
0.59 1.34266 -0.240238
0.6 1.34026 -0.243924
0.61 1.33782 -0.247591
0.62 1.33535 -0.251239
0.63 1.33283 -0.254869
0.64 1.33028 -0.258479
0.65 1.3277 -0.26207
0.66 1.32508 -0.265641
0.67 1.32242 -0.269192
0.68 1.31973 -0.272723
0.69 1.317 -0.276234
0.7 1.31424 -0.279724
0.71 1.31144 -0.283194
0.72 1.30861 -0.286643
0.73 1.30575 -0.29007
0.74 1.30284 -0.293477
0.75 1.29991 -0.296862
0.76 1.29694 -0.300226
0.77 1.29394 -0.303568
0.78 1.2909 -0.306888
0.79 1.28783 -0.310187
0.8 1.28473 -0.313463
0.81 1.2816 -0.316716
0.82 1.27843 -0.319948
0.83 1.27523 -0.323156
0.84 1.272 -0.326342
0.85 1.26874 -0.329505
0.86 1.26544 -0.332645
0.87 1.26211 -0.335762
0.88 1.25876 -0.338856
0.89 1.25537 -0.341927
0.9 1.25195 -0.344974
0.91 1.2485 -0.347997
0.92 1.24502 -0.350997
0.93 1.24151 -0.353973
0.94 1.23797 -0.356926
0.95 1.2344 -0.359854
0.96 1.2308 -0.362759
0.97 1.22717 -0.365639
0.98 1.22352 -0.368495
0.99 1.21983 -0.371328
1 1.21612 -0.374135
1.01 1.21238 -0.376919
1.02 1.20861 -0.379678
1.03 1.20481 -0.382413
1.04 1.20099 -0.385124
1.05 1.19714 -0.38781
1.06 1.19326 -0.390471
1.07 1.18935 -0.393108
1.08 1.18542 -0.39572
1.09 1.18147 -0.398308
1.1 1.17748 -0.400871
1.11 1.17347 -0.403409
1.12 1.16944 -0.405923
1.13 1.16538 -0.408412
1.14 1.1613 -0.410876
1.15 1.15719 -0.413316
1.16 1.15305 -0.415731
1.17 1.1489 -0.418122
1.18 1.14472 -0.420488
1.19 1.14051 -0.422829
1.2 1.13628 -0.425145
1.21 1.13203 -0.427437
1.22 1.12776 -0.429705
1.23 1.12346 -0.431948
1.24 1.11914 -0.434167
1.25 1.1148 -0.436361
1.26 1.11044 -0.438531
1.27 1.10605 -0.440676
1.28 1.10164 -0.442797
1.29 1.09722 -0.444894
1.3 1.09277 -0.446967
1.31 1.0883 -0.449015
1.32 1.08381 -0.45104
1.33 1.0793 -0.453041
1.34 1.07477 -0.455017
1.35 1.07022 -0.45697
1.36 1.06565 -0.458899
1.37 1.06106 -0.460805
1.38 1.05645 -0.462687
1.39 1.05182 -0.464545
1.4 1.04718 -0.46638
1.41 1.04251 -0.468192
1.42 1.03783 -0.46998
1.43 1.03313 -0.471745
1.44 1.02841 -0.473487
1.45 1.02368 -0.475207
1.46 1.01893 -0.476903
1.47 1.01416 -0.478577
1.48 1.00937 -0.480228
1.49 1.00457 -0.481857
1.5 0.999751 -0.483463
1.51 0.994917 -0.485048
1.52 0.990066 -0.48661
1.53 0.9852 -0.48815
1.54 0.980319 -0.489668
1.55 0.975422 -0.491164
1.56 0.97051 -0.492639
1.57 0.965584 -0.494092
1.58 0.960643 -0.495525
1.59 0.955688 -0.496935
1.6 0.950718 -0.498325
1.61 0.945735 -0.499694
1.62 0.940738 -0.501042
1.63 0.935728 -0.502369
1.64 0.930704 -0.503676
1.65 0.925667 -0.504963
1.66 0.920618 -0.50623
1.67 0.915555 -0.507476
1.68 0.910481 -0.508702
1.69 0.905394 -0.509909
1.7 0.900294 -0.511097
1.71 0.895183 -0.512264
1.72 0.890061 -0.513413
1.73 0.884927 -0.514543
1.74 0.879781 -0.515653
1.75 0.874625 -0.516745
1.76 0.869457 -0.517818
1.77 0.864279 -0.518873
1.78 0.85909 -0.519909
1.79 0.853891 -0.520928
1.8 0.848682 -0.521928
1.81 0.843463 -0.522911
1.82 0.838234 -0.523876
1.83 0.832995 -0.524824
1.84 0.827747 -0.525754
1.85 0.822489 -0.526668
1.86 0.817222 -0.527564
1.87 0.811947 -0.528444
1.88 0.806662 -0.529307
1.89 0.801369 -0.530154
1.9 0.796068 -0.530985
1.91 0.790758 -0.531799
1.92 0.78544 -0.532598
1.93 0.780114 -0.533381
1.94 0.77478 -0.534148
1.95 0.769439 -0.534901
1.96 0.76409 -0.535638
1.97 0.758733 -0.53636
1.98 0.75337 -0.537067
1.99 0.747999 -0.53776
2 0.742621 -0.538438
2.01 0.737237 -0.539102
2.02 0.731846 -0.539752
2.03 0.726448 -0.540388
2.04 0.721045 -0.54101
2.05 0.715634 -0.541619
2.06 0.710218 -0.542214
2.07 0.704796 -0.542797
2.08 0.699368 -0.543366
2.09 0.693934 -0.543922
2.1 0.688495 -0.544466
2.11 0.683051 -0.544997
2.12 0.677601 -0.545516
2.13 0.672145 -0.546023
2.14 0.666685 -0.546517
2.15 0.66122 -0.547
2.16 0.65575 -0.547472
2.17 0.650275 -0.547932
2.18 0.644796 -0.54838
2.19 0.639312 -0.548818
2.2 0.633824 -0.549245
2.21 0.628332 -0.549661
2.22 0.622835 -0.550066
2.23 0.617334 -0.550461
2.24 0.61183 -0.550846
2.25 0.606321 -0.55122
2.26 0.600809 -0.551585
2.27 0.595293 -0.55194
2.28 0.589774 -0.552285
2.29 0.584251 -0.552621
2.3 0.578725 -0.552948
2.31 0.573195 -0.553266
2.32 0.567663 -0.553575
2.33 0.562127 -0.553875
2.34 0.556588 -0.554166
2.35 0.551046 -0.554449
2.36 0.545502 -0.554724
2.37 0.539955 -0.55499
2.38 0.534405 -0.555249
2.39 0.528852 -0.5555
2.4 0.523297 -0.555743
2.41 0.51774 -0.555978
2.42 0.51218 -0.556206
2.43 0.506618 -0.556427
2.44 0.501054 -0.556641
2.45 0.495487 -0.556848
2.46 0.489919 -0.557049
2.47 0.484348 -0.557242
2.48 0.478776 -0.55743
2.49 0.473202 -0.55761
2.5 0.467626 -0.557785
2.51 0.462048 -0.557954
2.52 0.456468 -0.558116
2.53 0.450887 -0.558273
2.54 0.445304 -0.558424
2.55 0.43972 -0.55857
2.56 0.434134 -0.55871
2.57 0.428547 -0.558846
2.58 0.422959 -0.558975
2.59 0.417369 -0.5591
2.6 0.411778 -0.559221
2.61 0.406186 -0.559336
2.62 0.400592 -0.559447
2.63 0.394998 -0.559553
2.64 0.389402 -0.559655
2.65 0.383806 -0.559753
2.66 0.378208 -0.559846
2.67 0.37261 -0.559936
2.68 0.367011 -0.560021
2.69 0.36141 -0.560103
2.7 0.355809 -0.560181
2.71 0.350208 -0.560256
2.72 0.344605 -0.560327
2.73 0.339002 -0.560395
2.74 0.333398 -0.560459
2.75 0.327793 -0.560521
2.76 0.322188 -0.560579
2.77 0.316582 -0.560635
2.78 0.310976 -0.560687
2.79 0.305369 -0.560737
2.8 0.299762 -0.560784
2.81 0.294154 -0.560829
2.82 0.288545 -0.560871
2.83 0.282937 -0.560911
2.84 0.277328 -0.560949
2.85 0.271718 -0.560984
2.86 0.266108 -0.561018
2.87 0.260498 -0.561049
2.88 0.254888 -0.561078
2.89 0.249277 -0.561106
2.9 0.243666 -0.561131
2.91 0.238054 -0.561155
2.92 0.232443 -0.561178
2.93 0.226831 -0.561199
2.94 0.221219 -0.561218
2.95 0.215607 -0.561236
2.96 0.209995 -0.561253
2.97 0.204382 -0.561268
2.98 0.198769 -0.561282
2.99 0.193157 -0.561296
3 0.187544 -0.561308
3.01 0.181931 -0.561318
3.02 0.176317 -0.561328
3.03 0.170704 -0.561338
3.04 0.165091 -0.561346
3.05 0.159477 -0.561353
3.06 0.153864 -0.56136
3.07 0.14825 -0.561366
3.08 0.142636 -0.561372
3.09 0.137023 -0.561376
3.1 0.131409 -0.561381
3.11 0.125795 -0.561385
3.12 0.120181 -0.561388
3.13 0.114567 -0.561391
3.14 0.108953 -0.561393
3.15 0.10334 -0.561395
3.16 0.0977256 -0.561397
3.17 0.0921116 -0.561399
3.18 0.0864976 -0.5614
3.19 0.0808836 -0.561401
3.2 0.0752696 -0.561402
3.21 0.0696556 -0.561403
3.22 0.0640416 -0.561403
3.23 0.0584275 -0.561404
3.24 0.0528135 -0.561404
3.25 0.0471995 -0.561404
3.26 0.0415854 -0.561405
3.27 0.0359714 -0.561405
3.28 0.0303573 -0.561405
3.29 0.0247433 -0.561405
3.3 0.0191292 -0.561405
3.31 0.0135152 -0.561405
3.32 0.00790115 -0.561405
3.33 0.0022871 -0.561405
3.34 -0.00332695 -0.561405
3.35 -0.008941 -0.561405
3.36 -0.014555 -0.561405
3.37 -0.0201691 -0.561405
3.38 -0.0257831 -0.561405
3.39 -0.0313972 -0.561405
3.4 -0.0370112 -0.561405
3.41 -0.0426253 -0.561405
3.42 -0.0482393 -0.561404
3.43 -0.0538534 -0.561404
3.44 -0.0594674 -0.561404
3.45 -0.0650815 -0.561404
3.46 -0.0706955 -0.561403
3.47 -0.0763095 -0.561403
3.48 -0.0819236 -0.561402
3.49 -0.0875376 -0.561401
3.5 -0.0931516 -0.5614
3.51 -0.0987656 -0.561399
3.52 -0.10438 -0.561397
3.53 -0.109994 -0.561395
3.54 -0.115607 -0.561393
3.55 -0.121221 -0.56139
3.56 -0.126835 -0.561387
3.57 -0.132449 -0.561384
3.58 -0.138063 -0.56138
3.59 -0.143677 -0.561376
3.6 -0.149291 -0.561371
3.61 -0.154904 -0.561365
3.62 -0.160518 -0.561359
3.63 -0.166132 -0.561352
3.64 -0.171745 -0.561344
3.65 -0.177358 -0.561336
3.66 -0.182972 -0.561327
3.67 -0.188585 -0.561317
3.68 -0.194198 -0.561305
3.69 -0.199811 -0.561293
3.7 -0.205424 -0.56128
3.71 -0.211037 -0.561265
3.72 -0.21665 -0.56125
3.73 -0.222262 -0.561233
3.74 -0.227875 -0.561215
3.75 -0.233487 -0.561195
3.76 -0.239099 -0.561174
3.77 -0.24471 -0.561151
3.78 -0.250322 -0.561127
3.79 -0.255933 -0.561101
3.8 -0.261544 -0.561073
3.81 -0.267155 -0.561043
3.82 -0.272765 -0.561012
3.83 -0.278375 -0.560978
3.84 -0.283985 -0.560942
3.85 -0.289595 -0.560904
3.86 -0.295204 -0.560864
3.87 -0.300812 -0.560821
3.88 -0.306421 -0.560776
3.89 -0.312028 -0.560728
3.9 -0.317636 -0.560678
3.91 -0.323242 -0.560625
3.92 -0.328849 -0.560569
3.93 -0.334454 -0.56051
3.94 -0.340059 -0.560448
3.95 -0.345664 -0.560382
3.96 -0.351268 -0.560314
3.97 -0.356871 -0.560242
3.98 -0.362473 -0.560167
3.99 -0.368075 -0.560088
4 -0.373676 -0.560006
4.01 -0.379276 -0.559919
4.02 -0.384875 -0.559829
4.03 -0.390473 -0.559735
4.04 -0.396071 -0.559636
4.05 -0.401667 -0.559533
4.06 -0.407262 -0.559426
4.07 -0.412857 -0.559315
4.08 -0.41845 -0.559198
4.09 -0.424042 -0.559077
4.1 -0.429633 -0.558951
4.11 -0.435222 -0.55882
4.12 -0.44081 -0.558684
4.13 -0.446397 -0.558543
4.14 -0.451983 -0.558396
4.15 -0.457566 -0.558244
4.16 -0.463149 -0.558086
4.17 -0.46873 -0.557922
4.18 -0.474309 -0.557752
4.19 -0.479887 -0.557576
4.2 -0.485462 -0.557394
4.21 -0.491036 -0.557206
4.22 -0.496608 -0.557011
4.23 -0.502178 -0.556809
4.24 -0.507746 -0.556601
4.25 -0.513312 -0.556385
4.26 -0.518876 -0.556163
4.27 -0.524438 -0.555933
4.28 -0.529997 -0.555696
4.29 -0.535554 -0.555451
4.3 -0.541109 -0.555199
4.31 -0.546661 -0.554939
4.32 -0.55221 -0.554671
4.33 -0.557757 -0.554394
4.34 -0.563301 -0.55411
4.35 -0.568842 -0.553816
4.36 -0.57438 -0.553514
4.37 -0.579915 -0.553204
4.38 -0.585447 -0.552884
4.39 -0.590976 -0.552555
4.4 -0.596502 -0.552217
4.41 -0.602024 -0.55187
4.42 -0.607543 -0.551513
4.43 -0.613058 -0.551146
4.44 -0.618569 -0.550769
4.45 -0.624077 -0.550382
4.46 -0.629581 -0.549985
4.47 -0.63508 -0.549577
4.48 -0.640576 -0.549159
4.49 -0.646068 -0.548729
4.5 -0.651555 -0.548289
4.51 -0.657038 -0.547838
4.52 -0.662516 -0.547375
4.53 -0.66799 -0.546901
4.54 -0.673459 -0.546415
4.55 -0.678923 -0.545918
4.56 -0.684382 -0.545408
4.57 -0.689837 -0.544886
4.58 -0.695285 -0.544352
4.59 -0.700729 -0.543805
4.6 -0.706167 -0.543246
4.61 -0.711599 -0.542673
4.62 -0.717026 -0.542088
4.63 -0.722447 -0.541489
4.64 -0.727862 -0.540876
4.65 -0.733271 -0.540251
4.66 -0.738673 -0.539611
4.67 -0.744069 -0.538957
4.68 -0.749459 -0.538289
4.69 -0.754842 -0.537607
4.7 -0.760218 -0.536911
4.71 -0.765587 -0.536199
4.72 -0.770949 -0.535473
4.73 -0.776304 -0.534732
4.74 -0.781651 -0.533975
4.75 -0.786991 -0.533203
4.76 -0.792323 -0.532415
4.77 -0.797647 -0.531612
4.78 -0.802963 -0.530793
4.79 -0.808271 -0.529957
4.8 -0.813571 -0.529106
4.81 -0.818862 -0.528237
4.82 -0.824144 -0.527352
4.83 -0.829418 -0.526451
4.84 -0.834682 -0.525532
4.85 -0.839937 -0.524596
4.86 -0.845183 -0.523642
4.87 -0.85042 -0.522672
4.88 -0.855646 -0.521683
4.89 -0.860863 -0.520676
4.9 -0.86607 -0.519652
4.91 -0.871267 -0.518609
4.92 -0.876453 -0.517548
4.93 -0.881628 -0.516468
4.94 -0.886793 -0.51537
4.95 -0.891946 -0.514252
4.96 -0.897089 -0.513116
4.97 -0.90222 -0.51196
4.98 -0.90734 -0.510785
4.99 -0.912448 -0.50959
5 -0.917544 -0.508376
5.01 -0.922627 -0.507141
5.02 -0.927699 -0.505887
5.03 -0.932758 -0.504612
5.04 -0.937804 -0.503317
5.05 -0.942837 -0.502002
5.06 -0.947857 -0.500666
5.07 -0.952864 -0.499309
5.08 -0.957857 -0.497931
5.09 -0.962836 -0.496532
5.1 -0.967801 -0.495112
5.11 -0.972752 -0.49367
5.12 -0.977689 -0.492207
5.13 -0.982611 -0.490722
5.14 -0.987518 -0.489216
5.15 -0.992411 -0.487687
5.16 -0.997287 -0.486136
5.17 -1.00215 -0.484564
5.18 -1.00699 -0.482968
5.19 -1.01182 -0.481351
5.2 -1.01664 -0.479711
5.21 -1.02143 -0.478048
5.22 -1.02622 -0.476362
5.23 -1.03098 -0.474653
5.24 -1.03573 -0.472921
5.25 -1.04045 -0.471166
5.26 -1.04517 -0.469388
5.27 -1.04986 -0.467587
5.28 -1.05454 -0.465762
5.29 -1.05919 -0.463913
5.3 -1.06383 -0.462041
5.31 -1.06845 -0.460145
5.32 -1.07305 -0.458225
5.33 -1.07764 -0.456281
5.34 -1.0822 -0.454313
5.35 -1.08674 -0.452321
5.36 -1.09127 -0.450304
5.37 -1.09577 -0.448264
5.38 -1.10025 -0.446199
5.39 -1.10471 -0.44411
5.4 -1.10915 -0.441996
5.41 -1.11357 -0.439858
5.42 -1.11797 -0.437695
5.43 -1.12235 -0.435507
5.44 -1.12671 -0.433295
5.45 -1.13104 -0.431058
5.46 -1.13535 -0.428796
5.47 -1.13964 -0.426509
5.48 -1.1439 -0.424198
5.49 -1.14814 -0.421861
5.5 -1.15236 -0.4195
5.51 -1.15656 -0.417113
5.52 -1.16073 -0.414702
5.53 -1.16488 -0.412266
5.54 -1.169 -0.409804
5.55 -1.1731 -0.407318
5.56 -1.17717 -0.404807
5.57 -1.18122 -0.40227
5.58 -1.18524 -0.399709
5.59 -1.18924 -0.397122
5.6 -1.19321 -0.394511
5.61 -1.19715 -0.391874
5.62 -1.20107 -0.389213
5.63 -1.20496 -0.386526
5.64 -1.20883 -0.383815
5.65 -1.21267 -0.381078
5.66 -1.21648 -0.378317
5.67 -1.22026 -0.375531
5.68 -1.22402 -0.372721
5.69 -1.22774 -0.369885
5.7 -1.23144 -0.367025
5.71 -1.23511 -0.36414
5.72 -1.23875 -0.361231
5.73 -1.24237 -0.358297
5.74 -1.24595 -0.355339
5.75 -1.2495 -0.352357
5.76 -1.25303 -0.34935
5.77 -1.25652 -0.346319
5.78 -1.25998 -0.343264
5.79 -1.26342 -0.340185
5.8 -1.26682 -0.337082
5.81 -1.27019 -0.333955
5.82 -1.27353 -0.330805
5.83 -1.27684 -0.327631
5.84 -1.28011 -0.324434
5.85 -1.28336 -0.321213
5.86 -1.28657 -0.317969
5.87 -1.28975 -0.314703
5.88 -1.2929 -0.311413
5.89 -1.29601 -0.3081
5.9 -1.29909 -0.304765
5.91 -1.30214 -0.301407
5.92 -1.30515 -0.298027
5.93 -1.30813 -0.294625
5.94 -1.31108 -0.2912
5.95 -1.31399 -0.287754
5.96 -1.31687 -0.284286
5.97 -1.31971 -0.280797
5.98 -1.32252 -0.277286
5.99 -1.32529 -0.273754
6 -1.32803 -0.270202
6.01 -1.33073 -0.266628
6.02 -1.3334 -0.263034
6.03 -1.33603 -0.25942
6.04 -1.33862 -0.255785
6.05 -1.34118 -0.25213
6.06 -1.3437 -0.248456
6.07 -1.34619 -0.244762
6.08 -1.34863 -0.241049
6.09 -1.35105 -0.237317
6.1 -1.35342 -0.233566
6.11 -1.35575 -0.229797
6.12 -1.35805 -0.226009
6.13 -1.36031 -0.222203
6.14 -1.36253 -0.218379
6.15 -1.36472 -0.214538
6.16 -1.36686 -0.210679
6.17 -1.36897 -0.206803
6.18 -1.37104 -0.20291
6.19 -1.37307 -0.199001
6.2 -1.37506 -0.195076
6.21 -1.37701 -0.191134
6.22 -1.37892 -0.187177
6.23 -1.38079 -0.183204
6.24 -1.38262 -0.179216
6.25 -1.38442 -0.175213
6.26 -1.38617 -0.171196
6.27 -1.38788 -0.167165
6.28 -1.38955 -0.163119
6.29 -1.39118 -0.15906
6.3 -1.39277 -0.154987
6.31 -1.39432 -0.150901
6.32 -1.39583 -0.146803
6.33 -1.3973 -0.142692
6.34 -1.39873 -0.138568
6.35 -1.40011 -0.134434
6.36 -1.40146 -0.130287
6.37 -1.40276 -0.12613
6.38 -1.40402 -0.121961
6.39 -1.40524 -0.117782
6.4 -1.40642 -0.113593
6.41 -1.40755 -0.109394
6.42 -1.40865 -0.105186
6.43 -1.4097 -0.100968
6.44 -1.41071 -0.0967414
6.45 -1.41168 -0.0925064
6.46 -1.4126 -0.0882633
6.47 -1.41348 -0.0840124
6.48 -1.41432 -0.0797541
6.49 -1.41512 -0.0754887
6.5 -1.41588 -0.0712165
6.51 -1.41659 -0.066938
6.52 -1.41726 -0.0626535
6.53 -1.41789 -0.0583632
6.54 -1.41847 -0.0540677
6.55 -1.41901 -0.0497672
6.56 -1.41951 -0.0454621
6.57 -1.41996 -0.0411528
6.58 -1.42037 -0.0368397
6.59 -1.42074 -0.032523
6.6 -1.42107 -0.0282032
6.61 -1.42135 -0.0238807
6.62 -1.42159 -0.0195557
6.63 -1.42178 -0.0152287
6.64 -1.42194 -0.0109001
6.65 -1.42204 -0.00657015
6.66 -1.42211 -0.00223927
6.67 -1.42213 0.00209217
6.68 -1.42211 0.0064238
6.69 -1.42205 0.0107553
6.7 -1.42194 0.0150862
6.71 -1.42179 0.0194161
6.72 -1.4216 0.0237448
6.73 -1.42136 0.0280719
6.74 -1.42108 0.0323969
6.75 -1.42075 0.0367196
6.76 -1.42039 0.0410394
6.77 -1.41998 0.0453562
6.78 -1.41952 0.0496695
6.79 -1.41903 0.0539789
6.8 -1.41849 0.0582841
6.81 -1.4179 0.0625847
6.82 -1.41728 0.0668804
6.83 -1.41661 0.0711708
6.84 -1.4159 0.0754555
6.85 -1.41514 0.0797342
6.86 -1.41434 0.0840065
6.87 -1.4135 0.0882721
6.88 -1.41262 0.0925306
6.89 -1.4117 0.0967816
6.9 -1.41073 0.101025
6.91 -1.40972 0.10526
6.92 -1.40867 0.109487
6.93 -1.40757 0.113704
6.94 -1.40643 0.117913
6.95 -1.40525 0.122112
6.96 -1.40403 0.126301
6.97 -1.40277 0.13048
6.98 -1.40147 0.134649
6.99 -1.40012 0.138807
7 -1.39873 0.142953
7.01 -1.3973 0.147088
7.02 -1.39583 0.151211
7.03 -1.39432 0.155322
7.04 -1.39277 0.159421
7.05 -1.39117 0.163506
7.06 -1.38954 0.167579
7.07 -1.38786 0.171638
7.08 -1.38614 0.175684
7.09 -1.38439 0.179715
7.1 -1.38259 0.183732
7.11 -1.38075 0.187735
7.12 -1.37888 0.191722
7.13 -1.37696 0.195695
7.14 -1.375 0.199652
7.15 -1.373 0.203593
7.16 -1.37097 0.207518
7.17 -1.36889 0.211426
7.18 -1.36678 0.215318
7.19 -1.36463 0.219194
7.2 -1.36243 0.223052
7.21 -1.3602 0.226892
7.22 -1.35793 0.230715
7.23 -1.35563 0.23452
7.24 -1.35328 0.238307
7.25 -1.3509 0.242076
7.26 -1.34848 0.245825
7.27 -1.34602 0.249556
7.28 -1.34352 0.253268
7.29 -1.34099 0.25696
7.3 -1.33842 0.260633
7.31 -1.33582 0.264286
7.32 -1.33317 0.267919
7.33 -1.33049 0.271532
7.34 -1.32778 0.275124
7.35 -1.32503 0.278696
7.36 -1.32224 0.282247
7.37 -1.31942 0.285776
7.38 -1.31656 0.289285
7.39 -1.31367 0.292772
7.4 -1.31074 0.296237
7.41 -1.30778 0.299681
7.42 -1.30478 0.303103
7.43 -1.30175 0.306502
7.44 -1.29868 0.309879
7.45 -1.29559 0.313234
7.46 -1.29245 0.316566
7.47 -1.28929 0.319876
7.48 -1.28609 0.323162
7.49 -1.28286 0.326426
7.5 -1.27959 0.329666
7.51 -1.2763 0.332883
7.52 -1.27297 0.336076
7.53 -1.26961 0.339246
7.54 -1.26621 0.342392
7.55 -1.26279 0.345515
7.56 -1.25934 0.348613
7.57 -1.25585 0.351688
7.58 -1.25233 0.354738
7.59 -1.24878 0.357764
7.6 -1.24521 0.360766
7.61 -1.2416 0.363744
7.62 -1.23796 0.366697
7.63 -1.23429 0.369625
7.64 -1.2306 0.372529
7.65 -1.22687 0.375408
7.66 -1.22312 0.378262
7.67 -1.21934 0.381092
7.68 -1.21553 0.383896
7.69 -1.21169 0.386676
7.7 -1.20782 0.389431
7.71 -1.20393 0.392161
7.72 -1.2 0.394865
7.73 -1.19606 0.397545
7.74 -1.19208 0.4002
7.75 -1.18808 0.402829
7.76 -1.18405 0.405433
7.77 -1.18 0.408012
7.78 -1.17592 0.410566
7.79 -1.17181 0.413095
7.8 -1.16768 0.415599
7.81 -1.16352 0.418077
7.82 -1.15934 0.42053
7.83 -1.15514 0.422958
7.84 -1.15091 0.425361
7.85 -1.14665 0.427739
7.86 -1.14238 0.430091
7.87 -1.13808 0.432419
7.88 -1.13375 0.434721
7.89 -1.1294 0.436999
7.9 -1.12503 0.439251
7.91 -1.12064 0.441479
7.92 -1.11623 0.443681
7.93 -1.11179 0.445859
7.94 -1.10733 0.448012
7.95 -1.10285 0.45014
7.96 -1.09835 0.452244
7.97 -1.09383 0.454323
7.98 -1.08928 0.456377
7.99 -1.08472 0.458407
8 -1.08014 0.460412
8.01 -1.07553 0.462394
8.02 -1.07091 0.464351
8.03 -1.06626 0.466283
8.04 -1.0616 0.468192
8.05 -1.05692 0.470077
8.06 -1.05222 0.471937
8.07 -1.0475 0.473774
8.08 -1.04276 0.475587
8.09 -1.03801 0.477377
8.1 -1.03323 0.479143
8.11 -1.02844 0.480886
8.12 -1.02363 0.482605
8.13 -1.01881 0.484302
8.14 -1.01396 0.485975
8.15 -1.0091 0.487625
8.16 -1.00423 0.489253
8.17 -0.999334 0.490857
8.18 -0.994426 0.49244
8.19 -0.989501 0.493999
8.2 -0.984561 0.495537
8.21 -0.979606 0.497052
8.22 -0.974635 0.498546
8.23 -0.96965 0.500017
8.24 -0.96465 0.501467
8.25 -0.959635 0.502895
8.26 -0.954606 0.504301
8.27 -0.949563 0.505686
8.28 -0.944506 0.50705
8.29 -0.939436 0.508393
8.3 -0.934352 0.509715
8.31 -0.929255 0.511017
8.32 -0.924145 0.512298
8.33 -0.919022 0.513558
8.34 -0.913886 0.514798
8.35 -0.908738 0.516018
8.36 -0.903578 0.517218
8.37 -0.898406 0.518399
8.38 -0.893222 0.519559
8.39 -0.888026 0.520701
8.4 -0.882819 0.521823
8.41 -0.877601 0.522925
8.42 -0.872372 0.524009
8.43 -0.867131 0.525074
8.44 -0.861881 0.526121
8.45 -0.856619 0.527149
8.46 -0.851348 0.528159
8.47 -0.846066 0.529151
8.48 -0.840775 0.530125
8.49 -0.835474 0.531081
8.5 -0.830163 0.532019
8.51 -0.824843 0.532941
8.52 -0.819513 0.533845
8.53 -0.814175 0.534732
8.54 -0.808827 0.535602
8.55 -0.803471 0.536455
8.56 -0.798107 0.537292
8.57 -0.792734 0.538113
8.58 -0.787353 0.538918
8.59 -0.781964 0.539706
8.6 -0.776567 0.540479
8.61 -0.771162 0.541236
8.62 -0.765749 0.541978
8.63 -0.76033 0.542705
8.64 -0.754903 0.543417
8.65 -0.749468 0.544114
8.66 -0.744027 0.544796
8.67 -0.738579 0.545464
8.68 -0.733125 0.546117
8.69 -0.727664 0.546756
8.7 -0.722196 0.547382
8.71 -0.716722 0.547993
8.72 -0.711242 0.548591
8.73 -0.705756 0.549176
8.74 -0.700265 0.549747
8.75 -0.694767 0.550306
8.76 -0.689264 0.550852
8.77 -0.683756 0.551384
8.78 -0.678242 0.551905
8.79 -0.672723 0.552413
8.8 -0.667199 0.552909
8.81 -0.661669 0.553393
8.82 -0.656135 0.553866
8.83 -0.650597 0.554326
8.84 -0.645054 0.554776
8.85 -0.639506 0.555214
8.86 -0.633954 0.555641
8.87 -0.628397 0.556057
8.88 -0.622837 0.556463
8.89 -0.617272 0.556858
8.9 -0.611703 0.557242
8.91 -0.606131 0.557617
8.92 -0.600555 0.557981
8.93 -0.594975 0.558335
8.94 -0.589392 0.55868
8.95 -0.583805 0.559016
8.96 -0.578215 0.559342
8.97 -0.572621 0.559659
8.98 -0.567025 0.559966
8.99 -0.561425 0.560265
9 -0.555822 0.560556
9.01 -0.550217 0.560838
9.02 -0.544609 0.561111
9.03 -0.538997 0.561376
9.04 -0.533384 0.561633
9.05 -0.527767 0.561883
9.06 -0.522148 0.562124
9.07 -0.516527 0.562358
9.08 -0.510904 0.562585
9.09 -0.505278 0.562804
9.1 -0.49965 0.563017
9.11 -0.49402 0.563222
9.12 -0.488387 0.563421
9.13 -0.482753 0.563612
9.14 -0.477117 0.563798
9.15 -0.471479 0.563977
9.16 -0.465839 0.564149
9.17 -0.460198 0.564316
9.18 -0.454555 0.564477
9.19 -0.44891 0.564632
9.2 -0.443264 0.564781
9.21 -0.437616 0.564925
9.22 -0.431966 0.565063
9.23 -0.426316 0.565196
9.24 -0.420664 0.565324
9.25 -0.415011 0.565447
9.26 -0.409356 0.565565
9.27 -0.403701 0.565679
9.28 -0.398044 0.565787
9.29 -0.392386 0.565892
9.3 -0.386727 0.565992
9.31 -0.381067 0.566087
9.32 -0.375406 0.566179
9.33 -0.369744 0.566266
9.34 -0.364082 0.56635
9.35 -0.358418 0.56643
9.36 -0.352754 0.566506
9.37 -0.347089 0.566579
9.38 -0.341423 0.566648
9.39 -0.335757 0.566714
9.4 -0.330089 0.566777
9.41 -0.324422 0.566837
9.42 -0.318753 0.566893
9.43 -0.313084 0.566947
9.44 -0.307415 0.566998
9.45 -0.301745 0.567046
9.46 -0.296074 0.567091
9.47 -0.290404 0.567135
9.48 -0.284732 0.567175
9.49 -0.27906 0.567214
9.5 -0.273388 0.56725
9.51 -0.267716 0.567284
9.52 -0.262043 0.567315
9.53 -0.25637 0.567345
9.54 -0.250696 0.567373
9.55 -0.245023 0.567399
9.56 -0.239349 0.567424
9.57 -0.233674 0.567447
9.58 -0.228 0.567468
9.59 -0.222325 0.567488
9.6 -0.21665 0.567506
9.61 -0.210975 0.567523
9.62 -0.2053 0.567538
9.63 -0.199625 0.567553
9.64 -0.193949 0.567566
9.65 -0.188274 0.567578
9.66 -0.182598 0.567589
9.67 -0.176922 0.567599
9.68 -0.171246 0.567609
9.69 -0.16557 0.567617
9.7 -0.159894 0.567625
9.71 -0.154217 0.567631
9.72 -0.148541 0.567637
9.73 -0.142865 0.567643
9.74 -0.137188 0.567648
9.75 -0.131512 0.567652
9.76 -0.125835 0.567656
9.77 -0.120159 0.567659
9.78 -0.114482 0.567662
9.79 -0.108805 0.567665
9.8 -0.103129 0.567667
9.81 -0.0974522 0.567668
9.82 -0.0917755 0.56767
9.83 -0.0860988 0.567671
9.84 -0.0804221 0.567672
9.85 -0.0747454 0.567673
9.86 -0.0690686 0.567674
9.87 -0.0633919 0.567674
9.88 -0.0577151 0.567675
9.89 -0.0520384 0.567675
9.9 -0.0463616 0.567675
9.91 -0.0406849 0.567676
9.92 -0.0350081 0.567676
9.93 -0.0293314 0.567676
9.94 -0.0236546 0.567676
9.95 -0.0179778 0.567676
9.96 -0.0123011 0.567676
9.97 -0.00662433 0.567676
9.98 -0.000947569 0.567676
9.99 0.00472919 0.567676
10 0.0104059 0.567676
10.01 0.0160827 0.567676
10.02 0.0217595 0.567676
10.03 0.0274362 0.567676
10.04 0.033113 0.567676
10.05 0.0387897 0.567676
10.06 0.0444665 0.567676
10.07 0.0501433 0.567676
10.08 0.05582 0.567675
10.09 0.0614968 0.567675
10.1 0.0671735 0.567675
10.11 0.0728503 0.567674
10.12 0.078527 0.567674
10.13 0.0842037 0.567673
10.14 0.0898805 0.567672
10.15 0.0955572 0.56767
10.16 0.101234 0.567669
10.17 0.106911 0.567667
10.18 0.112587 0.567665
10.19 0.118264 0.567663
10.2 0.123941 0.56766
10.21 0.129617 0.567657
10.22 0.135294 0.567653
10.23 0.14097 0.567649
10.24 0.146647 0.567645
10.25 0.152323 0.567639
10.26 0.158 0.567633
10.27 0.163676 0.567627
10.28 0.169352 0.56762
10.29 0.175028 0.567611
10.3 0.180704 0.567603
10.31 0.186381 0.567593
10.32 0.192056 0.567582
10.33 0.197732 0.56757
10.34 0.203408 0.567557
10.35 0.209084 0.567543
10.36 0.214759 0.567528
10.37 0.220434 0.567512
10.38 0.226109 0.567494
10.39 0.231784 0.567475
10.4 0.237459 0.567454
10.41 0.243134 0.567432
10.42 0.248808 0.567408
10.43 0.254482 0.567382
10.44 0.260156 0.567355
10.45 0.265829 0.567326
10.46 0.271503 0.567294
10.47 0.277176 0.567261
10.48 0.282848 0.567226
10.49 0.28852 0.567188
10.5 0.294192 0.567148
10.51 0.299864 0.567106
10.52 0.305535 0.567061
10.53 0.311205 0.567014
10.54 0.316876 0.566964
10.55 0.322545 0.566911
10.56 0.328214 0.566856
10.57 0.333883 0.566797
10.58 0.339551 0.566735
10.59 0.345218 0.56667
10.6 0.350885 0.566602
10.61 0.356551 0.566531
10.62 0.362216 0.566456
10.63 0.367881 0.566377
10.64 0.373545 0.566295
10.65 0.379208 0.566208
10.66 0.38487 0.566118
10.67 0.390531 0.566024
10.68 0.396191 0.565925
10.69 0.40185 0.565822
10.7 0.407509 0.565715
10.71 0.413166 0.565603
10.72 0.418822 0.565487
10.73 0.424477 0.565365
10.74 0.43013 0.565239
10.75 0.435783 0.565108
10.76 0.441434 0.564971
10.77 0.447083 0.564829
10.78 0.452732 0.564682
10.79 0.458379 0.564528
10.8 0.464024 0.56437
10.81 0.469667 0.564205
10.82 0.47531 0.564034
10.83 0.48095 0.563857
10.84 0.486588 0.563674
10.85 0.492225 0.563484
10.86 0.49786 0.563288
10.87 0.503493 0.563085
10.88 0.509124 0.562875
10.89 0.514753 0.562657
10.9 0.520379 0.562433
10.91 0.526003 0.562201
10.92 0.531625 0.561962
10.93 0.537245 0.561715
10.94 0.542862 0.561461
10.95 0.548477 0.561198
10.96 0.554089 0.560927
10.97 0.559698 0.560648
10.98 0.565305 0.56036
10.99 0.570908 0.560064
11 0.576509 0.559759
11.01 0.582106 0.559445
11.02 0.587701 0.559121
11.03 0.593292 0.558789
11.04 0.59888 0.558447
11.05 0.604464 0.558095
11.06 0.610045 0.557734
11.07 0.615623 0.557362
11.08 0.621196 0.556981
11.09 0.626766 0.556589
11.1 0.632332 0.556187
11.11 0.637894 0.555774
11.12 0.643452 0.55535
11.13 0.649005 0.554915
11.14 0.654554 0.554469
11.15 0.660099 0.554011
11.16 0.665639 0.553542
11.17 0.671174 0.553061
11.18 0.676705 0.552569
11.19 0.682231 0.552064
11.2 0.687751 0.551547
11.21 0.693267 0.551017
11.22 0.698777 0.550475
11.23 0.704282 0.54992
11.24 0.709781 0.549352
11.25 0.715274 0.548771
11.26 0.720762 0.548177
11.27 0.726244 0.547569
11.28 0.73172 0.546947
11.29 0.737189 0.546311
11.3 0.742652 0.545661
11.31 0.748109 0.544997
11.32 0.753559 0.544319
11.33 0.759002 0.543625
11.34 0.764438 0.542917
11.35 0.769867 0.542194
11.36 0.775289 0.541456
11.37 0.780704 0.540702
11.38 0.786111 0.539933
11.39 0.79151 0.539148
11.4 0.796902 0.538347
11.41 0.802285 0.53753
11.42 0.807661 0.536697
11.43 0.813028 0.535847
11.44 0.818386 0.53498
11.45 0.823736 0.534097
11.46 0.829077 0.533196
11.47 0.834409 0.532279
11.48 0.839732 0.531344
11.49 0.845045 0.530391
11.5 0.850349 0.529421
11.51 0.855643 0.528432
11.52 0.860927 0.527426
11.53 0.866202 0.526401
11.54 0.871466 0.525358
11.55 0.876719 0.524296
11.56 0.881962 0.523215
11.57 0.887194 0.522115
11.58 0.892415 0.520996
11.59 0.897625 0.519858
11.6 0.902824 0.5187
11.61 0.908011 0.517523
11.62 0.913186 0.516325
11.63 0.91835 0.515108
11.64 0.923501 0.513871
11.65 0.928639 0.512613
11.66 0.933765 0.511335
11.67 0.938879 0.510036
11.68 0.943979 0.508716
11.69 0.949066 0.507375
11.7 0.95414 0.506013
11.71 0.9592 0.50463
11.72 0.964246 0.503225
11.73 0.969279 0.501799
11.74 0.974297 0.500351
11.75 0.9793 0.498881
11.76 0.984289 0.497389
11.77 0.989263 0.495875
11.78 0.994222 0.494338
11.79 0.999165 0.49278
11.8 1.00409 0.491198
11.81 1.009 0.489594
11.82 1.0139 0.487967
11.83 1.01878 0.486317
11.84 1.02364 0.484644
11.85 1.02849 0.482947
11.86 1.03332 0.481228
11.87 1.03813 0.479485
11.88 1.04293 0.477718
11.89 1.0477 0.475927
11.9 1.05246 0.474113
11.91 1.0572 0.472275
11.92 1.06193 0.470413
11.93 1.06663 0.468526
11.94 1.07132 0.466616
11.95 1.07598 0.464681
11.96 1.08063 0.462722
11.97 1.08526 0.460738
11.98 1.08986 0.45873
11.99 1.09445 0.456697
12 1.09902 0.454639
12.01 1.10356 0.452556
12.02 1.10809 0.450449
12.03 1.11259 0.448317
12.04 1.11708 0.446159
12.05 1.12154 0.443977
12.06 1.12598 0.441769
12.07 1.1304 0.439536
12.08 1.13479 0.437278
12.09 1.13916 0.434994
12.1 1.14351 0.432686
12.11 1.14784 0.430351
12.12 1.15215 0.427992
12.13 1.15643 0.425607
12.14 1.16068 0.423196
12.15 1.16491 0.42076
12.16 1.16912 0.418298
12.17 1.1733 0.415811
12.18 1.17746 0.413299
12.19 1.18159 0.41076
12.2 1.1857 0.408197
12.21 1.18978 0.405607
12.22 1.19384 0.402992
12.23 1.19787 0.400352
12.24 1.20187 0.397686
12.25 1.20585 0.394994
12.26 1.2098 0.392277
12.27 1.21372 0.389534
12.28 1.21762 0.386766
12.29 1.22149 0.383973
12.3 1.22533 0.381154
12.31 1.22914 0.37831
12.32 1.23292 0.375441
12.33 1.23668 0.372546
12.34 1.2404 0.369626
12.35 1.2441 0.366682
12.36 1.24776 0.363712
12.37 1.2514 0.360717
12.38 1.25501 0.357697
12.39 1.25859 0.354652
12.4 1.26213 0.351583
12.41 1.26565 0.348489
12.42 1.26913 0.345371
12.43 1.27259 0.342228
12.44 1.27601 0.339061
12.45 1.2794 0.335869
12.46 1.28276 0.332654
12.47 1.28608 0.329414
12.48 1.28938 0.326151
12.49 1.29264 0.322864
12.5 1.29587 0.319553
12.51 1.29906 0.316219
12.52 1.30223 0.312861
12.53 1.30535 0.30948
12.54 1.30845 0.306076
12.55 1.31151 0.30265
12.56 1.31454 0.2992
12.57 1.31753 0.295729
12.58 1.32049 0.292234
12.59 1.32341 0.288718
12.6 1.3263 0.285179
12.61 1.32915 0.281619
12.62 1.33196 0.278037
12.63 1.33474 0.274433
12.64 1.33749 0.270809
12.65 1.3402 0.267163
12.66 1.34287 0.263496
12.67 1.3455 0.259809
12.68 1.3481 0.256101
12.69 1.35066 0.252373
12.7 1.35319 0.248625
12.71 1.35567 0.244857
12.72 1.35812 0.24107
12.73 1.36053 0.237264
12.74 1.3629 0.233438
12.75 1.36524 0.229594
12.76 1.36753 0.225731
12.77 1.36979 0.22185
12.78 1.37201 0.21795
12.79 1.37419 0.214033
12.8 1.37633 0.210099
12.81 1.37843 0.206147
12.82 1.38049 0.202178
12.83 1.38251 0.198193
12.84 1.3845 0.194191
12.85 1.38644 0.190173
12.86 1.38834 0.186139
12.87 1.3902 0.18209
12.88 1.39202 0.178025
12.89 1.3938 0.173945
12.9 1.39554 0.169851
12.91 1.39724 0.165743
12.92 1.3989 0.16162
12.93 1.40051 0.157484
12.94 1.40209 0.153334
12.95 1.40362 0.149171
12.96 1.40511 0.144995
12.97 1.40656 0.140807
12.98 1.40797 0.136607
12.99 1.40934 0.132395
13 1.41066 0.128172
13.01 1.41194 0.123937
13.02 1.41318 0.119692
13.03 1.41438 0.115436
13.04 1.41553 0.11117
13.05 1.41665 0.106894
13.06 1.41771 0.102609
13.07 1.41874 0.0983153
13.08 1.41972 0.0940125
13.09 1.42066 0.0897014
13.1 1.42156 0.0853823
13.11 1.42242 0.0810555
13.12 1.42323 0.0767215
13.13 1.42399 0.0723805
13.14 1.42472 0.068033
13.15 1.4254 0.0636794
13.16 1.42603 0.0593199
13.17 1.42663 0.0549549
13.18 1.42718 0.0505849
13.19 1.42768 0.0462102
13.2 1.42814 0.0418311
13.21 1.42856 0.0374481
13.22 1.42894 0.0330615
13.23 1.42927 0.0286717
13.24 1.42955 0.024279
13.25 1.4298 0.0198839
13.26 1.43 0.0154867
13.27 1.43015 0.0110878
13.28 1.43026 0.00668751
13.29 1.43033 0.0022863
13.3 1.43035 -0.00211548
13.31 1.43033 -0.00651746
13.32 1.43027 -0.0109193
13.33 1.43016 -0.0153205
13.34 1.43 -0.0197208
13.35 1.42981 -0.0241198
13.36 1.42956 -0.0285171
13.37 1.42928 -0.0329123
13.38 1.42895 -0.037305
13.39 1.42858 -0.041695
13.4 1.42816 -0.0460817
13.41 1.4277 -0.0504649
13.42 1.42719 -0.0548441
13.43 1.42665 -0.0592189
13.44 1.42605 -0.0635891
13.45 1.42542 -0.0679542
13.46 1.42474 -0.0723139
13.47 1.42402 -0.0766678
13.48 1.42325 -0.0810154
13.49 1.42244 -0.0853566
13.5 1.42159 -0.0896908
13.51 1.42069 -0.0940178
13.52 1.41975 -0.0983371
13.53 1.41876 -0.102648
13.54 1.41774 -0.106951
13.55 1.41667 -0.111246
13.56 1.41556 -0.115531
13.57 1.4144 -0.119807
13.58 1.4132 -0.124073
13.59 1.41196 -0.128329
13.6 1.41068 -0.132574
13.61 1.40935 -0.136809
13.62 1.40799 -0.141033
13.63 1.40657 -0.145245
13.64 1.40512 -0.149445
13.65 1.40363 -0.153633
13.66 1.40209 -0.157809
13.67 1.40051 -0.161972
13.68 1.39889 -0.166121
13.69 1.39723 -0.170258
13.7 1.39553 -0.17438
13.71 1.39379 -0.178489
13.72 1.392 -0.182583
13.73 1.39018 -0.186662
13.74 1.38831 -0.190727
13.75 1.3864 -0.194776
13.76 1.38445 -0.198809
13.77 1.38247 -0.202827
13.78 1.38044 -0.206829
13.79 1.37837 -0.210814
13.8 1.37626 -0.214782
13.81 1.37411 -0.218733
13.82 1.37193 -0.222667
13.83 1.3697 -0.226583
13.84 1.36743 -0.230482
13.85 1.36513 -0.234362
13.86 1.36278 -0.238224
13.87 1.3604 -0.242068
13.88 1.35798 -0.245892
13.89 1.35552 -0.249698
13.9 1.35303 -0.253484
13.91 1.35049 -0.25725
13.92 1.34792 -0.260997
13.93 1.34531 -0.264723
13.94 1.34266 -0.26843
13.95 1.33998 -0.272115
13.96 1.33726 -0.27578
13.97 1.3345 -0.279424
13.98 1.3317 -0.283047
13.99 1.32887 -0.286649
14 1.32601 -0.290229
14.01 1.3231 -0.293787
14.02 1.32017 -0.297323
14.03 1.31719 -0.300837
14.04 1.31419 -0.304329
14.05 1.31114 -0.307798
14.06 1.30806 -0.311245
14.07 1.30495 -0.314669
14.08 1.3018 -0.318069
14.09 1.29862 -0.321447
14.1 1.29541 -0.324801
14.11 1.29216 -0.328132
14.12 1.28888 -0.33144
14.13 1.28557 -0.334723
14.14 1.28222 -0.337983
14.15 1.27884 -0.341219
14.16 1.27543 -0.34443
14.17 1.27198 -0.347618
14.18 1.26851 -0.35078
14.19 1.265 -0.353919
14.2 1.26146 -0.357033
14.21 1.25789 -0.360122
14.22 1.25429 -0.363187
14.23 1.25066 -0.366226
14.24 1.24699 -0.369241
14.25 1.2433 -0.37223
14.26 1.23958 -0.375195
14.27 1.23583 -0.378134
14.28 1.23205 -0.381048
14.29 1.22824 -0.383937
14.3 1.2244 -0.3868
14.31 1.22053 -0.389638
14.32 1.21663 -0.392451
14.33 1.21271 -0.395238
14.34 1.20875 -0.397999
14.35 1.20477 -0.400735
14.36 1.20077 -0.403445
14.37 1.19673 -0.40613
14.38 1.19267 -0.408788
14.39 1.18858 -0.411422
14.4 1.18447 -0.414029
14.41 1.18033 -0.416611
14.42 1.17616 -0.419167
14.43 1.17197 -0.421697
14.44 1.16775 -0.424202
14.45 1.16351 -0.42668
14.46 1.15925 -0.429133
14.47 1.15495 -0.431561
14.48 1.15064 -0.433963
14.49 1.1463 -0.436339
14.5 1.14194 -0.438689
14.51 1.13755 -0.441014
14.52 1.13314 -0.443314
14.53 1.12871 -0.445588
14.54 1.12425 -0.447836
14.55 1.11977 -0.450059
14.56 1.11527 -0.452257
14.57 1.11075 -0.454429
14.58 1.1062 -0.456576
14.59 1.10164 -0.458698
14.6 1.09705 -0.460795
14.61 1.09244 -0.462867
14.62 1.08781 -0.464914
14.63 1.08317 -0.466936
14.64 1.0785 -0.468933
14.65 1.07381 -0.470906
14.66 1.0691 -0.472854
14.67 1.06437 -0.474777
14.68 1.05962 -0.476676
14.69 1.05485 -0.47855
14.7 1.05007 -0.480401
14.71 1.04526 -0.482227
14.72 1.04044 -0.484029
14.73 1.0356 -0.485807
14.74 1.03074 -0.487561
14.75 1.02587 -0.489292
14.76 1.02098 -0.490999
14.77 1.01607 -0.492682
14.78 1.01114 -0.494343
14.79 1.0062 -0.49598
14.8 1.00124 -0.497594
14.81 0.99626 -0.499185
14.82 0.991268 -0.500753
14.83 0.98626 -0.502298
14.84 0.981237 -0.503821
14.85 0.976199 -0.505322
14.86 0.971146 -0.5068
14.87 0.966078 -0.508256
14.88 0.960995 -0.50969
14.89 0.955898 -0.511102
14.9 0.950787 -0.512493
14.91 0.945662 -0.513862
14.92 0.940524 -0.51521
14.93 0.935372 -0.516537
14.94 0.930206 -0.517842
14.95 0.925028 -0.519127
14.96 0.919837 -0.520391
14.97 0.914633 -0.521634
14.98 0.909416 -0.522857
14.99 0.904188 -0.52406
15 0.898947 -0.525242
15.01 0.893695 -0.526405
15.02 0.888431 -0.527548
15.03 0.883155 -0.528672
15.04 0.877869 -0.529776
15.05 0.872571 -0.530861
15.06 0.867262 -0.531926
15.07 0.861943 -0.532973
15.08 0.856613 -0.534002
15.09 0.851273 -0.535012
15.1 0.845923 -0.536003
15.11 0.840563 -0.536977
15.12 0.835193 -0.537932
15.13 0.829814 -0.53887
15.14 0.824425 -0.53979
15.15 0.819027 -0.540692
15.16 0.81362 -0.541578
15.17 0.808205 -0.542446
15.18 0.80278 -0.543298
15.19 0.797347 -0.544133
15.2 0.791906 -0.544951
15.21 0.786456 -0.545753
15.22 0.780999 -0.546539
15.23 0.775533 -0.547309
15.24 0.77006 -0.548064
15.25 0.76458 -0.548803
15.26 0.759092 -0.549526
15.27 0.753596 -0.550234
15.28 0.748094 -0.550928
15.29 0.742585 -0.551606
15.3 0.737069 -0.55227
15.31 0.731546 -0.55292
15.32 0.726017 -0.553555
15.33 0.720481 -0.554176
15.34 0.71494 -0.554783
15.35 0.709392 -0.555377
15.36 0.703838 -0.555957
15.37 0.698278 -0.556524
15.38 0.692713 -0.557078
15.39 0.687142 -0.557619
15.4 0.681566 -0.558147
15.41 0.675985 -0.558662
15.42 0.670398 -0.559166
15.43 0.664806 -0.559657
15.44 0.65921 -0.560136
15.45 0.653609 -0.560603
15.46 0.648002 -0.561058
15.47 0.642392 -0.561502
15.48 0.636777 -0.561935
15.49 0.631158 -0.562357
15.5 0.625534 -0.562768
15.51 0.619906 -0.563168
15.52 0.614275 -0.563557
15.53 0.608639 -0.563936
15.54 0.603 -0.564305
15.55 0.597357 -0.564664
15.56 0.59171 -0.565013
15.57 0.58606 -0.565352
15.58 0.580406 -0.565682
15.59 0.574749 -0.566002
15.6 0.569089 -0.566314
15.61 0.563426 -0.566616
15.62 0.55776 -0.566909
15.63 0.552091 -0.567194
15.64 0.546419 -0.56747
15.65 0.540744 -0.567738
15.66 0.535067 -0.567998
15.67 0.529387 -0.56825
15.68 0.523705 -0.568493
15.69 0.51802 -0.56873
15.7 0.512332 -0.568958
15.71 0.506643 -0.569179
15.72 0.500951 -0.569393
15.73 0.495257 -0.5696
15.74 0.489561 -0.5698
15.75 0.483863 -0.569993
15.76 0.478163 -0.57018
15.77 0.472461 -0.57036
15.78 0.466758 -0.570534
15.79 0.461052 -0.570702
15.8 0.455345 -0.570863
15.81 0.449637 -0.571019
15.82 0.443927 -0.571169
15.83 0.438215 -0.571313
15.84 0.432502 -0.571452
15.85 0.426787 -0.571586
15.86 0.421071 -0.571714
15.87 0.415354 -0.571838
15.88 0.409636 -0.571956
15.89 0.403916 -0.57207
15.9 0.398196 -0.572179
15.91 0.392474 -0.572283
15.92 0.386751 -0.572383
15.93 0.381027 -0.572479
15.94 0.375302 -0.57257
15.95 0.369577 -0.572658
15.96 0.36385 -0.572741
15.97 0.358123 -0.572821
15.98 0.352394 -0.572897
15.99 0.346665 -0.572969
16 0.340936 -0.573039
16.01 0.335205 -0.573104
16.02 0.329474 -0.573167
16.03 0.323743 -0.573226
16.04 0.31801 -0.573282
16.05 0.312278 -0.573335
16.06 0.306544 -0.573386
16.07 0.30081 -0.573434
16.08 0.295076 -0.573479
16.09 0.289341 -0.573522
16.1 0.283606 -0.573562
16.11 0.27787 -0.5736
16.12 0.272134 -0.573635
16.13 0.266398 -0.573669
16.14 0.260661 -0.5737
16.15 0.254924 -0.57373
16.16 0.249187 -0.573757
16.17 0.243449 -0.573783
16.18 0.237712 -0.573807
16.19 0.231974 -0.573829
16.2 0.226235 -0.57385
16.21 0.220497 -0.573869
16.22 0.214758 -0.573887
16.23 0.209019 -0.573903
16.24 0.20328 -0.573919
16.25 0.197541 -0.573933
16.26 0.191802 -0.573945
16.27 0.186062 -0.573957
16.28 0.180323 -0.573968
16.29 0.174583 -0.573978
16.3 0.168843 -0.573986
16.31 0.163103 -0.573994
16.32 0.157363 -0.574002
16.33 0.151623 -0.574008
16.34 0.145883 -0.574014
16.35 0.140143 -0.574019
16.36 0.134403 -0.574024
16.37 0.128663 -0.574028
16.38 0.122922 -0.574031
16.39 0.117182 -0.574034
16.4 0.111442 -0.574037
16.41 0.105701 -0.574039
16.42 0.0999611 -0.574041
16.43 0.0942207 -0.574043
16.44 0.0884802 -0.574044
16.45 0.0827398 -0.574046
16.46 0.0769993 -0.574046
16.47 0.0712589 -0.574047
16.48 0.0655184 -0.574048
16.49 0.0597779 -0.574048
16.5 0.0540374 -0.574049
16.51 0.0482969 -0.574049
16.52 0.0425564 -0.574049
16.53 0.036816 -0.574049
16.54 0.0310755 -0.574049
16.55 0.025335 -0.574049
16.56 0.0195945 -0.574049
16.57 0.013854 -0.574049
16.58 0.00811349 -0.574049
16.59 0.002373 -0.574049
16.6 -0.0033675 -0.574049
16.61 -0.00910799 -0.574049
16.62 -0.0148485 -0.574049
16.63 -0.020589 -0.574049
16.64 -0.0263295 -0.574049
16.65 -0.03207 -0.574049
16.66 -0.0378105 -0.574049
16.67 -0.043551 -0.574049
16.68 -0.0492914 -0.574049
16.69 -0.0550319 -0.574049
16.7 -0.0607724 -0.574049
16.71 -0.0665129 -0.574048
16.72 -0.0722534 -0.574048
16.73 -0.0779939 -0.574047
16.74 -0.0837343 -0.574046
16.75 -0.0894748 -0.574045
16.76 -0.0952153 -0.574044
16.77 -0.100956 -0.574043
16.78 -0.106696 -0.574041
16.79 -0.112437 -0.574039
16.8 -0.118177 -0.574037
16.81 -0.123917 -0.574034
16.82 -0.129658 -0.574031
16.83 -0.135398 -0.574027
16.84 -0.141138 -0.574023
16.85 -0.146878 -0.574018
16.86 -0.152619 -0.574013
16.87 -0.158359 -0.574007
16.88 -0.164099 -0.574
16.89 -0.169839 -0.573993
16.9 -0.175579 -0.573985
16.91 -0.181319 -0.573976
16.92 -0.187058 -0.573966
16.93 -0.192798 -0.573955
16.94 -0.198538 -0.573943
16.95 -0.204277 -0.57393
16.96 -0.210016 -0.573916
16.97 -0.215755 -0.573901
16.98 -0.221494 -0.573884
16.99 -0.227233 -0.573866
17 -0.232972 -0.573846
17.01 -0.23871 -0.573825
17.02 -0.244449 -0.573803
17.03 -0.250187 -0.573778
17.04 -0.255924 -0.573752
17.05 -0.261662 -0.573725
17.06 -0.267399 -0.573695
17.07 -0.273136 -0.573663
17.08 -0.278873 -0.573629
17.09 -0.284609 -0.573593
17.1 -0.290345 -0.573555
17.11 -0.296081 -0.573514
17.12 -0.301816 -0.573471
17.13 -0.30755 -0.573426
17.14 -0.313285 -0.573377
17.15 -0.319019 -0.573326
17.16 -0.324752 -0.573273
17.17 -0.330484 -0.573216
17.18 -0.336217 -0.573156
17.19 -0.341948 -0.573093
17.2 -0.347679 -0.573027
17.21 -0.353409 -0.572957
17.22 -0.359139 -0.572884
17.23 -0.364868 -0.572807
17.24 -0.370596 -0.572727
17.25 -0.376323 -0.572643
17.26 -0.38205 -0.572554
17.27 -0.387775 -0.572462
17.28 -0.3935 -0.572366
17.29 -0.399223 -0.572265
17.3 -0.404946 -0.57216
17.31 -0.410668 -0.57205
17.32 -0.416388 -0.571935
17.33 -0.422108 -0.571816
17.34 -0.427826 -0.571692
17.35 -0.433543 -0.571563
17.36 -0.439258 -0.571428
17.37 -0.444972 -0.571288
17.38 -0.450685 -0.571143
17.39 -0.456397 -0.570992
17.4 -0.462107 -0.570835
17.41 -0.467815 -0.570672
17.42 -0.473522 -0.570503
17.43 -0.479227 -0.570328
17.44 -0.48493 -0.570147
17.45 -0.490632 -0.569959
17.46 -0.496331 -0.569765
17.47 -0.502029 -0.569564
17.48 -0.507724 -0.569355
17.49 -0.513418 -0.56914
17.5 -0.519109 -0.568917
17.51 -0.524799 -0.568687
17.52 -0.530485 -0.56845
17.53 -0.53617 -0.568204
17.54 -0.541852 -0.567951
17.55 -0.547532 -0.56769
17.56 -0.553208 -0.56742
17.57 -0.558883 -0.567142
17.58 -0.564554 -0.566856
17.59 -0.570223 -0.566561
17.6 -0.575888 -0.566257
17.61 -0.581551 -0.565944
17.62 -0.58721 -0.565621
17.63 -0.592866 -0.56529
17.64 -0.598519 -0.564949
17.65 -0.604169 -0.564598
17.66 -0.609815 -0.564237
17.67 -0.615457 -0.563866
17.68 -0.621096 -0.563484
17.69 -0.626731 -0.563093
17.7 -0.632362 -0.56269
17.71 -0.637988 -0.562277
17.72 -0.643611 -0.561853
17.73 -0.64923 -0.561418
17.74 -0.654844 -0.560971
17.75 -0.660454 -0.560513
17.76 -0.666059 -0.560044
17.77 -0.671659 -0.559562
17.78 -0.677255 -0.559068
17.79 -0.682846 -0.558562
17.8 -0.688431 -0.558044
17.81 -0.694012 -0.557513
17.82 -0.699587 -0.556969
17.83 -0.705156 -0.556412
17.84 -0.710721 -0.555842
17.85 -0.716279 -0.555259
17.86 -0.721832 -0.554662
17.87 -0.727378 -0.554051
17.88 -0.732919 -0.553426
17.89 -0.738453 -0.552787
17.9 -0.743981 -0.552134
17.91 -0.749502 -0.551467
17.92 -0.755017 -0.550784
17.93 -0.760525 -0.550087
17.94 -0.766026 -0.549375
17.95 -0.771519 -0.548648
17.96 -0.777006 -0.547905
17.97 -0.782485 -0.547146
17.98 -0.787956 -0.546372
17.99 -0.79342 -0.545581
18 -0.798876 -0.544775
18.01 -0.804324 -0.543952
18.02 -0.809763 -0.543112
18.03 -0.815194 -0.542256
18.04 -0.820617 -0.541382
18.05 -0.826031 -0.540492
18.06 -0.831435 -0.539584
18.07 -0.836831 -0.538659
18.08 -0.842218 -0.537715
18.09 -0.847595 -0.536754
18.1 -0.852963 -0.535775
18.11 -0.85832 -0.534778
18.12 -0.863668 -0.533762
18.13 -0.869006 -0.532728
18.14 -0.874333 -0.531675
18.15 -0.87965 -0.530603
18.16 -0.884956 -0.529511
18.17 -0.890251 -0.528401
18.18 -0.895535 -0.52727
18.19 -0.900808 -0.52612
18.2 -0.906069 -0.524951
18.21 -0.911318 -0.523761
18.22 -0.916556 -0.522551
18.23 -0.921781 -0.52132
18.24 -0.926995 -0.520069
18.25 -0.932195 -0.518798
18.26 -0.937383 -0.517505
18.27 -0.942558 -0.516191
18.28 -0.94772 -0.514856
18.29 -0.952869 -0.5135
18.3 -0.958004 -0.512122
18.31 -0.963125 -0.510722
18.32 -0.968232 -0.509301
18.33 -0.973325 -0.507858
18.34 -0.978404 -0.506392
18.35 -0.983468 -0.504904
18.36 -0.988517 -0.503394
18.37 -0.993551 -0.50186
18.38 -0.998569 -0.500305
18.39 -1.00357 -0.498726
18.4 -1.00856 -0.497124
18.41 -1.01353 -0.495499
18.42 -1.01849 -0.493851
18.43 -1.02342 -0.492179
18.44 -1.02835 -0.490484
18.45 -1.03325 -0.488765
18.46 -1.03814 -0.487022
18.47 -1.04301 -0.485255
18.48 -1.04786 -0.483464
18.49 -1.0527 -0.481649
18.5 -1.05751 -0.47981
18.51 -1.06231 -0.477946
18.52 -1.06709 -0.476058
18.53 -1.07185 -0.474145
18.54 -1.07659 -0.472208
18.55 -1.08131 -0.470245
18.56 -1.08602 -0.468258
18.57 -1.0907 -0.466245
18.58 -1.09536 -0.464208
18.59 -1.1 -0.462145
18.6 -1.10463 -0.460057
18.61 -1.10923 -0.457944
18.62 -1.11381 -0.455805
18.63 -1.11836 -0.453641
18.64 -1.1229 -0.451451
18.65 -1.12741 -0.449236
18.66 -1.13191 -0.446995
18.67 -1.13638 -0.444728
18.68 -1.14082 -0.442435
18.69 -1.14525 -0.440117
18.7 -1.14965 -0.437772
18.71 -1.15403 -0.435402
18.72 -1.15838 -0.433006
18.73 -1.16271 -0.430584
18.74 -1.16702 -0.428135
18.75 -1.1713 -0.425661
18.76 -1.17556 -0.423161
18.77 -1.17979 -0.420634
18.78 -1.18399 -0.418081
18.79 -1.18817 -0.415503
18.8 -1.19233 -0.412898
18.81 -1.19646 -0.410267
18.82 -1.20056 -0.40761
18.83 -1.20464 -0.404927
18.84 -1.20869 -0.402217
18.85 -1.21271 -0.399482
18.86 -1.2167 -0.396721
18.87 -1.22067 -0.393933
18.88 -1.22461 -0.39112
18.89 -1.22852 -0.38828
18.9 -1.2324 -0.385415
18.91 -1.23626 -0.382524
18.92 -1.24008 -0.379607
18.93 -1.24388 -0.376664
18.94 -1.24765 -0.373696
18.95 -1.25138 -0.370702
18.96 -1.25509 -0.367682
18.97 -1.25877 -0.364637
18.98 -1.26241 -0.361567
18.99 -1.26603 -0.358471
19 -1.26961 -0.35535
19.01 -1.27317 -0.352203
19.02 -1.27669 -0.349032
19.03 -1.28018 -0.345836
19.04 -1.28364 -0.342615
19.05 -1.28706 -0.339369
19.06 -1.29046 -0.336098
19.07 -1.29382 -0.332803
19.08 -1.29715 -0.329484
19.09 -1.30044 -0.32614
19.1 -1.3037 -0.322773
19.11 -1.30693 -0.319381
19.12 -1.31012 -0.315966
19.13 -1.31328 -0.312527
19.14 -1.31641 -0.309064
19.15 -1.3195 -0.305578
19.16 -1.32256 -0.302069
19.17 -1.32558 -0.298537
19.18 -1.32856 -0.294982
19.19 -1.33151 -0.291405
19.2 -1.33443 -0.287805
19.21 -1.3373 -0.284182
19.22 -1.34014 -0.280538
19.23 -1.34295 -0.276872
19.24 -1.34572 -0.273184
19.25 -1.34845 -0.269474
19.26 -1.35115 -0.265744
19.27 -1.3538 -0.261992
19.28 -1.35642 -0.258219
19.29 -1.35901 -0.254426
19.3 -1.36155 -0.250613
19.31 -1.36406 -0.246779
19.32 -1.36652 -0.242926
19.33 -1.36895 -0.239052
19.34 -1.37134 -0.23516
19.35 -1.37369 -0.231248
19.36 -1.37601 -0.227318
19.37 -1.37828 -0.223368
19.38 -1.38051 -0.219401
19.39 -1.38271 -0.215415
19.4 -1.38486 -0.211412
19.41 -1.38698 -0.207391
19.42 -1.38905 -0.203353
19.43 -1.39108 -0.199297
19.44 -1.39308 -0.195225
19.45 -1.39503 -0.191137
19.46 -1.39694 -0.187033
19.47 -1.39881 -0.182913
19.48 -1.40064 -0.178777
19.49 -1.40243 -0.174626
19.5 -1.40417 -0.170461
19.51 -1.40588 -0.16628
19.52 -1.40754 -0.162086
19.53 -1.40916 -0.157877
19.54 -1.41074 -0.153655
19.55 -1.41228 -0.14942
19.56 -1.41377 -0.145172
19.57 -1.41522 -0.140911
19.58 -1.41663 -0.136638
19.59 -1.418 -0.132353
19.6 -1.41932 -0.128057
19.61 -1.4206 -0.123749
19.62 -1.42184 -0.119431
19.63 -1.42303 -0.115101
19.64 -1.42419 -0.110762
19.65 -1.42529 -0.106413
19.66 -1.42636 -0.102054
19.67 -1.42738 -0.0976867
19.68 -1.42835 -0.0933102
19.69 -1.42929 -0.0889254
19.7 -1.43018 -0.0845326
19.71 -1.43102 -0.0801321
19.72 -1.43182 -0.0757244
19.73 -1.43258 -0.0713097
19.74 -1.43329 -0.0668885
19.75 -1.43396 -0.0624612
19.76 -1.43459 -0.0580281
19.77 -1.43517 -0.0535896
19.78 -1.4357 -0.0491461
19.79 -1.4362 -0.0446979
19.8 -1.43664 -0.0402455
19.81 -1.43704 -0.0357892
19.82 -1.4374 -0.0313295
19.83 -1.43772 -0.0268666
19.84 -1.43798 -0.022401
19.85 -1.43821 -0.0179331
19.86 -1.43839 -0.0134633
19.87 -1.43852 -0.00899186
19.88 -1.43861 -0.00451928
19.89 -1.43866 -4.59138e-05
19.9 -1.43866 0.00442784
19.91 -1.43861 0.0089016
19.92 -1.43852 0.013375
19.93 -1.43839 0.0178476
19.94 -1.43821 0.022319
19.95 -1.43799 0.0267889
19.96 -1.43772 0.0312569
19.97 -1.43741 0.0357225
19.98 -1.43705 0.0401854
19.99 -1.43665 0.0446452
20 -1.4362 0.0491016
20.01 -1.43571 0.0535541
20.02 -1.43518 0.0580023
20.03 -1.4346 0.0624459
20.04 -1.43397 0.0668844
20.05 -1.4333 0.0713176
20.06 -1.43259 0.075745
20.07 -1.43183 0.0801663
20.08 -1.43103 0.084581
20.09 -1.43019 0.0889889
20.1 -1.4293 0.0933894
20.11 -1.42836 0.0977823
20.12 -1.42738 0.102167
20.13 -1.42636 0.106544
20.14 -1.4253 0.110911
20.15 -1.42419 0.11527
20.16 -1.42304 0.119619
20.17 -1.42184 0.123959
20.18 -1.4206 0.128288
20.19 -1.41932 0.132606
20.2 -1.41799 0.136914
20.21 -1.41662 0.14121
20.22 -1.41521 0.145495
20.23 -1.41375 0.149768
20.24 -1.41226 0.154029
20.25 -1.41072 0.158277
20.26 -1.40913 0.162512
20.27 -1.40751 0.166733
20.28 -1.40584 0.170941
20.29 -1.40413 0.175136
20.3 -1.40238 0.179316
20.31 -1.40059 0.183481
20.32 -1.39875 0.187631
20.33 -1.39688 0.191766
20.34 -1.39496 0.195886
20.35 -1.393 0.19999
20.36 -1.391 0.204077
20.37 -1.38896 0.208149
20.38 -1.38688 0.212203
20.39 -1.38476 0.21624
20.4 -1.38259 0.220261
20.41 -1.38039 0.224263
20.42 -1.37815 0.228248
20.43 -1.37587 0.232214
20.44 -1.37354 0.236162
20.45 -1.37118 0.240092
20.46 -1.36878 0.244002
20.47 -1.36634 0.247893
20.48 -1.36386 0.251765
20.49 -1.36134 0.255617
20.5 -1.35879 0.259449
20.51 -1.35619 0.263261
20.52 -1.35356 0.267052
20.53 -1.35089 0.270822
20.54 -1.34818 0.274572
20.55 -1.34544 0.278301
20.56 -1.34265 0.282008
20.57 -1.33983 0.285694
20.58 -1.33698 0.289358
20.59 -1.33408 0.292999
20.6 -1.33115 0.296619
20.61 -1.32819 0.300216
20.62 -1.32518 0.303791
20.63 -1.32215 0.307343
20.64 -1.31907 0.310872
20.65 -1.31596 0.314378
20.66 -1.31282 0.317861
20.67 -1.30964 0.32132
20.68 -1.30643 0.324755
20.69 -1.30318 0.328167
20.7 -1.2999 0.331555
20.71 -1.29658 0.334918
20.72 -1.29323 0.338258
20.73 -1.28985 0.341573
20.74 -1.28644 0.344863
20.75 -1.28299 0.348129
20.76 -1.27951 0.351371
20.77 -1.27599 0.354587
20.78 -1.27245 0.357778
20.79 -1.26887 0.360944
20.8 -1.26526 0.364085
20.81 -1.26162 0.367201
20.82 -1.25795 0.370292
20.83 -1.25424 0.373356
20.84 -1.25051 0.376396
20.85 -1.24675 0.379409
20.86 -1.24295 0.382397
20.87 -1.23913 0.385359
20.88 -1.23527 0.388296
20.89 -1.23139 0.391206
20.9 -1.22748 0.39409
20.91 -1.22354 0.396949
20.92 -1.21957 0.399781
20.93 -1.21557 0.402587
20.94 -1.21155 0.405367
20.95 -1.20749 0.408121
20.96 -1.20341 0.410849
20.97 -1.1993 0.41355
20.98 -1.19517 0.416225
20.99 -1.191 0.418874
21 -1.18682 0.421497
21.01 -1.1826 0.424093
21.02 -1.17836 0.426663
21.03 -1.17409 0.429207
21.04 -1.1698 0.431725
21.05 -1.16548 0.434216
21.06 -1.16114 0.436681
21.07 -1.15677 0.43912
21.08 -1.15238 0.441532
21.09 -1.14797 0.443919
21.1 -1.14353 0.446279
21.11 -1.13907 0.448614
21.12 -1.13458 0.450922
21.13 -1.13007 0.453204
21.14 -1.12554 0.45546
21.15 -1.12098 0.457691
21.16 -1.11641 0.459895
21.17 -1.11181 0.462074
21.18 -1.10719 0.464227
21.19 -1.10255 0.466355
21.2 -1.09788 0.468456
21.21 -1.0932 0.470533
21.22 -1.08849 0.472584
21.23 -1.08377 0.474609
21.24 -1.07902 0.47661
21.25 -1.07425 0.478585
21.26 -1.06947 0.480535
21.27 -1.06466 0.48246
21.28 -1.05984 0.484361
21.29 -1.05499 0.486236
21.3 -1.05013 0.488087
21.31 -1.04525 0.489914
21.32 -1.04035 0.491716
21.33 -1.03543 0.493494
21.34 -1.0305 0.495247
21.35 -1.02555 0.496976
21.36 -1.02058 0.498682
21.37 -1.01559 0.500364
21.38 -1.01059 0.502022
21.39 -1.00557 0.503656
21.4 -1.00053 0.505267
21.41 -0.995478 0.506855
21.42 -0.990409 0.508419
21.43 -0.985325 0.509961
21.44 -0.980226 0.51148
21.45 -0.975111 0.512976
21.46 -0.969981 0.514449
21.47 -0.964837 0.5159
21.48 -0.959678 0.517329
21.49 -0.954504 0.518736
21.5 -0.949317 0.520121
21.51 -0.944116 0.521484
21.52 -0.938901 0.522825
21.53 -0.933673 0.524145
21.54 -0.928431 0.525443
21.55 -0.923177 0.526721
21.56 -0.917909 0.527978
21.57 -0.91263 0.529213
21.58 -0.907338 0.530428
21.59 -0.902033 0.531623
21.6 -0.896717 0.532798
21.61 -0.891389 0.533952
21.62 -0.88605 0.535086
21.63 -0.880699 0.536201
21.64 -0.875337 0.537296
21.65 -0.869964 0.538372
21.66 -0.86458 0.539429
21.67 -0.859186 0.540466
21.68 -0.853781 0.541485
21.69 -0.848366 0.542485
21.7 -0.842941 0.543467
21.71 -0.837507 0.54443
21.72 -0.832062 0.545375
21.73 -0.826609 0.546303
21.74 -0.821146 0.547212
21.75 -0.815673 0.548105
21.76 -0.810192 0.548979
21.77 -0.804703 0.549837
21.78 -0.799204 0.550678
21.79 -0.793697 0.551502
21.8 -0.788182 0.552309
21.81 -0.782659 0.553101
21.82 -0.777128 0.553876
21.83 -0.77159 0.554634
21.84 -0.766043 0.555378
21.85 -0.760489 0.556105
21.86 -0.754928 0.556817
21.87 -0.74936 0.557514
21.88 -0.743785 0.558196
21.89 -0.738203 0.558863
21.9 -0.732615 0.559516
21.91 -0.727019 0.560154
21.92 -0.721418 0.560777
21.93 -0.71581 0.561387
21.94 -0.710196 0.561983
21.95 -0.704576 0.562565
21.96 -0.698951 0.563134
21.97 -0.693319 0.563689
21.98 -0.687683 0.564231
21.99 -0.68204 0.564761
22 -0.676393 0.565277
22.01 -0.67074 0.565781
22.02 -0.665082 0.566273
22.03 -0.659419 0.566753
22.04 -0.653752 0.56722
22.05 -0.64808 0.567676
22.06 -0.642403 0.56812
22.07 -0.636722 0.568553
22.08 -0.631036 0.568975
22.09 -0.625346 0.569385
22.1 -0.619652 0.569785
22.11 -0.613955 0.570174
22.12 -0.608253 0.570552
22.13 -0.602547 0.570921
22.14 -0.596838 0.571279
22.15 -0.591125 0.571627
22.16 -0.585409 0.571965
22.17 -0.579689 0.572294
22.18 -0.573967 0.572613
22.19 -0.56824 0.572923
22.2 -0.562511 0.573224
22.21 -0.556779 0.573516
22.22 -0.551044 0.573799
22.23 -0.545306 0.574074
22.24 -0.539565 0.57434
22.25 -0.533822 0.574598
22.26 -0.528076 0.574848
22.27 -0.522327 0.57509
22.28 -0.516576 0.575324
22.29 -0.510823 0.575551
22.3 -0.505068 0.57577
22.31 -0.49931 0.575982
22.32 -0.49355 0.576187
22.33 -0.487788 0.576385
22.34 -0.482024 0.576576
22.35 -0.476258 0.576761
22.36 -0.470491 0.576939
22.37 -0.464722 0.57711
22.38 -0.45895 0.577276
22.39 -0.453178 0.577435
22.4 -0.447403 0.577589
22.41 -0.441627 0.577737
22.42 -0.43585 0.577879
22.43 -0.430071 0.578016
22.44 -0.424291 0.578147
22.45 -0.41851 0.578273
22.46 -0.412727 0.578394
22.47 -0.406943 0.57851
22.48 -0.401158 0.578622
22.49 -0.395372 0.578728
22.5 -0.389584 0.578831
22.51 -0.383796 0.578928
22.52 -0.378007 0.579022
22.53 -0.372217 0.579111
22.54 -0.366425 0.579197
22.55 -0.360633 0.579278
22.56 -0.354841 0.579356
22.57 -0.349047 0.57943
22.58 -0.343253 0.5795
22.59 -0.337458 0.579567
22.6 -0.331662 0.579631
22.61 -0.325866 0.579691
22.62 -0.320069 0.579749
22.63 -0.314271 0.579803
22.64 -0.308473 0.579855
22.65 -0.302675 0.579903
22.66 -0.296876 0.579949
22.67 -0.291076 0.579993
22.68 -0.285276 0.580034
22.69 -0.279476 0.580072
22.7 -0.273675 0.580108
22.71 -0.267874 0.580143
22.72 -0.262073 0.580174
22.73 -0.256271 0.580204
22.74 -0.250469 0.580232
22.75 -0.244667 0.580258
22.76 -0.238864 0.580283
22.77 -0.233061 0.580305
22.78 -0.227258 0.580326
22.79 -0.221455 0.580346
22.8 -0.215652 0.580364
22.81 -0.209848 0.580381
22.82 -0.204044 0.580396
22.83 -0.19824 0.58041
22.84 -0.192436 0.580423
22.85 -0.186632 0.580435
22.86 -0.180827 0.580446
22.87 -0.175023 0.580456
22.88 -0.169218 0.580465
22.89 -0.163414 0.580473
22.9 -0.157609 0.58048
22.91 -0.151804 0.580486
22.92 -0.145999 0.580492
22.93 -0.140194 0.580497
22.94 -0.134389 0.580502
22.95 -0.128584 0.580506
22.96 -0.122779 0.58051
22.97 -0.116974 0.580513
22.98 -0.111169 0.580515
22.99 -0.105364 0.580518
23 -0.0995589 0.58052
23.01 -0.0937537 0.580521
23.02 -0.0879484 0.580523
23.03 -0.0821432 0.580524
23.04 -0.076338 0.580525
23.05 -0.0705327 0.580525
23.06 -0.0647275 0.580526
23.07 -0.0589222 0.580526
23.08 -0.053117 0.580527
23.09 -0.0473117 0.580527
23.1 -0.0415064 0.580527
23.11 -0.0357012 0.580527
23.12 -0.0298959 0.580527
23.13 -0.0240906 0.580527
23.14 -0.0182853 0.580527
23.15 -0.0124801 0.580527
23.16 -0.00667478 0.580527
23.17 -0.000869509 0.580527
23.18 0.00493577 0.580527
23.19 0.010741 0.580527
23.2 0.0165463 0.580527
23.21 0.0223516 0.580527
23.22 0.0281569 0.580527
23.23 0.0339621 0.580527
23.24 0.0397674 0.580527
23.25 0.0455727 0.580527
23.26 0.051378 0.580527
23.27 0.0571832 0.580527
23.28 0.0629885 0.580527
23.29 0.0687938 0.580526
23.3 0.074599 0.580526
23.31 0.0804043 0.580525
23.32 0.0862095 0.580524
23.33 0.0920148 0.580523
23.34 0.09782 0.580522
23.35 0.103625 0.58052
23.36 0.10943 0.580518
23.37 0.115236 0.580516
23.38 0.121041 0.580513
23.39 0.126846 0.580511
23.4 0.132651 0.580507
23.41 0.138456 0.580503
23.42 0.144261 0.580499
23.43 0.150066 0.580494
23.44 0.155871 0.580488
23.45 0.161676 0.580482
23.46 0.167481 0.580475
23.47 0.173285 0.580467
23.48 0.17909 0.580458
23.49 0.184895 0.580449
23.5 0.190699 0.580438
23.51 0.196504 0.580427
23.52 0.202308 0.580414
23.53 0.208112 0.5804
23.54 0.213916 0.580385
23.55 0.21972 0.580369
23.56 0.225524 0.580351
23.57 0.231327 0.580332
23.58 0.23713 0.580312
23.59 0.242934 0.58029
23.6 0.248736 0.580266
23.61 0.254539 0.58024
23.62 0.260341 0.580213
23.63 0.266144 0.580184
23.64 0.271945 0.580152
23.65 0.277747 0.580119
23.66 0.283548 0.580083
23.67 0.289349 0.580045
23.68 0.295149 0.580005
23.69 0.300949 0.579963
23.7 0.306749 0.579917
23.71 0.312548 0.579869
23.72 0.318347 0.579819
23.73 0.324145 0.579765
23.74 0.329943 0.579709
23.75 0.33574 0.579649
23.76 0.341536 0.579587
23.77 0.347332 0.579521
23.78 0.353127 0.579451
23.79 0.358922 0.579378
23.8 0.364716 0.579302
23.81 0.370509 0.579221
23.82 0.376301 0.579137
23.83 0.382092 0.579049
23.84 0.387883 0.578957
23.85 0.393672 0.57886
23.86 0.399461 0.578759
23.87 0.405249 0.578654
23.88 0.411035 0.578544
23.89 0.416821 0.578429
23.9 0.422605 0.578309
23.91 0.428388 0.578185
23.92 0.43417 0.578055
23.93 0.43995 0.57792
23.94 0.44573 0.577779
23.95 0.451507 0.577633
23.96 0.457284 0.577481
23.97 0.463059 0.577324
23.98 0.468832 0.57716
23.99 0.474603 0.57699
24 0.480373 0.576814
24.01 0.486141 0.576631
24.02 0.491908 0.576442
24.03 0.497672 0.576246
24.04 0.503435 0.576043
24.05 0.509195 0.575833
24.06 0.514953 0.575616
24.07 0.52071 0.575391
24.08 0.526463 0.575159
24.09 0.532215 0.574919
24.1 0.537964 0.574672
24.11 0.543711 0.574416
24.12 0.549455 0.574152
24.13 0.555197 0.57388
24.14 0.560935 0.573599
24.15 0.566671 0.573309
24.16 0.572404 0.573011
24.17 0.578135 0.572703
24.18 0.583862 0.572386
24.19 0.589585 0.57206
24.2 0.595306 0.571725
24.21 0.601023 0.571379
24.22 0.606737 0.571024
24.23 0.612447 0.570658
24.24 0.618154 0.570283
24.25 0.623857 0.569896
24.26 0.629556 0.569499
24.27 0.635251 0.569092
24.28 0.640942 0.568673
24.29 0.646628 0.568243
24.3 0.652311 0.567802
24.31 0.657989 0.567349
24.32 0.663662 0.566884
24.33 0.669331 0.566408
24.34 0.674995 0.565919
24.35 0.680654 0.565418
24.36 0.686309 0.564905
24.37 0.691958 0.564378
24.38 0.697601 0.563839
24.39 0.70324 0.563287
24.4 0.708873 0.562722
24.41 0.7145 0.562143
24.42 0.720121 0.56155
24.43 0.725737 0.560944
24.44 0.731346 0.560323
24.45 0.736949 0.559688
24.46 0.742546 0.559039
24.47 0.748137 0.558375
24.48 0.753721 0.557697
24.49 0.759297 0.557003
24.5 0.764868 0.556294
24.51 0.77043 0.55557
24.52 0.775986 0.55483
24.53 0.781534 0.554074
24.54 0.787075 0.553303
24.55 0.792608 0.552515
24.56 0.798133 0.551711
24.57 0.80365 0.55089
24.58 0.809159 0.550052
24.59 0.81466 0.549198
24.6 0.820152 0.548326
24.61 0.825635 0.547437
24.62 0.83111 0.546531
24.63 0.836575 0.545606
24.64 0.842031 0.544664
24.65 0.847478 0.543704
24.66 0.852915 0.542725
24.67 0.858342 0.541728
24.68 0.863759 0.540712
24.69 0.869166 0.539677
24.7 0.874563 0.538624
24.71 0.879949 0.537551
24.72 0.885325 0.536458
24.73 0.890689 0.535346
24.74 0.896043 0.534214
24.75 0.901385 0.533063
24.76 0.906716 0.531891
24.77 0.912034 0.530698
24.78 0.917341 0.529485
24.79 0.922636 0.528252
24.8 0.927919 0.526997
24.81 0.933189 0.525722
24.82 0.938446 0.524425
24.83 0.94369 0.523107
24.84 0.948921 0.521768
24.85 0.954139 0.520406
24.86 0.959343 0.519023
24.87 0.964533 0.517618
24.88 0.969709 0.51619
24.89 0.974871 0.51474
24.9 0.980019 0.513268
24.91 0.985151 0.511773
24.92 0.990269 0.510255
24.93 0.995372 0.508714
24.94 1.00046 0.50715
24.95 1.00553 0.505563
24.96 1.01059 0.503952
24.97 1.01563 0.502317
24.98 1.02065 0.500659
24.99 1.02566 0.498977
25 1.03065 0.497271
25.01 1.03562 0.495541
25.02 1.04057 0.493787
25.03 1.04551 0.492008
25.04 1.05043 0.490204
25.05 1.05533 0.488377
25.06 1.06022 0.486524
25.07 1.06508 0.484646
25.08 1.06993 0.482744
25.09 1.07476 0.480816
25.1 1.07956 0.478863
25.11 1.08435 0.476885
25.12 1.08912 0.474882
25.13 1.09387 0.472853
25.14 1.0986 0.470798
25.15 1.10331 0.468718
25.16 1.10799 0.466612
25.17 1.11266 0.46448
25.18 1.11731 0.462322
25.19 1.12193 0.460138
25.2 1.12653 0.457928
25.21 1.13111 0.455692
25.22 1.13567 0.45343
25.23 1.1402 0.451142
25.24 1.14471 0.448827
25.25 1.1492 0.446485
25.26 1.15366 0.444118
25.27 1.15811 0.441724
25.28 1.16252 0.439303
25.29 1.16692 0.436856
25.3 1.17128 0.434382
25.31 1.17563 0.431882
25.32 1.17995 0.429355
25.33 1.18424 0.426801
25.34 1.18851 0.424221
25.35 1.19275 0.421614
25.36 1.19697 0.41898
25.37 1.20116 0.41632
25.38 1.20532 0.413633
25.39 1.20946 0.410919
25.4 1.21357 0.408179
25.41 1.21765 0.405412
25.42 1.2217 0.402619
25.43 1.22573 0.399798
25.44 1.22973 0.396952
25.45 1.2337 0.394078
25.46 1.23764 0.391179
25.47 1.24155 0.388252
25.48 1.24543 0.3853
25.49 1.24928 0.382321
25.5 1.25311 0.379316
25.51 1.2569 0.376284
25.52 1.26066 0.373226
25.53 1.2644 0.370143
25.54 1.2681 0.367033
25.55 1.27177 0.363897
25.56 1.27541 0.360736
25.57 1.27901 0.357549
25.58 1.28259 0.354336
25.59 1.28613 0.351098
25.6 1.28964 0.347834
25.61 1.29312 0.344545
25.62 1.29657 0.341231
25.63 1.29998 0.337891
25.64 1.30336 0.334527
25.65 1.3067 0.331138
25.66 1.31001 0.327724
25.67 1.31329 0.324286
25.68 1.31653 0.320823
25.69 1.31974 0.317336
25.7 1.32292 0.313826
25.71 1.32605 0.310291
25.72 1.32916 0.306732
25.73 1.33222 0.30315
25.74 1.33526 0.299545
25.75 1.33825 0.295916
25.76 1.34121 0.292264
25.77 1.34413 0.28859
25.78 1.34702 0.284893
25.79 1.34987 0.281173
25.8 1.35268 0.277431
25.81 1.35545 0.273668
25.82 1.35819 0.269882
25.83 1.36089 0.266075
25.84 1.36355 0.262247
25.85 1.36617 0.258397
25.86 1.36876 0.254527
25.87 1.3713 0.250636
25.88 1.37381 0.246724
25.89 1.37628 0.242793
25.9 1.3787 0.238842
25.91 1.38109 0.234871
25.92 1.38344 0.23088
25.93 1.38575 0.226871
25.94 1.38802 0.222843
25.95 1.39025 0.218796
25.96 1.39243 0.214731
25.97 1.39458 0.210648
25.98 1.39669 0.206547
25.99 1.39875 0.202429
26 1.40078 0.198294
26.01 1.40276 0.194142
26.02 1.4047 0.189974
26.03 1.4066 0.185789
26.04 1.40846 0.181588
26.05 1.41028 0.177372
26.06 1.41205 0.173141
26.07 1.41378 0.168895
26.08 1.41547 0.164634
26.09 1.41712 0.160359
26.1 1.41872 0.15607
26.11 1.42028 0.151767
26.12 1.4218 0.147451
26.13 1.42327 0.143123
26.14 1.4247 0.138781
26.15 1.42609 0.134428
26.16 1.42744 0.130062
26.17 1.42874 0.125685
26.18 1.42999 0.121297
26.19 1.43121 0.116898
26.2 1.43238 0.112489
26.21 1.4335 0.108069
26.22 1.43458 0.10364
26.23 1.43562 0.0992019
26.24 1.43661 0.0947545
26.25 1.43756 0.0902985
26.26 1.43846 0.0858343
26.27 1.43932 0.0813623
26.28 1.44013 0.0768828
26.29 1.4409 0.0723962
26.3 1.44163 0.0679029
26.31 1.4423 0.0634034
26.32 1.44294 0.0588979
26.33 1.44353 0.0543869
26.34 1.44407 0.0498707
26.35 1.44457 0.0453498
26.36 1.44502 0.0408246
26.37 1.44543 0.0362954
26.38 1.44579 0.0317626
26.39 1.44611 0.0272266
26.4 1.44638 0.0226878
26.41 1.44661 0.0181467
26.42 1.44679 0.0136036
26.43 1.44693 0.00905886
26.44 1.44702 0.00451296
26.45 1.44706 -3.37434e-05
26.46 1.44706 -0.00458084
26.47 1.44702 -0.00912793
26.48 1.44693 -0.0136746
26.49 1.44679 -0.0182205
26.5 1.44661 -0.0227652
26.51 1.44638 -0.0273083
26.52 1.44611 -0.0318494
26.53 1.44579 -0.0363881
26.54 1.44543 -0.040924
26.55 1.44502 -0.0454568
26.56 1.44456 -0.0499859
26.57 1.44406 -0.0545111
26.58 1.44352 -0.0590319
26.59 1.44293 -0.063548
26.6 1.44229 -0.0680589
26.61 1.44161 -0.0725643
26.62 1.44088 -0.0770637
26.63 1.44011 -0.0815568
26.64 1.4393 -0.0860432
26.65 1.43844 -0.0905225
26.66 1.43753 -0.0949944
26.67 1.43658 -0.0994583
26.68 1.43559 -0.103914
26.69 1.43455 -0.108361
26.7 1.43347 -0.112799
26.71 1.43234 -0.117228
26.72 1.43116 -0.121647
26.73 1.42995 -0.126056
26.74 1.42869 -0.130455
26.75 1.42738 -0.134842
26.76 1.42603 -0.139219
26.77 1.42464 -0.143584
26.78 1.42321 -0.147937
26.79 1.42173 -0.152278
26.8 1.4202 -0.156606
26.81 1.41864 -0.160921
26.82 1.41703 -0.165223
26.83 1.41538 -0.169511
26.84 1.41368 -0.173786
26.85 1.41194 -0.178046
26.86 1.41016 -0.182291
26.87 1.40834 -0.186521
26.88 1.40648 -0.190736
26.89 1.40457 -0.194936
26.9 1.40262 -0.199119
26.91 1.40063 -0.203287
26.92 1.39859 -0.207437
26.93 1.39652 -0.211571
26.94 1.3944 -0.215688
26.95 1.39225 -0.219787
26.96 1.39005 -0.223869
26.97 1.38781 -0.227932
26.98 1.38553 -0.231977
26.99 1.38321 -0.236003
27 1.38085 -0.240011
27.01 1.37845 -0.243999
27.02 1.37601 -0.247968
27.03 1.37353 -0.251918
27.04 1.37101 -0.255847
27.05 1.36845 -0.259756
27.06 1.36586 -0.263644
27.07 1.36322 -0.267512
27.08 1.36055 -0.271359
27.09 1.35783 -0.275185
27.1 1.35508 -0.278989
27.11 1.35229 -0.282772
27.12 1.34946 -0.286532
27.13 1.3466 -0.290271
27.14 1.34369 -0.293987
27.15 1.34075 -0.297681
27.16 1.33778 -0.301352
27.17 1.33476 -0.305
27.18 1.33171 -0.308625
27.19 1.32863 -0.312226
27.2 1.32551 -0.315804
27.21 1.32235 -0.319359
27.22 1.31915 -0.322889
27.23 1.31593 -0.326396
27.24 1.31266 -0.329878
27.25 1.30936 -0.333336
27.26 1.30603 -0.336769
27.27 1.30266 -0.340178
27.28 1.29926 -0.343562
27.29 1.29582 -0.346921
27.3 1.29235 -0.350255
27.31 1.28885 -0.353564
27.32 1.28532 -0.356847
27.33 1.28175 -0.360105
27.34 1.27815 -0.363337
27.35 1.27451 -0.366544
27.36 1.27085 -0.369725
27.37 1.26715 -0.37288
27.38 1.26342 -0.376009
27.39 1.25966 -0.379112
27.4 1.25587 -0.382188
27.41 1.25205 -0.385239
27.42 1.2482 -0.388263
27.43 1.24431 -0.391261
27.44 1.2404 -0.394232
27.45 1.23646 -0.397177
27.46 1.23249 -0.400096
27.47 1.22849 -0.402987
27.48 1.22446 -0.405852
27.49 1.2204 -0.408691
27.5 1.21631 -0.411502
27.51 1.2122 -0.414287
27.52 1.20805 -0.417045
27.53 1.20388 -0.419777
27.54 1.19969 -0.422481
27.55 1.19546 -0.425159
27.56 1.19121 -0.427809
27.57 1.18693 -0.430433
27.58 1.18263 -0.43303
27.59 1.1783 -0.435601
27.6 1.17394 -0.438144
27.61 1.16956 -0.440661
27.62 1.16515 -0.44315
27.63 1.16072 -0.445613
27.64 1.15626 -0.44805
27.65 1.15178 -0.450459
27.66 1.14728 -0.452842
27.67 1.14275 -0.455198
27.68 1.1382 -0.457528
27.69 1.13362 -0.459831
27.7 1.12903 -0.462108
27.71 1.1244 -0.464358
27.72 1.11976 -0.466582
27.73 1.11509 -0.46878
27.74 1.11041 -0.470951
27.75 1.1057 -0.473097
27.76 1.10097 -0.475216
27.77 1.09621 -0.477309
27.78 1.09144 -0.479376
27.79 1.08665 -0.481418
27.8 1.08183 -0.483434
27.81 1.077 -0.485424
27.82 1.07214 -0.487388
27.83 1.06727 -0.489328
27.84 1.06238 -0.491241
27.85 1.05747 -0.49313
27.86 1.05253 -0.494994
27.87 1.04758 -0.496832
27.88 1.04262 -0.498646
27.89 1.03763 -0.500435
27.9 1.03262 -0.502199
27.91 1.0276 -0.503939
27.92 1.02256 -0.505654
27.93 1.01751 -0.507345
27.94 1.01243 -0.509012
27.95 1.00734 -0.510655
27.96 1.00224 -0.512275
27.97 0.997114 -0.51387
27.98 0.991975 -0.515442
27.99 0.986821 -0.516991
28 0.981651 -0.518516
28.01 0.976466 -0.520019
28.02 0.971266 -0.521498
28.03 0.966051 -0.522955
28.04 0.960821 -0.524389
28.05 0.955577 -0.5258
28.06 0.950319 -0.52719
28.07 0.945047 -0.528557
28.08 0.939762 -0.529902
28.09 0.934463 -0.531226
28.1 0.92915 -0.532527
28.11 0.923825 -0.533808
28.12 0.918487 -0.535067
28.13 0.913136 -0.536305
28.14 0.907773 -0.537522
28.15 0.902398 -0.538718
28.16 0.897011 -0.539894
28.17 0.891612 -0.54105
28.18 0.886202 -0.542185
28.19 0.88078 -0.5433
28.2 0.875347 -0.544396
28.21 0.869903 -0.545472
28.22 0.864448 -0.546528
28.23 0.858983 -0.547565
28.24 0.853507 -0.548583
28.25 0.848021 -0.549582
28.26 0.842525 -0.550563
28.27 0.83702 -0.551525
28.28 0.831505 -0.552468
28.29 0.82598 -0.553394
28.3 0.820446 -0.554302
28.31 0.814903 -0.555192
28.32 0.809351 -0.556064
28.33 0.80379 -0.556919
28.34 0.798221 -0.557757
28.35 0.792644 -0.558578
28.36 0.787058 -0.559383
28.37 0.781464 -0.56017
28.38 0.775862 -0.560942
28.39 0.770253 -0.561697
28.4 0.764636 -0.562436
28.41 0.759012 -0.56316
28.42 0.75338 -0.563868
28.43 0.747741 -0.564561
28.44 0.742096 -0.565238
28.45 0.736443 -0.565901
28.46 0.730784 -0.566549
28.47 0.725119 -0.567182
28.48 0.719447 -0.567801
28.49 0.713769 -0.568406
28.5 0.708085 -0.568997
28.51 0.702395 -0.569574
28.52 0.696699 -0.570137
28.53 0.690998 -0.570687
28.54 0.685291 -0.571224
28.55 0.679579 -0.571748
28.56 0.673861 -0.572259
28.57 0.668139 -0.572758
28.58 0.662411 -0.573244
28.59 0.656679 -0.573718
28.6 0.650941 -0.57418
28.61 0.6452 -0.57463
28.62 0.639453 -0.575068
28.63 0.633703 -0.575495
28.64 0.627948 -0.575911
28.65 0.622189 -0.576316
28.66 0.616425 -0.576709
28.67 0.610658 -0.577092
28.68 0.604887 -0.577465
28.69 0.599113 -0.577827
28.7 0.593334 -0.578179
28.71 0.587553 -0.578521
28.72 0.581767 -0.578853
28.73 0.575979 -0.579176
28.74 0.570187 -0.579489
28.75 0.564392 -0.579793
28.76 0.558594 -0.580088
28.77 0.552793 -0.580374
28.78 0.54699 -0.580651
28.79 0.541183 -0.58092
28.8 0.535374 -0.58118
28.81 0.529562 -0.581433
28.82 0.523748 -0.581677
28.83 0.517931 -0.581913
28.84 0.512112 -0.582141
28.85 0.506291 -0.582362
28.86 0.500467 -0.582576
28.87 0.494641 -0.582782
28.88 0.488813 -0.582981
28.89 0.482984 -0.583174
28.9 0.477152 -0.583359
28.91 0.471318 -0.583538
28.92 0.465483 -0.583711
28.93 0.459646 -0.583877
28.94 0.453807 -0.584037
28.95 0.447967 -0.584191
28.96 0.442125 -0.58434
28.97 0.436281 -0.584482
28.98 0.430436 -0.584619
28.99 0.42459 -0.584751
29 0.418743 -0.584878
29.01 0.412894 -0.584999
29.02 0.407044 -0.585115
29.03 0.401193 -0.585227
29.04 0.395341 -0.585333
29.05 0.389487 -0.585436
29.06 0.383633 -0.585533
29.07 0.377778 -0.585627
29.08 0.371921 -0.585716
29.09 0.366064 -0.585801
29.1 0.360206 -0.585882
29.11 0.354347 -0.58596
29.12 0.348488 -0.586033
29.13 0.342627 -0.586104
29.14 0.336766 -0.58617
29.15 0.330905 -0.586233
29.16 0.325042 -0.586294
29.17 0.319179 -0.58635
29.18 0.313316 -0.586404
29.19 0.307452 -0.586455
29.2 0.301587 -0.586504
29.21 0.295722 -0.586549
29.22 0.289857 -0.586592
29.23 0.283991 -0.586632
29.24 0.278124 -0.58667
29.25 0.272258 -0.586706
29.26 0.266391 -0.58674
29.27 0.260523 -0.586771
29.28 0.254656 -0.5868
29.29 0.248788 -0.586828
29.3 0.242919 -0.586854
29.31 0.237051 -0.586877
29.32 0.231182 -0.586899
29.33 0.225313 -0.58692
29.34 0.219444 -0.586939
29.35 0.213574 -0.586957
29.36 0.207705 -0.586973
29.37 0.201835 -0.586988
29.38 0.195965 -0.587001
29.39 0.190095 -0.587014
29.4 0.184225 -0.587025
29.41 0.178355 -0.587036
29.42 0.172484 -0.587045
29.43 0.166614 -0.587054
29.44 0.160743 -0.587061
29.45 0.154873 -0.587068
29.46 0.149002 -0.587074
29.47 0.143131 -0.58708
29.48 0.137261 -0.587085
29.49 0.13139 -0.587089
29.5 0.125519 -0.587093
29.51 0.119648 -0.587096
29.52 0.113777 -0.587099
29.53 0.107906 -0.587102
29.54 0.102035 -0.587104
29.55 0.096164 -0.587105
29.56 0.0902929 -0.587107
29.57 0.0844219 -0.587108
29.58 0.0785508 -0.587109
29.59 0.0726797 -0.58711
29.6 0.0668086 -0.587111
29.61 0.0609375 -0.587111
29.62 0.0550664 -0.587111
29.63 0.0491952 -0.587112
29.64 0.0433241 -0.587112
29.65 0.037453 -0.587112
29.66 0.0315819 -0.587112
29.67 0.0257108 -0.587112
29.68 0.0198396 -0.587112
29.69 0.0139685 -0.587112
29.7 0.0080974 -0.587112
29.71 0.00222628 -0.587112
29.72 -0.00364484 -0.587112
29.73 -0.00951596 -0.587112
29.74 -0.0153871 -0.587112
29.75 -0.0212582 -0.587112
29.76 -0.0271293 -0.587112
29.77 -0.0330005 -0.587112
29.78 -0.0388716 -0.587112
29.79 -0.0447427 -0.587112
29.8 -0.0506138 -0.587112
29.81 -0.0564849 -0.587112
29.82 -0.0623561 -0.587111
29.83 -0.0682272 -0.587111
29.84 -0.0740983 -0.58711
29.85 -0.0799694 -0.58711
29.86 -0.0858405 -0.587109
29.87 -0.0917116 -0.587108
29.88 -0.0975826 -0.587107
29.89 -0.103454 -0.587105
29.9 -0.109325 -0.587103
29.91 -0.115196 -0.587101
29.92 -0.121067 -0.587098
29.93 -0.126938 -0.587096
29.94 -0.132809 -0.587092
29.95 -0.13868 -0.587088
29.96 -0.144551 -0.587084
29.97 -0.150421 -0.587079
29.98 -0.156292 -0.587073
29.99 -0.162163 -0.587067
30 -0.168034 -0.58706
30.01 -0.173904 -0.587052
30.02 -0.179775 -0.587043
30.03 -0.185645 -0.587033
30.04 -0.191515 -0.587023
30.05 -0.197386 -0.587011
30.06 -0.203256 -0.586998
30.07 -0.209126 -0.586984
30.08 -0.214996 -0.586969
30.09 -0.220865 -0.586952
30.1 -0.226735 -0.586935
30.11 -0.232604 -0.586915
30.12 -0.238473 -0.586894
30.13 -0.244342 -0.586872
30.14 -0.250211 -0.586847
30.15 -0.256079 -0.586821
30.16 -0.261948 -0.586794
30.17 -0.267816 -0.586764
30.18 -0.273683 -0.586732
30.19 -0.279551 -0.586698
30.2 -0.285418 -0.586661
30.21 -0.291284 -0.586623
30.22 -0.29715 -0.586582
30.23 -0.303016 -0.586538
30.24 -0.308882 -0.586492
30.25 -0.314747 -0.586443
30.26 -0.320611 -0.586392
30.27 -0.326475 -0.586337
30.28 -0.332338 -0.586279
30.29 -0.338201 -0.586218
30.3 -0.344063 -0.586154
30.31 -0.349925 -0.586087
30.32 -0.355786 -0.586016
30.33 -0.361646 -0.585941
30.34 -0.367505 -0.585863
30.35 -0.373364 -0.585781
30.36 -0.379222 -0.585695
30.37 -0.385079 -0.585604
30.38 -0.390935 -0.58551
30.39 -0.39679 -0.585411
30.4 -0.402644 -0.585308
30.41 -0.408497 -0.5852
30.42 -0.414349 -0.585087
30.43 -0.4202 -0.58497
30.44 -0.426049 -0.584847
30.45 -0.431898 -0.584719
30.46 -0.437745 -0.584586
30.47 -0.443591 -0.584448
30.48 -0.449435 -0.584304
30.49 -0.455279 -0.584154
30.5 -0.46112 -0.583998
30.51 -0.46696 -0.583837
30.52 -0.472798 -0.583669
30.53 -0.478635 -0.583495
30.54 -0.48447 -0.583314
30.55 -0.490303 -0.583127
30.56 -0.496134 -0.582933
30.57 -0.501964 -0.582732
30.58 -0.507791 -0.582523
30.59 -0.513616 -0.582308
30.6 -0.519439 -0.582085
30.61 -0.52526 -0.581855
30.62 -0.531079 -0.581616
30.63 -0.536895 -0.58137
30.64 -0.542709 -0.581116
30.65 -0.54852 -0.580853
30.66 -0.554328 -0.580583
30.67 -0.560134 -0.580303
30.68 -0.565937 -0.580015
30.69 -0.571737 -0.579717
30.7 -0.577535 -0.579411
30.71 -0.583329 -0.579095
30.72 -0.58912 -0.57877
30.73 -0.594907 -0.578435
30.74 -0.600692 -0.57809
30.75 -0.606473 -0.577735
30.76 -0.61225 -0.57737
30.77 -0.618024 -0.576995
30.78 -0.623794 -0.576609
30.79 -0.62956 -0.576212
30.8 -0.635322 -0.575805
30.81 -0.64108 -0.575386
30.82 -0.646834 -0.574956
30.83 -0.652583 -0.574514
30.84 -0.658328 -0.57406
30.85 -0.664069 -0.573595
30.86 -0.669805 -0.573118
30.87 -0.675536 -0.572628
30.88 -0.681262 -0.572126
30.89 -0.686984 -0.571611
30.9 -0.6927 -0.571083
30.91 -0.698411 -0.570542
30.92 -0.704116 -0.569988
30.93 -0.709816 -0.569421
30.94 -0.71551 -0.568839
30.95 -0.721198 -0.568244
30.96 -0.726881 -0.567635
30.97 -0.732557 -0.567012
30.98 -0.738227 -0.566374
30.99 -0.743891 -0.565722
31 -0.749548 -0.565054
31.01 -0.755199 -0.564372
31.02 -0.760843 -0.563674
31.03 -0.766479 -0.562961
31.04 -0.772109 -0.562232
31.05 -0.777731 -0.561488
31.06 -0.783346 -0.560727
31.07 -0.788953 -0.55995
31.08 -0.794553 -0.559157
31.09 -0.800145 -0.558347
31.1 -0.805728 -0.55752
31.11 -0.811303 -0.556676
31.12 -0.81687 -0.555815
31.13 -0.822428 -0.554936
31.14 -0.827977 -0.55404
31.15 -0.833518 -0.553126
31.16 -0.839049 -0.552193
31.17 -0.844571 -0.551243
31.18 -0.850083 -0.550274
31.19 -0.855586 -0.549287
31.2 -0.861079 -0.54828
31.21 -0.866562 -0.547255
31.22 -0.872034 -0.546211
31.23 -0.877497 -0.545147
31.24 -0.882948 -0.544063
31.25 -0.888389 -0.54296
31.26 -0.893818 -0.541836
31.27 -0.899237 -0.540693
31.28 -0.904644 -0.539529
31.29 -0.910039 -0.538345
31.3 -0.915422 -0.53714
31.31 -0.920794 -0.535914
31.32 -0.926153 -0.534666
31.33 -0.931499 -0.533398
31.34 -0.936833 -0.532108
31.35 -0.942155 -0.530797
31.36 -0.947462 -0.529463
31.37 -0.952757 -0.528108
31.38 -0.958038 -0.526731
31.39 -0.963306 -0.525331
31.4 -0.968559 -0.523909
31.41 -0.973798 -0.522464
31.42 -0.979023 -0.520996
31.43 -0.984233 -0.519506
31.44 -0.989428 -0.517992
31.45 -0.994607 -0.516455
31.46 -0.999772 -0.514894
31.47 -1.00492 -0.51331
31.48 -1.01005 -0.511702
31.49 -1.01517 -0.51007
31.5 -1.02027 -0.508414
31.51 -1.02536 -0.506733
31.52 -1.03042 -0.505029
31.53 -1.03547 -0.5033
31.54 -1.04051 -0.501546
31.55 -1.04552 -0.499768
31.56 -1.05052 -0.497964
31.57 -1.0555 -0.496136
31.58 -1.06046 -0.494282
31.59 -1.0654 -0.492404
31.6 -1.07033 -0.490499
31.61 -1.07523 -0.48857
31.62 -1.08012 -0.486614
31.63 -1.08498 -0.484633
31.64 -1.08983 -0.482626
31.65 -1.09466 -0.480594
31.66 -1.09946 -0.478535
31.67 -1.10425 -0.47645
31.68 -1.10901 -0.474339
31.69 -1.11376 -0.472201
31.7 -1.11848 -0.470037
31.71 -1.12318 -0.467847
31.72 -1.12786 -0.46563
31.73 -1.13251 -0.463386
31.74 -1.13715 -0.461116
31.75 -1.14176 -0.458819
31.76 -1.14635 -0.456495
31.77 -1.15091 -0.454144
31.78 -1.15545 -0.451766
31.79 -1.15997 -0.449361
31.8 -1.16446 -0.44693
31.81 -1.16893 -0.444471
31.82 -1.17338 -0.441985
31.83 -1.1778 -0.439472
31.84 -1.18219 -0.436931
31.85 -1.18656 -0.434364
31.86 -1.19091 -0.431769
31.87 -1.19522 -0.429147
31.88 -1.19951 -0.426498
31.89 -1.20378 -0.423821
31.9 -1.20802 -0.421117
31.91 -1.21223 -0.418386
31.92 -1.21641 -0.415628
31.93 -1.22057 -0.412843
31.94 -1.2247 -0.41003
31.95 -1.2288 -0.40719
31.96 -1.23287 -0.404323
31.97 -1.23691 -0.401429
31.98 -1.24093 -0.398507
31.99 -1.24491 -0.395559
32 -1.24887 -0.392583
32.01 -1.25279 -0.389581
32.02 -1.25669 -0.386552
32.03 -1.26056 -0.383495
32.04 -1.26439 -0.380412
32.05 -1.26819 -0.377303
32.06 -1.27197 -0.374167
32.07 -1.27571 -0.371004
32.08 -1.27942 -0.367814
32.09 -1.2831 -0.364599
32.1 -1.28674 -0.361357
32.11 -1.29036 -0.358089
32.12 -1.29394 -0.354794
32.13 -1.29749 -0.351474
32.14 -1.301 -0.348128
32.15 -1.30448 -0.344756
32.16 -1.30793 -0.341359
32.17 -1.31134 -0.337936
32.18 -1.31472 -0.334488
32.19 -1.31807 -0.331015
32.2 -1.32138 -0.327516
32.21 -1.32465 -0.323993
32.22 -1.32789 -0.320445
32.23 -1.3311 -0.316873
32.24 -1.33427 -0.313276
32.25 -1.3374 -0.309655
32.26 -1.34049 -0.30601
32.27 -1.34355 -0.302341
32.28 -1.34658 -0.298648
32.29 -1.34956 -0.294932
32.3 -1.35251 -0.291193
32.31 -1.35543 -0.28743
32.32 -1.3583 -0.283645
32.33 -1.36114 -0.279837
32.34 -1.36394 -0.276007
32.35 -1.3667 -0.272154
32.36 -1.36942 -0.26828
32.37 -1.3721 -0.264383
32.38 -1.37474 -0.260466
32.39 -1.37735 -0.256527
32.4 -1.37991 -0.252567
32.41 -1.38244 -0.248586
32.42 -1.38492 -0.244585
32.43 -1.38737 -0.240563
32.44 -1.38978 -0.236522
32.45 -1.39214 -0.23246
32.46 -1.39447 -0.22838
32.47 -1.39675 -0.22428
32.48 -1.39899 -0.220162
32.49 -1.40119 -0.216024
32.5 -1.40335 -0.211869
32.51 -1.40547 -0.207696
32.52 -1.40755 -0.203504
32.53 -1.40959 -0.199296
32.54 -1.41158 -0.195071
32.55 -1.41353 -0.190828
32.56 -1.41544 -0.18657
32.57 -1.4173 -0.182295
32.58 -1.41913 -0.178004
32.59 -1.42091 -0.173698
32.6 -1.42264 -0.169377
32.61 -1.42434 -0.165041
32.62 -1.42599 -0.16069
32.63 -1.42759 -0.156326
32.64 -1.42916 -0.151948
32.65 -1.43068 -0.147556
32.66 -1.43215 -0.143151
32.67 -1.43358 -0.138734
32.68 -1.43497 -0.134304
32.69 -1.43631 -0.129862
32.7 -1.43761 -0.125409
32.71 -1.43887 -0.120944
32.72 -1.44008 -0.116468
32.73 -1.44124 -0.111982
32.74 -1.44236 -0.107486
32.75 -1.44344 -0.10298
32.76 -1.44447 -0.0984647
32.77 -1.44545 -0.0939404
32.78 -1.44639 -0.0894074
32.79 -1.44728 -0.0848663
32.8 -1.44813 -0.0803172
32.81 -1.44894 -0.0757608
32.82 -1.44969 -0.0711973
32.83 -1.4504 -0.0666271
32.84 -1.45107 -0.0620507
32.85 -1.45169 -0.0574684
32.86 -1.45227 -0.0528806
32.87 -1.4528 -0.0482878
32.88 -1.45328 -0.0436903
32.89 -1.45372 -0.0390885
32.9 -1.45411 -0.0344829
32.91 -1.45445 -0.0298739
32.92 -1.45475 -0.0252617
32.93 -1.455 -0.020647
32.94 -1.45521 -0.01603
32.95 -1.45537 -0.0114112
32.96 -1.45548 -0.00679095
32.97 -1.45555 -0.00216971
32.98 -1.45557 0.00245213
32.99 -1.45555 0.00707417
33 -1.45548 0.011696
33.01 -1.45536 0.0163172
33.02 -1.4552 0.0209373
33.03 -1.45499 0.025556
33.04 -1.45473 0.0301729
33.05 -1.45443 0.0347875
33.06 -1.45408 0.0393994
33.07 -1.45369 0.0440083
33.08 -1.45325 0.0486137
33.09 -1.45276 0.0532152
33.1 -1.45223 0.0578124
33.11 -1.45165 0.0624049
33.12 -1.45103 0.0669923
33.13 -1.45036 0.0715742
33.14 -1.44964 0.0761502
33.15 -1.44888 0.08072
33.16 -1.44807 0.085283
33.17 -1.44722 0.089839
33.18 -1.44632 0.0943874
33.19 -1.44538 0.098928
33.2 -1.44439 0.10346
33.21 -1.44335 0.107984
33.22 -1.44227 0.112499
33.23 -1.44115 0.117004
33.24 -1.43998 0.121499
33.25 -1.43876 0.125985
33.26 -1.43751 0.130459
33.27 -1.4362 0.134923
33.28 -1.43485 0.139375
33.29 -1.43346 0.143816
33.3 -1.43202 0.148245
33.31 -1.43054 0.152661
33.32 -1.42901 0.157065
33.33 -1.42744 0.161455
33.34 -1.42583 0.165832
33.35 -1.42417 0.170195
33.36 -1.42246 0.174544
33.37 -1.42072 0.178879
33.38 -1.41893 0.183198
33.39 -1.4171 0.187503
33.4 -1.41522 0.191792
33.41 -1.41331 0.196065
33.42 -1.41134 0.200322
33.43 -1.40934 0.204562
33.44 -1.4073 0.208785
33.45 -1.40521 0.212992
33.46 -1.40308 0.217181
33.47 -1.40091 0.221352
33.48 -1.39869 0.225505
33.49 -1.39644 0.229639
33.5 -1.39414 0.233755
33.51 -1.3918 0.237852
33.52 -1.38943 0.24193
33.53 -1.38701 0.245988
33.54 -1.38455 0.250027
33.55 -1.38205 0.254045
33.56 -1.37951 0.258043
33.57 -1.37693 0.262021
33.58 -1.3743 0.265977
33.59 -1.37165 0.269913
33.6 -1.36895 0.273827
33.61 -1.36621 0.27772
33.62 -1.36343 0.28159
33.63 -1.36061 0.285439
33.64 -1.35776 0.289265
33.65 -1.35487 0.293069
33.66 -1.35194 0.296849
33.67 -1.34897 0.300607
33.68 -1.34596 0.304342
33.69 -1.34292 0.308053
33.7 -1.33984 0.311741
33.71 -1.33672 0.315405
33.72 -1.33357 0.319045
33.73 -1.33038 0.322661
33.74 -1.32715 0.326252
33.75 -1.32389 0.329819
33.76 -1.32059 0.333361
33.77 -1.31726 0.336878
33.78 -1.31389 0.340371
33.79 -1.31048 0.343838
33.8 -1.30704 0.347279
33.81 -1.30357 0.350696
33.82 -1.30007 0.354086
33.83 -1.29652 0.357451
33.84 -1.29295 0.36079
33.85 -1.28934 0.364103
33.86 -1.2857 0.36739
33.87 -1.28203 0.370651
33.88 -1.27832 0.373885
33.89 -1.27458 0.377093
33.9 -1.27081 0.380274
33.91 -1.26701 0.383429
33.92 -1.26317 0.386557
33.93 -1.25931 0.389658
33.94 -1.25541 0.392732
33.95 -1.25148 0.39578
33.96 -1.24753 0.3988
33.97 -1.24354 0.401793
33.98 -1.23952 0.40476
33.99 -1.23547 0.407698
34 -1.2314 0.41061
34.01 -1.22729 0.413495
34.02 -1.22315 0.416352
34.03 -1.21899 0.419181
34.04 -1.2148 0.421984
34.05 -1.21058 0.424759
34.06 -1.20633 0.427506
34.07 -1.20206 0.430227
34.08 -1.19775 0.432919
34.09 -1.19343 0.435585
34.1 -1.18907 0.438222
34.11 -1.18469 0.440833
34.12 -1.18028 0.443416
34.13 -1.17584 0.445972
34.14 -1.17139 0.4485
34.15 -1.1669 0.451001
34.16 -1.16239 0.453475
34.17 -1.15786 0.455921
34.18 -1.1533 0.45834
34.19 -1.14871 0.460732
34.2 -1.14411 0.463097
34.21 -1.13947 0.465434
34.22 -1.13482 0.467745
34.23 -1.13014 0.470029
34.24 -1.12544 0.472285
34.25 -1.12072 0.474515
34.26 -1.11597 0.476718
34.27 -1.11121 0.478894
34.28 -1.10642 0.481044
34.29 -1.10161 0.483167
34.3 -1.09678 0.485264
34.31 -1.09192 0.487334
34.32 -1.08705 0.489379
34.33 -1.08216 0.491396
34.34 -1.07724 0.493388
34.35 -1.07231 0.495354
34.36 -1.06735 0.497294
34.37 -1.06238 0.499208
34.38 -1.05739 0.501097
34.39 -1.05238 0.50296
34.4 -1.04735 0.504798
34.41 -1.0423 0.506611
34.42 -1.03724 0.508398
34.43 -1.03215 0.51016
34.44 -1.02705 0.511898
34.45 -1.02193 0.51361
34.46 -1.01679 0.515299
34.47 -1.01164 0.516962
34.48 -1.00647 0.518602
34.49 -1.00129 0.520217
34.5 -0.996084 0.521808
34.51 -0.990866 0.523375
34.52 -0.985632 0.524919
34.53 -0.980383 0.526439
34.54 -0.975118 0.527936
34.55 -0.969839 0.529409
34.56 -0.964545 0.53086
34.57 -0.959236 0.532287
34.58 -0.953913 0.533692
34.59 -0.948577 0.535074
34.6 -0.943226 0.536434
34.61 -0.937861 0.537772
34.62 -0.932484 0.539088
34.63 -0.927093 0.540382
34.64 -0.921689 0.541654
34.65 -0.916273 0.542904
34.66 -0.910843 0.544134
34.67 -0.905402 0.545342
34.68 -0.899949 0.546529
34.69 -0.894483 0.547696
34.7 -0.889006 0.548842
34.71 -0.883518 0.549967
34.72 -0.878018 0.551073
34.73 -0.872508 0.552158
34.74 -0.866986 0.553224
34.75 -0.861454 0.55427
34.76 -0.855911 0.555296
34.77 -0.850358 0.556304
34.78 -0.844795 0.557292
34.79 -0.839222 0.558262
34.8 -0.83364 0.559213
34.81 -0.828047 0.560145
34.82 -0.822446 0.56106
34.83 -0.816835 0.561956
34.84 -0.811216 0.562835
34.85 -0.805588 0.563696
34.86 -0.799951 0.564539
34.87 -0.794305 0.565365
34.88 -0.788652 0.566175
34.89 -0.78299 0.566967
34.9 -0.77732 0.567743
34.91 -0.771643 0.568502
34.92 -0.765958 0.569246
34.93 -0.760265 0.569973
34.94 -0.754565 0.570685
34.95 -0.748859 0.571381
34.96 -0.743145 0.572061
34.97 -0.737424 0.572726
34.98 -0.731697 0.573377
34.99 -0.725963 0.574013
35 -0.720223 0.574634
35.01 -0.714477 0.57524
35.02 -0.708724 0.575833
35.03 -0.702966 0.576411
35.04 -0.697202 0.576976
35.05 -0.691432 0.577528
35.06 -0.685657 0.578065
35.07 -0.679876 0.57859
35.08 -0.67409 0.579102
35.09 -0.668299 0.579601
35.1 -0.662503 0.580087
35.11 -0.656702 0.580562
35.12 -0.650897 0.581024
35.13 -0.645086 0.581473
35.14 -0.639272 0.581912
35.15 -0.633453 0.582338
35.16 -0.627629 0.582754
35.17 -0.621802 0.583158
35.18 -0.61597 0.583551
35.19 -0.610135 0.583933
35.2 -0.604295 0.584304
35.21 -0.598452 0.584665
35.22 -0.592606 0.585016
35.23 -0.586755 0.585357
35.24 -0.580902 0.585688
35.25 -0.575045 0.586009
35.26 -0.569185 0.586321
35.27 -0.563322 0.586623
35.28 -0.557455 0.586917
35.29 -0.551586 0.587201
35.3 -0.545714 0.587476
35.31 -0.53984 0.587743
35.32 -0.533962 0.588002
35.33 -0.528082 0.588252
35.34 -0.5222 0.588494
35.35 -0.516315 0.588728
35.36 -0.510427 0.588954
35.37 -0.504538 0.589173
35.38 -0.498646 0.589384
35.39 -0.492752 0.589589
35.4 -0.486856 0.589786
35.41 -0.480958 0.589976
35.42 -0.475059 0.590159
35.43 -0.469157 0.590336
35.44 -0.463254 0.590506
35.45 -0.457349 0.59067
35.46 -0.451442 0.590828
35.47 -0.445534 0.590979
35.48 -0.439624 0.591125
35.49 -0.433713 0.591265
35.5 -0.4278 0.5914
35.51 -0.421886 0.591529
35.52 -0.415971 0.591654
35.53 -0.410054 0.591772
35.54 -0.404136 0.591886
35.55 -0.398218 0.591996
35.56 -0.392298 0.5921
35.57 -0.386377 0.5922
35.58 -0.380455 0.592295
35.59 -0.374532 0.592386
35.6 -0.368608 0.592473
35.61 -0.362683 0.592556
35.62 -0.356758 0.592635
35.63 -0.350831 0.59271
35.64 -0.344904 0.592782
35.65 -0.338976 0.59285
35.66 -0.333048 0.592914
35.67 -0.327119 0.592976
35.68 -0.321189 0.593034
35.69 -0.315259 0.593089
35.7 -0.309328 0.593141
35.71 -0.303396 0.59319
35.72 -0.297464 0.593236
35.73 -0.291532 0.59328
35.74 -0.285599 0.593321
35.75 -0.279666 0.593359
35.76 -0.273732 0.593396
35.77 -0.267798 0.59343
35.78 -0.261864 0.593462
35.79 -0.25593 0.593492
35.8 -0.249995 0.593519
35.81 -0.244059 0.593545
35.82 -0.238124 0.59357
35.83 -0.232188 0.593592
35.84 -0.226252 0.593613
35.85 -0.220316 0.593632
35.86 -0.21438 0.59365
35.87 -0.208443 0.593666
35.88 -0.202507 0.593681
35.89 -0.19657 0.593695
35.9 -0.190633 0.593708
35.91 -0.184696 0.593719
35.92 -0.178759 0.59373
35.93 -0.172821 0.593739
35.94 -0.166884 0.593748
35.95 -0.160947 0.593756
35.96 -0.155009 0.593762
35.97 -0.149071 0.593769
35.98 -0.143134 0.593774
35.99 -0.137196 0.593779
36 -0.131258 0.593783
36.01 -0.12532 0.593787
36.02 -0.119382 0.59379
36.03 -0.113445 0.593793
36.04 -0.107507 0.593796
36.05 -0.101569 0.593798
36.06 -0.0956307 0.593799
36.07 -0.0896927 0.593801
36.08 -0.0837547 0.593802
36.09 -0.0778166 0.593803
36.1 -0.0718786 0.593804
36.11 -0.0659406 0.593805
36.12 -0.0600025 0.593805
36.13 -0.0540645 0.593805
36.14 -0.0481264 0.593806
36.15 -0.0421884 0.593806
36.16 -0.0362503 0.593806
36.17 -0.0303123 0.593806
36.18 -0.0243742 0.593806
36.19 -0.0184361 0.593806
36.2 -0.0124981 0.593806
36.21 -0.00656001 0.593806
36.22 -0.000621952 0.593806
36.23 0.00531611 0.593806
36.24 0.0112542 0.593806
36.25 0.0171922 0.593806
36.26 0.0231303 0.593806
36.27 0.0290684 0.593806
36.28 0.0350064 0.593806
36.29 0.0409445 0.593806
36.3 0.0468825 0.593806
36.31 0.0528206 0.593806
36.32 0.0587586 0.593805
36.33 0.0646967 0.593805
36.34 0.0706348 0.593805
36.35 0.0765728 0.593804
36.36 0.0825108 0.593803
36.37 0.0884489 0.593802
36.38 0.0943869 0.593801
36.39 0.100325 0.5938
36.4 0.106263 0.593798
36.41 0.112201 0.593796
36.42 0.118139 0.593794
36.43 0.124077 0.593791
36.44 0.130015 0.593788
36.45 0.135953 0.593784
36.46 0.14189 0.59378
36.47 0.147828 0.593775
36.48 0.153766 0.59377
36.49 0.159704 0.593764
36.5 0.165641 0.593757
36.51 0.171579 0.593749
36.52 0.177516 0.593741
36.53 0.183454 0.593732
36.54 0.189391 0.593721
36.55 0.195328 0.59371
36.56 0.201265 0.593698
36.57 0.207202 0.593684
36.58 0.213139 0.593669
36.59 0.219076 0.593653
36.6 0.225012 0.593636
36.61 0.230949 0.593617
36.62 0.236885 0.593596
36.63 0.242821 0.593574
36.64 0.248757 0.593551
36.65 0.254692 0.593525
36.66 0.260627 0.593498
36.67 0.266562 0.593468
36.68 0.272497 0.593437
36.69 0.278431 0.593403
36.7 0.284366 0.593367
36.71 0.290299 0.593329
36.72 0.296232 0.593288
36.73 0.302165 0.593245
36.74 0.308098 0.5932
36.75 0.31403 0.593151
36.76 0.319961 0.5931
36.77 0.325892 0.593045
36.78 0.331823 0.592988
36.79 0.337753 0.592927
36.8 0.343682 0.592864
36.81 0.349611 0.592796
36.82 0.355539 0.592726
36.83 0.361466 0.592651
36.84 0.367392 0.592573
36.85 0.373318 0.592491
36.86 0.379243 0.592405
36.87 0.385167 0.592314
36.88 0.39109 0.59222
36.89 0.397012 0.592121
36.9 0.402934 0.592017
36.91 0.408854 0.591909
36.92 0.414773 0.591796
36.93 0.420691 0.591678
36.94 0.426608 0.591555
36.95 0.432523 0.591427
36.96 0.438437 0.591294
36.97 0.44435 0.591155
36.98 0.450262 0.59101
36.99 0.456172 0.590859
37 0.462081 0.590703
37.01 0.467988 0.59054
37.02 0.473893 0.590371
37.03 0.479797 0.590196
37.04 0.485699 0.590014
37.05 0.491599 0.589825
37.06 0.497497 0.589629
37.07 0.503393 0.589426
37.08 0.509288 0.589217
37.09 0.51518 0.588999
37.1 0.52107 0.588774
37.11 0.526957 0.588542
37.12 0.532843 0.588301
37.13 0.538726 0.588053
37.14 0.544606 0.587796
37.15 0.550484 0.587531
37.16 0.55636 0.587257
37.17 0.562232 0.586974
37.18 0.568102 0.586683
37.19 0.573969 0.586382
37.2 0.579833 0.586072
37.21 0.585693 0.585752
37.22 0.591551 0.585423
37.23 0.597405 0.585084
37.24 0.603256 0.584735
37.25 0.609103 0.584376
37.26 0.614947 0.584006
37.27 0.620787 0.583626
37.28 0.626623 0.583235
37.29 0.632456 0.582833
37.3 0.638284 0.582419
37.31 0.644108 0.581995
37.32 0.649928 0.581558
37.33 0.655744 0.58111
37.34 0.661555 0.58065
37.35 0.667361 0.580178
37.36 0.673163 0.579694
37.37 0.67896 0.579197
37.38 0.684752 0.578687
37.39 0.690539 0.578164
37.4 0.696321 0.577629
37.41 0.702097 0.577079
37.42 0.707868 0.576517
37.43 0.713633 0.57594
37.44 0.719392 0.57535
37.45 0.725146 0.574745
37.46 0.730893 0.574126
37.47 0.736634 0.573492
37.48 0.742369 0.572844
37.49 0.748098 0.572181
37.5 0.75382 0.571502
37.51 0.759535 0.570808
37.52 0.765243 0.570099
37.53 0.770944 0.569373
37.54 0.776637 0.568632
37.55 0.782324 0.567875
37.56 0.788003 0.567101
37.57 0.793674 0.56631
37.58 0.799337 0.565503
37.59 0.804992 0.564678
37.6 0.810638 0.563837
37.61 0.816277 0.562977
37.62 0.821907 0.562101
37.63 0.827528 0.561206
37.64 0.83314 0.560293
37.65 0.838743 0.559362
37.66 0.844336 0.558413
37.67 0.84992 0.557445
37.68 0.855495 0.556458
37.69 0.861059 0.555452
37.7 0.866614 0.554427
37.71 0.872158 0.553382
37.72 0.877692 0.552318
37.73 0.883215 0.551233
37.74 0.888727 0.550129
37.75 0.894229 0.549005
37.76 0.899719 0.54786
37.77 0.905197 0.546694
37.78 0.910664 0.545507
37.79 0.916119 0.5443
37.8 0.921562 0.543071
37.81 0.926993 0.541821
37.82 0.932411 0.540549
37.83 0.937817 0.539256
37.84 0.943209 0.53794
37.85 0.948589 0.536603
37.86 0.953955 0.535243
37.87 0.959307 0.53386
37.88 0.964646 0.532455
37.89 0.96997 0.531027
37.9 0.975281 0.529576
37.91 0.980576 0.528102
37.92 0.985857 0.526604
37.93 0.991123 0.525083
37.94 0.996374 0.523538
37.95 1.00161 0.52197
37.96 1.00683 0.520377
37.97 1.01203 0.51876
37.98 1.01722 0.517119
37.99 1.02239 0.515453
38 1.02755 0.513763
38.01 1.03268 0.512048
38.02 1.0378 0.510308
38.03 1.04291 0.508542
38.04 1.04799 0.506752
38.05 1.05306 0.504936
38.06 1.05811 0.503095
38.07 1.06314 0.501228
38.08 1.06815 0.499336
38.09 1.07315 0.497417
38.1 1.07812 0.495473
38.11 1.08308 0.493503
38.12 1.08801 0.491506
38.13 1.09293 0.489483
38.14 1.09782 0.487433
38.15 1.10269 0.485357
38.16 1.10755 0.483255
38.17 1.11238 0.481125
38.18 1.11719 0.478969
38.19 1.12198 0.476786
38.2 1.12675 0.474576
38.21 1.1315 0.472338
38.22 1.13622 0.470074
38.23 1.14092 0.467782
38.24 1.1456 0.465463
38.25 1.15025 0.463117
38.26 1.15488 0.460743
38.27 1.15949 0.458341
38.28 1.16407 0.455913
38.29 1.16863 0.453456
38.3 1.17317 0.450972
38.31 1.17768 0.44846
38.32 1.18216 0.44592
38.33 1.18662 0.443353
38.34 1.19105 0.440758
38.35 1.19546 0.438135
38.36 1.19984 0.435484
38.37 1.2042 0.432806
38.38 1.20853 0.430099
38.39 1.21283 0.427365
38.4 1.2171 0.424603
38.41 1.22135 0.421813
38.42 1.22557 0.418995
38.43 1.22976 0.416149
38.44 1.23392 0.413276
38.45 1.23805 0.410374
38.46 1.24215 0.407445
38.47 1.24623 0.404489
38.48 1.25027 0.401504
38.49 1.25429 0.398492
38.5 1.25827 0.395453
38.51 1.26223 0.392385
38.52 1.26615 0.389291
38.53 1.27004 0.386169
38.54 1.27391 0.38302
38.55 1.27774 0.379843
38.56 1.28153 0.376639
38.57 1.2853 0.373409
38.58 1.28903 0.370151
38.59 1.29274 0.366866
38.6 1.2964 0.363555
38.61 1.30004 0.360216
38.62 1.30364 0.356852
38.63 1.30721 0.353461
38.64 1.31075 0.350043
38.65 1.31425 0.346599
38.66 1.31771 0.34313
38.67 1.32114 0.339634
38.68 1.32454 0.336113
38.69 1.3279 0.332565
38.7 1.33123 0.328993
38.71 1.33452 0.325395
38.72 1.33777 0.321772
38.73 1.34099 0.318124
38.74 1.34417 0.314451
38.75 1.34731 0.310754
38.76 1.35042 0.307032
38.77 1.35349 0.303286
38.78 1.35652 0.299516
38.79 1.35952 0.295722
38.8 1.36248 0.291904
38.81 1.3654 0.288063
38.82 1.36828 0.284199
38.83 1.37112 0.280312
38.84 1.37392 0.276402
38.85 1.37669 0.27247
38.86 1.37941 0.268515
38.87 1.3821 0.264539
38.88 1.38474 0.26054
38.89 1.38735 0.25652
38.9 1.38991 0.252479
38.91 1.39244 0.248417
38.92 1.39492 0.244334
38.93 1.39736 0.24023
38.94 1.39977 0.236106
38.95 1.40213 0.231963
38.96 1.40445 0.2278
38.97 1.40672 0.223617
38.98 1.40896 0.219416
38.99 1.41116 0.215195
39 1.41331 0.210957
39.01 1.41542 0.2067
39.02 1.41748 0.202425
39.03 1.41951 0.198133
39.04 1.42149 0.193824
39.05 1.42343 0.189498
39.06 1.42532 0.185155
39.07 1.42717 0.180796
39.08 1.42898 0.176421
39.09 1.43075 0.172031
39.1 1.43247 0.167626
39.11 1.43414 0.163206
39.12 1.43577 0.158771
39.13 1.43736 0.154322
39.14 1.43891 0.14986
39.15 1.4404 0.145384
39.16 1.44186 0.140895
39.17 1.44327 0.136393
39.18 1.44463 0.131879
39.19 1.44595 0.127354
39.2 1.44722 0.122816
39.21 1.44845 0.118268
39.22 1.44963 0.113708
39.23 1.45077 0.109139
39.24 1.45186 0.104559
39.25 1.45291 0.0999699
39.26 1.45391 0.0953714
39.27 1.45486 0.0907641
39.28 1.45577 0.0861483
39.29 1.45663 0.0815245
39.3 1.45745 0.0768931
39.31 1.45822 0.0722545
39.32 1.45894 0.067609
39.33 1.45961 0.0629572
39.34 1.46024 0.0582993
39.35 1.46083 0.0536358
39.36 1.46136 0.0489671
39.37 1.46185 0.0442937
39.38 1.4623 0.0396159
39.39 1.46269 0.0349341
39.4 1.46304 0.0302488
39.41 1.46334 0.0255604
39.42 1.4636 0.0208693
39.43 1.46381 0.0161759
39.44 1.46397 0.0114807
39.45 1.46408 0.00678398
39.46 1.46415 0.00208625
39.47 1.46417 -0.00261208
39.48 1.46415 -0.00731059
39.49 1.46407 -0.0120089
39.5 1.46395 -0.0167065
39.51 1.46379 -0.0214031
39.52 1.46357 -0.0260981
39.53 1.46331 -0.0307913
39.54 1.463 -0.0354821
39.55 1.46265 -0.0401702
39.56 1.46225 -0.0448551
39.57 1.4618 -0.0495364
39.58 1.4613 -0.0542137
39.59 1.46076 -0.0588867
39.6 1.46017 -0.0635547
39.61 1.45954 -0.0682176
39.62 1.45885 -0.0728748
39.63 1.45813 -0.0775259
39.64 1.45735 -0.0821706
39.65 1.45653 -0.0868084
39.66 1.45566 -0.0914389
39.67 1.45475 -0.0960617
39.68 1.45379 -0.100676
39.69 1.45278 -0.105283
39.7 1.45173 -0.10988
39.71 1.45063 -0.114468
39.72 1.44948 -0.119046
39.73 1.44829 -0.123615
39.74 1.44706 -0.128173
39.75 1.44577 -0.13272
39.76 1.44445 -0.137255
39.77 1.44307 -0.14178
39.78 1.44166 -0.146292
39.79 1.44019 -0.150792
39.8 1.43869 -0.155279
39.81 1.43713 -0.159753
39.82 1.43554 -0.164213
39.83 1.43389 -0.16866
39.84 1.43221 -0.173092
39.85 1.43048 -0.17751
39.86 1.4287 -0.181913
39.87 1.42688 -0.186301
39.88 1.42502 -0.190673
39.89 1.42311 -0.19503
39.9 1.42116 -0.19937
39.91 1.41917 -0.203693
39.92 1.41713 -0.207999
39.93 1.41505 -0.212289
39.94 1.41293 -0.21656
39.95 1.41076 -0.220814
39.96 1.40855 -0.225049
39.97 1.4063 -0.229266
39.98 1.40401 -0.233464
39.99 1.40168 -0.237643
40 1.3993 -0.241802
40.01 1.39688 -0.245942
40.02 1.39442 -0.250062
40.03 1.39192 -0.254161
40.04 1.38938 -0.25824
40.05 1.3868 -0.262298
40.06 1.38417 -0.266335
40.07 1.38151 -0.27035
40.08 1.37881 -0.274344
40.09 1.37606 -0.278315
40.1 1.37328 -0.282265
40.11 1.37046 -0.286192
40.12 1.3676 -0.290097
40.13 1.3647 -0.293979
40.14 1.36176 -0.297837
40.15 1.35878 -0.301673
40.16 1.35576 -0.305484
40.17 1.35271 -0.309272
40.18 1.34961 -0.313036
40.19 1.34648 -0.316776
40.2 1.34332 -0.320491
40.21 1.34011 -0.324182
40.22 1.33687 -0.327848
40.23 1.33359 -0.331489
40.24 1.33028 -0.335105
40.25 1.32692 -0.338696
40.26 1.32354 -0.342261
40.27 1.32011 -0.3458
40.28 1.31666 -0.349314
40.29 1.31316 -0.352802
40.3 1.30964 -0.356263
40.31 1.30607 -0.359699
40.32 1.30248 -0.363108
40.33 1.29884 -0.36649
40.34 1.29518 -0.369846
40.35 1.29148 -0.373176
40.36 1.28775 -0.376478
40.37 1.28398 -0.379753
40.38 1.28019 -0.383002
40.39 1.27636 -0.386223
40.4 1.2725 -0.389417
40.41 1.2686 -0.392583
40.42 1.26468 -0.395723
40.43 1.26072 -0.398834
40.44 1.25673 -0.401918
40.45 1.25271 -0.404975
40.46 1.24866 -0.408004
40.47 1.24458 -0.411005
40.48 1.24047 -0.413978
40.49 1.23633 -0.416923
40.5 1.23216 -0.419841
40.51 1.22796 -0.42273
40.52 1.22374 -0.425592
40.53 1.21948 -0.428425
40.54 1.2152 -0.431231
40.55 1.21088 -0.434008
40.56 1.20654 -0.436758
40.57 1.20218 -0.439479
40.58 1.19778 -0.442173
40.59 1.19336 -0.444838
40.6 1.18891 -0.447476
40.61 1.18444 -0.450085
40.62 1.17994 -0.452667
40.63 1.17541 -0.45522
40.64 1.17086 -0.457746
40.65 1.16628 -0.460244
40.66 1.16168 -0.462714
40.67 1.15705 -0.465156
40.68 1.1524 -0.46757
40.69 1.14772 -0.469957
40.7 1.14302 -0.472315
40.71 1.1383 -0.474647
40.72 1.13355 -0.476951
40.73 1.12878 -0.479227
40.74 1.12399 -0.481476
40.75 1.11918 -0.483697
40.76 1.11434 -0.485892
40.77 1.10948 -0.488059
40.78 1.1046 -0.490199
40.79 1.0997 -0.492312
40.8 1.09477 -0.494398
40.81 1.08983 -0.496458
40.82 1.08487 -0.498491
40.83 1.07988 -0.500497
40.84 1.07488 -0.502477
40.85 1.06985 -0.50443
40.86 1.06481 -0.506357
40.87 1.05974 -0.508259
40.88 1.05466 -0.510134
40.89 1.04956 -0.511983
40.9 1.04444 -0.513807
40.91 1.0393 -0.515605
40.92 1.03415 -0.517377
40.93 1.02897 -0.519124
40.94 1.02378 -0.520846
40.95 1.01857 -0.522543
40.96 1.01335 -0.524215
40.97 1.0081 -0.525863
40.98 1.00285 -0.527486
40.99 0.997571 -0.529084
41 0.99228 -0.530658
41.01 0.986974 -0.532208
41.02 0.981652 -0.533734
41.03 0.976314 -0.535237
41.04 0.970962 -0.536715
41.05 0.965595 -0.538171
41.06 0.960213 -0.539603
41.07 0.954817 -0.541012
41.08 0.949407 -0.542398
41.09 0.943983 -0.543761
41.1 0.938545 -0.545102
41.11 0.933094 -0.546421
41.12 0.92763 -0.547717
41.13 0.922153 -0.548991
41.14 0.916663 -0.550244
41.15 0.911161 -0.551475
41.16 0.905646 -0.552684
41.17 0.900119 -0.553872
41.18 0.89458 -0.555039
41.19 0.88903 -0.556186
41.2 0.883468 -0.557311
41.21 0.877895 -0.558417
41.22 0.872311 -0.559502
41.23 0.866716 -0.560567
41.24 0.86111 -0.561612
41.25 0.855494 -0.562637
41.26 0.849868 -0.563643
41.27 0.844231 -0.56463
41.28 0.838585 -0.565598
41.29 0.832929 -0.566546
41.3 0.827263 -0.567477
41.31 0.821589 -0.568388
41.32 0.815905 -0.569282
41.33 0.810212 -0.570158
41.34 0.80451 -0.571015
41.35 0.7988 -0.571856
41.36 0.793082 -0.572678
41.37 0.787355 -0.573484
41.38 0.78162 -0.574273
41.39 0.775877 -0.575045
41.4 0.770127 -0.5758
41.41 0.764369 -0.576539
41.42 0.758604 -0.577262
41.43 0.752831 -0.577969
41.44 0.747051 -0.57866
41.45 0.741265 -0.579336
41.46 0.735471 -0.579996
41.47 0.729671 -0.580642
41.48 0.723865 -0.581272
41.49 0.718052 -0.581888
41.5 0.712233 -0.582489
41.51 0.706408 -0.583076
41.52 0.700578 -0.583649
41.53 0.694741 -0.584208
41.54 0.688899 -0.584754
41.55 0.683052 -0.585286
41.56 0.677199 -0.585805
41.57 0.671341 -0.586311
41.58 0.665478 -0.586804
41.59 0.659609 -0.587284
41.6 0.653737 -0.587752
41.61 0.647859 -0.588208
41.62 0.641977 -0.588652
41.63 0.636091 -0.589084
41.64 0.6302 -0.589504
41.65 0.624305 -0.589913
41.66 0.618405 -0.590311
41.67 0.612502 -0.590698
41.68 0.606595 -0.591073
41.69 0.600685 -0.591439
41.7 0.59477 -0.591793
41.71 0.588852 -0.592138
41.72 0.582931 -0.592472
41.73 0.577006 -0.592797
41.74 0.571078 -0.593112
41.75 0.565147 -0.593417
41.76 0.559213 -0.593713
41.77 0.553276 -0.594
41.78 0.547336 -0.594278
41.79 0.541393 -0.594547
41.8 0.535448 -0.594808
41.81 0.5295 -0.59506
41.82 0.523549 -0.595304
41.83 0.517596 -0.59554
41.84 0.51164 -0.595768
41.85 0.505683 -0.595989
41.86 0.499723 -0.596201
41.87 0.493761 -0.596407
41.88 0.487797 -0.596605
41.89 0.481831 -0.596796
41.9 0.475863 -0.59698
41.91 0.469893 -0.597158
41.92 0.463921 -0.597329
41.93 0.457948 -0.597494
41.94 0.451973 -0.597652
41.95 0.445997 -0.597804
41.96 0.440019 -0.597951
41.97 0.434039 -0.598091
41.98 0.428058 -0.598226
41.99 0.422076 -0.598356
42 0.416092 -0.59848
42.01 0.410108 -0.598599
42.02 0.404122 -0.598713
42.03 0.398134 -0.598822
42.04 0.392146 -0.598927
42.05 0.386157 -0.599026
42.06 0.380167 -0.599122
42.07 0.374176 -0.599212
42.08 0.368183 -0.599299
42.09 0.36219 -0.599382
42.1 0.356197 -0.59946
42.11 0.350202 -0.599535
42.12 0.344207 -0.599606
42.13 0.338211 -0.599674
42.14 0.332214 -0.599738
42.15 0.326216 -0.599799
42.16 0.320218 -0.599856
42.17 0.31422 -0.599911
42.18 0.308221 -0.599962
42.19 0.302221 -0.600011
42.2 0.296221 -0.600057
42.21 0.29022 -0.6001
42.22 0.284219 -0.60014
42.23 0.278218 -0.600179
42.24 0.272216 -0.600214
42.25 0.266214 -0.600248
42.26 0.260212 -0.600279
42.27 0.254209 -0.600308
42.28 0.248206 -0.600336
42.29 0.242202 -0.600361
42.3 0.236199 -0.600385
42.31 0.230195 -0.600407
42.32 0.224191 -0.600427
42.33 0.218187 -0.600446
42.34 0.212182 -0.600463
42.35 0.206178 -0.600479
42.36 0.200173 -0.600493
42.37 0.194168 -0.600507
42.38 0.188163 -0.600519
42.39 0.182158 -0.60053
42.4 0.176152 -0.60054
42.41 0.170147 -0.600549
42.42 0.164141 -0.600557
42.43 0.158136 -0.600565
42.44 0.15213 -0.600571
42.45 0.146124 -0.600577
42.46 0.140119 -0.600582
42.47 0.134113 -0.600587
42.48 0.128107 -0.600591
42.49 0.122101 -0.600594
42.5 0.116095 -0.600597
42.51 0.110089 -0.6006
42.52 0.104083 -0.600602
42.53 0.0980772 -0.600604
42.54 0.0920711 -0.600606
42.55 0.0860651 -0.600607
42.56 0.080059 -0.600608
42.57 0.0740529 -0.600609
42.58 0.0680468 -0.60061
42.59 0.0620407 -0.60061
42.6 0.0560346 -0.60061
42.61 0.0500285 -0.600611
42.62 0.0440224 -0.600611
42.63 0.0380163 -0.600611
42.64 0.0320102 -0.600611
42.65 0.0260041 -0.600611
42.66 0.019998 -0.600611
42.67 0.0139919 -0.600611
42.68 0.00798574 -0.600611
42.69 0.00197963 -0.600611
42.7 -0.00402649 -0.600611
42.71 -0.0100326 -0.600611
42.72 -0.0160387 -0.600611
42.73 -0.0220448 -0.600611
42.74 -0.0280509 -0.600611
42.75 -0.0340571 -0.600611
42.76 -0.0400632 -0.600611
42.77 -0.0460693 -0.600611
42.78 -0.0520754 -0.600611
42.79 -0.0580815 -0.600611
42.8 -0.0640876 -0.60061
42.81 -0.0700937 -0.60061
42.82 -0.0760998 -0.600609
42.83 -0.0821059 -0.600609
42.84 -0.088112 -0.600608
42.85 -0.0941181 -0.600607
42.86 -0.100124 -0.600605
42.87 -0.10613 -0.600603
42.88 -0.112136 -0.600602
42.89 -0.118142 -0.600599
42.9 -0.124148 -0.600596
42.91 -0.130154 -0.600593
42.92 -0.13616 -0.60059
42.93 -0.142166 -0.600585
42.94 -0.148172 -0.600581
42.95 -0.154178 -0.600575
42.96 -0.160183 -0.600569
42.97 -0.166189 -0.600562
42.98 -0.172195 -0.600555
42.99 -0.1782 -0.600546
43 -0.184206 -0.600537
43.01 -0.190211 -0.600526
43.02 -0.196216 -0.600515
43.03 -0.202222 -0.600502
43.04 -0.208227 -0.600488
43.05 -0.214231 -0.600473
43.06 -0.220236 -0.600457
43.07 -0.226241 -0.600439
43.08 -0.232245 -0.60042
43.09 -0.238249 -0.600399
43.1 -0.244253 -0.600377
43.11 -0.250257 -0.600353
43.12 -0.256261 -0.600327
43.13 -0.262264 -0.600299
43.14 -0.268267 -0.600269
43.15 -0.27427 -0.600237
43.16 -0.280272 -0.600202
43.17 -0.286274 -0.600166
43.18 -0.292276 -0.600127
43.19 -0.298277 -0.600085
43.2 -0.304278 -0.600041
43.21 -0.310278 -0.599995
43.22 -0.316278 -0.599945
43.23 -0.322278 -0.599893
43.24 -0.328276 -0.599837
43.25 -0.334275 -0.599778
43.26 -0.340273 -0.599717
43.27 -0.34627 -0.599651
43.28 -0.352266 -0.599582
43.29 -0.358262 -0.59951
43.3 -0.364257 -0.599434
43.31 -0.370252 -0.599354
43.32 -0.376245 -0.59927
43.33 -0.382238 -0.599182
43.34 -0.38823 -0.599089
43.35 -0.394221 -0.598993
43.36 -0.40021 -0.598891
43.37 -0.406199 -0.598785
43.38 -0.412187 -0.598674
43.39 -0.418174 -0.598559
43.4 -0.42416 -0.598438
43.41 -0.430144 -0.598312
43.42 -0.436127 -0.59818
43.43 -0.442109 -0.598044
43.44 -0.448089 -0.597901
43.45 -0.454068 -0.597752
43.46 -0.460046 -0.597598
43.47 -0.466022 -0.597437
43.48 -0.471996 -0.597271
43.49 -0.477969 -0.597097
43.5 -0.48394 -0.596917
43.51 -0.489909 -0.596731
43.52 -0.495876 -0.596537
43.53 -0.501842 -0.596336
43.54 -0.507805 -0.596128
43.55 -0.513766 -0.595913
43.56 -0.519725 -0.59569
43.57 -0.525682 -0.595459
43.58 -0.531637 -0.59522
43.59 -0.537589 -0.594973
43.6 -0.543539 -0.594718
43.61 -0.549486 -0.594454
43.62 -0.555431 -0.594182
43.63 -0.561372 -0.593901
43.64 -0.567311 -0.59361
43.65 -0.573248 -0.593311
43.66 -0.579181 -0.593002
43.67 -0.585111 -0.592684
43.68 -0.591038 -0.592356
43.69 -0.596961 -0.592017
43.7 -0.602881 -0.591669
43.71 -0.608798 -0.591311
43.72 -0.614711 -0.590941
43.73 -0.62062 -0.590561
43.74 -0.626526 -0.590171
43.75 -0.632428 -0.589769
43.76 -0.638325 -0.589356
43.77 -0.644219 -0.588931
43.78 -0.650108 -0.588494
43.79 -0.655993 -0.588046
43.8 -0.661874 -0.587585
43.81 -0.66775 -0.587113
43.82 -0.673621 -0.586627
43.83 -0.679487 -0.586129
43.84 -0.685348 -0.585618
43.85 -0.691204 -0.585094
43.86 -0.697055 -0.584557
43.87 -0.702901 -0.584006
43.88 -0.708741 -0.583441
43.89 -0.714575 -0.582863
43.9 -0.720404 -0.58227
43.91 -0.726227 -0.581663
43.92 -0.732043 -0.581041
43.93 -0.737854 -0.580405
43.94 -0.743658 -0.579753
43.95 -0.749455 -0.579086
43.96 -0.755246 -0.578404
43.97 -0.76103 -0.577706
43.98 -0.766807 -0.576993
43.99 -0.772577 -0.576263
44 -0.77834 -0.575517
44.01 -0.784095 -0.574755
44.02 -0.789843 -0.573976
44.03 -0.795582 -0.57318
44.04 -0.801314 -0.572367
44.05 -0.807038 -0.571536
44.06 -0.812753 -0.570688
44.07 -0.81846 -0.569822
44.08 -0.824158 -0.568939
44.09 -0.829848 -0.568037
44.1 -0.835528 -0.567117
44.11 -0.841199 -0.566178
44.12 -0.846861 -0.56522
44.13 -0.852513 -0.564244
44.14 -0.858156 -0.563248
44.15 -0.863788 -0.562233
44.16 -0.86941 -0.561198
44.17 -0.875022 -0.560144
44.18 -0.880624 -0.559069
44.19 -0.886215 -0.557974
44.2 -0.891794 -0.556859
44.21 -0.897363 -0.555723
44.22 -0.90292 -0.554566
44.23 -0.908466 -0.553388
44.24 -0.914 -0.552189
44.25 -0.919522 -0.550969
44.26 -0.925031 -0.549727
44.27 -0.930529 -0.548463
44.28 -0.936013 -0.547177
44.29 -0.941485 -0.545869
44.3 -0.946944 -0.544538
44.31 -0.952389 -0.543185
44.32 -0.957821 -0.541809
44.33 -0.963239 -0.54041
44.34 -0.968643 -0.538988
44.35 -0.974033 -0.537543
44.36 -0.979408 -0.536074
44.37 -0.984769 -0.534582
44.38 -0.990115 -0.533066
44.39 -0.995446 -0.531525
44.4 -1.00076 -0.529961
44.41 -1.00606 -0.528372
44.42 -1.01134 -0.526759
44.43 -1.01661 -0.525121
44.44 -1.02186 -0.523458
44.45 -1.0271 -0.52177
44.46 -1.03232 -0.520057
44.47 -1.03752 -0.518319
44.48 -1.0427 -0.516555
44.49 -1.04786 -0.514766
44.5 -1.05301 -0.512951
44.51 -1.05814 -0.51111
44.52 -1.06325 -0.509243
44.53 -1.06835 -0.50735
44.54 -1.07342 -0.505431
44.55 -1.07847 -0.503485
44.56 -1.08351 -0.501512
44.57 -1.08852 -0.499513
44.58 -1.09352 -0.497488
44.59 -1.09849 -0.495435
44.6 -1.10345 -0.493355
44.61 -1.10838 -0.491248
44.62 -1.11329 -0.489114
44.63 -1.11818 -0.486953
44.64 -1.12305 -0.484764
44.65 -1.1279 -0.482548
44.66 -1.13273 -0.480304
44.67 -1.13753 -0.478032
44.68 -1.14231 -0.475733
44.69 -1.14707 -0.473406
44.7 -1.1518 -0.471051
44.71 -1.15651 -0.468668
44.72 -1.1612 -0.466257
44.73 -1.16586 -0.463818
44.74 -1.1705 -0.46135
44.75 -1.17511 -0.458855
44.76 -1.1797 -0.456331
44.77 -1.18427 -0.453779
44.78 -1.1888 -0.451198
44.79 -1.19332 -0.44859
44.8 -1.1978 -0.445952
44.81 -1.20226 -0.443287
44.82 -1.20669 -0.440593
44.83 -1.2111 -0.43787
44.84 -1.21548 -0.435119
44.85 -1.21983 -0.43234
44.86 -1.22415 -0.429532
44.87 -1.22845 -0.426696
44.88 -1.23271 -0.423831
44.89 -1.23695 -0.420938
44.9 -1.24116 -0.418016
44.91 -1.24534 -0.415066
44.92 -1.24949 -0.412088
44.93 -1.25361 -0.409081
44.94 -1.25771 -0.406046
44.95 -1.26177 -0.402983
44.96 -1.2658 -0.399891
44.97 -1.26979 -0.396772
44.98 -1.27376 -0.393624
44.99 -1.2777 -0.390449
45 -1.2816 -0.387245
45.01 -1.28548 -0.384014
45.02 -1.28932 -0.380755
45.03 -1.29312 -0.377468
45.04 -1.2969 -0.374154
45.05 -1.30064 -0.370812
45.06 -1.30435 -0.367443
45.07 -1.30802 -0.364047
45.08 -1.31166 -0.360624
45.09 -1.31527 -0.357173
45.1 -1.31884 -0.353696
45.11 -1.32238 -0.350191
45.12 -1.32588 -0.346661
45.13 -1.32935 -0.343104
45.14 -1.33278 -0.33952
45.15 -1.33617 -0.33591
45.16 -1.33953 -0.332275
45.17 -1.34285 -0.328613
45.18 -1.34614 -0.324926
45.19 -1.34939 -0.321213
45.2 -1.3526 -0.317475
45.21 -1.35578 -0.313712
45.22 -1.35891 -0.309924
45.23 -1.36201 -0.306111
45.24 -1.36507 -0.302274
45.25 -1.3681 -0.298412
45.26 -1.37108 -0.294527
45.27 -1.37403 -0.290617
45.28 -1.37693 -0.286684
45.29 -1.3798 -0.282727
45.3 -1.38263 -0.278747
45.31 -1.38541 -0.274745
45.32 -1.38816 -0.270719
45.33 -1.39087 -0.266671
45.34 -1.39353 -0.262601
45.35 -1.39616 -0.258509
45.36 -1.39875 -0.254395
45.37 -1.40129 -0.25026
45.38 -1.40379 -0.246104
45.39 -1.40625 -0.241927
45.4 -1.40867 -0.237729
45.41 -1.41105 -0.233512
45.42 -1.41338 -0.229274
45.43 -1.41568 -0.225016
45.44 -1.41793 -0.220739
45.45 -1.42014 -0.216443
45.46 -1.4223 -0.212129
45.47 -1.42442 -0.207796
45.48 -1.4265 -0.203445
45.49 -1.42853 -0.199076
45.5 -1.43052 -0.194689
45.51 -1.43247 -0.190286
45.52 -1.43437 -0.185866
45.53 -1.43623 -0.181429
45.54 -1.43805 -0.176976
45.55 -1.43982 -0.172508
45.56 -1.44154 -0.168024
45.57 -1.44322 -0.163525
45.58 -1.44486 -0.159012
45.59 -1.44645 -0.154484
45.6 -1.44799 -0.149942
45.61 -1.44949 -0.145387
45.62 -1.45095 -0.140819
45.63 -1.45235 -0.136237
45.64 -1.45372 -0.131644
45.65 -1.45503 -0.127038
45.66 -1.4563 -0.122421
45.67 -1.45753 -0.117792
45.68 -1.4587 -0.113153
45.69 -1.45984 -0.108503
45.7 -1.46092 -0.103843
45.71 -1.46196 -0.0991739
45.72 -1.46295 -0.0944952
45.73 -1.4639 -0.0898076
45.74 -1.46479 -0.0851115
45.75 -1.46565 -0.0804074
45.76 -1.46645 -0.0756957
45.77 -1.46721 -0.0709768
45.78 -1.46792 -0.0662512
45.79 -1.46858 -0.0615191
45.8 -1.46919 -0.0567811
45.81 -1.46976 -0.0520376
45.82 -1.47028 -0.047289
45.83 -1.47076 -0.0425357
45.84 -1.47118 -0.0377782
45.85 -1.47156 -0.0330168
45.86 -1.47189 -0.028252
45.87 -1.47217 -0.0234842
45.88 -1.47241 -0.0187139
45.89 -1.47259 -0.0139415
45.9 -1.47273 -0.00916738
45.91 -1.47282 -0.00439201
45.92 -1.47287 0.000384185
45.93 -1.47286 0.00516078
45.94 -1.47281 0.00993734
45.95 -1.47271 0.0147134
45.96 -1.47257 0.0194886
45.97 -1.47237 0.0242625
45.98 -1.47213 0.0290346
45.99 -1.47184 0.0338045
46 -1.4715 0.0385718
46.01 -1.47111 0.0433361
46.02 -1.47068 0.0480969
46.03 -1.4702 0.0528538
46.04 -1.46967 0.0576063
46.05 -1.4691 0.0623541
46.06 -1.46847 0.0670968
46.07 -1.4678 0.0718338
46.08 -1.46708 0.0765648
46.09 -1.46632 0.0812894
46.1 -1.4655 0.0860071
46.11 -1.46464 0.0907175
46.12 -1.46374 0.0954202
46.13 -1.46278 0.100115
46.14 -1.46178 0.104801
46.15 -1.46073 0.109478
46.16 -1.45964 0.114146
46.17 -1.4585 0.118804
46.18 -1.45731 0.123452
46.19 -1.45607 0.128089
46.2 -1.45479 0.132716
46.21 -1.45347 0.137331
46.22 -1.45209 0.141935
46.23 -1.45067 0.146526
46.24 -1.44921 0.151105
46.25 -1.4477 0.155671
46.26 -1.44614 0.160223
46.27 -1.44454 0.164762
46.28 -1.44289 0.169287
46.29 -1.4412 0.173798
46.3 -1.43946 0.178294
46.31 -1.43768 0.182774
46.32 -1.43585 0.18724
46.33 -1.43398 0.191689
46.34 -1.43206 0.196122
46.35 -1.4301 0.200539
46.36 -1.42809 0.204939
46.37 -1.42604 0.209321
46.38 -1.42395 0.213686
46.39 -1.42181 0.218033
46.4 -1.41963 0.222362
46.41 -1.41741 0.226673
46.42 -1.41514 0.230964
46.43 -1.41283 0.235237
46.44 -1.41048 0.239489
46.45 -1.40809 0.243723
46.46 -1.40565 0.247935
46.47 -1.40317 0.252128
46.48 -1.40065 0.2563
46.49 -1.39809 0.260451
46.5 -1.39548 0.26458
46.51 -1.39284 0.268689
46.52 -1.39015 0.272775
46.53 -1.38742 0.276839
46.54 -1.38465 0.280881
46.55 -1.38184 0.2849
46.56 -1.37899 0.288897
46.57 -1.37611 0.29287
46.58 -1.37318 0.29682
46.59 -1.37021 0.300746
46.6 -1.3672 0.304649
46.61 -1.36416 0.308527
46.62 -1.36107 0.312382
46.63 -1.35795 0.316212
46.64 -1.35478 0.320017
46.65 -1.35158 0.323797
46.66 -1.34835 0.327552
46.67 -1.34507 0.331282
46.68 -1.34176 0.334986
46.69 -1.33841 0.338665
46.7 -1.33502 0.342318
46.71 -1.3316 0.345945
46.72 -1.32814 0.349545
46.73 -1.32464 0.35312
46.74 -1.32111 0.356668
46.75 -1.31754 0.360189
46.76 -1.31394 0.363683
46.77 -1.31031 0.367151
46.78 -1.30663 0.370591
46.79 -1.30293 0.374004
46.8 -1.29919 0.37739
46.81 -1.29541 0.380749
46.82 -1.29161 0.38408
46.83 -1.28777 0.387383
46.84 -1.28389 0.390659
46.85 -1.27999 0.393906
46.86 -1.27605 0.397126
46.87 -1.27208 0.400318
46.88 -1.26807 0.403481
46.89 -1.26404 0.406617
46.9 -1.25997 0.409724
46.91 -1.25587 0.412803
46.92 -1.25175 0.415853
46.93 -1.24759 0.418876
46.94 -1.2434 0.421869
46.95 -1.23918 0.424834
46.96 -1.23493 0.427771
46.97 -1.23065 0.430679
46.98 -1.22635 0.433559
46.99 -1.22201 0.436409
47 -1.21765 0.439232
47.01 -1.21326 0.442025
47.02 -1.20884 0.44479
47.03 -1.20439 0.447527
47.04 -1.19991 0.450234
47.05 -1.19541 0.452913
47.06 -1.19088 0.455564
47.07 -1.18632 0.458186
47.08 -1.18174 0.460779
47.09 -1.17714 0.463344
47.1 -1.1725 0.46588
47.11 -1.16784 0.468388
47.12 -1.16316 0.470867
47.13 -1.15845 0.473318
47.14 -1.15372 0.475741
47.15 -1.14896 0.478135
47.16 -1.14418 0.480501
47.17 -1.13937 0.482839
47.18 -1.13455 0.485149
47.19 -1.12969 0.487431
47.2 -1.12482 0.489685
47.21 -1.11992 0.491912
47.22 -1.115 0.49411
47.23 -1.11006 0.496281
47.24 -1.1051 0.498425
47.25 -1.10012 0.500541
47.26 -1.09511 0.502629
47.27 -1.09008 0.50469
47.28 -1.08504 0.506725
47.29 -1.07997 0.508732
47.3 -1.07488 0.510712
47.31 -1.06978 0.512665
47.32 -1.06465 0.514592
47.33 -1.0595 0.516493
47.34 -1.05434 0.518367
47.35 -1.04915 0.520214
47.36 -1.04395 0.522036
47.37 -1.03873 0.523831
47.38 -1.03349 0.525601
47.39 -1.02824 0.527345
47.4 -1.02296 0.529063
47.41 -1.01767 0.530756
47.42 -1.01237 0.532424
47.43 -1.00704 0.534067
47.44 -1.0017 0.535685
47.45 -0.996344 0.537278
47.46 -0.990971 0.538847
47.47 -0.985582 0.540391
47.48 -0.980178 0.541911
47.49 -0.974759 0.543406
47.5 -0.969325 0.544878
47.51 -0.963876 0.546327
47.52 -0.958413 0.547751
47.53 -0.952936 0.549153
47.54 -0.947444 0.550531
47.55 -0.941939 0.551886
47.56 -0.93642 0.553218
47.57 -0.930888 0.554528
47.58 -0.925343 0.555815
47.59 -0.919784 0.557081
47.6 -0.914214 0.558324
47.61 -0.90863 0.559545
47.62 -0.903035 0.560745
47.63 -0.897427 0.561923
47.64 -0.891808 0.56308
47.65 -0.886177 0.564216
47.66 -0.880535 0.565331
47.67 -0.874882 0.566426
47.68 -0.869218 0.5675
47.69 -0.863543 0.568554
47.7 -0.857857 0.569588
47.71 -0.852161 0.570602
47.72 -0.846455 0.571596
47.73 -0.840739 0.572572
47.74 -0.835014 0.573528
47.75 -0.829278 0.574465
47.76 -0.823534 0.575383
47.77 -0.81778 0.576283
47.78 -0.812017 0.577164
47.79 -0.806245 0.578028
47.8 -0.800465 0.578873
47.81 -0.794676 0.579701
47.82 -0.788879 0.580512
47.83 -0.783074 0.581305
47.84 -0.777261 0.582081
47.85 -0.77144 0.58284
47.86 -0.765612 0.583583
47.87 -0.759776 0.584309
47.88 -0.753933 0.585019
47.89 -0.748083 0.585714
47.9 -0.742226 0.586392
47.91 -0.736362 0.587055
47.92 -0.730491 0.587703
47.93 -0.724614 0.588335
47.94 -0.718731 0.588953
47.95 -0.712841 0.589556
47.96 -0.706946 0.590145
47.97 -0.701044 0.590719
47.98 -0.695137 0.591279
47.99 -0.689224 0.591826
48 -0.683306 0.592358
48.01 -0.677382 0.592878
48.02 -0.671454 0.593384
48.03 -0.66552 0.593877
48.04 -0.659581 0.594358
48.05 -0.653638 0.594826
48.06 -0.647689 0.595282
48.07 -0.641736 0.595725
48.08 -0.635779 0.596156
48.09 -0.629818 0.596576
48.1 -0.623852 0.596984
48.11 -0.617882 0.597381
48.12 -0.611908 0.597767
48.13 -0.605931 0.598142
48.14 -0.599949 0.598506
48.15 -0.593964 0.598859
48.16 -0.587975 0.599202
48.17 -0.581983 0.599535
48.18 -0.575988 0.599858
48.19 -0.56999 0.600172
48.2 -0.563988 0.600475
48.21 -0.557983 0.60077
48.22 -0.551975 0.601055
48.23 -0.545965 0.601331
48.24 -0.539951 0.601598
48.25 -0.533936 0.601856
48.26 -0.527917 0.602107
48.27 -0.521896 0.602348
48.28 -0.515872 0.602582
48.29 -0.509847 0.602808
48.3 -0.503819 0.603026
48.31 -0.497788 0.603236
48.32 -0.491756 0.603439
48.33 -0.485721 0.603635
48.34 -0.479685 0.603824
48.35 -0.473647 0.604006
48.36 -0.467607 0.604181
48.37 -0.461565 0.60435
48.38 -0.455522 0.604512
48.39 -0.449476 0.604668
48.4 -0.44343 0.604817
48.41 -0.437382 0.604961
48.42 -0.431332 0.605099
48.43 -0.425281 0.605232
48.44 -0.419229 0.605359
48.45 -0.413175 0.605481
48.46 -0.40712 0.605597
48.47 -0.401064 0.605709
48.48 -0.395007 0.605815
48.49 -0.388949 0.605917
48.5 -0.38289 0.606015
48.51 -0.37683 0.606108
48.52 -0.370769 0.606196
48.53 -0.364707 0.606281
48.54 -0.358644 0.606361
48.55 -0.35258 0.606437
48.56 -0.346516 0.60651
48.57 -0.340451 0.606579
48.58 -0.334385 0.606644
48.59 -0.328319 0.606706
48.6 -0.322251 0.606765
48.61 -0.316184 0.60682
48.62 -0.310116 0.606873
48.63 -0.304047 0.606922
48.64 -0.297978 0.606969
48.65 -0.291908 0.607013
48.66 -0.285838 0.607054
48.67 -0.279767 0.607093
48.68 -0.273696 0.607129
48.69 -0.267625 0.607163
48.7 -0.261553 0.607195
48.71 -0.255482 0.607225
48.72 -0.249409 0.607252
48.73 -0.243337 0.607278
48.74 -0.237264 0.607302
48.75 -0.231191 0.607324
48.76 -0.225118 0.607345
48.77 -0.219044 0.607364
48.78 -0.212971 0.607381
48.79 -0.206897 0.607397
48.8 -0.200823 0.607412
48.81 -0.194749 0.607426
48.82 -0.188674 0.607438
48.83 -0.1826 0.607449
48.84 -0.176526 0.607459
48.85 -0.170451 0.607468
48.86 -0.164376 0.607477
48.87 -0.158302 0.607484
48.88 -0.152227 0.607491
48.89 -0.146152 0.607496
48.9 -0.140077 0.607502
48.91 -0.134002 0.607506
48.92 -0.127927 0.60751
48.93 -0.121852 0.607514
48.94 -0.115777 0.607517
48.95 -0.109701 0.607519
48.96 -0.103626 0.607521
48.97 -0.097551 0.607523
48.98 -0.0914757 0.607525
48.99 -0.0854005 0.607526
49 -0.0793252 0.607527
49.01 -0.0732499 0.607528
49.02 -0.0671747 0.607529
49.03 -0.0610994 0.607529
49.04 -0.0550241 0.60753
49.05 -0.0489488 0.60753
49.06 -0.0428735 0.60753
49.07 -0.0367982 0.60753
49.08 -0.0307229 0.60753
49.09 -0.0246476 0.60753
49.1 -0.0185723 0.60753
49.11 -0.012497 0.60753
49.12 -0.00642168 0.60753
49.13 -0.000346377 0.60753
49.14 0.00572893 0.60753
49.15 0.0118042 0.60753
49.16 0.0178795 0.60753
49.17 0.0239548 0.60753
49.18 0.0300301 0.60753
49.19 0.0361054 0.60753
49.2 0.0421807 0.60753
49.21 0.048256 0.60753
49.22 0.0543313 0.60753
49.23 0.0604066 0.60753
49.24 0.0664819 0.607529
49.25 0.0725572 0.607529
49.26 0.0786325 0.607528
49.27 0.0847078 0.607527
49.28 0.0907831 0.607526
49.29 0.0968583 0.607525
49.3 0.102934 0.607524
49.31 0.109009 0.607522
49.32 0.115084 0.60752
49.33 0.121159 0.607517
49.34 0.127234 0.607514
49.35 0.13331 0.607511
49.36 0.139385 0.607507
49.37 0.14546 0.607502
49.38 0.151535 0.607497
49.39 0.15761 0.607491
49.4 0.163685 0.607485
49.41 0.169759 0.607477
49.42 0.175834 0.607469
49.43 0.181909 0.60746
49.44 0.187984 0.60745
49.45 0.194058 0.607439
49.46 0.200132 0.607427
49.47 0.206207 0.607414
49.48 0.212281 0.607399
49.49 0.218355 0.607383
49.5 0.224429 0.607366
49.51 0.230502 0.607347
49.52 0.236576 0.607327
49.53 0.242649 0.607305
49.54 0.248722 0.607281
49.55 0.254795 0.607255
49.56 0.260867 0.607228
49.57 0.26694 0.607198
49.58 0.273012 0.607167
49.59 0.279083 0.607133
49.6 0.285155 0.607097
49.61 0.291226 0.607058
49.62 0.297296 0.607017
49.63 0.303366 0.606974
49.64 0.309436 0.606928
49.65 0.315505 0.606878
49.66 0.321574 0.606826
49.67 0.327643 0.606771
49.68 0.33371 0.606713
49.69 0.339777 0.606651
49.7 0.345844 0.606586
49.71 0.35191 0.606518
49.72 0.357975 0.606446
49.73 0.364039 0.60637
49.74 0.370103 0.60629
49.75 0.376166 0.606206
49.76 0.382228 0.606118
49.77 0.388289 0.606025
49.78 0.394349 0.605929
49.79 0.400409 0.605827
49.8 0.406467 0.605721
49.81 0.412524 0.60561
49.82 0.41858 0.605494
49.83 0.424635 0.605373
49.84 0.430689 0.605246
49.85 0.436741 0.605114
49.86 0.442793 0.604977
49.87 0.448842 0.604834
49.88 0.454891 0.604684
49.89 0.460938 0.604529
49.9 0.466983 0.604368
49.91 0.473027 0.6042
49.92 0.479069 0.604025
49.93 0.485109 0.603844
49.94 0.491147 0.603656
49.95 0.497184 0.603461
49.96 0.503218 0.603259
49.97 0.509251 0.603049
49.98 0.515281 0.602832
49.99 0.52131 0.602607
50 0.527336 0.602374
