0 0 0 1 0
0.01 -0.00997488 0 0.99995 0
0.02 -0.019899 0 0.999801 0
0.03 -0.0297717 0 0.999552 0
0.04 -0.0395921 0 0.999205 0
0.05 -0.0493596 0 0.998761 0
0.06 -0.0590735 0 0.998218 0
0.07 -0.068733 0 0.997579 0
0.08 -0.0783375 0 0.996844 0
0.09 -0.0878863 0 0.996013 0
0.1 -0.0973787 0 0.995086 0
0.11 -0.106814 0 0.994065 0
0.12 -0.116192 0 0.99295 0
0.13 -0.125511 0 0.991742 0
0.14 -0.134771 0 0.99044 0
0.15 -0.143972 0 0.989047 0
0.16 -0.153112 0 0.987561 0
0.17 -0.162192 0 0.985984 0
0.18 -0.17121 0 0.984317 0
0.19 -0.180166 0 0.98256 0
0.2 -0.189059 0 0.980714 0
0.21 -0.197889 0 0.97878 0
0.22 -0.206656 0 0.976757 0
0.23 -0.215358 0 0.974647 0
0.24 -0.223995 0 0.97245 0
0.25 -0.232566 0 0.970167 0
0.26 -0.241072 0 0.967799 0
0.27 -0.249512 0 0.965346 0
0.28 -0.257884 0 0.962809 0
0.29 -0.266189 0 0.960188 0
0.3 -0.274426 0 0.957485 0
0.31 -0.282594 0 0.9547 0
0.32 -0.290694 0 0.951833 0
0.33 -0.298724 0 0.948886 0
0.34 -0.306684 0 0.945859 0
0.35 -0.314574 0 0.942753 0
0.36 -0.322393 0 0.939568 0
0.37 -0.330141 0 0.936305 0
0.38 -0.337818 0 0.932965 0
0.39 -0.345422 0 0.929549 0
0.4 -0.352954 0 0.926057 0
0.41 -0.360414 0 0.92249 0
0.42 -0.3678 0 0.918849 0
0.43 -0.375112 0 0.915135 0
0.44 -0.382351 0 0.911347 0
0.45 -0.389516 0 0.907488 0
0.46 -0.396606 0 0.903557 0
0.47 -0.403621 0 0.899556 0
0.48 -0.41056 0 0.895485 0
0.49 -0.417425 0 0.891345 0
0.5 -0.424213 0 0.887137 0
0.51 -0.430925 0 0.882861 0
0.52 -0.437561 0 0.878518 0
0.53 -0.44412 0 0.87411 0
0.54 -0.450602 0 0.869636 0
0.55 -0.457007 0 0.865098 0
0.56 -0.463334 0 0.860496 0
0.57 -0.469583 0 0.855832 0
0.58 -0.475754 0 0.851105 0
0.59 -0.481848 0 0.846317 0
0.6 -0.487862 0 0.841468 0
0.61 -0.493798 0 0.83656 0
0.62 -0.499655 0 0.831593 0
0.63 -0.505433 0 0.826567 0
0.64 -0.511132 0 0.821484 0
0.65 -0.516752 0 0.816345 0
0.66 -0.522292 0 0.811149 0
0.67 -0.527752 0 0.805899 0
0.68 -0.533132 0 0.800595 0
0.69 -0.538432 0 0.795237 0
0.7 -0.543652 0 0.789826 0
0.71 -0.548792 0 0.784364 0
0.72 -0.553852 0 0.778851 0
0.73 -0.558831 0 0.773287 0
0.74 -0.563729 0 0.767674 0
0.75 -0.568547 0 0.762013 0
0.76 -0.573284 0 0.756304 0
0.77 -0.57794 0 0.750548 0
0.78 -0.582515 0 0.744745 0
0.79 -0.58701 0 0.738898 0
0.8 -0.591423 0 0.733005 0
0.81 -0.595756 0 0.727069 0
0.82 -0.600007 0 0.72109 0
0.83 -0.604177 0 0.715069 0
0.84 -0.608267 0 0.709007 0
0.85 -0.612275 0 0.702904 0
0.86 -0.616202 0 0.696762 0
0.87 -0.620048 0 0.690581 0
0.88 -0.623813 0 0.684361 0
0.89 -0.627497 0 0.678105 0
0.9 -0.6311 0 0.671812 0
0.91 -0.634622 0 0.665483 0
0.92 -0.638064 0 0.659119 0
0.93 -0.641424 0 0.652722 0
0.94 -0.644704 0 0.646291 0
0.95 -0.647903 0 0.639828 0
0.96 -0.651022 0 0.633333 0
0.97 -0.65406 0 0.626808 0
0.98 -0.657017 0 0.620252 0
0.99 -0.659894 0 0.613668 0
1 -0.662692 0 0.607055 0
1.01 -0.665409 0 0.600414 0
1.02 -0.668046 0 0.593747 0
1.03 -0.670603 0 0.587054 0
1.04 -0.673081 0 0.580335 0
1.05 -0.675479 0 0.573592 0
1.06 -0.677798 0 0.566826 0
1.07 -0.680038 0 0.560037 0
1.08 -0.682198 0 0.553225 0
1.09 -0.68428 0 0.546393 0
1.1 -0.686284 0 0.53954 0
1.11 -0.688208 0 0.532667 0
1.12 -0.690055 0 0.525776 0
1.13 -0.691823 0 0.518867 0
1.14 -0.693514 0 0.51194 0
1.15 -0.695127 0 0.504997 0
1.16 -0.696663 0 0.498038 0
1.17 -0.698121 0 0.491064 0
1.18 -0.699503 0 0.484075 0
1.19 -0.700808 0 0.477074 0
1.2 -0.702036 0 0.47006 0
1.21 -0.703189 0 0.463033 0
1.22 -0.704265 0 0.455996 0
1.23 -0.705266 0 0.448948 0
1.24 -0.706192 0 0.441891 0
1.25 -0.707042 0 0.434825 0
1.26 -0.707818 0 0.42775 0
1.27 -0.708519 0 0.420669 0
1.28 -0.709146 0 0.41358 0
1.29 -0.709699 0 0.406486 0
1.3 -0.710179 0 0.399386 0
1.31 -0.710585 0 0.392283 0
1.32 -0.710919 0 0.385175 0
1.33 -0.71118 0 0.378064 0
1.34 -0.711368 0 0.370952 0
1.35 -0.711485 0 0.363837 0
1.36 -0.71153 0 0.356722 0
1.37 -0.711505 0 0.349607 0
1.38 -0.711408 0 0.342492 0
1.39 -0.71124 0 0.335379 0
1.4 -0.711003 0 0.328268 0
1.41 -0.710696 0 0.321159 0
1.42 -0.710319 0 0.314054 0
1.43 -0.709874 0 0.306953 0
1.44 -0.70936 0 0.299857 0
1.45 -0.708778 0 0.292766 0
1.46 -0.708127 0 0.285681 0
1.47 -0.70741 0 0.278604 0
1.48 -0.706626 0 0.271534 0
1.49 -0.705775 0 0.264471 0
1.5 -0.704857 0 0.257418 0
1.51 -0.703875 0 0.250375 0
1.52 -0.702826 0 0.243341 0
1.53 -0.701713 0 0.236318 0
1.54 -0.700536 0 0.229307 0
1.55 -0.699294 0 0.222308 0
1.56 -0.697989 0 0.215321 0
1.57 -0.696621 0 0.208348 0
1.58 -0.69519 0 0.201389 0
1.59 -0.693697 0 0.194445 0
1.6 -0.692142 0 0.187515 0
1.61 -0.690526 0 0.180602 0
1.62 -0.688849 0 0.173705 0
1.63 -0.687112 0 0.166825 0
1.64 -0.685315 0 0.159963 0
1.65 -0.683458 0 0.153119 0
1.66 -0.681542 0 0.146294 0
1.67 -0.679569 0 0.139488 0
1.68 -0.677537 0 0.132703 0
1.69 -0.675447 0 0.125938 0
1.7 -0.673301 0 0.119194 0
1.71 -0.671098 0 0.112472 0
1.72 -0.66884 0 0.105772 0
1.73 -0.666526 0 0.0990954 0
1.74 -0.664157 0 0.0924419 0
1.75 -0.661733 0 0.0858124 0
1.76 -0.659256 0 0.0792075 0
1.77 -0.656725 0 0.0726275 0
1.78 -0.654141 0 0.0660731 0
1.79 -0.651505 0 0.0595449 0
1.8 -0.648817 0 0.0530432 0
1.81 -0.646078 0 0.0465687 0
1.82 -0.643288 0 0.0401218 0
1.83 -0.640448 0 0.0337031 0
1.84 -0.637558 0 0.027313 0
1.85 -0.634619 0 0.0209521 0
1.86 -0.631631 0 0.0146208 0
1.87 -0.628595 0 0.00831965 0
1.88 -0.625511 0 0.00204908 0
1.89 -0.622381 0 -0.00419042 0
1.9 -0.619204 0 -0.0103984 0
1.91 -0.615981 0 -0.0165744 0
1.92 -0.612713 0 -0.0227179 0
1.93 -0.6094 0 -0.0288285 0
1.94 -0.606042 0 -0.0349057 0
1.95 -0.602641 0 -0.0409492 0
1.96 -0.599197 0 -0.0469584 0
1.97 -0.59571 0 -0.052933 0
1.98 -0.592182 0 -0.0588725 0
1.99 -0.588611 0 -0.0647765 0
2 -0.585 0 -0.0706446 0
2.01 -0.581349 0 -0.0764763 0
2.02 -0.577657 0 -0.0822714 0
2.03 -0.573927 0 -0.0880293 0
2.04 -0.570158 0 -0.0937498 0
2.05 -0.56635 0 -0.0994324 0
2.06 -0.562506 0 -0.105077 0
2.07 -0.558624 0 -0.110682 0
2.08 -0.554706 0 -0.116249 0
2.09 -0.550752 0 -0.121776 0
2.1 -0.546763 0 -0.127264 0
2.11 -0.54274 0 -0.132712 0
2.12 -0.538682 0 -0.138119 0
2.13 -0.534591 0 -0.143485 0
2.14 -0.530466 0 -0.14881 0
2.15 -0.52631 0 -0.154094 0
2.16 -0.522122 0 -0.159336 0
2.17 -0.517902 0 -0.164537 0
2.18 -0.513652 0 -0.169694 0
2.19 -0.509372 0 -0.17481 0
2.2 -0.505062 0 -0.179882 0
2.21 -0.500724 0 -0.184911 0
2.22 -0.496357 0 -0.189896 0
2.23 -0.491963 0 -0.194838 0
2.24 -0.487541 0 -0.199735 0
2.25 -0.483093 0 -0.204588 0
2.26 -0.478618 0 -0.209397 0
2.27 -0.474119 0 -0.214161 0
2.28 -0.469594 0 -0.218879 0
2.29 -0.465045 0 -0.223553 0
2.3 -0.460473 0 -0.22818 0
2.31 -0.455877 0 -0.232762 0
2.32 -0.451259 0 -0.237298 0
2.33 -0.446619 0 -0.241787 0
2.34 -0.441957 0 -0.24623 0
2.35 -0.437275 0 -0.250626 0
2.36 -0.432572 0 -0.254975 0
2.37 -0.42785 0 -0.259277 0
2.38 -0.423108 0 -0.263532 0
2.39 -0.418348 0 -0.26774 0
2.4 -0.41357 0 -0.271899 0
2.41 -0.408775 0 -0.276011 0
2.42 -0.403962 0 -0.280075 0
2.43 -0.399134 0 -0.28409 0
2.44 -0.39429 0 -0.288057 0
2.45 -0.38943 0 -0.291976 0
2.46 -0.384556 0 -0.295846 0
2.47 -0.379668 0 -0.299667 0
2.48 -0.374766 0 -0.303439 0
2.49 -0.369851 0 -0.307162 0
2.5 -0.364924 0 -0.310836 0
2.51 -0.359986 0 -0.314461 0
2.52 -0.355036 0 -0.318036 0
2.53 -0.350075 0 -0.321561 0
2.54 -0.345104 0 -0.325037 0
2.55 -0.340123 0 -0.328463 0
2.56 -0.335133 0 -0.33184 0
2.57 -0.330135 0 -0.335166 0
2.58 -0.325129 0 -0.338442 0
2.59 -0.320115 0 -0.341669 0
2.6 -0.315095 0 -0.344845 0
2.61 -0.310068 0 -0.34797 0
2.62 -0.305035 0 -0.351046 0
2.63 -0.299997 0 -0.354071 0
2.64 -0.294954 0 -0.357046 0
2.65 -0.289906 0 -0.35997 0
2.66 -0.284855 0 -0.362844 0
2.67 -0.279801 0 -0.365667 0
2.68 -0.274744 0 -0.36844 0
2.69 -0.269685 0 -0.371162 0
2.7 -0.264624 0 -0.373834 0
2.71 -0.259562 0 -0.376455 0
2.72 -0.2545 0 -0.379025 0
2.73 -0.249437 0 -0.381545 0
2.74 -0.244374 0 -0.384014 0
2.75 -0.239313 0 -0.386432 0
2.76 -0.234253 0 -0.3888 0
2.77 -0.229195 0 -0.391117 0
2.78 -0.224139 0 -0.393384 0
2.79 -0.219086 0 -0.3956 0
2.8 -0.214036 0 -0.397766 0
2.81 -0.20899 0 -0.399881 0
2.82 -0.203949 0 -0.401945 0
2.83 -0.198912 0 -0.40396 0
2.84 -0.193881 0 -0.405924 0
2.85 -0.188855 0 -0.407837 0
2.86 -0.183835 0 -0.409701 0
2.87 -0.178823 0 -0.411514 0
2.88 -0.173817 0 -0.413277 0
2.89 -0.168819 0 -0.41499 0
2.9 -0.163829 0 -0.416654 0
2.91 -0.158848 0 -0.418267 0
2.92 -0.153876 0 -0.419831 0
2.93 -0.148913 0 -0.421345 0
2.94 -0.14396 0 -0.422809 0
2.95 -0.139017 0 -0.424224 0
2.96 -0.134085 0 -0.425589 0
2.97 -0.129165 0 -0.426906 0
2.98 -0.124256 0 -0.428173 0
2.99 -0.119359 0 -0.429391 0
3 -0.114474 0 -0.43056 0
3.01 -0.109603 0 -0.43168 0
3.02 -0.104745 0 -0.432752 0
3.03 -0.0999005 0 -0.433775 0
3.04 -0.0950704 0 -0.43475 0
3.05 -0.090255 0 -0.435677 0
3.06 -0.0854545 0 -0.436555 0
3.07 -0.0806694 0 -0.437386 0
3.08 -0.0759002 0 -0.438169 0
3.09 -0.0711472 0 -0.438904 0
3.1 -0.0664108 0 -0.439592 0
3.11 -0.0616914 0 -0.440232 0
3.12 -0.0569894 0 -0.440825 0
3.13 -0.0523051 0 -0.441372 0
3.14 -0.047639 0 -0.441872 0
3.15 -0.0429914 0 -0.442325 0
3.16 -0.0383627 0 -0.442732 0
3.17 -0.0337533 0 -0.443092 0
3.18 -0.0291635 0 -0.443407 0
3.19 -0.0245936 0 -0.443675 0
3.2 -0.0200441 0 -0.443899 0
3.21 -0.0155153 0 -0.444076 0
3.22 -0.0110076 0 -0.444209 0
3.23 -0.0065212 0 -0.444297 0
3.24 -0.00205655 0 -0.444339 0
3.25 0.00238604 0 -0.444338 0
3.26 0.00680624 0 -0.444292 0
3.27 0.0112037 0 -0.444202 0
3.28 0.0155781 0 -0.444068 0
3.29 0.0199292 0 -0.44389 0
3.3 0.0242565 0 -0.443669 0
3.31 0.0285599 0 -0.443405 0
3.32 0.0328389 0 -0.443098 0
3.33 0.0370934 0 -0.442749 0
3.34 0.0413229 0 -0.442356 0
3.35 0.0455272 0 -0.441922 0
3.36 0.049706 0 -0.441446 0
3.37 0.0538589 0 -0.440928 0
3.38 0.0579858 0 -0.440369 0
3.39 0.0620864 0 -0.439768 0
3.4 0.0661602 0 -0.439127 0
3.41 0.0702072 0 -0.438445 0
3.42 0.074227 0 -0.437723 0
3.43 0.0782193 0 -0.436961 0
3.44 0.0821839 0 -0.436159 0
3.45 0.0861206 0 -0.435317 0
3.46 0.090029 0 -0.434437 0
3.47 0.0939089 0 -0.433517 0
3.48 0.0977602 0 -0.432558 0
3.49 0.101582 0 -0.431562 0
3.5 0.105375 0 -0.430527 0
3.51 0.109139 0 -0.429454 0
3.52 0.112873 0 -0.428344 0
3.53 0.116577 0 -0.427197 0
3.54 0.120251 0 -0.426013 0
3.55 0.123895 0 -0.424792 0
3.56 0.127508 0 -0.423535 0
3.57 0.13109 0 -0.422242 0
3.58 0.134642 0 -0.420913 0
3.59 0.138162 0 -0.419549 0
3.6 0.141651 0 -0.41815 0
3.61 0.145109 0 -0.416716 0
3.62 0.148534 0 -0.415248 0
3.63 0.151928 0 -0.413746 0
3.64 0.15529 0 -0.41221 0
3.65 0.158619 0 -0.41064 0
3.66 0.161916 0 -0.409037 0
3.67 0.165181 0 -0.407402 0
3.68 0.168413 0 -0.405734 0
3.69 0.171611 0 -0.404034 0
3.7 0.174777 0 -0.402302 0
3.71 0.17791 0 -0.400538 0
3.72 0.181009 0 -0.398744 0
3.73 0.184074 0 -0.396918 0
3.74 0.187106 0 -0.395062 0
3.75 0.190105 0 -0.393176 0
3.76 0.193069 0 -0.39126 0
3.77 0.195999 0 -0.389315 0
3.78 0.198895 0 -0.38734 0
3.79 0.201757 0 -0.385337 0
3.8 0.204584 0 -0.383305 0
3.81 0.207377 0 -0.381246 0
3.82 0.210135 0 -0.379158 0
3.83 0.212859 0 -0.377043 0
3.84 0.215548 0 -0.374901 0
3.85 0.218201 0 -0.372732 0
3.86 0.22082 0 -0.370537 0
3.87 0.223404 0 -0.368316 0
3.88 0.225952 0 -0.366069 0
3.89 0.228466 0 -0.363797 0
3.9 0.230944 0 -0.3615 0
3.91 0.233386 0 -0.359178 0
3.92 0.235793 0 -0.356832 0
3.93 0.238165 0 -0.354462 0
3.94 0.240501 0 -0.352069 0
3.95 0.242801 0 -0.349653 0
3.96 0.245066 0 -0.347213 0
3.97 0.247295 0 -0.344751 0
3.98 0.249488 0 -0.342267 0
3.99 0.251645 0 -0.339762 0
4 0.253767 0 -0.337235 0
4.01 0.255852 0 -0.334686 0
4.02 0.257902 0 -0.332118 0
4.03 0.259916 0 -0.329529 0
4.04 0.261893 0 -0.326919 0
4.05 0.263835 0 -0.324291 0
4.06 0.265741 0 -0.321643 0
4.07 0.267611 0 -0.318976 0
4.08 0.269444 0 -0.316291 0
4.09 0.271242 0 -0.313587 0
4.1 0.273004 0 -0.310866 0
4.11 0.274729 0 -0.308127 0
4.12 0.276419 0 -0.305372 0
4.13 0.278072 0 -0.302599 0
4.14 0.27969 0 -0.29981 0
4.15 0.281272 0 -0.297005 0
4.16 0.282818 0 -0.294185 0
4.17 0.284327 0 -0.291349 0
4.18 0.285801 0 -0.288499 0
4.19 0.287239 0 -0.285633 0
4.2 0.288642 0 -0.282754 0
4.21 0.290008 0 -0.279861 0
4.22 0.291339 0 -0.276954 0
4.23 0.292634 0 -0.274034 0
4.24 0.293893 0 -0.271101 0
4.25 0.295117 0 -0.268156 0
4.26 0.296305 0 -0.265199 0
4.27 0.297458 0 -0.26223 0
4.28 0.298575 0 -0.25925 0
4.29 0.299657 0 -0.256259 0
4.3 0.300704 0 -0.253257 0
4.31 0.301715 0 -0.250245 0
4.32 0.302691 0 -0.247223 0
4.33 0.303633 0 -0.244191 0
4.34 0.304539 0 -0.24115 0
4.35 0.30541 0 -0.238101 0
4.36 0.306247 0 -0.235042 0
4.37 0.307049 0 -0.231976 0
4.38 0.307816 0 -0.228901 0
4.39 0.308549 0 -0.225819 0
4.4 0.309247 0 -0.22273 0
4.41 0.309911 0 -0.219635 0
4.42 0.310541 0 -0.216532 0
4.43 0.311136 0 -0.213424 0
4.44 0.311698 0 -0.21031 0
4.45 0.312225 0 -0.20719 0
4.46 0.312719 0 -0.204065 0
4.47 0.31318 0 -0.200936 0
4.48 0.313606 0 -0.197802 0
4.49 0.314 0 -0.194664 0
4.5 0.31436 0 -0.191522 0
4.51 0.314686 0 -0.188377 0
4.52 0.31498 0 -0.185228 0
4.53 0.315241 0 -0.182077 0
4.54 0.315469 0 -0.178924 0
4.55 0.315665 0 -0.175768 0
4.56 0.315828 0 -0.17261 0
4.57 0.315959 0 -0.169452 0
4.58 0.316058 0 -0.166291 0
4.59 0.316124 0 -0.16313 0
4.6 0.316159 0 -0.159969 0
4.61 0.316162 0 -0.156807 0
4.62 0.316134 0 -0.153646 0
4.63 0.316074 0 -0.150485 0
4.64 0.315983 0 -0.147325 0
4.65 0.315861 0 -0.144165 0
4.66 0.315707 0 -0.141007 0
4.67 0.315524 0 -0.137851 0
4.68 0.315309 0 -0.134697 0
4.69 0.315065 0 -0.131545 0
4.7 0.31479 0 -0.128396 0
4.71 0.314485 0 -0.125249 0
4.72 0.31415 0 -0.122106 0
4.73 0.313785 0 -0.118967 0
4.74 0.313391 0 -0.115831 0
4.75 0.312968 0 -0.112699 0
4.76 0.312516 0 -0.109571 0
4.77 0.312034 0 -0.106449 0
4.78 0.311524 0 -0.103331 0
4.79 0.310986 0 -0.100218 0
4.8 0.310419 0 -0.0971112 0
4.81 0.309824 0 -0.0940099 0
4.82 0.309201 0 -0.0909148 0
4.83 0.30855 0 -0.087826 0
4.84 0.307872 0 -0.0847439 0
4.85 0.307167 0 -0.0816687 0
4.86 0.306434 0 -0.0786006 0
4.87 0.305674 0 -0.0755401 0
4.88 0.304888 0 -0.0724872 0
4.89 0.304075 0 -0.0694424 0
4.9 0.303236 0 -0.0664058 0
4.91 0.302371 0 -0.0633778 0
4.92 0.30148 0 -0.0603585 0
4.93 0.300563 0 -0.0573482 0
4.94 0.299621 0 -0.0543473 0
4.95 0.298654 0 -0.0513559 0
4.96 0.297662 0 -0.0483743 0
4.97 0.296645 0 -0.0454027 0
4.98 0.295604 0 -0.0424415 0
4.99 0.294538 0 -0.0394907 0
5 0.293448 0 -0.0365508 0
5.01 0.292335 0 -0.0336219 0
5.02 0.291197 0 -0.0307042 0
5.03 0.290037 0 -0.027798 0
5.04 0.288853 0 -0.0249035 0
5.05 0.287647 0 -0.022021 0
5.06 0.286417 0 -0.0191507 0
5.07 0.285165 0 -0.0162927 0
5.08 0.283891 0 -0.0134474 0
5.09 0.282596 0 -0.010615 0
5.1 0.281278 0 -0.00779558 0
5.11 0.279939 0 -0.00498948 0
5.12 0.278578 0 -0.00219688 0
5.13 0.277197 0 0.000582016 0
5.14 0.275795 0 0.00334699 0
5.15 0.274372 0 0.00609784 0
5.16 0.272929 0 0.00883437 0
5.17 0.271466 0 0.0115564 0
5.18 0.269984 0 0.0142636 0
5.19 0.268481 0 0.016956 0
5.2 0.26696 0 0.0196332 0
5.21 0.265419 0 0.0222951 0
5.22 0.26386 0 0.0249415 0
5.23 0.262282 0 0.0275722 0
5.24 0.260686 0 0.0301871 0
5.25 0.259071 0 0.0327859 0
5.26 0.257439 0 0.0353684 0
5.27 0.25579 0 0.0379346 0
5.28 0.254123 0 0.0404842 0
5.29 0.252439 0 0.043017 0
5.3 0.250738 0 0.0455329 0
5.31 0.249021 0 0.0480317 0
5.32 0.247287 0 0.0505133 0
5.33 0.245538 0 0.0529774 0
5.34 0.243772 0 0.055424 0
5.35 0.241992 0 0.0578528 0
5.36 0.240196 0 0.0602637 0
5.37 0.238384 0 0.0626567 0
5.38 0.236559 0 0.0650314 0
5.39 0.234718 0 0.0673878 0
5.4 0.232864 0 0.0697257 0
5.41 0.230995 0 0.072045 0
5.42 0.229113 0 0.0743456 0
5.43 0.227217 0 0.0766272 0
5.44 0.225308 0 0.0788899 0
5.45 0.223387 0 0.0811334 0
5.46 0.221452 0 0.0833576 0
5.47 0.219505 0 0.0855623 0
5.48 0.217546 0 0.0877476 0
5.49 0.215575 0 0.0899132 0
5.5 0.213592 0 0.0920591 0
5.51 0.211598 0 0.094185 0
5.52 0.209592 0 0.096291 0
5.53 0.207576 0 0.0983768 0
5.54 0.205549 0 0.100442 0
5.55 0.203512 0 0.102488 0
5.56 0.201464 0 0.104513 0
5.57 0.199407 0 0.106517 0
5.58 0.19734 0 0.108501 0
5.59 0.195264 0 0.110464 0
5.6 0.193178 0 0.112406 0
5.61 0.191084 0 0.114327 0
5.62 0.188981 0 0.116228 0
5.63 0.186869 0 0.118107 0
5.64 0.18475 0 0.119965 0
5.65 0.182623 0 0.121802 0
5.66 0.180488 0 0.123617 0
5.67 0.178346 0 0.125412 0
5.68 0.176196 0 0.127184 0
5.69 0.17404 0 0.128936 0
5.7 0.171877 0 0.130665 0
5.71 0.169708 0 0.132373 0
5.72 0.167533 0 0.134059 0
5.73 0.165352 0 0.135724 0
5.74 0.163165 0 0.137366 0
5.75 0.160973 0 0.138987 0
5.76 0.158775 0 0.140586 0
5.77 0.156573 0 0.142162 0
5.78 0.154367 0 0.143717 0
5.79 0.152155 0 0.14525 0
5.8 0.14994 0 0.14676 0
5.81 0.147721 0 0.148249 0
5.82 0.145498 0 0.149715 0
5.83 0.143272 0 0.151159 0
5.84 0.141042 0 0.15258 0
5.85 0.13881 0 0.153979 0
5.86 0.136575 0 0.155356 0
5.87 0.134337 0 0.156711 0
5.88 0.132097 0 0.158043 0
5.89 0.129855 0 0.159353 0
5.9 0.127612 0 0.16064 0
5.91 0.125366 0 0.161905 0
5.92 0.12312 0 0.163147 0
5.93 0.120872 0 0.164367 0
5.94 0.118624 0 0.165565 0
5.95 0.116375 0 0.16674 0
5.96 0.114125 0 0.167892 0
5.97 0.111876 0 0.169022 0
5.98 0.109626 0 0.17013 0
5.99 0.107377 0 0.171215 0
6 0.105128 0 0.172277 0
6.01 0.10288 0 0.173317 0
6.02 0.100633 0 0.174335 0
6.03 0.0983873 0 0.17533 0
6.04 0.0961428 0 0.176303 0
6.05 0.0938999 0 0.177253 0
6.06 0.0916588 0 0.178181 0
6.07 0.0894197 0 0.179086 0
6.08 0.0871829 0 0.179969 0
6.09 0.0849486 0 0.18083 0
6.1 0.0827169 0 0.181668 0
6.11 0.0804881 0 0.182484 0
6.12 0.0782624 0 0.183278 0
6.13 0.07604 0 0.184049 0
6.14 0.0738211 0 0.184799 0
6.15 0.0716059 0 0.185526 0
6.16 0.0693946 0 0.186231 0
6.17 0.0671874 0 0.186914 0
6.18 0.0649845 0 0.187575 0
6.19 0.0627861 0 0.188213 0
6.2 0.0605925 0 0.18883 0
6.21 0.0584037 0 0.189425 0
6.22 0.05622 0 0.189998 0
6.23 0.0540416 0 0.19055 0
6.24 0.0518686 0 0.191079 0
6.25 0.0497014 0 0.191587 0
6.26 0.0475399 0 0.192073 0
6.27 0.0453846 0 0.192538 0
6.28 0.0432354 0 0.192981 0
6.29 0.0410926 0 0.193403 0
6.3 0.0389565 0 0.193803 0
6.31 0.0368271 0 0.194182 0
6.32 0.0347046 0 0.19454 0
6.33 0.0325893 0 0.194876 0
6.34 0.0304813 0 0.195191 0
6.35 0.0283807 0 0.195486 0
6.36 0.0262878 0 0.195759 0
6.37 0.0242027 0 0.196011 0
6.38 0.0221256 0 0.196243 0
6.39 0.0200567 0 0.196454 0
6.4 0.017996 0 0.196644 0
6.41 0.0159439 0 0.196814 0
6.42 0.0139004 0 0.196963 0
6.43 0.0118657 0 0.197092 0
6.44 0.00983991 0 0.1972 0
6.45 0.0078233 0 0.197289 0
6.46 0.00581596 0 0.197357 0
6.47 0.00381805 0 0.197405 0
6.48 0.00182972 0 0.197433 0
6.49 -0.000148866 0 0.197442 0
6.5 -0.00211757 0 0.19743 0
6.51 -0.00407625 0 0.197399 0
6.52 -0.00602475 0 0.197349 0
6.53 -0.00796293 0 0.197279 0
6.54 -0.00989065 0 0.19719 0
6.55 -0.0118078 0 0.197081 0
6.56 -0.0137142 0 0.196954 0
6.57 -0.0156097 0 0.196807 0
6.58 -0.0174942 0 0.196641 0
6.59 -0.0193675 0 0.196457 0
6.6 -0.0212296 0 0.196254 0
6.61 -0.0230802 0 0.196033 0
6.62 -0.0249194 0 0.195793 0
6.63 -0.0267469 0 0.195534 0
6.64 -0.0285626 0 0.195258 0
6.65 -0.0303663 0 0.194963 0
6.66 -0.0321581 0 0.19465 0
6.67 -0.0339377 0 0.19432 0
6.68 -0.0357051 0 0.193972 0
6.69 -0.0374601 0 0.193606 0
6.7 -0.0392026 0 0.193222 0
6.71 -0.0409325 0 0.192822 0
6.72 -0.0426496 0 0.192404 0
6.73 -0.044354 0 0.191969 0
6.74 -0.0460454 0 0.191517 0
6.75 -0.0477239 0 0.191048 0
6.76 -0.0493891 0 0.190562 0
6.77 -0.0510412 0 0.19006 0
6.78 -0.0526799 0 0.189542 0
6.79 -0.0543052 0 0.189007 0
6.8 -0.0559169 0 0.188456 0
6.81 -0.0575151 0 0.187888 0
6.82 -0.0590995 0 0.187305 0
6.83 -0.0606702 0 0.186706 0
6.84 -0.0622269 0 0.186092 0
6.85 -0.0637697 0 0.185462 0
6.86 -0.0652984 0 0.184817 0
6.87 -0.066813 0 0.184156 0
6.88 -0.0683134 0 0.18348 0
6.89 -0.0697995 0 0.18279 0
6.9 -0.0712712 0 0.182084 0
6.91 -0.0727284 0 0.181364 0
6.92 -0.0741712 0 0.18063 0
6.93 -0.0755993 0 0.179881 0
6.94 -0.0770128 0 0.179118 0
6.95 -0.0784115 0 0.178341 0
6.96 -0.0797954 0 0.17755 0
6.97 -0.0811645 0 0.176745 0
6.98 -0.0825187 0 0.175927 0
6.99 -0.0838578 0 0.175095 0
7 -0.085182 0 0.174249 0
7.01 -0.086491 0 0.173391 0
7.02 -0.0877849 0 0.17252 0
7.03 -0.0890635 0 0.171635 0
7.04 -0.0903269 0 0.170738 0
7.05 -0.091575 0 0.169829 0
7.06 -0.0928077 0 0.168907 0
7.07 -0.0940251 0 0.167973 0
7.08 -0.0952269 0 0.167027 0
7.09 -0.0964133 0 0.166068 0
7.1 -0.0975841 0 0.165098 0
7.11 -0.0987394 0 0.164117 0
7.12 -0.0998791 0 0.163124 0
7.13 -0.101003 0 0.162119 0
7.14 -0.102111 0 0.161104 0
7.15 -0.103204 0 0.160077 0
7.16 -0.104281 0 0.15904 0
7.17 -0.105342 0 0.157991 0
7.18 -0.106387 0 0.156933 0
7.19 -0.107417 0 0.155864 0
7.2 -0.10843 0 0.154785 0
7.21 -0.109428 0 0.153695 0
7.22 -0.11041 0 0.152596 0
7.23 -0.111376 0 0.151487 0
7.24 -0.112326 0 0.150369 0
7.25 -0.11326 0 0.149241 0
7.26 -0.114178 0 0.148103 0
7.27 -0.11508 0 0.146957 0
7.28 -0.115967 0 0.145802 0
7.29 -0.116837 0 0.144638 0
7.3 -0.117691 0 0.143465 0
7.31 -0.118529 0 0.142284 0
7.32 -0.119351 0 0.141095 0
7.33 -0.120158 0 0.139897 0
7.34 -0.120948 0 0.138692 0
7.35 -0.121722 0 0.137478 0
7.36 -0.12248 0 0.136257 0
7.37 -0.123222 0 0.135029 0
7.38 -0.123948 0 0.133793 0
7.39 -0.124659 0 0.13255 0
7.4 -0.125353 0 0.1313 0
7.41 -0.126031 0 0.130043 0
7.42 -0.126693 0 0.128779 0
7.43 -0.12734 0 0.127509 0
7.44 -0.12797 0 0.126232 0
7.45 -0.128585 0 0.12495 0
7.46 -0.129183 0 0.123661 0
7.47 -0.129766 0 0.122366 0
7.48 -0.130333 0 0.121065 0
7.49 -0.130884 0 0.119759 0
7.5 -0.131419 0 0.118448 0
7.51 -0.131939 0 0.117131 0
7.52 -0.132443 0 0.115809 0
7.53 -0.132931 0 0.114482 0
7.54 -0.133403 0 0.11315 0
7.55 -0.13386 0 0.111814 0
7.56 -0.134301 0 0.110473 0
7.57 -0.134726 0 0.109128 0
7.58 -0.135136 0 0.107779 0
7.59 -0.13553 0 0.106426 0
7.6 -0.135909 0 0.105068 0
7.61 -0.136273 0 0.103707 0
7.62 -0.136621 0 0.102343 0
7.63 -0.136953 0 0.100975 0
7.64 -0.137271 0 0.0996039 0
7.65 -0.137573 0 0.0982297 0
7.66 -0.137859 0 0.0968525 0
7.67 -0.138131 0 0.0954726 0
7.68 -0.138388 0 0.09409 0
7.69 -0.138629 0 0.0927049 0
7.7 -0.138855 0 0.0913174 0
7.71 -0.139067 0 0.0899278 0
7.72 -0.139263 0 0.0885361 0
7.73 -0.139445 0 0.0871426 0
7.74 -0.139612 0 0.0857473 0
7.75 -0.139764 0 0.0843504 0
7.76 -0.139901 0 0.0829521 0
7.77 -0.140024 0 0.0815524 0
7.78 -0.140132 0 0.0801516 0
7.79 -0.140226 0 0.0787498 0
7.8 -0.140305 0 0.0773472 0
7.81 -0.140369 0 0.0759438 0
7.82 -0.14042 0 0.0745398 0
7.83 -0.140456 0 0.0731354 0
7.84 -0.140478 0 0.0717308 0
7.85 -0.140486 0 0.0703259 0
7.86 -0.14048 0 0.0689211 0
7.87 -0.14046 0 0.0675164 0
7.88 -0.140426 0 0.0661119 0
7.89 -0.140378 0 0.0647079 0
7.9 -0.140316 0 0.0633044 0
7.91 -0.140241 0 0.0619016 0
7.92 -0.140152 0 0.0604997 0
7.93 -0.140049 0 0.0590986 0
7.94 -0.139933 0 0.0576987 0
7.95 -0.139804 0 0.0563 0
7.96 -0.139661 0 0.0549027 0
7.97 -0.139505 0 0.0535069 0
7.98 -0.139336 0 0.0521126 0
7.99 -0.139154 0 0.0507202 0
8 -0.138959 0 0.0493296 0
8.01 -0.138751 0 0.047941 0
8.02 -0.13853 0 0.0465546 0
8.03 -0.138297 0 0.0451705 0
8.04 -0.138051 0 0.0437887 0
8.05 -0.137792 0 0.0424095 0
8.06 -0.137521 0 0.0410329 0
8.07 -0.137238 0 0.0396591 0
8.08 -0.136942 0 0.0382882 0
8.09 -0.136634 0 0.0369203 0
8.1 -0.136314 0 0.0355556 0
8.11 -0.135982 0 0.0341941 0
8.12 -0.135638 0 0.032836 0
8.13 -0.135282 0 0.0314813 0
8.14 -0.134915 0 0.0301303 0
8.15 -0.134536 0 0.0287831 0
8.16 -0.134145 0 0.0274397 0
8.17 -0.133743 0 0.0261002 0
8.18 -0.13333 0 0.0247648 0
8.19 -0.132905 0 0.0234336 0
8.2 -0.13247 0 0.0221068 0
8.21 -0.132023 0 0.0207843 0
8.22 -0.131565 0 0.0194663 0
8.23 -0.131097 0 0.018153 0
8.24 -0.130617 0 0.0168444 0
8.25 -0.130127 0 0.0155407 0
8.26 -0.129627 0 0.0142419 0
8.27 -0.129116 0 0.0129482 0
8.28 -0.128595 0 0.0116597 0
8.29 -0.128063 0 0.0103764 0
8.3 -0.127522 0 0.00909842 0
8.31 -0.12697 0 0.00782596 0
8.32 -0.126408 0 0.00655906 0
8.33 -0.125837 0 0.00529782 0
8.34 -0.125256 0 0.00404235 0
8.35 -0.124665 0 0.00279273 0
8.36 -0.124065 0 0.00154907 0
8.37 -0.123456 0 0.000311456 0
8.38 -0.122837 0 -0.000920016 0
8.39 -0.122209 0 -0.00214525 0
8.4 -0.121572 0 -0.00336417 0
8.41 -0.120926 0 -0.00457667 0
8.42 -0.120271 0 -0.00578266 0
8.43 -0.119608 0 -0.00698206 0
8.44 -0.118936 0 -0.00817479 0
8.45 -0.118255 0 -0.00936075 0
8.46 -0.117566 0 -0.0105399 0
8.47 -0.116869 0 -0.011712 0
8.48 -0.116163 0 -0.0128772 0
8.49 -0.115449 0 -0.0140353 0
8.5 -0.114728 0 -0.0151862 0
8.51 -0.113998 0 -0.0163298 0
8.52 -0.113261 0 -0.0174661 0
8.53 -0.112517 0 -0.018595 0
8.54 -0.111764 0 -0.0197164 0
8.55 -0.111005 0 -0.0208303 0
8.56 -0.110238 0 -0.0219365 0
8.57 -0.109464 0 -0.023035 0
8.58 -0.108682 0 -0.0241257 0
8.59 -0.107894 0 -0.0252086 0
8.6 -0.107099 0 -0.0262836 0
8.61 -0.106298 0 -0.0273506 0
8.62 -0.105489 0 -0.0284095 0
8.63 -0.104675 0 -0.0294603 0
8.64 -0.103853 0 -0.030503 0
8.65 -0.103026 0 -0.0315374 0
8.66 -0.102192 0 -0.0325635 0
8.67 -0.101353 0 -0.0335812 0
8.68 -0.100507 0 -0.0345905 0
8.69 -0.099656 0 -0.0355913 0
8.7 -0.098799 0 -0.0365836 0
8.71 -0.0979364 0 -0.0375673 0
8.72 -0.0970683 0 -0.0385423 0
8.73 -0.0961949 0 -0.0395087 0
8.74 -0.0953162 0 -0.0404662 0
8.75 -0.0944324 0 -0.041415 0
8.76 -0.0935436 0 -0.0423548 0
8.77 -0.0926499 0 -0.0432858 0
8.78 -0.0917515 0 -0.0442078 0
8.79 -0.0908483 0 -0.0451208 0
8.8 -0.0899406 0 -0.0460248 0
8.81 -0.0890284 0 -0.0469196 0
8.82 -0.088112 0 -0.0478053 0
8.83 -0.0871913 0 -0.0486819 0
8.84 -0.0862664 0 -0.0495491 0
8.85 -0.0853376 0 -0.0504072 0
8.86 -0.084405 0 -0.0512559 0
8.87 -0.0834685 0 -0.0520953 0
8.88 -0.0825284 0 -0.0529252 0
8.89 -0.0815848 0 -0.0537458 0
8.9 -0.0806377 0 -0.0545569 0
8.91 -0.0796873 0 -0.0553586 0
8.92 -0.0787337 0 -0.0561507 0
8.93 -0.077777 0 -0.0569332 0
8.94 -0.0768173 0 -0.0577062 0
8.95 -0.0758547 0 -0.0584696 0
8.96 -0.0748894 0 -0.0592233 0
8.97 -0.0739214 0 -0.0599673 0
8.98 -0.0729509 0 -0.0607017 0
8.99 -0.0719779 0 -0.0614263 0
9 -0.0710026 0 -0.0621412 0
9.01 -0.0700251 0 -0.0628464 0
9.02 -0.0690454 0 -0.0635417 0
9.03 -0.0680638 0 -0.0642273 0
9.04 -0.0670803 0 -0.064903 0
9.05 -0.066095 0 -0.0655689 0
9.06 -0.065108 0 -0.0662249 0
9.07 -0.0641194 0 -0.066871 0
9.08 -0.0631294 0 -0.0675073 0
9.09 -0.062138 0 -0.0681336 0
9.1 -0.0611454 0 -0.06875 0
9.11 -0.0601516 0 -0.0693565 0
9.12 -0.0591568 0 -0.0699531 0
9.13 -0.058161 0 -0.0705397 0
9.14 -0.0571644 0 -0.0711163 0
9.15 -0.0561671 0 -0.071683 0
9.16 -0.0551691 0 -0.0722396 0
9.17 -0.0541706 0 -0.0727863 0
9.18 -0.0531717 0 -0.073323 0
9.19 -0.0521725 0 -0.0738498 0
9.2 -0.051173 0 -0.0743665 0
9.21 -0.0501735 0 -0.0748732 0
9.22 -0.0491739 0 -0.07537 0
9.23 -0.0481744 0 -0.0758567 0
9.24 -0.047175 0 -0.0763335 0
9.25 -0.046176 0 -0.0768002 0
9.26 -0.0451773 0 -0.077257 0
9.27 -0.0441791 0 -0.0777038 0
9.28 -0.0431815 0 -0.0781406 0
9.29 -0.0421845 0 -0.0785674 0
9.3 -0.0411883 0 -0.0789842 0
9.31 -0.040193 0 -0.0793912 0
9.32 -0.0391986 0 -0.0797881 0
9.33 -0.0382053 0 -0.0801751 0
9.34 -0.0372131 0 -0.0805522 0
9.35 -0.0362221 0 -0.0809194 0
9.36 -0.0352325 0 -0.0812767 0
9.37 -0.0342443 0 -0.081624 0
9.38 -0.0332576 0 -0.0819616 0
9.39 -0.0322725 0 -0.0822892 0
9.4 -0.0312891 0 -0.082607 0
9.41 -0.0303075 0 -0.082915 0
9.42 -0.0293278 0 -0.0832132 0
9.43 -0.02835 0 -0.0835016 0
9.44 -0.0273743 0 -0.0837802 0
9.45 -0.0264007 0 -0.084049 0
9.46 -0.0254293 0 -0.0843082 0
9.47 -0.0244602 0 -0.0845576 0
9.48 -0.0234936 0 -0.0847974 0
9.49 -0.0225294 0 -0.0850275 0
9.5 -0.0215678 0 -0.085248 0
9.51 -0.0206088 0 -0.0854589 0
9.52 -0.0196525 0 -0.0856602 0
9.53 -0.0186991 0 -0.0858519 0
9.54 -0.0177485 0 -0.0860342 0
9.55 -0.0168009 0 -0.0862069 0
9.56 -0.0158564 0 -0.0863702 0
9.57 -0.014915 0 -0.0865241 0
9.58 -0.0139768 0 -0.0866685 0
9.59 -0.0130419 0 -0.0868036 0
9.6 -0.0121103 0 -0.0869294 0
9.61 -0.0111822 0 -0.0870458 0
9.62 -0.0102576 0 -0.087153 0
9.63 -0.0093366 0 -0.087251 0
9.64 -0.00841925 0 -0.0873398 0
9.65 -0.00750564 0 -0.0874194 0
9.66 -0.00659583 0 -0.0874899 0
9.67 -0.00568991 0 -0.0875513 0
9.68 -0.00478793 0 -0.0876037 0
9.69 -0.00388998 0 -0.0876471 0
9.7 -0.00299611 0 -0.0876815 0
9.71 -0.00210641 0 -0.087707 0
9.72 -0.00122093 0 -0.0877237 0
9.73 -0.000339748 0 -0.0877315 0
9.74 0.000537074 0 -0.0877305 0
9.75 0.00140947 0 -0.0877207 0
9.76 0.00227737 0 -0.0877023 0
9.77 0.00314072 0 -0.0876752 0
9.78 0.00399945 0 -0.0876395 0
9.79 0.00485349 0 -0.0875952 0
9.8 0.0057028 0 -0.0875424 0
9.81 0.0065473 0 -0.0874812 0
9.82 0.00738693 0 -0.0874115 0
9.83 0.00822164 0 -0.0873335 0
9.84 0.00905136 0 -0.0872471 0
9.85 0.00987605 0 -0.0871525 0
9.86 0.0106956 0 -0.0870496 0
9.87 0.0115101 0 -0.0869386 0
9.88 0.0123193 0 -0.0868194 0
9.89 0.0131232 0 -0.0866922 0
9.9 0.0139219 0 -0.086557 0
9.91 0.0147151 0 -0.0864138 0
9.92 0.015503 0 -0.0862627 0
9.93 0.0162853 0 -0.0861037 0
9.94 0.0170622 0 -0.085937 0
9.95 0.0178335 0 -0.0857625 0
9.96 0.0185991 0 -0.0855803 0
9.97 0.0193591 0 -0.0853905 0
9.98 0.0201133 0 -0.0851932 0
9.99 0.0208618 0 -0.0849883 0
10 0.0216044 0 -0.084776 0
10.01 0.0223412 0 -0.0845562 0
10.02 0.0230721 0 -0.0843292 0
10.03 0.0237971 0 -0.0840948 0
10.04 0.024516 0 -0.0838532 0
10.05 0.025229 0 -0.0836045 0
10.06 0.0259358 0 -0.0833487 0
10.07 0.0266366 0 -0.0830858 0
10.08 0.0273312 0 -0.082816 0
10.09 0.0280196 0 -0.0825392 0
10.1 0.0287017 0 -0.0822556 0
10.11 0.0293776 0 -0.0819652 0
10.12 0.0300473 0 -0.0816681 0
10.13 0.0307105 0 -0.0813643 0
10.14 0.0313674 0 -0.0810539 0
10.15 0.0320179 0 -0.0807369 0
10.16 0.032662 0 -0.0804135 0
10.17 0.0332996 0 -0.0800837 0
10.18 0.0339306 0 -0.0797476 0
10.19 0.0345552 0 -0.0794051 0
10.2 0.0351732 0 -0.0790565 0
10.21 0.0357846 0 -0.0787017 0
10.22 0.0363894 0 -0.0783408 0
10.23 0.0369875 0 -0.0779739 0
10.24 0.037579 0 -0.0776011 0
10.25 0.0381637 0 -0.0772224 0
10.26 0.0387418 0 -0.0768378 0
10.27 0.039313 0 -0.0764476 0
10.28 0.0398776 0 -0.0760516 0
10.29 0.0404353 0 -0.07565 0
10.3 0.0409862 0 -0.0752429 0
10.31 0.0415303 0 -0.0748303 0
10.32 0.0420675 0 -0.0744123 0
10.33 0.0425978 0 -0.073989 0
10.34 0.0431213 0 -0.0735604 0
10.35 0.0436378 0 -0.0731266 0
10.36 0.0441474 0 -0.0726877 0
10.37 0.0446501 0 -0.0722437 0
10.38 0.0451458 0 -0.0717947 0
10.39 0.0456345 0 -0.0713408 0
10.4 0.0461163 0 -0.070882 0
10.41 0.046591 0 -0.0704185 0
10.42 0.0470587 0 -0.0699502 0
10.43 0.0475194 0 -0.0694773 0
10.44 0.0479731 0 -0.0689999 0
10.45 0.0484197 0 -0.0685179 0
10.46 0.0488592 0 -0.0680315 0
10.47 0.0492917 0 -0.0675407 0
10.48 0.0497171 0 -0.0670457 0
10.49 0.0501355 0 -0.0665464 0
10.5 0.0505467 0 -0.066043 0
10.51 0.0509509 0 -0.0655355 0
10.52 0.0513479 0 -0.065024 0
10.53 0.0517379 0 -0.0645086 0
10.54 0.0521207 0 -0.0639893 0
10.55 0.0524964 0 -0.0634662 0
10.56 0.0528651 0 -0.0629394 0
10.57 0.0532266 0 -0.0624089 0
10.58 0.053581 0 -0.0618748 0
10.59 0.0539283 0 -0.0613373 0
10.6 0.0542684 0 -0.0607963 0
10.61 0.0546015 0 -0.060252 0
10.62 0.0549275 0 -0.0597043 0
10.63 0.0552463 0 -0.0591534 0
10.64 0.0555581 0 -0.0585994 0
10.65 0.0558627 0 -0.0580423 0
10.66 0.0561603 0 -0.0574822 0
10.67 0.0564508 0 -0.0569191 0
10.68 0.0567342 0 -0.0563532 0
10.69 0.0570105 0 -0.0557844 0
10.7 0.0572798 0 -0.055213 0
10.71 0.057542 0 -0.0546389 0
10.72 0.0577971 0 -0.0540622 0
10.73 0.0580452 0 -0.053483 0
10.74 0.0582863 0 -0.0529013 0
10.75 0.0585204 0 -0.0523173 0
10.76 0.0587475 0 -0.0517309 0
10.77 0.0589675 0 -0.0511423 0
10.78 0.0591806 0 -0.0505516 0
10.79 0.0593868 0 -0.0499587 0
10.8 0.059586 0 -0.0493639 0
10.81 0.0597782 0 -0.048767 0
10.82 0.0599635 0 -0.0481683 0
10.83 0.0601419 0 -0.0475678 0
10.84 0.0603135 0 -0.0469655 0
10.85 0.0604781 0 -0.0463615 0
10.86 0.0606359 0 -0.045756 0
10.87 0.0607869 0 -0.0451489 0
10.88 0.060931 0 -0.0445403 0
10.89 0.0610684 0 -0.0439303 0
10.9 0.061199 0 -0.0433189 0
10.91 0.0613228 0 -0.0427063 0
10.92 0.0614399 0 -0.0420925 0
10.93 0.0615502 0 -0.0414775 0
10.94 0.0616539 0 -0.0408615 0
10.95 0.0617509 0 -0.0402445 0
10.96 0.0618413 0 -0.0396265 0
10.97 0.0619251 0 -0.0390077 0
10.98 0.0620022 0 -0.038388 0
10.99 0.0620728 0 -0.0377676 0
11 0.0621369 0 -0.0371466 0
11.01 0.0621944 0 -0.0365249 0
11.02 0.0622454 0 -0.0359027 0
11.03 0.06229 0 -0.03528 0
11.04 0.0623281 0 -0.0346569 0
11.05 0.0623599 0 -0.0340335 0
11.06 0.0623852 0 -0.0334098 0
11.07 0.0624042 0 -0.0327858 0
11.08 0.0624169 0 -0.0321617 0
11.09 0.0624233 0 -0.0315375 0
11.1 0.0624234 0 -0.0309133 0
11.11 0.0624173 0 -0.0302891 0
11.12 0.062405 0 -0.0296649 0
11.13 0.0623866 0 -0.029041 0
11.14 0.062362 0 -0.0284172 0
11.15 0.0623313 0 -0.0277938 0
11.16 0.0622946 0 -0.0271706 0
11.17 0.0622518 0 -0.0265479 0
11.18 0.062203 0 -0.0259256 0
11.19 0.0621483 0 -0.0253038 0
11.2 0.0620876 0 -0.0246827 0
11.21 0.0620211 0 -0.0240621 0
11.22 0.0619487 0 -0.0234423 0
11.23 0.0618705 0 -0.0228232 0
11.24 0.0617864 0 -0.0222049 0
11.25 0.0616967 0 -0.0215874 0
11.26 0.0616012 0 -0.0209709 0
11.27 0.0615001 0 -0.0203554 0
11.28 0.0613934 0 -0.019741 0
11.29 0.061281 0 -0.0191276 0
11.3 0.0611631 0 -0.0185154 0
11.31 0.0610397 0 -0.0179043 0
11.32 0.0609108 0 -0.0172946 0
11.33 0.0607765 0 -0.0166861 0
11.34 0.0606368 0 -0.0160791 0
11.35 0.0604917 0 -0.0154734 0
11.36 0.0603414 0 -0.0148693 0
11.37 0.0601857 0 -0.0142666 0
11.38 0.0600248 0 -0.0136656 0
11.39 0.0598588 0 -0.0130661 0
11.4 0.0596876 0 -0.0124684 0
11.41 0.0595113 0 -0.0118724 0
11.42 0.0593299 0 -0.0112782 0
11.43 0.0591436 0 -0.0106858 0
11.44 0.0589522 0 -0.0100953 0
11.45 0.058756 0 -0.00950679 0
11.46 0.0585548 0 -0.00892023 0
11.47 0.0583488 0 -0.00833571 0
11.48 0.0581381 0 -0.00775327 0
11.49 0.0579225 0 -0.00717297 0
11.5 0.0577023 0 -0.00659484 0
11.51 0.0574774 0 -0.00601894 0
11.52 0.0572479 0 -0.0054453 0
11.53 0.0570139 0 -0.00487399 0
11.54 0.0567753 0 -0.00430504 0
11.55 0.0565322 0 -0.0037385 0
11.56 0.0562848 0 -0.00317441 0
11.57 0.0560329 0 -0.00261282 0
11.58 0.0557767 0 -0.00205377 0
11.59 0.0555162 0 -0.0014973 0
11.6 0.0552515 0 -0.000943458 0
11.61 0.0549826 0 -0.000392284 0
11.62 0.0547095 0 0.00015618 0
11.63 0.0544324 0 0.000701893 0
11.64 0.0541512 0 0.00124481 0
11.65 0.053866 0 0.0017849 0
11.66 0.0535768 0 0.00232212 0
11.67 0.0532838 0 0.00285643 0
11.68 0.0529869 0 0.00338778 0
11.69 0.0526862 0 0.00391615 0
11.7 0.0523817 0 0.0044415 0
11.71 0.0520736 0 0.00496377 0
11.72 0.0517617 0 0.00548295 0
11.73 0.0514463 0 0.005999 0
11.74 0.0511273 0 0.00651187 0
11.75 0.0508048 0 0.00702153 0
11.76 0.0504788 0 0.00752795 0
11.77 0.0501495 0 0.0080311 0
11.78 0.0498167 0 0.00853093 0
11.79 0.0494807 0 0.00902742 0
11.8 0.0491414 0 0.00952053 0
11.81 0.0487989 0 0.0100102 0
11.82 0.0484532 0 0.0104965 0
11.83 0.0481045 0 0.0109793 0
11.84 0.0477526 0 0.0114586 0
11.85 0.0473978 0 0.0119343 0
11.86 0.04704 0 0.0124065 0
11.87 0.0466793 0 0.0128751 0
11.88 0.0463157 0 0.0133401 0
11.89 0.0459493 0 0.0138014 0
11.9 0.0455802 0 0.0142591 0
11.91 0.0452084 0 0.014713 0
11.92 0.0448339 0 0.0151632 0
11.93 0.0444568 0 0.0156097 0
11.94 0.0440771 0 0.0160524 0
11.95 0.043695 0 0.0164912 0
11.96 0.0433104 0 0.0169263 0
11.97 0.0429234 0 0.0173574 0
11.98 0.042534 0 0.0177847 0
11.99 0.0421423 0 0.0182081 0
12 0.0417484 0 0.0186276 0
12.01 0.0413523 0 0.0190431 0
12.02 0.0409541 0 0.0194546 0
12.03 0.0405537 0 0.0198621 0
12.04 0.0401513 0 0.0202657 0
12.05 0.0397469 0 0.0206652 0
12.06 0.0393405 0 0.0210606 0
12.07 0.0389323 0 0.021452 0
12.08 0.0385222 0 0.0218392 0
12.09 0.0381103 0 0.0222224 0
12.1 0.0376967 0 0.0226014 0
12.11 0.0372813 0 0.0229763 0
12.12 0.0368643 0 0.0233471 0
12.13 0.0364458 0 0.0237136 0
12.14 0.0360256 0 0.024076 0
12.15 0.035604 0 0.0244341 0
12.16 0.0351809 0 0.024788 0
12.17 0.0347564 0 0.0251377 0
12.18 0.0343306 0 0.0254832 0
12.19 0.0339035 0 0.0258243 0
12.2 0.0334751 0 0.0261612 0
12.21 0.0330455 0 0.0264938 0
12.22 0.0326148 0 0.0268221 0
12.23 0.032183 0 0.0271461 0
12.24 0.0317501 0 0.0274658 0
12.25 0.0313162 0 0.0277811 0
12.26 0.0308813 0 0.0280921 0
12.27 0.0304455 0 0.0283987 0
12.28 0.0300089 0 0.028701 0
12.29 0.0295714 0 0.0289989 0
12.3 0.0291332 0 0.0292924 0
12.31 0.0286943 0 0.0295816 0
12.32 0.0282546 0 0.0298663 0
12.33 0.0278144 0 0.0301467 0
12.34 0.0273736 0 0.0304226 0
12.35 0.0269322 0 0.0306941 0
12.36 0.0264904 0 0.0309613 0
12.37 0.0260481 0 0.0312239 0
12.38 0.0256054 0 0.0314822 0
12.39 0.0251624 0 0.0317361 0
12.4 0.0247191 0 0.0319855 0
12.41 0.0242755 0 0.0322304 0
12.42 0.0238318 0 0.032471 0
12.43 0.0233878 0 0.0327071 0
12.44 0.0229438 0 0.0329387 0
12.45 0.0224996 0 0.0331659 0
12.46 0.0220555 0 0.0333887 0
12.47 0.0216113 0 0.0336071 0
12.48 0.0211672 0 0.0338209 0
12.49 0.0207232 0 0.0340304 0
12.5 0.0202794 0 0.0342354 0
12.51 0.0198357 0 0.034436 0
12.52 0.0193923 0 0.0346321 0
12.53 0.0189492 0 0.0348238 0
12.54 0.0185064 0 0.0350111 0
12.55 0.0180639 0 0.035194 0
12.56 0.0176219 0 0.0353724 0
12.57 0.0171803 0 0.0355464 0
12.58 0.0167392 0 0.035716 0
12.59 0.0162986 0 0.0358812 0
12.6 0.0158586 0 0.036042 0
12.61 0.0154192 0 0.0361984 0
12.62 0.0149804 0 0.0363504 0
12.63 0.0145424 0 0.036498 0
12.64 0.014105 0 0.0366412 0
12.65 0.0136685 0 0.0367801 0
12.66 0.0132328 0 0.0369146 0
12.67 0.0127979 0 0.0370447 0
12.68 0.0123639 0 0.0371705 0
12.69 0.0119309 0 0.037292 0
12.7 0.0114988 0 0.0374092 0
12.71 0.0110677 0 0.037522 0
12.72 0.0106377 0 0.0376305 0
12.73 0.0102087 0 0.0377348 0
12.74 0.0097809 0 0.0378347 0
12.75 0.00935424 0 0.0379304 0
12.76 0.00892876 0 0.0380218 0
12.77 0.00850452 0 0.038109 0
12.78 0.00808155 0 0.0381919 0
12.79 0.00765988 0 0.0382706 0
12.8 0.00723955 0 0.0383451 0
12.81 0.0068206 0 0.0384154 0
12.82 0.00640305 0 0.0384815 0
12.83 0.00598695 0 0.0385434 0
12.84 0.00557232 0 0.0386012 0
12.85 0.00515921 0 0.0386549 0
12.86 0.00474764 0 0.0387044 0
12.87 0.00433766 0 0.0387499 0
12.88 0.00392928 0 0.0387912 0
12.89 0.00352255 0 0.0388285 0
12.9 0.0031175 0 0.0388616 0
12.91 0.00271415 0 0.0388908 0
12.92 0.00231255 0 0.0389159 0
12.93 0.00191272 0 0.0389371 0
12.94 0.00151469 0 0.0389542 0
12.95 0.0011185 0 0.0389674 0
12.96 0.000724171 0 0.0389766 0
12.97 0.000331736 0 0.0389819 0
12.98 -5.87738e-05 0 0.0389832 0
12.99 -0.00044733 0 0.0389807 0
13 -0.000833905 0 0.0389743 0
13.01 -0.00121847 0 0.038964 0
13.02 -0.00160099 0 0.0389499 0
13.03 -0.00198145 0 0.038932 0
13.04 -0.00235981 0 0.0389103 0
13.05 -0.00273605 0 0.0388848 0
13.06 -0.00311013 0 0.0388556 0
13.07 -0.00348205 0 0.0388226 0
13.08 -0.00385176 0 0.0387859 0
13.09 -0.00421924 0 0.0387456 0
13.1 -0.00458447 0 0.0387016 0
13.11 -0.00494742 0 0.0386539 0
13.12 -0.00530806 0 0.0386026 0
13.13 -0.00566638 0 0.0385478 0
13.14 -0.00602235 0 0.0384893 0
13.15 -0.00637594 0 0.0384273 0
13.16 -0.00672713 0 0.0383618 0
13.17 -0.00707589 0 0.0382928 0
13.18 -0.00742222 0 0.0382203 0
13.19 -0.00776607 0 0.0381443 0
13.2 -0.00810743 0 0.038065 0
13.21 -0.00844629 0 0.0379822 0
13.22 -0.00878261 0 0.0378961 0
13.23 -0.00911638 0 0.0378066 0
13.24 -0.00944757 0 0.0377137 0
13.25 -0.00977617 0 0.0376176 0
13.26 -0.0101022 0 0.0375182 0
13.27 -0.0104255 0 0.0374156 0
13.28 -0.0107462 0 0.0373097 0
13.29 -0.0110642 0 0.0372007 0
13.3 -0.0113796 0 0.0370884 0
13.31 -0.0116922 0 0.0369731 0
13.32 -0.0120021 0 0.0368546 0
13.33 -0.0123093 0 0.0367331 0
13.34 -0.0126137 0 0.0366084 0
13.35 -0.0129153 0 0.0364808 0
13.36 -0.0132141 0 0.0363501 0
13.37 -0.0135101 0 0.0362165 0
13.38 -0.0138033 0 0.0360799 0
13.39 -0.0140937 0 0.0359405 0
13.4 -0.0143812 0 0.0357981 0
13.41 -0.0146659 0 0.0356528 0
13.42 -0.0149476 0 0.0355048 0
13.43 -0.0152265 0 0.0353539 0
13.44 -0.0155024 0 0.0352003 0
13.45 -0.0157754 0 0.0350439 0
13.46 -0.0160455 0 0.0348848 0
13.47 -0.0163127 0 0.034723 0
13.48 -0.0165769 0 0.0345585 0
13.49 -0.0168381 0 0.0343914 0
13.5 -0.0170963 0 0.0342218 0
13.51 -0.0173515 0 0.0340495 0
13.52 -0.0176038 0 0.0338747 0
13.53 -0.017853 0 0.0336975 0
13.54 -0.0180992 0 0.0335177 0
13.55 -0.0183424 0 0.0333355 0
13.56 -0.0185825 0 0.0331509 0
13.57 -0.0188195 0 0.0329638 0
13.58 -0.0190536 0 0.0327745 0
13.59 -0.0192845 0 0.0325828 0
13.6 -0.0195124 0 0.0323888 0
13.61 -0.0197371 0 0.0321925 0
13.62 -0.0199588 0 0.0319941 0
13.63 -0.0201774 0 0.0317934 0
13.64 -0.0203929 0 0.0315905 0
13.65 -0.0206053 0 0.0313855 0
13.66 -0.0208146 0 0.0311784 0
13.67 -0.0210207 0 0.0309692 0
13.68 -0.0212238 0 0.030758 0
13.69 -0.0214237 0 0.0305448 0
13.7 -0.0216204 0 0.0303296 0
13.71 -0.021814 0 0.0301124 0
13.72 -0.0220045 0 0.0298933 0
13.73 -0.0221919 0 0.0296723 0
13.74 -0.0223761 0 0.0294495 0
13.75 -0.0225571 0 0.0292248 0
13.76 -0.022735 0 0.0289983 0
13.77 -0.0229097 0 0.0287701 0
13.78 -0.0230813 0 0.0285401 0
13.79 -0.0232497 0 0.0283085 0
13.8 -0.023415 0 0.0280752 0
13.81 -0.0235771 0 0.0278402 0
13.82 -0.023736 0 0.0276036 0
13.83 -0.0238918 0 0.0273655 0
13.84 -0.0240444 0 0.0271258 0
13.85 -0.0241938 0 0.0268846 0
13.86 -0.0243401 0 0.0266419 0
13.87 -0.0244833 0 0.0263978 0
13.88 -0.0246233 0 0.0261523 0
13.89 -0.0247601 0 0.0259054 0
13.9 -0.0248938 0 0.0256571 0
13.91 -0.0250243 0 0.0254075 0
13.92 -0.0251517 0 0.0251566 0
13.93 -0.0252759 0 0.0249045 0
13.94 -0.025397 0 0.0246511 0
13.95 -0.025515 0 0.0243965 0
13.96 -0.0256298 0 0.0241408 0
13.97 -0.0257415 0 0.023884 0
13.98 -0.0258501 0 0.023626 0
13.99 -0.0259555 0 0.023367 0
14 -0.0260578 0 0.0231069 0
14.01 -0.0261571 0 0.0228458 0
14.02 -0.0262532 0 0.0225838 0
14.03 -0.0263462 0 0.0223208 0
14.04 -0.0264361 0 0.0220569 0
14.05 -0.026523 0 0.0217921 0
14.06 -0.0266068 0 0.0215264 0
14.07 -0.0266875 0 0.0212599 0
14.08 -0.0267651 0 0.0209927 0
14.09 -0.0268397 0 0.0207246 0
14.1 -0.0269112 0 0.0204559 0
14.11 -0.0269797 0 0.0201864 0
14.12 -0.0270451 0 0.0199163 0
14.13 -0.0271075 0 0.0196455 0
14.14 -0.027167 0 0.0193742 0
14.15 -0.0272234 0 0.0191022 0
14.16 -0.0272768 0 0.0188297 0
14.17 -0.0273272 0 0.0185567 0
14.18 -0.0273746 0 0.0182832 0
14.19 -0.0274191 0 0.0180092 0
14.2 -0.0274606 0 0.0177348 0
14.21 -0.0274992 0 0.01746 0
14.22 -0.0275348 0 0.0171848 0
14.23 -0.0275676 0 0.0169093 0
14.24 -0.0275974 0 0.0166335 0
14.25 -0.0276243 0 0.0163574 0
14.26 -0.0276483 0 0.016081 0
14.27 -0.0276694 0 0.0158044 0
14.28 -0.0276877 0 0.0155276 0
14.29 -0.0277031 0 0.0152507 0
14.3 -0.0277157 0 0.0149736 0
14.31 -0.0277254 0 0.0146964 0
14.32 -0.0277323 0 0.0144191 0
14.33 -0.0277365 0 0.0141417 0
14.34 -0.0277378 0 0.0138644 0
14.35 -0.0277364 0 0.013587 0
14.36 -0.0277322 0 0.0133096 0
14.37 -0.0277252 0 0.0130324 0
14.38 -0.0277156 0 0.0127551 0
14.39 -0.0277032 0 0.012478 0
14.4 -0.0276881 0 0.0122011 0
14.41 -0.0276703 0 0.0119243 0
14.42 -0.0276499 0 0.0116477 0
14.43 -0.0276268 0 0.0113713 0
14.44 -0.0276011 0 0.0110952 0
14.45 -0.0275727 0 0.0108193 0
14.46 -0.0275417 0 0.0105437 0
14.47 -0.0275082 0 0.0102685 0
14.48 -0.027472 0 0.00999356 0
14.49 -0.0274333 0 0.00971903 0
14.5 -0.0273921 0 0.00944491 0
14.51 -0.0273483 0 0.0091712 0
14.52 -0.027302 0 0.00889795 0
14.53 -0.0272533 0 0.00862517 0
14.54 -0.027202 0 0.00835289 0
14.55 -0.0271483 0 0.00808114 0
14.56 -0.0270921 0 0.00780993 0
14.57 -0.0270336 0 0.0075393 0
14.58 -0.0269726 0 0.00726927 0
14.59 -0.0269092 0 0.00699986 0
14.6 -0.0268435 0 0.00673109 0
14.61 -0.0267754 0 0.006463 0
14.62 -0.026705 0 0.00619559 0
14.63 -0.0266323 0 0.0059289 0
14.64 -0.0265573 0 0.00566295 0
14.65 -0.02648 0 0.00539776 0
14.66 -0.0264004 0 0.00513336 0
14.67 -0.0263187 0 0.00486976 0
14.68 -0.0262347 0 0.00460699 0
14.69 -0.0261485 0 0.00434508 0
14.7 -0.0260601 0 0.00408403 0
14.71 -0.0259696 0 0.00382388 0
14.72 -0.0258769 0 0.00356465 0
14.73 -0.0257821 0 0.00330635 0
14.74 -0.0256852 0 0.00304901 0
14.75 -0.0255862 0 0.00279266 0
14.76 -0.0254852 0 0.0025373 0
14.77 -0.0253821 0 0.00228296 0
14.78 -0.025277 0 0.00202966 0
14.79 -0.0251699 0 0.00177742 0
14.8 -0.0250609 0 0.00152627 0
14.81 -0.0249499 0 0.00127621 0
14.82 -0.0248369 0 0.00102728 0
14.83 -0.0247221 0 0.000779481 0
14.84 -0.0246053 0 0.000532843 0
14.85 -0.0244867 0 0.000287382 0
14.86 -0.0243662 0 4.31159e-05 0
14.87 -0.0242439 0 -0.000199936 0
14.88 -0.0241198 0 -0.000441756 0
14.89 -0.0239938 0 -0.000682325 0
14.9 -0.0238662 0 -0.000921627 0
14.91 -0.0237368 0 -0.00115964 0
14.92 -0.0236056 0 -0.00139636 0
14.93 -0.0234728 0 -0.00163175 0
14.94 -0.0233383 0 -0.00186581 0
14.95 -0.0232021 0 -0.00209851 0
14.96 -0.0230643 0 -0.00232984 0
14.97 -0.0229249 0 -0.00255979 0
14.98 -0.0227838 0 -0.00278833 0
14.99 -0.0226413 0 -0.00301546 0
15 -0.0224971 0 -0.00324115 0
15.01 -0.0223515 0 -0.0034654 0
15.02 -0.0222043 0 -0.00368818 0
15.03 -0.0220557 0 -0.00390948 0
15.04 -0.0219056 0 -0.00412929 0
15.05 -0.021754 0 -0.00434759 0
15.06 -0.0216011 0 -0.00456436 0
15.07 -0.0214468 0 -0.0047796 0
15.08 -0.021291 0 -0.00499329 0
15.09 -0.021134 0 -0.00520542 0
15.1 -0.0209756 0 -0.00541597 0
15.11 -0.0208159 0 -0.00562493 0
15.12 -0.0206549 0 -0.00583228 0
15.13 -0.0204927 0 -0.00603802 0
15.14 -0.0203293 0 -0.00624213 0
15.15 -0.0201646 0 -0.0064446 0
15.16 -0.0199987 0 -0.00664542 0
15.17 -0.0198317 0 -0.00684458 0
15.18 -0.0196635 0 -0.00704205 0
15.19 -0.0194942 0 -0.00723784 0
15.2 -0.0193238 0 -0.00743193 0
15.21 -0.0191524 0 -0.00762432 0
15.22 -0.0189798 0 -0.00781498 0
15.23 -0.0188063 0 -0.00800391 0
15.24 -0.0186317 0 -0.0081911 0
15.25 -0.0184562 0 -0.00837654 0
15.26 -0.0182796 0 -0.00856022 0
15.27 -0.0181022 0 -0.00874213 0
15.28 -0.0179238 0 -0.00892226 0
15.29 -0.0177445 0 -0.0091006 0
15.3 -0.0175643 0 -0.00927715 0
15.31 -0.0173833 0 -0.00945189 0
15.32 -0.0172015 0 -0.00962481 0
15.33 -0.0170188 0 -0.00979591 0
15.34 -0.0168354 0 -0.00996518 0
15.35 -0.0166511 0 -0.0101326 0
15.36 -0.0164662 0 -0.0102982 0
15.37 -0.0162805 0 -0.0104619 0
15.38 -0.0160942 0 -0.0106238 0
15.39 -0.0159071 0 -0.0107838 0
15.4 -0.0157194 0 -0.010942 0
15.41 -0.0155311 0 -0.0110982 0
15.42 -0.0153422 0 -0.0112526 0
15.43 -0.0151526 0 -0.011405 0
15.44 -0.0149625 0 -0.0115556 0
15.45 -0.0147719 0 -0.0117043 0
15.46 -0.0145807 0 -0.0118511 0
15.47 -0.0143891 0 -0.0119959 0
15.48 -0.0141969 0 -0.0121388 0
15.49 -0.0140043 0 -0.0122798 0
15.5 -0.0138113 0 -0.0124189 0
15.51 -0.0136179 0 -0.0125561 0
15.52 -0.013424 0 -0.0126913 0
15.53 -0.0132298 0 -0.0128245 0
15.54 -0.0130352 0 -0.0129559 0
15.55 -0.0128403 0 -0.0130853 0
15.56 -0.0126451 0 -0.0132127 0
15.57 -0.0124496 0 -0.0133382 0
15.58 -0.0122539 0 -0.0134617 0
15.59 -0.0120579 0 -0.0135832 0
15.6 -0.0118616 0 -0.0137028 0
15.61 -0.0116652 0 -0.0138205 0
15.62 -0.0114686 0 -0.0139361 0
15.63 -0.0112718 0 -0.0140498 0
15.64 -0.0110749 0 -0.0141616 0
15.65 -0.0108778 0 -0.0142713 0
15.66 -0.0106807 0 -0.0143791 0
15.67 -0.0104834 0 -0.0144849 0
15.68 -0.0102862 0 -0.0145888 0
15.69 -0.0100888 0 -0.0146907 0
15.7 -0.00989146 0 -0.0147906 0
15.71 -0.0096941 0 -0.0148885 0
15.72 -0.00949675 0 -0.0149845 0
15.73 -0.00929945 0 -0.0150784 0
15.74 -0.0091022 0 -0.0151704 0
15.75 -0.00890502 0 -0.0152605 0
15.76 -0.00870794 0 -0.0153485 0
15.77 -0.00851098 0 -0.0154346 0
15.78 -0.00831415 0 -0.0155188 0
15.79 -0.00811747 0 -0.0156009 0
15.8 -0.00792096 0 -0.0156811 0
15.81 -0.00772464 0 -0.0157593 0
15.82 -0.00752853 0 -0.0158356 0
15.83 -0.00733265 0 -0.0159099 0
15.84 -0.00713701 0 -0.0159823 0
15.85 -0.00694164 0 -0.0160527 0
15.86 -0.00674655 0 -0.0161211 0
15.87 -0.00655176 0 -0.0161876 0
15.88 -0.00635729 0 -0.0162521 0
15.89 -0.00616315 0 -0.0163147 0
15.9 -0.00596937 0 -0.0163754 0
15.91 -0.00577595 0 -0.0164341 0
15.92 -0.00558293 0 -0.0164909 0
15.93 -0.00539031 0 -0.0165458 0
15.94 -0.00519812 0 -0.0165987 0
15.95 -0.00500636 0 -0.0166497 0
15.96 -0.00481506 0 -0.0166988 0
15.97 -0.00462424 0 -0.016746 0
15.98 -0.00443391 0 -0.0167913 0
15.99 -0.00424408 0 -0.0168347 0
16 -0.00405478 0 -0.0168762 0
16.01 -0.00386601 0 -0.0169158 0
16.02 -0.00367781 0 -0.0169535 0
16.03 -0.00349017 0 -0.0169894 0
16.04 -0.00330312 0 -0.0170233 0
16.05 -0.00311668 0 -0.0170554 0
16.06 -0.00293085 0 -0.0170857 0
16.07 -0.00274566 0 -0.0171141 0
16.08 -0.00256112 0 -0.0171406 0
16.09 -0.00237724 0 -0.0171653 0
16.1 -0.00219405 0 -0.0171881 0
16.11 -0.00201154 0 -0.0172092 0
16.12 -0.00182975 0 -0.0172284 0
16.13 -0.00164868 0 -0.0172458 0
16.14 -0.00146835 0 -0.0172614 0
16.15 -0.00128878 0 -0.0172751 0
16.16 -0.00110997 0 -0.0172871 0
16.17 -0.00093194 0 -0.0172973 0
16.18 -0.000754706 0 -0.0173058 0
16.19 -0.000578282 0 -0.0173124 0
16.2 -0.000402679 0 -0.0173173 0
16.21 -0.000227913 0 -0.0173205 0
16.22 -5.39948e-05 0 -0.0173219 0
16.23 0.000119061 0 -0.0173216 0
16.24 0.000291242 0 -0.0173195 0
16.25 0.000462535 0 -0.0173158 0
16.26 0.000632927 0 -0.0173103 0
16.27 0.000802407 0 -0.0173031 0
16.28 0.000970961 0 -0.0172942 0
16.29 0.00113858 0 -0.0172837 0
16.3 0.00130525 0 -0.0172715 0
16.31 0.00147095 0 -0.0172576 0
16.32 0.00163568 0 -0.017242 0
16.33 0.00179943 0 -0.0172249 0
16.34 0.00196218 0 -0.0172061 0
16.35 0.00212393 0 -0.0171856 0
16.36 0.00228465 0 -0.0171636 0
16.37 0.00244435 0 -0.0171399 0
16.38 0.002603 0 -0.0171147 0
16.39 0.00276061 0 -0.0170879 0
16.4 0.00291715 0 -0.0170595 0
16.41 0.00307262 0 -0.0170295 0
16.42 0.00322701 0 -0.016998 0
16.43 0.00338031 0 -0.016965 0
16.44 0.00353251 0 -0.0169304 0
16.45 0.00368359 0 -0.0168944 0
16.46 0.00383356 0 -0.0168568 0
16.47 0.00398239 0 -0.0168177 0
16.48 0.00413008 0 -0.0167771 0
16.49 0.00427663 0 -0.0167351 0
16.5 0.00442202 0 -0.0166916 0
16.51 0.00456624 0 -0.0166467 0
16.52 0.00470928 0 -0.0166003 0
16.53 0.00485115 0 -0.0165525 0
16.54 0.00499182 0 -0.0165033 0
16.55 0.00513129 0 -0.0164526 0
16.56 0.00526956 0 -0.0164006 0
16.57 0.00540661 0 -0.0163473 0
16.58 0.00554243 0 -0.0162925 0
16.59 0.00567703 0 -0.0162364 0
16.6 0.00581039 0 -0.016179 0
16.61 0.0059425 0 -0.0161202 0
16.62 0.00607337 0 -0.0160601 0
16.63 0.00620297 0 -0.0159987 0
16.64 0.00633131 0 -0.0159361 0
16.65 0.00645838 0 -0.0158721 0
16.66 0.00658416 0 -0.0158069 0
16.67 0.00670867 0 -0.0157404 0
16.68 0.00683189 0 -0.0156727 0
16.69 0.0069538 0 -0.0156038 0
16.7 0.00707442 0 -0.0155337 0
16.71 0.00719373 0 -0.0154623 0
16.72 0.00731173 0 -0.0153898 0
16.73 0.00742841 0 -0.0153161 0
16.74 0.00754377 0 -0.0152412 0
16.75 0.00765779 0 -0.0151652 0
16.76 0.00777049 0 -0.0150881 0
16.77 0.00788185 0 -0.0150098 0
16.78 0.00799187 0 -0.0149305 0
16.79 0.00810054 0 -0.01485 0
16.8 0.00820786 0 -0.0147684 0
16.81 0.00831383 0 -0.0146858 0
16.82 0.00841844 0 -0.0146022 0
16.83 0.00852169 0 -0.0145175 0
16.84 0.00862357 0 -0.0144317 0
16.85 0.00872408 0 -0.014345 0
16.86 0.00882323 0 -0.0142573 0
16.87 0.008921 0 -0.0141685 0
16.88 0.00901739 0 -0.0140789 0
16.89 0.0091124 0 -0.0139882 0
16.9 0.00920603 0 -0.0138966 0
16.91 0.00929827 0 -0.0138041 0
16.92 0.00938912 0 -0.0137106 0
16.93 0.00947859 0 -0.0136163 0
16.94 0.00956666 0 -0.0135211 0
16.95 0.00965334 0 -0.013425 0
16.96 0.00973863 0 -0.013328 0
16.97 0.00982252 0 -0.0132302 0
16.98 0.00990501 0 -0.0131316 0
16.99 0.0099861 0 -0.0130321 0
17 0.0100658 0 -0.0129319 0
17.01 0.0101441 0 -0.0128308 0
17.02 0.010221 0 -0.012729 0
17.03 0.0102964 0 -0.0126264 0
17.04 0.0103705 0 -0.0125231 0
17.05 0.0104432 0 -0.012419 0
17.06 0.0105145 0 -0.0123142 0
17.07 0.0105843 0 -0.0122087 0
17.08 0.0106528 0 -0.0121025 0
17.09 0.0107199 0 -0.0119956 0
17.1 0.0107855 0 -0.0118881 0
17.11 0.0108498 0 -0.0117799 0
17.12 0.0109126 0 -0.0116711 0
17.13 0.0109741 0 -0.0115617 0
17.14 0.0110341 0 -0.0114517 0
17.15 0.0110928 0 -0.011341 0
17.16 0.01115 0 -0.0112298 0
17.17 0.0112059 0 -0.011118 0
17.18 0.0112603 0 -0.0110057 0
17.19 0.0113134 0 -0.0108928 0
17.2 0.011365 0 -0.0107794 0
17.21 0.0114153 0 -0.0106655 0
17.22 0.0114642 0 -0.0105511 0
17.23 0.0115117 0 -0.0104362 0
17.24 0.0115578 0 -0.0103209 0
17.25 0.0116025 0 -0.0102051 0
17.26 0.0116459 0 -0.0100889 0
17.27 0.0116878 0 -0.00997218 0
17.28 0.0117284 0 -0.0098551 0
17.29 0.0117677 0 -0.00973762 0
17.3 0.0118055 0 -0.00961975 0
17.31 0.011842 0 -0.00950151 0
17.32 0.0118771 0 -0.00938291 0
17.33 0.0119109 0 -0.00926397 0
17.34 0.0119433 0 -0.0091447 0
17.35 0.0119744 0 -0.00902511 0
17.36 0.0120041 0 -0.00890522 0
17.37 0.0120324 0 -0.00878504 0
17.38 0.0120594 0 -0.00866457 0
17.39 0.0120851 0 -0.00854385 0
17.4 0.0121095 0 -0.00842288 0
17.41 0.0121325 0 -0.00830167 0
17.42 0.0121542 0 -0.00818023 0
17.43 0.0121746 0 -0.00805859 0
17.44 0.0121936 0 -0.00793674 0
17.45 0.0122114 0 -0.00781472 0
17.46 0.0122278 0 -0.00769252 0
17.47 0.0122429 0 -0.00757017 0
17.48 0.0122568 0 -0.00744767 0
17.49 0.0122693 0 -0.00732504 0
17.5 0.0122806 0 -0.00720229 0
17.51 0.0122906 0 -0.00707943 0
17.52 0.0122993 0 -0.00695648 0
17.53 0.0123067 0 -0.00683345 0
17.54 0.0123129 0 -0.00671035 0
17.55 0.0123178 0 -0.0065872 0
17.56 0.0123214 0 -0.006464 0
17.57 0.0123238 0 -0.00634077 0
17.58 0.012325 0 -0.00621753 0
17.59 0.0123249 0 -0.00609427 0
17.6 0.0123236 0 -0.00597103 0
17.61 0.0123211 0 -0.00584781 0
17.62 0.0123174 0 -0.00572461 0
17.63 0.0123125 0 -0.00560146 0
17.64 0.0123063 0 -0.00547837 0
17.65 0.012299 0 -0.00535534 0
17.66 0.0122904 0 -0.00523239 0
17.67 0.0122807 0 -0.00510954 0
17.68 0.0122698 0 -0.00498678 0
17.69 0.0122577 0 -0.00486414 0
17.7 0.0122445 0 -0.00474163 0
17.71 0.0122301 0 -0.00461926 0
17.72 0.0122146 0 -0.00449703 0
17.73 0.0121979 0 -0.00437497 0
17.74 0.0121801 0 -0.00425308 0
17.75 0.0121612 0 -0.00413137 0
17.76 0.0121411 0 -0.00400986 0
17.77 0.01212 0 -0.00388855 0
17.78 0.0120977 0 -0.00376746 0
17.79 0.0120744 0 -0.0036466 0
17.8 0.0120499 0 -0.00352598 0
17.81 0.0120244 0 -0.00340561 0
17.82 0.0119978 0 -0.00328549 0
17.83 0.0119701 0 -0.00316565 0
17.84 0.0119414 0 -0.0030461 0
17.85 0.0119116 0 -0.00292683 0
17.86 0.0118808 0 -0.00280787 0
17.87 0.011849 0 -0.00268922 0
17.88 0.0118161 0 -0.00257089 0
17.89 0.0117822 0 -0.0024529 0
17.9 0.0117474 0 -0.00233525 0
17.91 0.0117115 0 -0.00221795 0
17.92 0.0116746 0 -0.00210102 0
17.93 0.0116367 0 -0.00198446 0
17.94 0.0115979 0 -0.00186829 0
17.95 0.0115581 0 -0.00175251 0
17.96 0.0115174 0 -0.00163713 0
17.97 0.0114757 0 -0.00152216 0
17.98 0.0114331 0 -0.00140762 0
17.99 0.0113895 0 -0.00129351 0
18 0.0113451 0 -0.00117983 0
18.01 0.0112997 0 -0.00106661 0
18.02 0.0112534 0 -0.000953842 0
18.03 0.0112062 0 -0.000841543 0
18.04 0.0111582 0 -0.00072972 0
18.05 0.0111092 0 -0.000618383 0
18.06 0.0110595 0 -0.000507538 0
18.07 0.0110088 0 -0.000397196 0
18.08 0.0109573 0 -0.000287365 0
18.09 0.010905 0 -0.000178053 0
18.1 0.0108518 0 -6.92683e-05 0
18.11 0.0107979 0 3.89808e-05 0
18.12 0.0107431 0 0.000146686 0
18.13 0.0106875 0 0.000253839 0
18.14 0.0106311 0 0.000360433 0
18.15 0.010574 0 0.000466459 0
18.16 0.0105161 0 0.00057191 0
18.17 0.0104574 0 0.000676778 0
18.18 0.0103979 0 0.000781055 0
18.19 0.0103378 0 0.000884734 0
18.2 0.0102769 0 0.000987808 0
18.21 0.0102153 0 0.00109027 0
18.22 0.0101529 0 0.00119211 0
18.23 0.0100899 0 0.00129333 0
18.24 0.0100262 0 0.00139391 0
18.25 0.00996175 0 0.00149385 0
18.26 0.00989667 0 0.00159314 0
18.27 0.00983093 0 0.00169178 0
18.28 0.00976453 0 0.00178976 0
18.29 0.00969749 0 0.00188707 0
18.3 0.00962982 0 0.0019837 0
18.31 0.00956152 0 0.00207966 0
18.32 0.00949261 0 0.00217493 0
18.33 0.0094231 0 0.00226951 0
18.34 0.00935299 0 0.00236339 0
18.35 0.00928231 0 0.00245657 0
18.36 0.00921104 0 0.00254904 0
18.37 0.00913922 0 0.00264079 0
18.38 0.00906684 0 0.00273182 0
18.39 0.00899392 0 0.00282212 0
18.4 0.00892046 0 0.0029117 0
18.41 0.00884648 0 0.00300053 0
18.42 0.00877199 0 0.00308862 0
18.43 0.00869699 0 0.00317597 0
18.44 0.0086215 0 0.00326256 0
18.45 0.00854553 0 0.0033484 0
18.46 0.00846908 0 0.00343347 0
18.47 0.00839217 0 0.00351778 0
18.48 0.00831481 0 0.00360131 0
18.49 0.008237 0 0.00368407 0
18.5 0.00815876 0 0.00376605 0
18.51 0.0080801 0 0.00384725 0
18.52 0.00800102 0 0.00392765 0
18.53 0.00792154 0 0.00400726 0
18.54 0.00784166 0 0.00408608 0
18.55 0.0077614 0 0.0041641 0
18.56 0.00768077 0 0.00424131 0
18.57 0.00759977 0 0.00431771 0
18.58 0.00751842 0 0.0043933 0
18.59 0.00743672 0 0.00446808 0
18.6 0.00735469 0 0.00454203 0
18.61 0.00727234 0 0.00461517 0
18.62 0.00718967 0 0.00468748 0
18.63 0.0071067 0 0.00475896 0
18.64 0.00702343 0 0.00482961 0
18.65 0.00693987 0 0.00489943 0
18.66 0.00685604 0 0.00496841 0
18.67 0.00677195 0 0.00503655 0
18.68 0.0066876 0 0.00510385 0
18.69 0.006603 0 0.0051703 0
18.7 0.00651816 0 0.00523591 0
18.71 0.0064331 0 0.00530066 0
18.72 0.00634782 0 0.00536457 0
18.73 0.00626233 0 0.00542762 0
18.74 0.00617665 0 0.00548981 0
18.75 0.00609077 0 0.00555115 0
18.76 0.00600472 0 0.00561163 0
18.77 0.0059185 0 0.00567125 0
18.78 0.00583211 0 0.00573 0
18.79 0.00574558 0 0.00578789 0
18.8 0.0056589 0 0.00584491 0
18.81 0.0055721 0 0.00590107 0
18.82 0.00548517 0 0.00595635 0
18.83 0.00539812 0 0.00601077 0
18.84 0.00531097 0 0.00606431 0
18.85 0.00522373 0 0.00611699 0
18.86 0.0051364 0 0.00616879 0
18.87 0.00504899 0 0.00621971 0
18.88 0.00496152 0 0.00626977 0
18.89 0.00487398 0 0.00631895 0
18.9 0.0047864 0 0.00636725 0
18.91 0.00469878 0 0.00641467 0
18.92 0.00461112 0 0.00646122 0
18.93 0.00452344 0 0.0065069 0
18.94 0.00443575 0 0.00655169 0
18.95 0.00434806 0 0.00659561 0
18.96 0.00426036 0 0.00663865 0
18.97 0.00417268 0 0.00668082 0
18.98 0.00408502 0 0.00672211 0
18.99 0.00399739 0 0.00676252 0
19 0.0039098 0 0.00680205 0
19.01 0.00382226 0 0.00684071 0
19.02 0.00373477 0 0.0068785 0
19.03 0.00364734 0 0.00691541 0
19.04 0.00355999 0 0.00695145 0
19.05 0.00347272 0 0.00698661 0
19.06 0.00338553 0 0.0070209 0
19.07 0.00329845 0 0.00705432 0
19.08 0.00321146 0 0.00708687 0
19.09 0.0031246 0 0.00711855 0
19.1 0.00303785 0 0.00714936 0
19.11 0.00295123 0 0.00717931 0
19.12 0.00286475 0 0.00720839 0
19.13 0.00277842 0 0.0072366 0
19.14 0.00269224 0 0.00726396 0
19.15 0.00260622 0 0.00729045 0
19.16 0.00252037 0 0.00731608 0
19.17 0.0024347 0 0.00734086 0
19.18 0.00234921 0 0.00736478 0
19.19 0.00226391 0 0.00738784 0
19.2 0.00217882 0 0.00741006 0
19.21 0.00209393 0 0.00743142 0
19.22 0.00200925 0 0.00745193 0
19.23 0.0019248 0 0.0074716 0
19.24 0.00184057 0 0.00749043 0
19.25 0.00175659 0 0.00750842 0
19.26 0.00167284 0 0.00752556 0
19.27 0.00158935 0 0.00754187 0
19.28 0.00150611 0 0.00755735 0
19.29 0.00142314 0 0.007572 0
19.3 0.00134044 0 0.00758582 0
19.31 0.00125802 0 0.00759881 0
19.32 0.00117589 0 0.00761098 0
19.33 0.00109405 0 0.00762233 0
19.34 0.00101251 0 0.00763286 0
19.35 0.000931268 0 0.00764258 0
19.36 0.000850343 0 0.00765149 0
19.37 0.000769737 0 0.00765959 0
19.38 0.000689456 0 0.00766688 0
19.39 0.000609507 0 0.00767338 0
19.4 0.000529896 0 0.00767907 0
19.41 0.000450629 0 0.00768397 0
19.42 0.000371712 0 0.00768809 0
19.43 0.000293152 0 0.00769141 0
19.44 0.000214954 0 0.00769395 0
19.45 0.000137125 0 0.00769571 0
19.46 5.96708e-05 0 0.00769669 0
19.47 -1.74033e-05 0 0.00769691 0
19.48 -9.40913e-05 0 0.00769635 0
19.49 -0.000170387 0 0.00769502 0
19.5 -0.000246286 0 0.00769294 0
19.51 -0.000321782 0 0.0076901 0
19.52 -0.000396868 0 0.00768651 0
19.53 -0.000471541 0 0.00768216 0
19.54 -0.000545795 0 0.00767708 0
19.55 -0.000619623 0 0.00767125 0
19.56 -0.000693022 0 0.00766469 0
19.57 -0.000765985 0 0.00765739 0
19.58 -0.000838508 0 0.00764937 0
19.59 -0.000910585 0 0.00764062 0
19.6 -0.000982213 0 0.00763116 0
19.61 -0.00105338 0 0.00762098 0
19.62 -0.0011241 0 0.00761009 0
19.63 -0.00119434 0 0.0075985 0
19.64 -0.00126412 0 0.00758621 0
19.65 -0.00133343 0 0.00757322 0
19.66 -0.00140225 0 0.00755954 0
19.67 -0.00147059 0 0.00754517 0
19.68 -0.00153845 0 0.00753013 0
19.69 -0.00160581 0 0.00751441 0
19.7 -0.00167268 0 0.00749801 0
19.71 -0.00173904 0 0.00748096 0
19.72 -0.0018049 0 0.00746324 0
19.73 -0.00187026 0 0.00744486 0
19.74 -0.0019351 0 0.00742583 0
19.75 -0.00199942 0 0.00740616 0
19.76 -0.00206322 0 0.00738585 0
19.77 -0.0021265 0 0.0073649 0
19.78 -0.00218926 0 0.00734332 0
19.79 -0.00225148 0 0.00732111 0
19.8 -0.00231316 0 0.00729829 0
19.81 -0.00237431 0 0.00727485 0
19.82 -0.00243491 0 0.0072508 0
19.83 -0.00249497 0 0.00722616 0
19.84 -0.00255449 0 0.00720091 0
19.85 -0.00261345 0 0.00717507 0
19.86 -0.00267185 0 0.00714864 0
19.87 -0.0027297 0 0.00712163 0
19.88 -0.00278699 0 0.00709405 0
19.89 -0.00284371 0 0.00706589 0
19.9 -0.00289987 0 0.00703718 0
19.91 -0.00295545 0 0.0070079 0
19.92 -0.00301047 0 0.00697807 0
19.93 -0.00306491 0 0.00694769 0
19.94 -0.00311877 0 0.00691677 0
19.95 -0.00317206 0 0.00688532 0
19.96 -0.00322476 0 0.00685333 0
19.97 -0.00327688 0 0.00682082 0
19.98 -0.00332841 0 0.0067878 0
19.99 -0.00337935 0 0.00675426 0
20 -0.0034297 0 0.00672021 0
20.01 -0.00347945 0 0.00668567 0
20.02 -0.00352861 0 0.00665063 0
20.03 -0.00357718 0 0.0066151 0
20.04 -0.00362514 0 0.00657908 0
20.05 -0.00367251 0 0.0065426 0
20.06 -0.00371927 0 0.00650564 0
20.07 -0.00376543 0 0.00646821 0
20.08 -0.00381098 0 0.00643033 0
20.09 -0.00385592 0 0.00639199 0
20.1 -0.00390026 0 0.00635321 0
20.11 -0.00394399 0 0.00631399 0
20.12 -0.0039871 0 0.00627434 0
20.13 -0.0040296 0 0.00623425 0
20.14 -0.00407149 0 0.00619375 0
20.15 -0.00411276 0 0.00615282 0
20.16 -0.00415342 0 0.00611149 0
20.17 -0.00419346 0 0.00606976 0
20.18 -0.00423288 0 0.00602762 0
20.19 -0.00427168 0 0.0059851 0
20.2 -0.00430986 0 0.00594219 0
20.21 -0.00434742 0 0.00589891 0
20.22 -0.00438437 0 0.00585525 0
20.23 -0.00442069 0 0.00581122 0
20.24 -0.00445638 0 0.00576684 0
20.25 -0.00449146 0 0.0057221 0
20.26 -0.00452591 0 0.00567701 0
20.27 -0.00455974 0 0.00563158 0
20.28 -0.00459294 0 0.00558582 0
20.29 -0.00462553 0 0.00553972 0
20.3 -0.00465748 0 0.00549331 0
20.31 -0.00468882 0 0.00544658 0
20.32 -0.00471953 0 0.00539953 0
20.33 -0.00474961 0 0.00535219 0
20.34 -0.00477907 0 0.00530454 0
20.35 -0.00480791 0 0.00525661 0
20.36 -0.00483613 0 0.00520839 0
20.37 -0.00486372 0 0.00515989 0
20.38 -0.00489069 0 0.00511111 0
20.39 -0.00491703 0 0.00506208 0
20.4 -0.00494276 0 0.00501278 0
20.41 -0.00496786 0 0.00496322 0
20.42 -0.00499235 0 0.00491342 0
20.43 -0.00501621 0 0.00486338 0
20.44 -0.00503945 0 0.0048131 0
20.45 -0.00506208 0 0.00476259 0
20.46 -0.00508408 0 0.00471186 0
20.47 -0.00510547 0 0.00466091 0
20.48 -0.00512625 0 0.00460975 0
20.49 -0.00514641 0 0.00455839 0
20.5 -0.00516595 0 0.00450683 0
20.51 -0.00518488 0 0.00445507 0
20.52 -0.0052032 0 0.00440313 0
20.53 -0.00522091 0 0.00435101 0
20.54 -0.00523801 0 0.00429871 0
20.55 -0.00525451 0 0.00424625 0
20.56 -0.0052704 0 0.00419363 0
20.57 -0.00528568 0 0.00414084 0
20.58 -0.00530036 0 0.00408791 0
20.59 -0.00531443 0 0.00403484 0
20.6 -0.00532791 0 0.00398163 0
20.61 -0.00534079 0 0.00392828 0
20.62 -0.00535307 0 0.00387481 0
20.63 -0.00536475 0 0.00382122 0
20.64 -0.00537584 0 0.00376752 0
20.65 -0.00538635 0 0.00371371 0
20.66 -0.00539626 0 0.0036598 0
20.67 -0.00540558 0 0.00360579 0
20.68 -0.00541432 0 0.00355169 0
20.69 -0.00542247 0 0.0034975 0
20.7 -0.00543004 0 0.00344324 0
20.71 -0.00543704 0 0.0033889 0
20.72 -0.00544345 0 0.0033345 0
20.73 -0.00544929 0 0.00328004 0
20.74 -0.00545456 0 0.00322552 0
20.75 -0.00545926 0 0.00317095 0
20.76 -0.00546339 0 0.00311633 0
20.77 -0.00546695 0 0.00306168 0
20.78 -0.00546995 0 0.003007 0
20.79 -0.00547239 0 0.00295228 0
20.8 -0.00547427 0 0.00289755 0
20.81 -0.0054756 0 0.0028428 0
20.82 -0.00547638 0 0.00278804 0
20.83 -0.0054766 0 0.00273327 0
20.84 -0.00547628 0 0.00267851 0
20.85 -0.00547541 0 0.00262375 0
20.86 -0.005474 0 0.002569 0
20.87 -0.00547205 0 0.00251427 0
20.88 -0.00546956 0 0.00245956 0
20.89 -0.00546655 0 0.00240488 0
20.9 -0.005463 0 0.00235023 0
20.91 -0.00545892 0 0.00229562 0
20.92 -0.00545432 0 0.00224106 0
20.93 -0.0054492 0 0.00218654 0
20.94 -0.00544356 0 0.00213208 0
20.95 -0.00543741 0 0.00207767 0
20.96 -0.00543074 0 0.00202333 0
20.97 -0.00542357 0 0.00196906 0
20.98 -0.00541589 0 0.00191486 0
20.99 -0.00540771 0 0.00186074 0
21 -0.00539903 0 0.00180671 0
21.01 -0.00538985 0 0.00175276 0
21.02 -0.00538018 0 0.00169891 0
21.03 -0.00537003 0 0.00164516 0
21.04 -0.00535939 0 0.00159151 0
21.05 -0.00534827 0 0.00153797 0
21.06 -0.00533667 0 0.00148455 0
21.07 -0.00532459 0 0.00143124 0
21.08 -0.00531205 0 0.00137806 0
21.09 -0.00529903 0 0.001325 0
21.1 -0.00528556 0 0.00127208 0
21.11 -0.00527162 0 0.00121929 0
21.12 -0.00525723 0 0.00116665 0
21.13 -0.00524238 0 0.00111415 0
21.14 -0.00522709 0 0.0010618 0
21.15 -0.00521135 0 0.00100961 0
21.16 -0.00519517 0 0.000957577 0
21.17 -0.00517855 0 0.000905708 0
21.18 -0.0051615 0 0.000854007 0
21.19 -0.00514402 0 0.000802479 0
21.2 -0.00512611 0 0.000751128 0
21.21 -0.00510778 0 0.000699958 0
21.22 -0.00508903 0 0.000648974 0
21.23 -0.00506987 0 0.000598179 0
21.24 -0.0050503 0 0.000547578 0
21.25 -0.00503032 0 0.000497174 0
21.26 -0.00500994 0 0.000446973 0
21.27 -0.00498916 0 0.000396977 0
21.28 -0.00496799 0 0.000347191 0
21.29 -0.00494643 0 0.000297618 0
21.3 -0.00492448 0 0.000248264 0
21.31 -0.00490215 0 0.00019913 0
21.32 -0.00487944 0 0.000150222 0
21.33 -0.00485636 0 0.000101543 0
21.34 -0.00483291 0 5.30959e-05 0
21.35 -0.00480909 0 4.88557e-06 0
21.36 -0.00478492 0 -4.30848e-05 0
21.37 -0.00476038 0 -9.08116e-05 0
21.38 -0.0047355 0 -0.000138291 0
21.39 -0.00471027 0 -0.00018552 0
21.4 -0.00468469 0 -0.000232495 0
21.41 -0.00465877 0 -0.000279213 0
21.42 -0.00463252 0 -0.00032567 0
21.43 -0.00460593 0 -0.000371862 0
21.44 -0.00457902 0 -0.000417787 0
21.45 -0.00455179 0 -0.000463442 0
21.46 -0.00452424 0 -0.000508822 0
21.47 -0.00449637 0 -0.000553925 0
21.48 -0.0044682 0 -0.000598748 0
21.49 -0.00443972 0 -0.000643288 0
21.5 -0.00441093 0 -0.000687542 0
21.51 -0.00438186 0 -0.000731506 0
21.52 -0.00435249 0 -0.000775178 0
21.53 -0.00432283 0 -0.000818555 0
21.54 -0.00429289 0 -0.000861634 0
21.55 -0.00426267 0 -0.000904412 0
21.56 -0.00423218 0 -0.000946886 0
21.57 -0.00420141 0 -0.000989054 0
21.58 -0.00417038 0 -0.00103091 0
21.59 -0.00413909 0 -0.00107246 0
21.6 -0.00410754 0 -0.00111369 0
21.61 -0.00407574 0 -0.00115461 0
21.62 -0.0040437 0 -0.00119521 0
21.63 -0.0040114 0 -0.00123548 0
21.64 -0.00397887 0 -0.00127544 0
21.65 -0.00394611 0 -0.00131506 0
21.66 -0.00391311 0 -0.00135436 0
21.67 -0.00387989 0 -0.00139332 0
21.68 -0.00384645 0 -0.00143195 0
21.69 -0.00381279 0 -0.00147025 0
21.7 -0.00377892 0 -0.00150821 0
21.71 -0.00374484 0 -0.00154583 0
21.72 -0.00371055 0 -0.00158311 0
21.73 -0.00367607 0 -0.00162004 0
21.74 -0.00364139 0 -0.00165663 0
21.75 -0.00360653 0 -0.00169287 0
21.76 -0.00357147 0 -0.00172876 0
21.77 -0.00353624 0 -0.00176429 0
21.78 -0.00350083 0 -0.00179948 0
21.79 -0.00346524 0 -0.00183431 0
21.8 -0.00342949 0 -0.00186878 0
21.81 -0.00339357 0 -0.0019029 0
21.82 -0.0033575 0 -0.00193666 0
21.83 -0.00332127 0 -0.00197005 0
21.84 -0.00328488 0 -0.00200308 0
21.85 -0.00324836 0 -0.00203575 0
21.86 -0.00321169 0 -0.00206805 0
21.87 -0.00317488 0 -0.00209998 0
21.88 -0.00313794 0 -0.00213154 0
21.89 -0.00310087 0 -0.00216274 0
21.9 -0.00306368 0 -0.00219356 0
21.91 -0.00302636 0 -0.00222401 0
21.92 -0.00298894 0 -0.00225409 0
21.93 -0.0029514 0 -0.00228379 0
21.94 -0.00291375 0 -0.00231312 0
21.95 -0.002876 0 -0.00234206 0
21.96 -0.00283815 0 -0.00237064 0
21.97 -0.0028002 0 -0.00239883 0
21.98 -0.00276217 0 -0.00242664 0
21.99 -0.00272405 0 -0.00245407 0
22 -0.00268585 0 -0.00248112 0
22.01 -0.00264757 0 -0.00250779 0
22.02 -0.00260922 0 -0.00253407 0
22.03 -0.0025708 0 -0.00255997 0
22.04 -0.00253231 0 -0.00258549 0
22.05 -0.00249377 0 -0.00261062 0
22.06 -0.00245517 0 -0.00263536 0
22.07 -0.00241651 0 -0.00265972 0
22.08 -0.00237781 0 -0.00268369 0
22.09 -0.00233906 0 -0.00270728 0
22.1 -0.00230027 0 -0.00273047 0
22.11 -0.00226145 0 -0.00275328 0
22.12 -0.00222259 0 -0.0027757 0
22.13 -0.00218371 0 -0.00279773 0
22.14 -0.0021448 0 -0.00281938 0
22.15 -0.00210588 0 -0.00284063 0
22.16 -0.00206693 0 -0.00286149 0
22.17 -0.00202798 0 -0.00288197 0
22.18 -0.00198902 0 -0.00290205 0
22.19 -0.00195005 0 -0.00292175 0
22.2 -0.00191108 0 -0.00294105 0
22.21 -0.00187212 0 -0.00295997 0
22.22 -0.00183316 0 -0.0029785 0
22.23 -0.00179422 0 -0.00299663 0
22.24 -0.00175529 0 -0.00301438 0
22.25 -0.00171638 0 -0.00303174 0
22.26 -0.00167749 0 -0.00304871 0
22.27 -0.00163863 0 -0.00306529 0
22.28 -0.0015998 0 -0.00308148 0
22.29 -0.001561 0 -0.00309728 0
22.3 -0.00152225 0 -0.0031127 0
22.31 -0.00148353 0 -0.00312773 0
22.32 -0.00144486 0 -0.00314237 0
22.33 -0.00140623 0 -0.00315663 0
22.34 -0.00136766 0 -0.0031705 0
22.35 -0.00132915 0 -0.00318398 0
22.36 -0.00129069 0 -0.00319708 0
22.37 -0.0012523 0 -0.00320979 0
22.38 -0.00121398 0 -0.00322213 0
22.39 -0.00117572 0 -0.00323407 0
22.4 -0.00113754 0 -0.00324564 0
22.41 -0.00109943 0 -0.00325683 0
22.42 -0.00106141 0 -0.00326763 0
22.43 -0.00102347 0 -0.00327805 0
22.44 -0.000985614 0 -0.0032881 0
22.45 -0.00094785 0 -0.00329777 0
22.46 -0.000910181 0 -0.00330706 0
22.47 -0.000872609 0 -0.00331597 0
22.48 -0.000835137 0 -0.00332451 0
22.49 -0.000797768 0 -0.00333267 0
22.5 -0.000760506 0 -0.00334046 0
22.51 -0.000723355 0 -0.00334788 0
22.52 -0.000686316 0 -0.00335493 0
22.53 -0.000649394 0 -0.00336161 0
22.54 -0.000612591 0 -0.00336792 0
22.55 -0.000575911 0 -0.00337386 0
22.56 -0.000539356 0 -0.00337944 0
22.57 -0.000502929 0 -0.00338465 0
22.58 -0.000466635 0 -0.0033895 0
22.59 -0.000430474 0 -0.00339398 0
22.6 -0.000394451 0 -0.00339811 0
22.61 -0.000358568 0 -0.00340187 0
22.62 -0.000322829 0 -0.00340528 0
22.63 -0.000287235 0 -0.00340833 0
22.64 -0.000251791 0 -0.00341103 0
22.65 -0.000216498 0 -0.00341337 0
22.66 -0.000181359 0 -0.00341536 0
22.67 -0.000146378 0 -0.00341699 0
22.68 -0.000111557 0 -0.00341828 0
22.69 -7.68978e-05 0 -0.00341923 0
22.7 -4.24041e-05 0 -0.00341982 0
22.71 -8.07816e-06 0 -0.00342007 0
22.72 2.60773e-05 0 -0.00341998 0
22.73 6.00599e-05 0 -0.00341955 0
22.74 9.3867e-05 0 -0.00341878 0
22.75 0.000127496 0 -0.00341768 0
22.76 0.000160945 0 -0.00341623 0
22.77 0.000194211 0 -0.00341446 0
22.78 0.000227291 0 -0.00341235 0
22.79 0.000260184 0 -0.00340991 0
22.8 0.000292887 0 -0.00340715 0
22.81 0.000325397 0 -0.00340406 0
22.82 0.000357713 0 -0.00340064 0
22.83 0.000389832 0 -0.0033969 0
22.84 0.000421752 0 -0.00339284 0
22.85 0.000453471 0 -0.00338847 0
22.86 0.000484986 0 -0.00338378 0
22.87 0.000516296 0 -0.00337877 0
22.88 0.000547398 0 -0.00337345 0
22.89 0.00057829 0 -0.00336782 0
22.9 0.000608971 0 -0.00336189 0
22.91 0.000639437 0 -0.00335564 0
22.92 0.000669688 0 -0.0033491 0
22.93 0.000699722 0 -0.00334225 0
22.94 0.000729536 0 -0.0033351 0
22.95 0.000759128 0 -0.00332766 0
22.96 0.000788497 0 -0.00331992 0
22.97 0.000817641 0 -0.00331189 0
22.98 0.000846558 0 -0.00330357 0
22.99 0.000875246 0 -0.00329496 0
23 0.000903704 0 -0.00328607 0
23.01 0.00093193 0 -0.00327689 0
23.02 0.000959922 0 -0.00326743 0
23.03 0.000987679 0 -0.00325769 0
23.04 0.0010152 0 -0.00324768 0
23.05 0.00104248 0 -0.00323739 0
23.06 0.00106952 0 -0.00322683 0
23.07 0.00109632 0 -0.003216 0
23.08 0.00112288 0 -0.0032049 0
23.09 0.00114919 0 -0.00319354 0
23.1 0.00117526 0 -0.00318192 0
23.11 0.00120107 0 -0.00317004 0
23.12 0.00122664 0 -0.0031579 0
23.13 0.00125197 0 -0.0031455 0
23.14 0.00127703 0 -0.00313286 0
23.15 0.00130185 0 -0.00311996 0
23.16 0.00132642 0 -0.00310682 0
23.17 0.00135072 0 -0.00309344 0
23.18 0.00137478 0 -0.00307981 0
23.19 0.00139857 0 -0.00306594 0
23.2 0.00142211 0 -0.00305184 0
23.21 0.00144539 0 -0.0030375 0
23.22 0.00146841 0 -0.00302293 0
23.23 0.00149116 0 -0.00300813 0
23.24 0.00151366 0 -0.00299311 0
23.25 0.00153589 0 -0.00297786 0
23.26 0.00155785 0 -0.00296239 0
23.27 0.00157956 0 -0.0029467 0
23.28 0.00160099 0 -0.0029308 0
23.29 0.00162216 0 -0.00291469 0
23.3 0.00164306 0 -0.00289836 0
23.31 0.0016637 0 -0.00288183 0
23.32 0.00168406 0 -0.00286509 0
23.33 0.00170416 0 -0.00284815 0
23.34 0.00172398 0 -0.002831 0
23.35 0.00174354 0 -0.00281367 0
23.36 0.00176282 0 -0.00279613 0
23.37 0.00178183 0 -0.00277841 0
23.38 0.00180057 0 -0.0027605 0
23.39 0.00181904 0 -0.0027424 0
23.4 0.00183723 0 -0.00272412 0
23.41 0.00185515 0 -0.00270566 0
23.42 0.00187279 0 -0.00268702 0
23.43 0.00189016 0 -0.0026682 0
23.44 0.00190725 0 -0.00264921 0
23.45 0.00192407 0 -0.00263006 0
23.46 0.00194061 0 -0.00261073 0
23.47 0.00195688 0 -0.00259125 0
23.48 0.00197287 0 -0.0025716 0
23.49 0.00198858 0 -0.00255179 0
23.5 0.00200402 0 -0.00253183 0
23.51 0.00201918 0 -0.00251171 0
23.52 0.00203406 0 -0.00249144 0
23.53 0.00204867 0 -0.00247103 0
23.54 0.002063 0 -0.00245047 0
23.55 0.00207705 0 -0.00242977 0
23.56 0.00209082 0 -0.00240893 0
23.57 0.00210432 0 -0.00238796 0
23.58 0.00211754 0 -0.00236685 0
23.59 0.00213048 0 -0.00234561 0
23.6 0.00214314 0 -0.00232424 0
23.61 0.00215553 0 -0.00230274 0
23.62 0.00216764 0 -0.00228113 0
23.63 0.00217948 0 -0.00225939 0
23.64 0.00219104 0 -0.00223754 0
23.65 0.00220232 0 -0.00221557 0
23.66 0.00221333 0 -0.00219349 0
23.67 0.00222406 0 -0.00217131 0
23.68 0.00223451 0 -0.00214901 0
23.69 0.00224469 0 -0.00212662 0
23.7 0.0022546 0 -0.00210412 0
23.71 0.00226423 0 -0.00208153 0
23.72 0.00227358 0 -0.00205884 0
23.73 0.00228267 0 -0.00203606 0
23.74 0.00229148 0 -0.00201318 0
23.75 0.00230002 0 -0.00199023 0
23.76 0.00230828 0 -0.00196718 0
23.77 0.00231628 0 -0.00194406 0
23.78 0.002324 0 -0.00192086 0
23.79 0.00233146 0 -0.00189758 0
23.8 0.00233864 0 -0.00187423 0
23.81 0.00234555 0 -0.00185081 0
23.82 0.0023522 0 -0.00182732 0
23.83 0.00235858 0 -0.00180377 0
23.84 0.00236469 0 -0.00178015 0
23.85 0.00237054 0 -0.00175647 0
23.86 0.00237611 0 -0.00173274 0
23.87 0.00238143 0 -0.00170895 0
23.88 0.00238648 0 -0.00168511 0
23.89 0.00239127 0 -0.00166122 0
23.9 0.00239579 0 -0.00163729 0
23.91 0.00240006 0 -0.00161331 0
23.92 0.00240406 0 -0.00158929 0
23.93 0.0024078 0 -0.00156523 0
23.94 0.00241128 0 -0.00154113 0
23.95 0.00241451 0 -0.001517 0
23.96 0.00241748 0 -0.00149284 0
23.97 0.00242019 0 -0.00146866 0
23.98 0.00242265 0 -0.00144444 0
23.99 0.00242486 0 -0.0014202 0
24 0.00242681 0 -0.00139595 0
24.01 0.00242851 0 -0.00137167 0
24.02 0.00242996 0 -0.00134738 0
24.03 0.00243116 0 -0.00132307 0
24.04 0.00243211 0 -0.00129875 0
24.05 0.00243281 0 -0.00127443 0
24.06 0.00243327 0 -0.0012501 0
24.07 0.00243348 0 -0.00122576 0
24.08 0.00243345 0 -0.00120143 0
24.09 0.00243317 0 -0.0011771 0
24.1 0.00243266 0 -0.00115277 0
24.11 0.0024319 0 -0.00112844 0
24.12 0.00243091 0 -0.00110413 0
24.13 0.00242968 0 -0.00107983 0
24.14 0.00242821 0 -0.00105554 0
24.15 0.00242651 0 -0.00103126 0
24.16 0.00242457 0 -0.00100701 0
24.17 0.0024224 0 -0.000982772 0
24.18 0.00242 0 -0.00095856 0
24.19 0.00241737 0 -0.000934373 0
24.2 0.00241452 0 -0.000910213 0
24.21 0.00241143 0 -0.000886083 0
24.22 0.00240812 0 -0.000861986 0
24.23 0.00240459 0 -0.000837922 0
24.24 0.00240084 0 -0.000813894 0
24.25 0.00239686 0 -0.000789906 0
24.26 0.00239267 0 -0.000765958 0
24.27 0.00238825 0 -0.000742053 0
24.28 0.00238363 0 -0.000718194 0
24.29 0.00237878 0 -0.000694381 0
24.3 0.00237373 0 -0.000670619 0
24.31 0.00236846 0 -0.000646908 0
24.32 0.00236298 0 -0.00062325 0
24.33 0.00235729 0 -0.000599649 0
24.34 0.0023514 0 -0.000576105 0
24.35 0.0023453 0 -0.000552621 0
24.36 0.002339 0 -0.0005292 0
24.37 0.0023325 0 -0.000505842 0
24.38 0.00232579 0 -0.00048255 0
24.39 0.00231889 0 -0.000459327 0
24.4 0.00231179 0 -0.000436173 0
24.41 0.0023045 0 -0.000413092 0
24.42 0.00229701 0 -0.000390084 0
24.43 0.00228933 0 -0.000367152 0
24.44 0.00228146 0 -0.000344298 0
24.45 0.0022734 0 -0.000321523 0
24.46 0.00226516 0 -0.000298831 0
24.47 0.00225673 0 -0.000276221 0
24.48 0.00224811 0 -0.000253697 0
24.49 0.00223932 0 -0.000231259 0
24.5 0.00223035 0 -0.000208911 0
24.51 0.0022212 0 -0.000186653 0
24.52 0.00221187 0 -0.000164487 0
24.53 0.00220237 0 -0.000142416 0
24.54 0.00219269 0 -0.000120441 0
24.55 0.00218285 0 -9.85629e-05 0
24.56 0.00217284 0 -7.67843e-05 0
24.57 0.00216266 0 -5.51067e-05 0
24.58 0.00215231 0 -3.35317e-05 0
24.59 0.00214181 0 -1.2061e-05 0
24.6 0.00213114 0 9.30387e-06 0
24.61 0.00212031 0 3.05612e-05 0
24.62 0.00210932 0 5.17095e-05 0
24.63 0.00209818 0 7.27472e-05 0
24.64 0.00208689 0 9.36726e-05 0
24.65 0.00207544 0 0.000114484 0
24.66 0.00206384 0 0.000135181 0
24.67 0.0020521 0 0.000155761 0
24.68 0.00204021 0 0.000176222 0
24.69 0.00202817 0 0.000196564 0
24.7 0.002016 0 0.000216785 0
24.71 0.00200368 0 0.000236884 0
24.72 0.00199122 0 0.000256859 0
24.73 0.00197863 0 0.000276708 0
24.74 0.0019659 0 0.000296431 0
24.75 0.00195304 0 0.000316025 0
24.76 0.00194005 0 0.000335491 0
24.77 0.00192693 0 0.000354826 0
24.78 0.00191369 0 0.000374029 0
24.79 0.00190032 0 0.000393099 0
24.8 0.00188682 0 0.000412035 0
24.81 0.00187321 0 0.000430835 0
24.82 0.00185947 0 0.000449499 0
24.83 0.00184562 0 0.000468025 0
24.84 0.00183166 0 0.000486411 0
24.85 0.00181758 0 0.000504657 0
24.86 0.00180339 0 0.000522762 0
24.87 0.00178909 0 0.000540725 0
24.88 0.00177468 0 0.000558544 0
24.89 0.00176017 0 0.000576218 0
24.9 0.00174556 0 0.000593747 0
24.91 0.00173084 0 0.000611129 0
24.92 0.00171603 0 0.000628363 0
24.93 0.00170112 0 0.000645449 0
24.94 0.00168611 0 0.000662385 0
24.95 0.00167101 0 0.000679171 0
24.96 0.00165582 0 0.000695805 0
24.97 0.00164054 0 0.000712287 0
24.98 0.00162517 0 0.000728616 0
24.99 0.00160971 0 0.00074479 0
25 0.00159417 0 0.00076081 0
25.01 0.00157855 0 0.000776673 0
25.02 0.00156286 0 0.00079238 0
25.03 0.00154708 0 0.00080793 0
25.04 0.00153123 0 0.000823322 0
25.05 0.0015153 0 0.000838554 0
25.06 0.0014993 0 0.000853628 0
25.07 0.00148324 0 0.00086854 0
25.08 0.0014671 0 0.000883292 0
25.09 0.0014509 0 0.000897882 0
25.1 0.00143463 0 0.00091231 0
25.11 0.00141831 0 0.000926575 0
25.12 0.00140192 0 0.000940676 0
25.13 0.00138548 0 0.000954613 0
25.14 0.00136897 0 0.000968385 0
25.15 0.00135242 0 0.000981992 0
25.16 0.00133581 0 0.000995433 0
25.17 0.00131915 0 0.00100871 0
25.18 0.00130245 0 0.00102182 0
25.19 0.00128569 0 0.00103476 0
25.2 0.00126889 0 0.00104753 0
25.21 0.00125205 0 0.00106013 0
25.22 0.00123517 0 0.00107257 0
25.23 0.00121825 0 0.00108484 0
25.24 0.00120129 0 0.00109694 0
25.25 0.0011843 0 0.00110886 0
25.26 0.00116727 0 0.00112062 0
25.27 0.00115022 0 0.00113221 0
25.28 0.00113313 0 0.00114363 0
25.29 0.00111601 0 0.00115487 0
25.3 0.00109887 0 0.00116595 0
25.31 0.00108171 0 0.00117685 0
25.32 0.00106452 0 0.00118758 0
25.33 0.00104731 0 0.00119814 0
25.34 0.00103008 0 0.00120853 0
25.35 0.00101284 0 0.00121874 0
25.36 0.00099558 0 0.00122878 0
25.37 0.000978308 0 0.00123865 0
25.38 0.000961024 0 0.00124835 0
25.39 0.000943731 0 0.00125787 0
25.4 0.00092643 0 0.00126722 0
25.41 0.000909123 0 0.0012764 0
25.42 0.000891811 0 0.00128541 0
25.43 0.000874497 0 0.00129424 0
25.44 0.000857182 0 0.0013029 0
25.45 0.000839868 0 0.00131138 0
25.46 0.000822557 0 0.00131969 0
25.47 0.000805249 0 0.00132783 0
25.48 0.000787948 0 0.0013358 0
25.49 0.000770654 0 0.00134359 0
25.5 0.00075337 0 0.00135121 0
25.51 0.000736097 0 0.00135866 0
25.52 0.000718837 0 0.00136593 0
25.53 0.000701591 0 0.00137304 0
25.54 0.00068436 0 0.00137997 0
25.55 0.000667148 0 0.00138672 0
25.56 0.000649955 0 0.00139331 0
25.57 0.000632783 0 0.00139972 0
25.58 0.000615633 0 0.00140596 0
25.59 0.000598508 0 0.00141203 0
25.6 0.000581408 0 0.00141793 0
25.61 0.000564336 0 0.00142366 0
25.62 0.000547292 0 0.00142922 0
25.63 0.000530279 0 0.00143461 0
25.64 0.000513298 0 0.00143983 0
25.65 0.00049635 0 0.00144488 0
25.66 0.000479437 0 0.00144975 0
25.67 0.000462561 0 0.00145446 0
25.68 0.000445723 0 0.00145901 0
25.69 0.000428924 0 0.00146338 0
25.7 0.000412166 0 0.00146758 0
25.71 0.000395451 0 0.00147162 0
25.72 0.00037878 0 0.00147549 0
25.73 0.000362154 0 0.0014792 0
25.74 0.000345575 0 0.00148274 0
25.75 0.000329044 0 0.00148611 0
25.76 0.000312563 0 0.00148932 0
25.77 0.000296132 0 0.00149236 0
25.78 0.000279755 0 0.00149524 0
25.79 0.000263431 0 0.00149796 0
25.8 0.000247162 0 0.00150051 0
25.81 0.000230949 0 0.0015029 0
25.82 0.000214795 0 0.00150513 0
25.83 0.000198699 0 0.0015072 0
25.84 0.000182664 0 0.0015091 0
25.85 0.000166691 0 0.00151085 0
25.86 0.000150781 0 0.00151244 0
25.87 0.000134935 0 0.00151386 0
25.88 0.000119154 0 0.00151514 0
25.89 0.000103441 0 0.00151625 0
25.9 8.77955e-05 0 0.0015172 0
25.91 7.22193e-05 0 0.001518 0
25.92 5.67136e-05 0 0.00151865 0
25.93 4.12796e-05 0 0.00151914 0
25.94 2.59184e-05 0 0.00151947 0
25.95 1.06313e-05 0 0.00151966 0
25.96 -4.58066e-06 0 0.00151969 0
25.97 -1.97163e-05 0 0.00151957 0
25.98 -3.47744e-05 0 0.00151929 0
25.99 -4.9754e-05 0 0.00151887 0
26 -6.4654e-05 0 0.0015183 0
26.01 -7.94731e-05 0 0.00151758 0
26.02 -9.42104e-05 0 0.00151671 0
26.03 -0.000108865 0 0.00151569 0
26.04 -0.000123435 0 0.00151453 0
26.05 -0.000137921 0 0.00151323 0
26.06 -0.00015232 0 0.00151177 0
26.07 -0.000166633 0 0.00151018 0
26.08 -0.000180857 0 0.00150844 0
26.09 -0.000194993 0 0.00150656 0
26.1 -0.000209038 0 0.00150454 0
26.11 -0.000222993 0 0.00150238 0
26.12 -0.000236856 0 0.00150008 0
26.13 -0.000250626 0 0.00149765 0
26.14 -0.000264302 0 0.00149507 0
26.15 -0.000277884 0 0.00149236 0
26.16 -0.00029137 0 0.00148951 0
26.17 -0.00030476 0 0.00148653 0
26.18 -0.000318053 0 0.00148342 0
26.19 -0.000331248 0 0.00148017 0
26.2 -0.000344344 0 0.00147679 0
26.21 -0.00035734 0 0.00147329 0
26.22 -0.000370236 0 0.00146965 0
26.23 -0.00038303 0 0.00146588 0
26.24 -0.000395723 0 0.00146199 0
26.25 -0.000408312 0 0.00145797 0
26.26 -0.000420799 0 0.00145382 0
26.27 -0.000433181 0 0.00144955 0
26.28 -0.000445458 0 0.00144516 0
26.29 -0.000457629 0 0.00144064 0
26.3 -0.000469694 0 0.00143601 0
26.31 -0.000481652 0 0.00143125 0
26.32 -0.000493502 0 0.00142637 0
26.33 -0.000505244 0 0.00142138 0
26.34 -0.000516877 0 0.00141627 0
26.35 -0.000528401 0 0.00141104 0
26.36 -0.000539814 0 0.0014057 0
26.37 -0.000551116 0 0.00140025 0
26.38 -0.000562307 0 0.00139468 0
26.39 -0.000573387 0 0.001389 0
26.4 -0.000584353 0 0.00138321 0
26.41 -0.000595207 0 0.00137731 0
26.42 -0.000605947 0 0.00137131 0
26.43 -0.000616574 0 0.0013652 0
26.44 -0.000627085 0 0.00135898 0
26.45 -0.000637482 0 0.00135265 0
26.46 -0.000647763 0 0.00134623 0
26.47 -0.000657929 0 0.0013397 0
26.48 -0.000667978 0 0.00133307 0
26.49 -0.00067791 0 0.00132634 0
26.5 -0.000687726 0 0.00131951 0
26.51 -0.000697423 0 0.00131259 0
26.52 -0.000707003 0 0.00130556 0
26.53 -0.000716464 0 0.00129845 0
26.54 -0.000725807 0 0.00129123 0
26.55 -0.000735031 0 0.00128393 0
26.56 -0.000744135 0 0.00127653 0
26.57 -0.00075312 0 0.00126905 0
26.58 -0.000761985 0 0.00126147 0
26.59 -0.00077073 0 0.00125381 0
26.6 -0.000779354 0 0.00124606 0
26.61 -0.000787857 0 0.00123822 0
26.62 -0.000796239 0 0.0012303 0
26.63 -0.000804501 0 0.0012223 0
26.64 -0.00081264 0 0.00121421 0
26.65 -0.000820658 0 0.00120605 0
26.66 -0.000828555 0 0.0011978 0
26.67 -0.000836329 0 0.00118947 0
26.68 -0.000843981 0 0.00118107 0
26.69 -0.00085151 0 0.0011726 0
26.7 -0.000858918 0 0.00116404 0
26.71 -0.000866202 0 0.00115542 0
26.72 -0.000873364 0 0.00114672 0
26.73 -0.000880403 0 0.00113795 0
26.74 -0.000887319 0 0.00112911 0
26.75 -0.000894112 0 0.0011202 0
26.76 -0.000900782 0 0.00111123 0
26.77 -0.000907329 0 0.00110219 0
26.78 -0.000913752 0 0.00109308 0
26.79 -0.000920053 0 0.00108391 0
26.8 -0.00092623 0 0.00107468 0
26.81 -0.000932284 0 0.00106539 0
26.82 -0.000938215 0 0.00105604 0
26.83 -0.000944023 0 0.00104663 0
26.84 -0.000949707 0 0.00103716 0
26.85 -0.000955269 0 0.00102763 0
26.86 -0.000960707 0 0.00101805 0
26.87 -0.000966023 0 0.00100842 0
26.88 -0.000971215 0 0.000998733 0
26.89 -0.000976285 0 0.000988995 0
26.9 -0.000981233 0 0.000979208 0
26.91 -0.000986057 0 0.000969371 0
26.92 -0.000990759 0 0.000959487 0
26.93 -0.000995339 0 0.000949556 0
26.94 -0.000999797 0 0.00093958 0
26.95 -0.00100413 0 0.000929561 0
26.96 -0.00100835 0 0.000919498 0
26.97 -0.00101244 0 0.000909394 0
26.98 -0.00101641 0 0.00089925 0
26.99 -0.00102026 0 0.000889066 0
27 -0.00102399 0 0.000878845 0
27.01 -0.0010276 0 0.000868587 0
27.02 -0.00103109 0 0.000858293 0
27.03 -0.00103445 0 0.000847966 0
27.04 -0.0010377 0 0.000837605 0
27.05 -0.00104083 0 0.000827212 0
27.06 -0.00104384 0 0.000816789 0
27.07 -0.00104673 0 0.000806336 0
27.08 -0.0010495 0 0.000795855 0
27.09 -0.00105215 0 0.000785346 0
27.1 -0.00105468 0 0.000774812 0
27.11 -0.0010571 0 0.000764253 0
27.12 -0.0010594 0 0.00075367 0
27.13 -0.00106158 0 0.000743065 0
27.14 -0.00106364 0 0.000732439 0
27.15 -0.00106559 0 0.000721793 0
27.16 -0.00106742 0 0.000711128 0
27.17 -0.00106914 0 0.000700445 0
27.18 -0.00107074 0 0.000689746 0
27.19 -0.00107223 0 0.000679031 0
27.2 -0.0010736 0 0.000668301 0
27.21 -0.00107486 0 0.000657559 0
27.22 -0.001076 0 0.000646805 0
27.23 -0.00107703 0 0.000636039 0
27.24 -0.00107795 0 0.000625264 0
27.25 -0.00107876 0 0.000614481 0
27.26 -0.00107945 0 0.00060369 0
27.27 -0.00108004 0 0.000592892 0
27.28 -0.00108051 0 0.000582089 0
27.29 -0.00108087 0 0.000571282 0
27.3 -0.00108113 0 0.000560472 0
27.31 -0.00108127 0 0.00054966 0
27.32 -0.00108131 0 0.000538847 0
27.33 -0.00108124 0 0.000528034 0
27.34 -0.00108106 0 0.000517223 0
27.35 -0.00108077 0 0.000506413 0
27.36 -0.00108038 0 0.000495608 0
27.37 -0.00107988 0 0.000484806 0
27.38 -0.00107928 0 0.00047401 0
27.39 -0.00107857 0 0.000463221 0
27.4 -0.00107775 0 0.000452439 0
27.41 -0.00107684 0 0.000441666 0
27.42 -0.00107582 0 0.000430903 0
27.43 -0.0010747 0 0.00042015 0
27.44 -0.00107348 0 0.000409409 0
27.45 -0.00107215 0 0.000398681 0
27.46 -0.00107073 0 0.000387967 0
27.47 -0.0010692 0 0.000377267 0
27.48 -0.00106758 0 0.000366583 0
27.49 -0.00106586 0 0.000355916 0
27.5 -0.00106404 0 0.000345266 0
27.51 -0.00106213 0 0.000334635 0
27.52 -0.00106011 0 0.000324024 0
27.53 -0.001058 0 0.000313433 0
27.54 -0.0010558 0 0.000302864 0
27.55 -0.0010535 0 0.000292317 0
27.56 -0.00105111 0 0.000281794 0
27.57 -0.00104863 0 0.000271295 0
27.58 -0.00104605 0 0.000260822 0
27.59 -0.00104339 0 0.000250375 0
27.6 -0.00104063 0 0.000239955 0
27.61 -0.00103778 0 0.000229562 0
27.62 -0.00103484 0 0.000219199 0
27.63 -0.00103181 0 0.000208866 0
27.64 -0.0010287 0 0.000198563 0
27.65 -0.0010255 0 0.000188292 0
27.66 -0.00102221 0 0.000178054 0
27.67 -0.00101884 0 0.000167848 0
27.68 -0.00101538 0 0.000157677 0
27.69 -0.00101184 0 0.000147541 0
27.7 -0.00100821 0 0.000137441 0
27.71 -0.00100451 0 0.000127377 0
27.72 -0.00100072 0 0.000117351 0
27.73 -0.000996845 0 0.000107363 0
27.74 -0.000992895 0 9.74141e-05 0
27.75 -0.000988865 0 8.75053e-05 0
27.76 -0.000984756 0 7.76371e-05 0
27.77 -0.00098057 0 6.78104e-05 0
27.78 -0.000976307 0 5.80259e-05 0
27.79 -0.000971968 0 4.82845e-05 0
27.8 -0.000967554 0 3.85868e-05 0
27.81 -0.000963065 0 2.89337e-05 0
27.82 -0.000958502 0 1.93258e-05 0
27.83 -0.000953866 0 9.76389e-06 0
27.84 -0.000949159 0 2.48704e-07 0
27.85 -0.00094438 0 -9.21905e-06 0
27.86 -0.000939531 0 -1.86387e-05 0
27.87 -0.000934612 0 -2.80094e-05 0
27.88 -0.000929625 0 -3.73307e-05 0
27.89 -0.00092457 0 -4.66017e-05 0
27.9 -0.000919447 0 -5.58218e-05 0
27.91 -0.000914259 0 -6.49904e-05 0
27.92 -0.000909005 0 -7.41068e-05 0
27.93 -0.000903687 0 -8.31703e-05 0
27.94 -0.000898305 0 -9.21803e-05 0
27.95 -0.000892861 0 -0.000101136 0
27.96 -0.000887354 0 -0.000110037 0
27.97 -0.000881787 0 -0.000118883 0
27.98 -0.000876159 0 -0.000127673 0
27.99 -0.000870472 0 -0.000136406 0
28 -0.000864726 0 -0.000145082 0
28.01 -0.000858923 0 -0.0001537 0
28.02 -0.000853063 0 -0.00016226 0
28.03 -0.000847148 0 -0.000170761 0
28.04 -0.000841177 0 -0.000179203 0
28.05 -0.000835152 0 -0.000187585 0
28.06 -0.000829074 0 -0.000195906 0
28.07 -0.000822944 0 -0.000204166 0
28.08 -0.000816762 0 -0.000212365 0
28.09 -0.000810529 0 -0.000220501 0
28.1 -0.000804247 0 -0.000228575 0
28.11 -0.000797915 0 -0.000236586 0
28.12 -0.000791536 0 -0.000244533 0
28.13 -0.00078511 0 -0.000252417 0
28.14 -0.000778637 0 -0.000260235 0
28.15 -0.000772119 0 -0.000267989 0
28.16 -0.000765556 0 -0.000275678 0
28.17 -0.00075895 0 -0.0002833 0
28.18 -0.000752301 0 -0.000290856 0
28.19 -0.00074561 0 -0.000298346 0
28.2 -0.000738878 0 -0.000305768 0
28.21 -0.000732106 0 -0.000313123 0
28.22 -0.000725295 0 -0.00032041 0
28.23 -0.000718445 0 -0.000327629 0
28.24 -0.000711558 0 -0.000334779 0
28.25 -0.000704635 0 -0.00034186 0
28.26 -0.000697675 0 -0.000348872 0
28.27 -0.000690681 0 -0.000355814 0
28.28 -0.000683652 0 -0.000362685 0
28.29 -0.000676591 0 -0.000369487 0
28.3 -0.000669497 0 -0.000376217 0
28.31 -0.000662372 0 -0.000382876 0
28.32 -0.000655216 0 -0.000389464 0
28.33 -0.000648031 0 -0.000395981 0
28.34 -0.000640816 0 -0.000402425 0
28.35 -0.000633574 0 -0.000408797 0
28.36 -0.000626305 0 -0.000415096 0
28.37 -0.000619009 0 -0.000421323 0
28.38 -0.000611689 0 -0.000427476 0
28.39 -0.000604343 0 -0.000433557 0
28.4 -0.000596974 0 -0.000439563 0
28.41 -0.000589583 0 -0.000445496 0
28.42 -0.000582169 0 -0.000451355 0
28.43 -0.000574734 0 -0.000457139 0
28.44 -0.000567279 0 -0.000462849 0
28.45 -0.000559805 0 -0.000468485 0
28.46 -0.000552312 0 -0.000474045 0
28.47 -0.000544801 0 -0.000479531 0
28.48 -0.000537273 0 -0.000484941 0
28.49 -0.00052973 0 -0.000490276 0
28.5 -0.000522171 0 -0.000495536 0
28.51 -0.000514597 0 -0.00050072 0
28.52 -0.000507011 0 -0.000505828 0
28.53 -0.000499411 0 -0.00051086 0
28.54 -0.0004918 0 -0.000515816 0
28.55 -0.000484177 0 -0.000520696 0
28.56 -0.000476544 0 -0.000525499 0
28.57 -0.000468902 0 -0.000530227 0
28.58 -0.000461251 0 -0.000534877 0
28.59 -0.000453592 0 -0.000539452 0
28.6 -0.000445926 0 -0.000543949 0
28.61 -0.000438254 0 -0.00054837 0
28.62 -0.000430577 0 -0.000552714 0
28.63 -0.000422894 0 -0.000556982 0
28.64 -0.000415208 0 -0.000561172 0
28.65 -0.000407519 0 -0.000565286 0
28.66 -0.000399828 0 -0.000569323 0
28.67 -0.000392135 0 -0.000573282 0
28.68 -0.000384441 0 -0.000577165 0
28.69 -0.000376747 0 -0.000580971 0
28.7 -0.000369054 0 -0.0005847 0
28.71 -0.000361363 0 -0.000588352 0
28.72 -0.000353674 0 -0.000591928 0
28.73 -0.000345988 0 -0.000595426 0
28.74 -0.000338306 0 -0.000598847 0
28.75 -0.000330628 0 -0.000602192 0
28.76 -0.000322956 0 -0.00060546 0
28.77 -0.000315289 0 -0.000608651 0
28.78 -0.00030763 0 -0.000611766 0
28.79 -0.000299978 0 -0.000614804 0
28.8 -0.000292334 0 -0.000617765 0
28.81 -0.0002847 0 -0.00062065 0
28.82 -0.000277075 0 -0.000623459 0
28.83 -0.00026946 0 -0.000626192 0
28.84 -0.000261856 0 -0.000628849 0
28.85 -0.000254265 0 -0.000631429 0
28.86 -0.000246685 0 -0.000633934 0
28.87 -0.000239119 0 -0.000636363 0
28.88 -0.000231567 0 -0.000638716 0
28.89 -0.00022403 0 -0.000640994 0
28.9 -0.000216507 0 -0.000643197 0
28.91 -0.000209001 0 -0.000645324 0
28.92 -0.000201511 0 -0.000647377 0
28.93 -0.000194038 0 -0.000649355 0
28.94 -0.000186584 0 -0.000651258 0
28.95 -0.000179148 0 -0.000653086 0
28.96 -0.000171731 0 -0.000654841 0
28.97 -0.000164334 0 -0.000656521 0
28.98 -0.000156957 0 -0.000658128 0
28.99 -0.000149602 0 -0.00065966 0
29 -0.000142268 0 -0.00066112 0
29.01 -0.000134957 0 -0.000662506 0
29.02 -0.000127669 0 -0.000663819 0
29.03 -0.000120404 0 -0.000665059 0
29.04 -0.000113164 0 -0.000666227 0
29.05 -0.000105948 0 -0.000667323 0
29.06 -9.8758e-05 0 -0.000668346 0
29.07 -9.15938e-05 0 -0.000669298 0
29.08 -8.44563e-05 0 -0.000670178 0
29.09 -7.73459e-05 0 -0.000670987 0
29.1 -7.02632e-05 0 -0.000671725 0
29.11 -6.32089e-05 0 -0.000672392 0
29.12 -5.61835e-05 0 -0.000672989 0
29.13 -4.91875e-05 0 -0.000673516 0
29.14 -4.22215e-05 0 -0.000673973 0
29.15 -3.5286e-05 0 -0.000674361 0
29.16 -2.83816e-05 0 -0.000674679 0
29.17 -2.15088e-05 0 -0.000674928 0
29.18 -1.46681e-05 0 -0.000675109 0
29.19 -7.86008e-06 0 -0.000675222 0
29.2 -1.08523e-06 0 -0.000675267 0
29.21 5.65594e-06 0 -0.000675244 0
29.22 1.23629e-05 0 -0.000675154 0
29.23 1.90352e-05 0 -0.000674997 0
29.24 2.56723e-05 0 -0.000674773 0
29.25 3.22738e-05 0 -0.000674483 0
29.26 3.88391e-05 0 -0.000674128 0
29.27 4.53678e-05 0 -0.000673707 0
29.28 5.18594e-05 0 -0.00067322 0
29.29 5.83135e-05 0 -0.00067267 0
29.3 6.47295e-05 0 -0.000672054 0
29.31 7.11071e-05 0 -0.000671375 0
29.32 7.74458e-05 0 -0.000670632 0
29.33 8.37451e-05 0 -0.000669826 0
29.34 9.00047e-05 0 -0.000668958 0
29.35 9.62241e-05 0 -0.000668026 0
29.36 0.000102403 0 -0.000667033 0
29.37 0.000108541 0 -0.000665978 0
29.38 0.000114637 0 -0.000664863 0
29.39 0.000120691 0 -0.000663686 0
29.4 0.000126704 0 -0.000662449 0
29.41 0.000132673 0 -0.000661152 0
29.42 0.0001386 0 -0.000659796 0
29.43 0.000144483 0 -0.00065838 0
29.44 0.000150322 0 -0.000656906 0
29.45 0.000156118 0 -0.000655374 0
29.46 0.000161869 0 -0.000653784 0
29.47 0.000167575 0 -0.000652137 0
29.48 0.000173235 0 -0.000650432 0
29.49 0.000178851 0 -0.000648672 0
29.5 0.00018442 0 -0.000646856 0
29.51 0.000189944 0 -0.000644984 0
29.52 0.00019542 0 -0.000643057 0
29.53 0.00020085 0 -0.000641075 0
29.54 0.000206233 0 -0.00063904 0
29.55 0.000211569 0 -0.000636951 0
29.56 0.000216857 0 -0.000634809 0
29.57 0.000222096 0 -0.000632614 0
29.58 0.000227288 0 -0.000630367 0
29.59 0.000232431 0 -0.000628068 0
29.6 0.000237525 0 -0.000625719 0
29.61 0.00024257 0 -0.000623318 0
29.62 0.000247565 0 -0.000620867 0
29.63 0.000252511 0 -0.000618367 0
29.64 0.000257407 0 -0.000615817 0
29.65 0.000262254 0 -0.000613219 0
29.66 0.000267049 0 -0.000610572 0
29.67 0.000271794 0 -0.000607878 0
29.68 0.000276489 0 -0.000605137 0
29.69 0.000281132 0 -0.000602349 0
29.7 0.000285724 0 -0.000599514 0
29.71 0.000290265 0 -0.000596634 0
29.72 0.000294754 0 -0.000593709 0
29.73 0.000299192 0 -0.000590739 0
29.74 0.000303577 0 -0.000587725 0
29.75 0.00030791 0 -0.000584668 0
29.76 0.000312191 0 -0.000581567 0
29.77 0.00031642 0 -0.000578424 0
29.78 0.000320596 0 -0.000575239 0
29.79 0.000324719 0 -0.000572013 0
29.8 0.000328789 0 -0.000568745 0
29.81 0.000332806 0 -0.000565437 0
29.82 0.000336769 0 -0.000562089 0
29.83 0.00034068 0 -0.000558702 0
29.84 0.000344536 0 -0.000555276 0
29.85 0.00034834 0 -0.000551811 0
29.86 0.000352089 0 -0.000548309 0
29.87 0.000355785 0 -0.00054477 0
29.88 0.000359427 0 -0.000541193 0
29.89 0.000363015 0 -0.000537581 0
29.9 0.000366548 0 -0.000533933 0
29.91 0.000370028 0 -0.00053025 0
29.92 0.000373453 0 -0.000526533 0
29.93 0.000376824 0 -0.000522782 0
29.94 0.00038014 0 -0.000518997 0
29.95 0.000383402 0 -0.000515179 0
29.96 0.00038661 0 -0.000511329 0
29.97 0.000389763 0 -0.000507447 0
29.98 0.000392861 0 -0.000503534 0
29.99 0.000395905 0 -0.00049959 0
30 0.000398894 0 -0.000495616 0
30.01 0.000401828 0 -0.000491612 0
30.02 0.000404708 0 -0.000487579 0
30.03 0.000407533 0 -0.000483518 0
30.04 0.000410303 0 -0.000479429 0
30.05 0.000413018 0 -0.000475312 0
30.06 0.000415679 0 -0.000471169 0
30.07 0.000418285 0 -0.000466999 0
30.08 0.000420836 0 -0.000462803 0
30.09 0.000423333 0 -0.000458582 0
30.1 0.000425774 0 -0.000454337 0
30.11 0.000428162 0 -0.000450067 0
30.12 0.000430494 0 -0.000445774 0
30.13 0.000432772 0 -0.000441457 0
30.14 0.000434996 0 -0.000437119 0
30.15 0.000437165 0 -0.000432758 0
30.16 0.000439279 0 -0.000428375 0
30.17 0.000441339 0 -0.000423972 0
30.18 0.000443345 0 -0.000419549 0
30.19 0.000445297 0 -0.000415106 0
30.2 0.000447194 0 -0.000410643 0
30.21 0.000449038 0 -0.000406162 0
30.22 0.000450827 0 -0.000401662 0
30.23 0.000452563 0 -0.000397145 0
30.24 0.000454245 0 -0.000392611 0
30.25 0.000455873 0 -0.000388061 0
30.26 0.000457447 0 -0.000383494 0
30.27 0.000458968 0 -0.000378912 0
30.28 0.000460436 0 -0.000374315 0
30.29 0.00046185 0 -0.000369703 0
30.3 0.000463211 0 -0.000365078 0
30.31 0.00046452 0 -0.000360439 0
30.32 0.000465775 0 -0.000355788 0
30.33 0.000466978 0 -0.000351124 0
30.34 0.000468128 0 -0.000346449 0
30.35 0.000469225 0 -0.000341762 0
30.36 0.000470271 0 -0.000337064 0
30.37 0.000471264 0 -0.000332356 0
30.38 0.000472205 0 -0.000327639 0
30.39 0.000473095 0 -0.000322913 0
30.4 0.000473933 0 -0.000318177 0
30.41 0.000474719 0 -0.000313434 0
30.42 0.000475454 0 -0.000308683 0
30.43 0.000476138 0 -0.000303925 0
30.44 0.000476771 0 -0.000299161 0
30.45 0.000477354 0 -0.00029439 0
30.46 0.000477886 0 -0.000289614 0
30.47 0.000478367 0 -0.000284832 0
30.48 0.000478799 0 -0.000280047 0
30.49 0.00047918 0 -0.000275257 0
30.5 0.000479512 0 -0.000270463 0
30.51 0.000479794 0 -0.000265666 0
30.52 0.000480028 0 -0.000260867 0
30.53 0.000480212 0 -0.000256066 0
30.54 0.000480347 0 -0.000251263 0
30.55 0.000480433 0 -0.000246459 0
30.56 0.000480472 0 -0.000241655 0
30.57 0.000480462 0 -0.00023685 0
30.58 0.000480404 0 -0.000232046 0
30.59 0.000480299 0 -0.000227242 0
30.6 0.000480146 0 -0.00022244 0
30.61 0.000479946 0 -0.000217639 0
30.62 0.0004797 0 -0.000212841 0
30.63 0.000479406 0 -0.000208046 0
30.64 0.000479067 0 -0.000203253 0
30.65 0.000478681 0 -0.000198464 0
30.66 0.000478249 0 -0.00019368 0
30.67 0.000477772 0 -0.0001889 0
30.68 0.000477249 0 -0.000184124 0
30.69 0.000476682 0 -0.000179355 0
30.7 0.00047607 0 -0.000174591 0
30.71 0.000475413 0 -0.000169833 0
30.72 0.000474712 0 -0.000165083 0
30.73 0.000473968 0 -0.000160339 0
30.74 0.00047318 0 -0.000155604 0
30.75 0.000472348 0 -0.000150876 0
30.76 0.000471474 0 -0.000146157 0
30.77 0.000470557 0 -0.000141447 0
30.78 0.000469597 0 -0.000136746 0
30.79 0.000468596 0 -0.000132055 0
30.8 0.000467552 0 -0.000127374 0
30.81 0.000466468 0 -0.000122704 0
30.82 0.000465342 0 -0.000118045 0
30.83 0.000464175 0 -0.000113397 0
30.84 0.000462968 0 -0.000108761 0
30.85 0.000461721 0 -0.000104138 0
30.86 0.000460434 0 -9.95271e-05 0
30.87 0.000459107 0 -9.49293e-05 0
30.88 0.000457742 0 -9.03451e-05 0
30.89 0.000456337 0 -8.57746e-05 0
30.9 0.000454894 0 -8.12185e-05 0
30.91 0.000453412 0 -7.66769e-05 0
30.92 0.000451893 0 -7.21503e-05 0
30.93 0.000450337 0 -6.76391e-05 0
30.94 0.000448743 0 -6.31437e-05 0
30.95 0.000447112 0 -5.86644e-05 0
30.96 0.000445445 0 -5.42016e-05 0
30.97 0.000443742 0 -4.97556e-05 0
30.98 0.000442003 0 -4.53269e-05 0
30.99 0.000440229 0 -4.09157e-05 0
31 0.000438419 0 -3.65224e-05 0
31.01 0.000436575 0 -3.21474e-05 0
31.02 0.000434696 0 -2.7791e-05 0
31.03 0.000432784 0 -2.34536e-05 0
31.04 0.000430838 0 -1.91355e-05 0
31.05 0.000428858 0 -1.4837e-05 0
31.06 0.000426846 0 -1.05584e-05 0
31.07 0.000424801 0 -6.30015e-06 0
31.08 0.000422724 0 -2.0625e-06 0
31.09 0.000420615 0 2.15423e-06 0
31.1 0.000418475 0 6.3497e-06 0
31.11 0.000416304 0 1.05236e-05 0
31.12 0.000414102 0 1.46757e-05 0
31.13 0.000411869 0 1.88056e-05 0
31.14 0.000409607 0 2.2913e-05 0
31.15 0.000407315 0 2.69976e-05 0
31.16 0.000404994 0 3.10592e-05 0
31.17 0.000402644 0 3.50974e-05 0
31.18 0.000400266 0 3.9112e-05 0
31.19 0.000397859 0 4.31026e-05 0
31.2 0.000395425 0 4.7069e-05 0
31.21 0.000392964 0 5.1011e-05 0
31.22 0.000390476 0 5.49282e-05 0
31.23 0.000387961 0 5.88204e-05 0
31.24 0.00038542 0 6.26874e-05 0
31.25 0.000382853 0 6.65287e-05 0
31.26 0.000380261 0 7.03443e-05 0
31.27 0.000377643 0 7.41339e-05 0
31.28 0.000375002 0 7.78971e-05 0
31.29 0.000372336 0 8.16338e-05 0
31.3 0.000369646 0 8.53438e-05 0
31.31 0.000366932 0 8.90267e-05 0
31.32 0.000364196 0 9.26823e-05 0
31.33 0.000361437 0 9.63105e-05 0
31.34 0.000358656 0 9.9911e-05 0
31.35 0.000355852 0 0.000103484 0
31.36 0.000353028 0 0.000107028 0
31.37 0.000350182 0 0.000110544 0
31.38 0.000347315 0 0.000114032 0
31.39 0.000344428 0 0.00011749 0
31.4 0.000341521 0 0.00012092 0
31.41 0.000338594 0 0.000124321 0
31.42 0.000335649 0 0.000127692 0
31.43 0.000332684 0 0.000131034 0
31.44 0.000329701 0 0.000134345 0
31.45 0.0003267 0 0.000137627 0
31.46 0.000323682 0 0.000140879 0
31.47 0.000320646 0 0.000144101 0
31.48 0.000317594 0 0.000147292 0
31.49 0.000314525 0 0.000150453 0
31.5 0.000311439 0 0.000153583 0
31.51 0.000308339 0 0.000156682 0
31.52 0.000305223 0 0.000159749 0
31.53 0.000302092 0 0.000162786 0
31.54 0.000298946 0 0.000165791 0
31.55 0.000295786 0 0.000168765 0
31.56 0.000292613 0 0.000171707 0
31.57 0.000289426 0 0.000174617 0
31.58 0.000286227 0 0.000177495 0
31.59 0.000283014 0 0.000180342 0
31.6 0.00027979 0 0.000183156 0
31.61 0.000276553 0 0.000185937 0
31.62 0.000273306 0 0.000188687 0
31.63 0.000270047 0 0.000191403 0
31.64 0.000266777 0 0.000194088 0
31.65 0.000263497 0 0.000196739 0
31.66 0.000260207 0 0.000199357 0
31.67 0.000256908 0 0.000201943 0
31.68 0.0002536 0 0.000204496 0
31.69 0.000250282 0 0.000207015 0
31.7 0.000246957 0 0.000209501 0
31.71 0.000243623 0 0.000211954 0
31.72 0.000240281 0 0.000214374 0
31.73 0.000236933 0 0.00021676 0
31.74 0.000233577 0 0.000219112 0
31.75 0.000230215 0 0.000221431 0
31.76 0.000226846 0 0.000223717 0
31.77 0.000223472 0 0.000225968 0
31.78 0.000220092 0 0.000228186 0
31.79 0.000216708 0 0.00023037 0
31.8 0.000213318 0 0.00023252 0
31.81 0.000209924 0 0.000234636 0
31.82 0.000206526 0 0.000236719 0
31.83 0.000203125 0 0.000238767 0
31.84 0.00019972 0 0.000240781 0
31.85 0.000196312 0 0.000242761 0
31.86 0.000192902 0 0.000244707 0
31.87 0.000189489 0 0.000246619 0
31.88 0.000186074 0 0.000248497 0
31.89 0.000182658 0 0.000250341 0
31.9 0.000179241 0 0.00025215 0
31.91 0.000175823 0 0.000253926 0
31.92 0.000172405 0 0.000255667 0
31.93 0.000168986 0 0.000257374 0
31.94 0.000165567 0 0.000259046 0
31.95 0.000162149 0 0.000260685 0
31.96 0.000158732 0 0.000262289 0
31.97 0.000155316 0 0.00026386 0
31.98 0.000151902 0 0.000265396 0
31.99 0.000148489 0 0.000266898 0
32 0.000145079 0 0.000268366 0
32.01 0.000141671 0 0.000269799 0
32.02 0.000138267 0 0.000271199 0
32.03 0.000134865 0 0.000272565 0
32.04 0.000131467 0 0.000273896 0
32.05 0.000128072 0 0.000275194 0
32.06 0.000124682 0 0.000276458 0
32.07 0.000121297 0 0.000277688 0
32.08 0.000117916 0 0.000278884 0
32.09 0.00011454 0 0.000280046 0
32.1 0.000111169 0 0.000281175 0
32.11 0.000107805 0 0.000282269 0
32.12 0.000104446 0 0.000283331 0
32.13 0.000101094 0 0.000284358 0
32.14 9.77481e-05 0 0.000285353 0
32.15 9.44094e-05 0 0.000286313 0
32.16 9.10779e-05 0 0.000287241 0
32.17 8.77539e-05 0 0.000288135 0
32.18 8.44377e-05 0 0.000288996 0
32.19 8.11297e-05 0 0.000289824 0
32.2 7.78301e-05 0 0.000290618 0
32.21 7.45391e-05 0 0.00029138 0
32.22 7.12572e-05 0 0.000292109 0
32.23 6.79845e-05 0 0.000292805 0
32.24 6.47213e-05 0 0.000293469 0
32.25 6.14679e-05 0 0.0002941 0
32.26 5.82247e-05 0 0.000294698 0
32.27 5.49918e-05 0 0.000295264 0
32.28 5.17696e-05 0 0.000295798 0
32.29 4.85583e-05 0 0.0002963 0
32.3 4.53581e-05 0 0.000296769 0
32.31 4.21694e-05 0 0.000297207 0
32.32 3.89923e-05 0 0.000297613 0
32.33 3.58273e-05 0 0.000297987 0
32.34 3.26744e-05 0 0.000298329 0
32.35 2.9534e-05 0 0.000298641 0
32.36 2.64063e-05 0 0.00029892 0
32.37 2.32916e-05 0 0.000299169 0
32.38 2.01901e-05 0 0.000299386 0
32.39 1.71021e-05 0 0.000299573 0
32.4 1.40277e-05 0 0.000299728 0
32.41 1.09673e-05 0 0.000299853 0
32.42 7.92109e-06 0 0.000299948 0
32.43 4.88925e-06 0 0.000300012 0
32.44 1.87204e-06 0 0.000300045 0
32.45 -1.1303e-06 0 0.000300049 0
32.46 -4.11756e-06 0 0.000300023 0
32.47 -7.08951e-06 0 0.000299967 0
32.48 -1.00459e-05 0 0.000299881 0
32.49 -1.29866e-05 0 0.000299766 0
32.5 -1.59113e-05 0 0.000299621 0
32.51 -1.88198e-05 0 0.000299448 0
32.52 -2.1712e-05 0 0.000299245 0
32.53 -2.45876e-05 0 0.000299014 0
32.54 -2.74463e-05 0 0.000298753 0
32.55 -3.02881e-05 0 0.000298465 0
32.56 -3.31127e-05 0 0.000298148 0
32.57 -3.59199e-05 0 0.000297803 0
32.58 -3.87095e-05 0 0.000297429 0
32.59 -4.14813e-05 0 0.000297028 0
32.6 -4.42352e-05 0 0.0002966 0
32.61 -4.69709e-05 0 0.000296144 0
32.62 -4.96883e-05 0 0.00029566 0
32.63 -5.23871e-05 0 0.00029515 0
32.64 -5.50673e-05 0 0.000294613 0
32.65 -5.77287e-05 0 0.000294049 0
32.66 -6.0371e-05 0 0.000293458 0
32.67 -6.29941e-05 0 0.000292841 0
32.68 -6.55978e-05 0 0.000292198 0
32.69 -6.8182e-05 0 0.000291529 0
32.7 -7.07465e-05 0 0.000290835 0
32.71 -7.32912e-05 0 0.000290115 0
32.72 -7.58158e-05 0 0.000289369 0
32.73 -7.83203e-05 0 0.000288598 0
32.74 -8.08046e-05 0 0.000287803 0
32.75 -8.32683e-05 0 0.000286982 0
32.76 -8.57115e-05 0 0.000286137 0
32.77 -8.81339e-05 0 0.000285268 0
32.78 -9.05355e-05 0 0.000284375 0
32.79 -9.2916e-05 0 0.000283458 0
32.8 -9.52754e-05 0 0.000282517 0
32.81 -9.76135e-05 0 0.000281552 0
32.82 -9.99303e-05 0 0.000280564 0
32.83 -0.000102225 0 0.000279554 0
32.84 -0.000104499 0 0.00027852 0
32.85 -0.000106751 0 0.000277464 0
32.86 -0.000108981 0 0.000276385 0
32.87 -0.000111189 0 0.000275284 0
32.88 -0.000113375 0 0.000274161 0
32.89 -0.000115538 0 0.000273017 0
32.9 -0.000117679 0 0.000271851 0
32.91 -0.000119798 0 0.000270663 0
32.92 -0.000121895 0 0.000269455 0
32.93 -0.000123968 0 0.000268225 0
32.94 -0.000126019 0 0.000266975 0
32.95 -0.000128048 0 0.000265705 0
32.96 -0.000130053 0 0.000264415 0
32.97 -0.000132035 0 0.000263104 0
32.98 -0.000133995 0 0.000261774 0
32.99 -0.000135931 0 0.000260424 0
33 -0.000137844 0 0.000259055 0
33.01 -0.000139734 0 0.000257667 0
33.02 -0.0001416 0 0.000256261 0
33.03 -0.000143443 0 0.000254836 0
33.04 -0.000145262 0 0.000253392 0
33.05 -0.000147058 0 0.00025193 0
33.06 -0.00014883 0 0.000250451 0
33.07 -0.000150579 0 0.000248954 0
33.08 -0.000152303 0 0.000247439 0
33.09 -0.000154004 0 0.000245908 0
33.1 -0.000155682 0 0.000244359 0
33.11 -0.000157335 0 0.000242794 0
33.12 -0.000158964 0 0.000241213 0
33.13 -0.000160569 0 0.000239615 0
33.14 -0.000162151 0 0.000238002 0
33.15 -0.000163708 0 0.000236372 0
33.16 -0.000165241 0 0.000234727 0
33.17 -0.00016675 0 0.000233067 0
33.18 -0.000168235 0 0.000231393 0
33.19 -0.000169696 0 0.000229703 0
33.2 -0.000171132 0 0.000227999 0
33.21 -0.000172544 0 0.00022628 0
33.22 -0.000173932 0 0.000224548 0
33.23 -0.000175296 0 0.000222802 0
33.24 -0.000176635 0 0.000221042 0
33.25 -0.00017795 0 0.000219269 0
33.26 -0.000179241 0 0.000217483 0
33.27 -0.000180508 0 0.000215684 0
33.28 -0.00018175 0 0.000213873 0
33.29 -0.000182967 0 0.000212049 0
33.3 -0.000184161 0 0.000210214 0
33.31 -0.00018533 0 0.000208366 0
33.32 -0.000186475 0 0.000206507 0
33.33 -0.000187596 0 0.000204637 0
33.34 -0.000188692 0 0.000202755 0
33.35 -0.000189764 0 0.000200863 0
33.36 -0.000190811 0 0.00019896 0
33.37 -0.000191835 0 0.000197047 0
33.38 -0.000192834 0 0.000195124 0
33.39 -0.000193809 0 0.00019319 0
33.4 -0.00019476 0 0.000191248 0
33.41 -0.000195686 0 0.000189295 0
33.42 -0.000196589 0 0.000187334 0
33.43 -0.000197467 0 0.000185364 0
33.44 -0.000198321 0 0.000183385 0
33.45 -0.000199152 0 0.000181397 0
33.46 -0.000199958 0 0.000179402 0
33.47 -0.00020074 0 0.000177398 0
33.48 -0.000201498 0 0.000175387 0
33.49 -0.000202233 0 0.000173368 0
33.5 -0.000202943 0 0.000171342 0
33.51 -0.00020363 0 0.000169309 0
33.52 -0.000204293 0 0.00016727 0
33.53 -0.000204933 0 0.000165224 0
33.54 -0.000205549 0 0.000163171 0
33.55 -0.000206141 0 0.000161113 0
33.56 -0.000206709 0 0.000159049 0
33.57 -0.000207255 0 0.000156979 0
33.58 -0.000207776 0 0.000154903 0
33.59 -0.000208275 0 0.000152823 0
33.6 -0.00020875 0 0.000150738 0
33.61 -0.000209202 0 0.000148648 0
33.62 -0.000209631 0 0.000146554 0
33.63 -0.000210037 0 0.000144456 0
33.64 -0.00021042 0 0.000142353 0
33.65 -0.00021078 0 0.000140247 0
33.66 -0.000211117 0 0.000138138 0
33.67 -0.000211432 0 0.000136025 0
33.68 -0.000211723 0 0.000133909 0
33.69 -0.000211993 0 0.000131791 0
33.7 -0.000212239 0 0.00012967 0
33.71 -0.000212464 0 0.000127546 0
33.72 -0.000212666 0 0.00012542 0
33.73 -0.000212845 0 0.000123293 0
33.74 -0.000213003 0 0.000121164 0
33.75 -0.000213139 0 0.000119033 0
33.76 -0.000213252 0 0.000116901 0
33.77 -0.000213344 0 0.000114768 0
33.78 -0.000213414 0 0.000112634 0
33.79 -0.000213463 0 0.0001105 0
33.8 -0.00021349 0 0.000108365 0
33.81 -0.000213495 0 0.00010623 0
33.82 -0.000213479 0 0.000104095 0
33.83 -0.000213442 0 0.00010196 0
33.84 -0.000213384 0 9.98263e-05 0
33.85 -0.000213305 0 9.76928e-05 0
33.86 -0.000213205 0 9.55602e-05 0
33.87 -0.000213084 0 9.34288e-05 0
33.88 -0.000212943 0 9.12986e-05 0
33.89 -0.000212781 0 8.917e-05 0
33.9 -0.000212598 0 8.70431e-05 0
33.91 -0.000212396 0 8.49181e-05 0
33.92 -0.000212173 0 8.27952e-05 0
33.93 -0.00021193 0 8.06747e-05 0
33.94 -0.000211667 0 7.85567e-05 0
33.95 -0.000211384 0 7.64414e-05 0
33.96 -0.000211082 0 7.43291e-05 0
33.97 -0.00021076 0 7.22198e-05 0
33.98 -0.000210419 0 7.01139e-05 0
33.99 -0.000210058 0 6.80115e-05 0
34 -0.000209679 0 6.59128e-05 0
34.01 -0.00020928 0 6.3818e-05 0
34.02 -0.000208862 0 6.17273e-05 0
34.03 -0.000208426 0 5.96408e-05 0
34.04 -0.000207971 0 5.75588e-05 0
34.05 -0.000207497 0 5.54815e-05 0
34.06 -0.000207006 0 5.34089e-05 0
34.07 -0.000206496 0 5.13414e-05 0
34.08 -0.000205967 0 4.92791e-05 0
34.09 -0.000205421 0 4.72221e-05 0
34.1 -0.000204858 0 4.51707e-05 0
34.11 -0.000204276 0 4.3125e-05 0
34.12 -0.000203678 0 4.10852e-05 0
34.13 -0.000203061 0 3.90515e-05 0
34.14 -0.000202428 0 3.70241e-05 0
34.15 -0.000201778 0 3.5003e-05 0
34.16 -0.00020111 0 3.29886e-05 0
34.17 -0.000200426 0 3.09809e-05 0
34.18 -0.000199726 0 2.89801e-05 0
34.19 -0.000199009 0 2.69864e-05 0
34.2 -0.000198275 0 2.5e-05 0
34.21 -0.000197526 0 2.3021e-05 0
34.22 -0.000196761 0 2.10495e-05 0
34.23 -0.000195979 0 1.90858e-05 0
34.24 -0.000195183 0 1.713e-05 0
34.25 -0.00019437 0 1.51822e-05 0
34.26 -0.000193543 0 1.32426e-05 0
34.27 -0.0001927 0 1.13114e-05 0
34.28 -0.000191842 0 9.38868e-06 0
34.29 -0.000190969 0 7.47462e-06 0
34.3 -0.000190082 0 5.56935e-06 0
34.31 -0.00018918 0 3.67303e-06 0
34.32 -0.000188263 0 1.7858e-06 0
34.33 -0.000187333 0 -9.21933e-08 0
34.34 -0.000186388 0 -1.96081e-06 0
34.35 -0.00018543 0 -3.81991e-06 0
34.36 -0.000184458 0 -5.66936e-06 0
34.37 -0.000183472 0 -7.50902e-06 0
34.38 -0.000182473 0 -9.33876e-06 0
34.39 -0.000181461 0 -1.11584e-05 0
34.4 -0.000180435 0 -1.29679e-05 0
34.41 -0.000179397 0 -1.47671e-05 0
34.42 -0.000178346 0 -1.65558e-05 0
34.43 -0.000177282 0 -1.8334e-05 0
34.44 -0.000176206 0 -2.01014e-05 0
34.45 -0.000175118 0 -2.18581e-05 0
34.46 -0.000174018 0 -2.36038e-05 0
34.47 -0.000172906 0 -2.53384e-05 0
34.48 -0.000171782 0 -2.70618e-05 0
34.49 -0.000170647 0 -2.8774e-05 0
34.5 -0.0001695 0 -3.04747e-05 0
34.51 -0.000168343 0 -3.2164e-05 0
34.52 -0.000167174 0 -3.38416e-05 0
34.53 -0.000165994 0 -3.55074e-05 0
34.54 -0.000164804 0 -3.71614e-05 0
34.55 -0.000163603 0 -3.88034e-05 0
34.56 -0.000162392 0 -4.04334e-05 0
34.57 -0.00016117 0 -4.20512e-05 0
34.58 -0.000159939 0 -4.36568e-05 0
34.59 -0.000158698 0 -4.525e-05 0
34.6 -0.000157447 0 -4.68307e-05 0
34.61 -0.000156187 0 -4.83989e-05 0
34.62 -0.000154917 0 -4.99544e-05 0
34.63 -0.000153639 0 -5.14972e-05 0
34.64 -0.000152351 0 -5.30272e-05 0
34.65 -0.000151055 0 -5.45442e-05 0
34.66 -0.00014975 0 -5.60482e-05 0
34.67 -0.000148436 0 -5.75392e-05 0
34.68 -0.000147115 0 -5.90169e-05 0
34.69 -0.000145785 0 -6.04815e-05 0
34.7 -0.000144447 0 -6.19326e-05 0
34.71 -0.000143102 0 -6.33704e-05 0
34.72 -0.000141749 0 -6.47946e-05 0
34.73 -0.000140389 0 -6.62053e-05 0
34.74 -0.000139021 0 -6.76024e-05 0
34.75 -0.000137646 0 -6.89857e-05 0
34.76 -0.000136265 0 -7.03553e-05 0
34.77 -0.000134877 0 -7.1711e-05 0
34.78 -0.000133482 0 -7.30528e-05 0
34.79 -0.000132081 0 -7.43806e-05 0
34.8 -0.000130674 0 -7.56944e-05 0
34.81 -0.00012926 0 -7.69941e-05 0
34.82 -0.000127841 0 -7.82796e-05 0
34.83 -0.000126416 0 -7.95509e-05 0
34.84 -0.000124986 0 -8.08079e-05 0
34.85 -0.00012355 0 -8.20506e-05 0
34.86 -0.00012211 0 -8.32789e-05 0
34.87 -0.000120664 0 -8.44927e-05 0
34.88 -0.000119213 0 -8.56921e-05 0
34.89 -0.000117758 0 -8.6877e-05 0
34.9 -0.000116298 0 -8.80473e-05 0
34.91 -0.000114834 0 -8.92029e-05 0
34.92 -0.000113366 0 -9.03439e-05 0
34.93 -0.000111893 0 -9.14702e-05 0
34.94 -0.000110417 0 -9.25818e-05 0
34.95 -0.000108938 0 -9.36786e-05 0
34.96 -0.000107454 0 -9.47605e-05 0
34.97 -0.000105968 0 -9.58276e-05 0
34.98 -0.000104478 0 -9.68799e-05 0
34.99 -0.000102986 0 -9.79172e-05 0
35 -0.00010149 0 -9.89396e-05 0
35.01 -9.9992e-05 0 -9.9947e-05 0
35.02 -9.84914e-05 0 -0.000100939 0
35.03 -9.69884e-05 0 -0.000101917 0
35.04 -9.54832e-05 0 -0.000102879 0
35.05 -9.3976e-05 0 -0.000103826 0
35.06 -9.2467e-05 0 -0.000104759 0
35.07 -9.09562e-05 0 -0.000105676 0
35.08 -8.94439e-05 0 -0.000106578 0
35.09 -8.79303e-05 0 -0.000107465 0
35.1 -8.64154e-05 0 -0.000108336 0
35.11 -8.48994e-05 0 -0.000109193 0
35.12 -8.33826e-05 0 -0.000110034 0
35.13 -8.1865e-05 0 -0.000110861 0
35.14 -8.03468e-05 0 -0.000111672 0
35.15 -7.88281e-05 0 -0.000112468 0
35.16 -7.73092e-05 0 -0.000113248 0
35.17 -7.57901e-05 0 -0.000114014 0
35.18 -7.42711e-05 0 -0.000114764 0
35.19 -7.27522e-05 0 -0.000115499 0
35.2 -7.12336e-05 0 -0.000116219 0
35.21 -6.97155e-05 0 -0.000116924 0
35.22 -6.8198e-05 0 -0.000117613 0
35.23 -6.66813e-05 0 -0.000118288 0
35.24 -6.51655e-05 0 -0.000118947 0
35.25 -6.36508e-05 0 -0.000119591 0
35.26 -6.21372e-05 0 -0.00012022 0
35.27 -6.0625e-05 0 -0.000120834 0
35.28 -5.91143e-05 0 -0.000121433 0
35.29 -5.76053e-05 0 -0.000122016 0
35.3 -5.6098e-05 0 -0.000122585 0
35.31 -5.45927e-05 0 -0.000123138 0
35.32 -5.30894e-05 0 -0.000123677 0
35.33 -5.15883e-05 0 -0.0001242 0
35.34 -5.00895e-05 0 -0.000124708 0
35.35 -4.85933e-05 0 -0.000125202 0
35.36 -4.70996e-05 0 -0.00012568 0
35.37 -4.56087e-05 0 -0.000126144 0
35.38 -4.41207e-05 0 -0.000126592 0
35.39 -4.26357e-05 0 -0.000127026 0
35.4 -4.11539e-05 0 -0.000127445 0
35.41 -3.96753e-05 0 -0.000127849 0
35.42 -3.82002e-05 0 -0.000128239 0
35.43 -3.67286e-05 0 -0.000128613 0
35.44 -3.52607e-05 0 -0.000128973 0
35.45 -3.37966e-05 0 -0.000129318 0
35.46 -3.23364e-05 0 -0.000129649 0
35.47 -3.08802e-05 0 -0.000129965 0
35.48 -2.94283e-05 0 -0.000130267 0
35.49 -2.79807e-05 0 -0.000130554 0
35.5 -2.65375e-05 0 -0.000130826 0
35.51 -2.50988e-05 0 -0.000131085 0
35.52 -2.36648e-05 0 -0.000131328 0
35.53 -2.22356e-05 0 -0.000131558 0
35.54 -2.08114e-05 0 -0.000131773 0
35.55 -1.93921e-05 0 -0.000131974 0
35.56 -1.7978e-05 0 -0.000132161 0
35.57 -1.65691e-05 0 -0.000132334 0
35.58 -1.51657e-05 0 -0.000132492 0
35.59 -1.37677e-05 0 -0.000132637 0
35.6 -1.23753e-05 0 -0.000132768 0
35.61 -1.09886e-05 0 -0.000132885 0
35.62 -9.60774e-06 0 -0.000132988 0
35.63 -8.23281e-06 0 -0.000133077 0
35.64 -6.86391e-06 0 -0.000133152 0
35.65 -5.50116e-06 0 -0.000133214 0
35.66 -4.14465e-06 0 -0.000133262 0
35.67 -2.7945e-06 0 -0.000133297 0
35.68 -1.4508e-06 0 -0.000133318 0
35.69 -1.13665e-07 0 -0.000133326 0
35.7 1.21682e-06 0 -0.00013332 0
35.71 2.54054e-06 0 -0.000133302 0
35.72 3.85741e-06 0 -0.00013327 0
35.73 5.16733e-06 0 -0.000133225 0
35.74 6.4702e-06 0 -0.000133166 0
35.75 7.76592e-06 0 -0.000133095 0
35.76 9.05441e-06 0 -0.000133011 0
35.77 1.03356e-05 0 -0.000132914 0
35.78 1.16093e-05 0 -0.000132804 0
35.79 1.28755e-05 0 -0.000132682 0
35.8 1.41342e-05 0 -0.000132547 0
35.81 1.53851e-05 0 -0.000132399 0
35.82 1.66283e-05 0 -0.000132239 0
35.83 1.78636e-05 0 -0.000132067 0
35.84 1.90909e-05 0 -0.000131882 0
35.85 2.03103e-05 0 -0.000131685 0
35.86 2.15215e-05 0 -0.000131476 0
35.87 2.27246e-05 0 -0.000131255 0
35.88 2.39193e-05 0 -0.000131021 0
35.89 2.51058e-05 0 -0.000130776 0
35.9 2.62838e-05 0 -0.000130519 0
35.91 2.74533e-05 0 -0.000130251 0
35.92 2.86142e-05 0 -0.00012997 0
35.93 2.97665e-05 0 -0.000129678 0
35.94 3.09101e-05 0 -0.000129375 0
35.95 3.20449e-05 0 -0.00012906 0
35.96 3.31708e-05 0 -0.000128734 0
35.97 3.42878e-05 0 -0.000128397 0
35.98 3.53959e-05 0 -0.000128048 0
35.99 3.64948e-05 0 -0.000127689 0
36 3.75847e-05 0 -0.000127318 0
36.01 3.86653e-05 0 -0.000126937 0
36.02 3.97367e-05 0 -0.000126545 0
36.03 4.07988e-05 0 -0.000126142 0
36.04 4.18516e-05 0 -0.000125729 0
36.05 4.28949e-05 0 -0.000125305 0
36.06 4.39287e-05 0 -0.000124871 0
36.07 4.4953e-05 0 -0.000124427 0
36.08 4.59677e-05 0 -0.000123972 0
36.09 4.69728e-05 0 -0.000123508 0
36.1 4.79681e-05 0 -0.000123033 0
36.11 4.89537e-05 0 -0.000122548 0
36.12 4.99295e-05 0 -0.000122054 0
36.13 5.08955e-05 0 -0.00012155 0
36.14 5.18516e-05 0 -0.000121036 0
36.15 5.27977e-05 0 -0.000120513 0
36.16 5.37338e-05 0 -0.00011998 0
36.17 5.46599e-05 0 -0.000119438 0
36.18 5.5576e-05 0 -0.000118887 0
36.19 5.64819e-05 0 -0.000118327 0
36.2 5.73777e-05 0 -0.000117757 0
36.21 5.82632e-05 0 -0.000117179 0
36.22 5.91386e-05 0 -0.000116592 0
36.23 6.00037e-05 0 -0.000115996 0
36.24 6.08585e-05 0 -0.000115392 0
36.25 6.17029e-05 0 -0.000114779 0
36.26 6.2537e-05 0 -0.000114158 0
36.27 6.33607e-05 0 -0.000113528 0
36.28 6.4174e-05 0 -0.000112891 0
36.29 6.49768e-05 0 -0.000112245 0
36.3 6.57691e-05 0 -0.000111591 0
36.31 6.65509e-05 0 -0.00011093 0
36.32 6.73222e-05 0 -0.00011026 0
36.33 6.80829e-05 0 -0.000109583 0
36.34 6.8833e-05 0 -0.000108899 0
36.35 6.95725e-05 0 -0.000108207 0
36.36 7.03014e-05 0 -0.000107507 0
36.37 7.10196e-05 0 -0.000106801 0
36.38 7.17272e-05 0 -0.000106087 0
36.39 7.24241e-05 0 -0.000105366 0
36.4 7.31103e-05 0 -0.000104638 0
36.41 7.37858e-05 0 -0.000103904 0
36.42 7.44505e-05 0 -0.000103163 0
36.43 7.51045e-05 0 -0.000102415 0
36.44 7.57478e-05 0 -0.000101661 0
36.45 7.63803e-05 0 -0.0001009 0
36.46 7.7002e-05 0 -0.000100133 0
36.47 7.76129e-05 0 -9.93601e-05 0
36.48 7.8213e-05 0 -9.8581e-05 0
36.49 7.88024e-05 0 -9.77959e-05 0
36.5 7.93809e-05 0 -9.70049e-05 0
36.51 7.99487e-05 0 -9.62083e-05 0
36.52 8.05056e-05 0 -9.5406e-05 0
36.53 8.10517e-05 0 -9.45982e-05 0
36.54 8.15871e-05 0 -9.3785e-05 0
36.55 8.21116e-05 0 -9.29665e-05 0
36.56 8.26253e-05 0 -9.21428e-05 0
36.57 8.31282e-05 0 -9.1314e-05 0
36.58 8.36203e-05 0 -9.04803e-05 0
36.59 8.41016e-05 0 -8.96417e-05 0
36.6 8.45721e-05 0 -8.87983e-05 0
36.61 8.50318e-05 0 -8.79503e-05 0
36.62 8.54808e-05 0 -8.70977e-05 0
36.63 8.5919e-05 0 -8.62407e-05 0
36.64 8.63464e-05 0 -8.53794e-05 0
36.65 8.67631e-05 0 -8.45138e-05 0
36.66 8.71691e-05 0 -8.36441e-05 0
36.67 8.75643e-05 0 -8.27704e-05 0
36.68 8.79488e-05 0 -8.18929e-05 0
36.69 8.83227e-05 0 -8.10115e-05 0
36.7 8.86858e-05 0 -8.01265e-05 0
36.71 8.90383e-05 0 -7.92378e-05 0
36.72 8.93802e-05 0 -7.83457e-05 0
36.73 8.97115e-05 0 -7.74503e-05 0
36.74 9.00321e-05 0 -7.65515e-05 0
36.75 9.03422e-05 0 -7.56497e-05 0
36.76 9.06417e-05 0 -7.47447e-05 0
36.77 9.09307e-05 0 -7.38369e-05 0
36.78 9.12091e-05 0 -7.29261e-05 0
36.79 9.14771e-05 0 -7.20127e-05 0
36.8 9.17346e-05 0 -7.10966e-05 0
36.81 9.19817e-05 0 -7.0178e-05 0
36.82 9.22184e-05 0 -6.9257e-05 0
36.83 9.24447e-05 0 -6.83337e-05 0
36.84 9.26606e-05 0 -6.74082e-05 0
36.85 9.28662e-05 0 -6.64805e-05 0
36.86 9.30616e-05 0 -6.55509e-05 0
36.87 9.32466e-05 0 -6.46193e-05 0
36.88 9.34215e-05 0 -6.3686e-05 0
36.89 9.35862e-05 0 -6.27509e-05 0
36.9 9.37407e-05 0 -6.18143e-05 0
36.91 9.38851e-05 0 -6.08762e-05 0
36.92 9.40194e-05 0 -5.99366e-05 0
36.93 9.41436e-05 0 -5.89958e-05 0
36.94 9.42578e-05 0 -5.80538e-05 0
36.95 9.43621e-05 0 -5.71107e-05 0
36.96 9.44565e-05 0 -5.61666e-05 0
36.97 9.45409e-05 0 -5.52216e-05 0
36.98 9.46155e-05 0 -5.42758e-05 0
36.99 9.46803e-05 0 -5.33293e-05 0
37 9.47353e-05 0 -5.23822e-05 0
37.01 9.47806e-05 0 -5.14346e-05 0
37.02 9.48162e-05 0 -5.04866e-05 0
37.03 9.48422e-05 0 -4.95383e-05 0
37.04 9.48585e-05 0 -4.85898e-05 0
37.05 9.48654e-05 0 -4.76412e-05 0
37.06 9.48627e-05 0 -4.66926e-05 0
37.07 9.48506e-05 0 -4.5744e-05 0
37.08 9.48291e-05 0 -4.47956e-05 0
37.09 9.47983e-05 0 -4.38474e-05 0
37.1 9.47581e-05 0 -4.28996e-05 0
37.11 9.47087e-05 0 -4.19523e-05 0
37.12 9.46501e-05 0 -4.10055e-05 0
37.13 9.45823e-05 0 -4.00593e-05 0
37.14 9.45055e-05 0 -3.91139e-05 0
37.15 9.44196e-05 0 -3.81693e-05 0
37.16 9.43247e-05 0 -3.72255e-05 0
37.17 9.42208e-05 0 -3.62828e-05 0
37.18 9.41081e-05 0 -3.53411e-05 0
37.19 9.39866e-05 0 -3.44007e-05 0
37.2 9.38563e-05 0 -3.34614e-05 0
37.21 9.37173e-05 0 -3.25236e-05 0
37.22 9.35696e-05 0 -3.15871e-05 0
37.23 9.34134e-05 0 -3.06522e-05 0
37.24 9.32486e-05 0 -2.97189e-05 0
37.25 9.30753e-05 0 -2.87873e-05 0
37.26 9.28936e-05 0 -2.78574e-05 0
37.27 9.27035e-05 0 -2.69294e-05 0
37.28 9.25051e-05 0 -2.60034e-05 0
37.29 9.22985e-05 0 -2.50793e-05 0
37.3 9.20838e-05 0 -2.41574e-05 0
37.31 9.18609e-05 0 -2.32377e-05 0
37.32 9.16299e-05 0 -2.23202e-05 0
37.33 9.1391e-05 0 -2.14051e-05 0
37.34 9.11441e-05 0 -2.04924e-05 0
37.35 9.08894e-05 0 -1.95823e-05 0
37.36 9.06269e-05 0 -1.86747e-05 0
37.37 9.03567e-05 0 -1.77697e-05 0
37.38 9.00788e-05 0 -1.68676e-05 0
37.39 8.97933e-05 0 -1.59682e-05 0
37.4 8.95002e-05 0 -1.50717e-05 0
37.41 8.91997e-05 0 -1.41782e-05 0
37.42 8.88918e-05 0 -1.32878e-05 0
37.43 8.85766e-05 0 -1.24004e-05 0
37.44 8.82541e-05 0 -1.15162e-05 0
37.45 8.79244e-05 0 -1.06353e-05 0
37.46 8.75876e-05 0 -9.75778e-06 0
37.47 8.72437e-05 0 -8.88362e-06 0
37.48 8.68928e-05 0 -8.01293e-06 0
37.49 8.6535e-05 0 -7.14578e-06 0
37.5 8.61704e-05 0 -6.28225e-06 0
37.51 8.5799e-05 0 -5.4224e-06 0
37.52 8.54209e-05 0 -4.56629e-06 0
37.53 8.50361e-05 0 -3.714e-06 0
37.54 8.46448e-05 0 -2.86559e-06 0
37.55 8.4247e-05 0 -2.02113e-06 0
37.56 8.38428e-05 0 -1.18067e-06 0
37.57 8.34322e-05 0 -3.44294e-07 0
37.58 8.30154e-05 0 4.8795e-07 0
37.59 8.25923e-05 0 1.31599e-06 0
37.6 8.21632e-05 0 2.13978e-06 0
37.61 8.17279e-05 0 2.95924e-06 0
37.62 8.12867e-05 0 3.77432e-06 0
37.63 8.08396e-05 0 4.58495e-06 0
37.64 8.03867e-05 0 5.39109e-06 0
37.65 7.9928e-05 0 6.19267e-06 0
37.66 7.94636e-05 0 6.98963e-06 0
37.67 7.89935e-05 0 7.78192e-06 0
37.68 7.8518e-05 0 8.56948e-06 0
37.69 7.8037e-05 0 9.35226e-06 0
37.7 7.75506e-05 0 1.01302e-05 0
37.71 7.70589e-05 0 1.09033e-05 0
37.72 7.6562e-05 0 1.16714e-05 0
37.73 7.60599e-05 0 1.24345e-05 0
37.74 7.55527e-05 0 1.31925e-05 0
37.75 7.50405e-05 0 1.39455e-05 0
37.76 7.45234e-05 0 1.46933e-05 0
37.77 7.40015e-05 0 1.5436e-05 0
37.78 7.34747e-05 0 1.61734e-05 0
37.79 7.29433e-05 0 1.69054e-05 0
37.8 7.24072e-05 0 1.76322e-05 0
37.81 7.18666e-05 0 1.83536e-05 0
37.82 7.13215e-05 0 1.90695e-05 0
37.83 7.0772e-05 0 1.978e-05 0
37.84 7.02182e-05 0 2.04849e-05 0
37.85 6.96602e-05 0 2.11843e-05 0
37.86 6.90979e-05 0 2.18781e-05 0
37.87 6.85316e-05 0 2.25663e-05 0
37.88 6.79613e-05 0 2.32488e-05 0
37.89 6.73871e-05 0 2.39255e-05 0
37.9 6.6809e-05 0 2.45965e-05 0
37.91 6.62271e-05 0 2.52617e-05 0
37.92 6.56415e-05 0 2.5921e-05 0
37.93 6.50523e-05 0 2.65745e-05 0
37.94 6.44595e-05 0 2.7222e-05 0
37.95 6.38633e-05 0 2.78637e-05 0
37.96 6.32636e-05 0 2.84993e-05 0
37.97 6.26607e-05 0 2.91289e-05 0
37.98 6.20545e-05 0 2.97525e-05 0
37.99 6.14451e-05 0 3.037e-05 0
38 6.08326e-05 0 3.09814e-05 0
38.01 6.02172e-05 0 3.15866e-05 0
38.02 5.95988e-05 0 3.21857e-05 0
38.03 5.89775e-05 0 3.27786e-05 0
38.04 5.83534e-05 0 3.33653e-05 0
38.05 5.77267e-05 0 3.39457e-05 0
38.06 5.70973e-05 0 3.45198e-05 0
38.07 5.64653e-05 0 3.50876e-05 0
38.08 5.58309e-05 0 3.56491e-05 0
38.09 5.51941e-05 0 3.62042e-05 0
38.1 5.45549e-05 0 3.6753e-05 0
38.11 5.39135e-05 0 3.72953e-05 0
38.12 5.32699e-05 0 3.78312e-05 0
38.13 5.26242e-05 0 3.83607e-05 0
38.14 5.19765e-05 0 3.88837e-05 0
38.15 5.13268e-05 0 3.94002e-05 0
38.16 5.06752e-05 0 3.99102e-05 0
38.17 5.00218e-05 0 4.04137e-05 0
38.18 4.93667e-05 0 4.09107e-05 0
38.19 4.871e-05 0 4.1401e-05 0
38.2 4.80516e-05 0 4.18849e-05 0
38.21 4.73918e-05 0 4.23621e-05 0
38.22 4.67305e-05 0 4.28327e-05 0
38.23 4.60679e-05 0 4.32967e-05 0
38.24 4.54039e-05 0 4.3754e-05 0
38.25 4.47388e-05 0 4.42048e-05 0
38.26 4.40725e-05 0 4.46488e-05 0
38.27 4.34051e-05 0 4.50862e-05 0
38.28 4.27367e-05 0 4.55169e-05 0
38.29 4.20674e-05 0 4.59409e-05 0
38.3 4.13972e-05 0 4.63583e-05 0
38.31 4.07263e-05 0 4.67689e-05 0
38.32 4.00546e-05 0 4.71728e-05 0
38.33 3.93823e-05 0 4.757e-05 0
38.34 3.87094e-05 0 4.79604e-05 0
38.35 3.8036e-05 0 4.83442e-05 0
38.36 3.73622e-05 0 4.87211e-05 0
38.37 3.6688e-05 0 4.90914e-05 0
38.38 3.60135e-05 0 4.94549e-05 0
38.39 3.53388e-05 0 4.98117e-05 0
38.4 3.46639e-05 0 5.01617e-05 0
38.41 3.3989e-05 0 5.05049e-05 0
38.42 3.3314e-05 0 5.08415e-05 0
38.43 3.2639e-05 0 5.11712e-05 0
38.44 3.19642e-05 0 5.14942e-05 0
38.45 3.12895e-05 0 5.18105e-05 0
38.46 3.06151e-05 0 5.212e-05 0
38.47 2.9941e-05 0 5.24228e-05 0
38.48 2.92672e-05 0 5.27188e-05 0
38.49 2.85939e-05 0 5.30082e-05 0
38.5 2.79212e-05 0 5.32907e-05 0
38.51 2.72489e-05 0 5.35666e-05 0
38.52 2.65774e-05 0 5.38357e-05 0
38.53 2.59065e-05 0 5.40981e-05 0
38.54 2.52364e-05 0 5.43538e-05 0
38.55 2.45671e-05 0 5.46029e-05 0
38.56 2.38986e-05 0 5.48452e-05 0
38.57 2.32312e-05 0 5.50808e-05 0
38.58 2.25647e-05 0 5.53098e-05 0
38.59 2.18994e-05 0 5.55321e-05 0
38.6 2.12351e-05 0 5.57478e-05 0
38.61 2.05721e-05 0 5.59568e-05 0
38.62 1.99103e-05 0 5.61593e-05 0
38.63 1.92498e-05 0 5.63551e-05 0
38.64 1.85907e-05 0 5.65443e-05 0
38.65 1.7933e-05 0 5.67269e-05 0
38.66 1.72769e-05 0 5.69029e-05 0
38.67 1.66222e-05 0 5.70724e-05 0
38.68 1.59692e-05 0 5.72354e-05 0
38.69 1.53178e-05 0 5.73918e-05 0
38.7 1.46682e-05 0 5.75417e-05 0
38.71 1.40203e-05 0 5.76852e-05 0
38.72 1.33743e-05 0 5.78221e-05 0
38.73 1.27302e-05 0 5.79527e-05 0
38.74 1.2088e-05 0 5.80768e-05 0
38.75 1.14478e-05 0 5.81944e-05 0
38.76 1.08096e-05 0 5.83057e-05 0
38.77 1.01736e-05 0 5.84106e-05 0
38.78 9.5397e-06 0 5.85092e-05 0
38.79 8.90803e-06 0 5.86014e-05 0
38.8 8.27861e-06 0 5.86874e-05 0
38.81 7.65151e-06 0 5.8767e-05 0
38.82 7.02677e-06 0 5.88404e-05 0
38.83 6.40445e-06 0 5.89076e-05 0
38.84 5.78459e-06 0 5.89685e-05 0
38.85 5.16725e-06 0 5.90233e-05 0
38.86 4.55247e-06 0 5.90719e-05 0
38.87 3.94031e-06 0 5.91143e-05 0
38.88 3.3308e-06 0 5.91507e-05 0
38.89 2.724e-06 0 5.91809e-05 0
38.9 2.11996e-06 0 5.92052e-05 0
38.91 1.51871e-06 0 5.92233e-05 0
38.92 9.20317e-07 0 5.92355e-05 0
38.93 3.24814e-07 0 5.92418e-05 0
38.94 -2.67752e-07 0 5.9242e-05 0
38.95 -8.57335e-07 0 5.92364e-05 0
38.96 -1.44389e-06 0 5.92249e-05 0
38.97 -2.02738e-06 0 5.92075e-05 0
38.98 -2.60776e-06 0 5.91844e-05 0
38.99 -3.18498e-06 0 5.91554e-05 0
39 -3.759e-06 0 5.91207e-05 0
39.01 -4.32979e-06 0 5.90802e-05 0
39.02 -4.89729e-06 0 5.90341e-05 0
39.03 -5.46148e-06 0 5.89823e-05 0
39.04 -6.02231e-06 0 5.89249e-05 0
39.05 -6.57974e-06 0 5.88619e-05 0
39.06 -7.13374e-06 0 5.87933e-05 0
39.07 -7.68426e-06 0 5.87192e-05 0
39.08 -8.23127e-06 0 5.86396e-05 0
39.09 -8.77473e-06 0 5.85546e-05 0
39.1 -9.3146e-06 0 5.84641e-05 0
39.11 -9.85085e-06 0 5.83683e-05 0
39.12 -1.03834e-05 0 5.82671e-05 0
39.13 -1.09123e-05 0 5.81607e-05 0
39.14 -1.14375e-05 0 5.80489e-05 0
39.15 -1.19589e-05 0 5.79319e-05 0
39.16 -1.24766e-05 0 5.78097e-05 0
39.17 -1.29904e-05 0 5.76824e-05 0
39.18 -1.35003e-05 0 5.75499e-05 0
39.19 -1.40063e-05 0 5.74124e-05 0
39.2 -1.45085e-05 0 5.72698e-05 0
39.21 -1.50066e-05 0 5.71222e-05 0
39.22 -1.55008e-05 0 5.69697e-05 0
39.23 -1.5991e-05 0 5.68122e-05 0
39.24 -1.64772e-05 0 5.66499e-05 0
39.25 -1.69592e-05 0 5.64827e-05 0
39.26 -1.74372e-05 0 5.63107e-05 0
39.27 -1.79111e-05 0 5.6134e-05 0
39.28 -1.83808e-05 0 5.59525e-05 0
39.29 -1.88463e-05 0 5.57664e-05 0
39.3 -1.93076e-05 0 5.55756e-05 0
39.31 -1.97647e-05 0 5.53802e-05 0
39.32 -2.02176e-05 0 5.51803e-05 0
39.33 -2.06662e-05 0 5.49759e-05 0
39.34 -2.11104e-05 0 5.4767e-05 0
39.35 -2.15504e-05 0 5.45537e-05 0
39.36 -2.1986e-05 0 5.4336e-05 0
39.37 -2.24172e-05 0 5.4114e-05 0
39.38 -2.28441e-05 0 5.38877e-05 0
39.39 -2.32665e-05 0 5.36571e-05 0
39.4 -2.36846e-05 0 5.34224e-05 0
39.41 -2.40981e-05 0 5.31835e-05 0
39.42 -2.45072e-05 0 5.29404e-05 0
39.43 -2.49119e-05 0 5.26933e-05 0
39.44 -2.5312e-05 0 5.24422e-05 0
39.45 -2.57076e-05 0 5.21871e-05 0
39.46 -2.60986e-05 0 5.19281e-05 0
39.47 -2.64852e-05 0 5.16652e-05 0
39.48 -2.68671e-05 0 5.13984e-05 0
39.49 -2.72444e-05 0 5.11278e-05 0
39.5 -2.76172e-05 0 5.08535e-05 0
39.51 -2.79853e-05 0 5.05755e-05 0
39.52 -2.83489e-05 0 5.02938e-05 0
39.53 -2.87077e-05 0 5.00085e-05 0
39.54 -2.90619e-05 0 4.97197e-05 0
39.55 -2.94115e-05 0 4.94273e-05 0
39.56 -2.97564e-05 0 4.91315e-05 0
39.57 -3.00966e-05 0 4.88322e-05 0
39.58 -3.0432e-05 0 4.85296e-05 0
39.59 -3.07628e-05 0 4.82236e-05 0
39.6 -3.10889e-05 0 4.79143e-05 0
39.61 -3.14102e-05 0 4.76018e-05 0
39.62 -3.17268e-05 0 4.72861e-05 0
39.63 -3.20387e-05 0 4.69673e-05 0
39.64 -3.23458e-05 0 4.66454e-05 0
39.65 -3.26481e-05 0 4.63204e-05 0
39.66 -3.29457e-05 0 4.59924e-05 0
39.67 -3.32385e-05 0 4.56615e-05 0
39.68 -3.35265e-05 0 4.53277e-05 0
39.69 -3.38098e-05 0 4.4991e-05 0
39.7 -3.40883e-05 0 4.46515e-05 0
39.71 -3.43619e-05 0 4.43092e-05 0
39.72 -3.46308e-05 0 4.39643e-05 0
39.73 -3.48949e-05 0 4.36166e-05 0
39.74 -3.51542e-05 0 4.32664e-05 0
39.75 -3.54087e-05 0 4.29136e-05 0
39.76 -3.56584e-05 0 4.25582e-05 0
39.77 -3.59033e-05 0 4.22004e-05 0
39.78 -3.61434e-05 0 4.18402e-05 0
39.79 -3.63787e-05 0 4.14776e-05 0
39.8 -3.66091e-05 0 4.11126e-05 0
39.81 -3.68348e-05 0 4.07454e-05 0
39.82 -3.70557e-05 0 4.03759e-05 0
39.83 -3.72718e-05 0 4.00043e-05 0
39.84 -3.74831e-05 0 3.96305e-05 0
39.85 -3.76896e-05 0 3.92546e-05 0
39.86 -3.78913e-05 0 3.88767e-05 0
39.87 -3.80882e-05 0 3.84968e-05 0
39.88 -3.82803e-05 0 3.8115e-05 0
39.89 -3.84677e-05 0 3.77312e-05 0
39.9 -3.86503e-05 0 3.73457e-05 0
39.91 -3.88281e-05 0 3.69583e-05 0
39.92 -3.90012e-05 0 3.65691e-05 0
39.93 -3.91695e-05 0 3.61783e-05 0
39.94 -3.9333e-05 0 3.57857e-05 0
39.95 -3.94919e-05 0 3.53916e-05 0
39.96 -3.96459e-05 0 3.49959e-05 0
39.97 -3.97953e-05 0 3.45987e-05 0
39.98 -3.994e-05 0 3.42e-05 0
39.99 -4.00799e-05 0 3.37999e-05 0
40 -4.02152e-05 0 3.33984e-05 0
40.01 -4.03457e-05 0 3.29956e-05 0
40.02 -4.04716e-05 0 3.25915e-05 0
40.03 -4.05929e-05 0 3.21862e-05 0
40.04 -4.07094e-05 0 3.17797e-05 0
40.05 -4.08214e-05 0 3.1372e-05 0
40.06 -4.09287e-05 0 3.09633e-05 0
40.07 -4.10313e-05 0 3.05535e-05 0
40.08 -4.11294e-05 0 3.01427e-05 0
40.09 -4.12229e-05 0 2.97309e-05 0
40.1 -4.13118e-05 0 2.93182e-05 0
40.11 -4.13962e-05 0 2.89047e-05 0
40.12 -4.1476e-05 0 2.84903e-05 0
40.13 -4.15512e-05 0 2.80752e-05 0
40.14 -4.16219e-05 0 2.76593e-05 0
40.15 -4.16882e-05 0 2.72428e-05 0
40.16 -4.17499e-05 0 2.68256e-05 0
40.17 -4.18072e-05 0 2.64078e-05 0
40.18 -4.186e-05 0 2.59894e-05 0
40.19 -4.19084e-05 0 2.55706e-05 0
40.2 -4.19523e-05 0 2.51513e-05 0
40.21 -4.19919e-05 0 2.47316e-05 0
40.22 -4.20271e-05 0 2.43115e-05 0
40.23 -4.20579e-05 0 2.3891e-05 0
40.24 -4.20843e-05 0 2.34703e-05 0
40.25 -4.21064e-05 0 2.30494e-05 0
40.26 -4.21242e-05 0 2.26282e-05 0
40.27 -4.21378e-05 0 2.22069e-05 0
40.28 -4.2147e-05 0 2.17855e-05 0
40.29 -4.2152e-05 0 2.1364e-05 0
40.3 -4.21528e-05 0 2.09424e-05 0
40.31 -4.21493e-05 0 2.05209e-05 0
40.32 -4.21417e-05 0 2.00995e-05 0
40.33 -4.21299e-05 0 1.96781e-05 0
40.34 -4.2114e-05 0 1.92569e-05 0
40.35 -4.20939e-05 0 1.88358e-05 0
40.36 -4.20698e-05 0 1.8415e-05 0
40.37 -4.20415e-05 0 1.79945e-05 0
40.38 -4.20092e-05 0 1.75742e-05 0
40.39 -4.19729e-05 0 1.71543e-05 0
40.4 -4.19326e-05 0 1.67348e-05 0
40.41 -4.18883e-05 0 1.63156e-05 0
40.42 -4.184e-05 0 1.5897e-05 0
40.43 -4.17879e-05 0 1.54789e-05 0
40.44 -4.17318e-05 0 1.50613e-05 0
40.45 -4.16718e-05 0 1.46442e-05 0
40.46 -4.16079e-05 0 1.42278e-05 0
40.47 -4.15403e-05 0 1.38121e-05 0
40.48 -4.14688e-05 0 1.3397e-05 0
40.49 -4.13935e-05 0 1.29827e-05 0
40.5 -4.13145e-05 0 1.25692e-05 0
40.51 -4.12318e-05 0 1.21564e-05 0
40.52 -4.11453e-05 0 1.17446e-05 0
40.53 -4.10552e-05 0 1.13336e-05 0
40.54 -4.09615e-05 0 1.09235e-05 0
40.55 -4.08641e-05 0 1.05143e-05 0
40.56 -4.07631e-05 0 1.01062e-05 0
40.57 -4.06586e-05 0 9.69909e-06 0
40.58 -4.05505e-05 0 9.29304e-06 0
40.59 -4.04389e-05 0 8.88809e-06 0
40.6 -4.03239e-05 0 8.48427e-06 0
40.61 -4.02054e-05 0 8.08162e-06 0
40.62 -4.00835e-05 0 7.68017e-06 0
40.63 -3.99582e-05 0 7.27996e-06 0
40.64 -3.98295e-05 0 6.88102e-06 0
40.65 -3.96975e-05 0 6.48338e-06 0
40.66 -3.95622e-05 0 6.08708e-06 0
40.67 -3.94236e-05 0 5.69215e-06 0
40.68 -3.92818e-05 0 5.29862e-06 0
40.69 -3.91368e-05 0 4.90652e-06 0
40.7 -3.89886e-05 0 4.51589e-06 0
40.71 -3.88373e-05 0 4.12676e-06 0
40.72 -3.86828e-05 0 3.73916e-06 0
40.73 -3.85252e-05 0 3.35312e-06 0
40.74 -3.83646e-05 0 2.96867e-06 0
40.75 -3.8201e-05 0 2.58584e-06 0
40.76 -3.80343e-05 0 2.20466e-06 0
40.77 -3.78647e-05 0 1.82516e-06 0
40.78 -3.76922e-05 0 1.44737e-06 0
40.79 -3.75168e-05 0 1.07133e-06 0
40.8 -3.73385e-05 0 6.97047e-07 0
40.81 -3.71573e-05 0 3.24565e-07 0
40.82 -3.69734e-05 0 -4.60904e-08 0
40.83 -3.67867e-05 0 -4.14893e-07 0
40.84 -3.65972e-05 0 -7.81815e-07 0
40.85 -3.64051e-05 0 -1.14683e-06 0
40.86 -3.62103e-05 0 -1.50991e-06 0
40.87 -3.60128e-05 0 -1.87102e-06 0
40.88 -3.58127e-05 0 -2.23015e-06 0
40.89 -3.56101e-05 0 -2.58727e-06 0
40.9 -3.54049e-05 0 -2.94235e-06 0
40.91 -3.51972e-05 0 -3.29536e-06 0
40.92 -3.4987e-05 0 -3.64628e-06 0
40.93 -3.47744e-05 0 -3.99509e-06 0
40.94 -3.45594e-05 0 -4.34176e-06 0
40.95 -3.4342e-05 0 -4.68627e-06 0
40.96 -3.41222e-05 0 -5.02859e-06 0
40.97 -3.39002e-05 0 -5.36871e-06 0
40.98 -3.36759e-05 0 -5.70659e-06 0
40.99 -3.34493e-05 0 -6.04222e-06 0
41 -3.32206e-05 0 -6.37557e-06 0
41.01 -3.29896e-05 0 -6.70662e-06 0
41.02 -3.27565e-05 0 -7.03535e-06 0
41.03 -3.25214e-05 0 -7.36175e-06 0
41.04 -3.22841e-05 0 -7.68577e-06 0
41.05 -3.20448e-05 0 -8.00742e-06 0
41.06 -3.18035e-05 0 -8.32666e-06 0
41.07 -3.15602e-05 0 -8.64348e-06 0
41.08 -3.13151e-05 0 -8.95786e-06 0
41.09 -3.1068e-05 0 -9.26978e-06 0
41.1 -3.0819e-05 0 -9.57922e-06 0
41.11 -3.05682e-05 0 -9.88615e-06 0
41.12 -3.03156e-05 0 -1.01906e-05 0
41.13 -3.00612e-05 0 -1.04925e-05 0
41.14 -2.98051e-05 0 -1.07918e-05 0
41.15 -2.95474e-05 0 -1.10886e-05 0
41.16 -2.92879e-05 0 -1.13827e-05 0
41.17 -2.90268e-05 0 -1.16743e-05 0
41.18 -2.87642e-05 0 -1.19633e-05 0
41.19 -2.84999e-05 0 -1.22496e-05 0
41.2 -2.82342e-05 0 -1.25333e-05 0
41.21 -2.79669e-05 0 -1.28143e-05 0
41.22 -2.76982e-05 0 -1.30926e-05 0
41.23 -2.74281e-05 0 -1.33682e-05 0
41.24 -2.71566e-05 0 -1.36412e-05 0
41.25 -2.68837e-05 0 -1.39114e-05 0
41.26 -2.66096e-05 0 -1.41788e-05 0
41.27 -2.63341e-05 0 -1.44435e-05 0
41.28 -2.60574e-05 0 -1.47055e-05 0
41.29 -2.57794e-05 0 -1.49647e-05 0
41.3 -2.55003e-05 0 -1.52211e-05 0
41.31 -2.522e-05 0 -1.54747e-05 0
41.32 -2.49386e-05 0 -1.57255e-05 0
41.33 -2.46561e-05 0 -1.59735e-05 0
41.34 -2.43726e-05 0 -1.62186e-05 0
41.35 -2.4088e-05 0 -1.64609e-05 0
41.36 -2.38025e-05 0 -1.67004e-05 0
41.37 -2.3516e-05 0 -1.69369e-05 0
41.38 -2.32286e-05 0 -1.71707e-05 0
41.39 -2.29403e-05 0 -1.74015e-05 0
41.4 -2.26512e-05 0 -1.76295e-05 0
41.41 -2.23612e-05 0 -1.78545e-05 0
41.42 -2.20705e-05 0 -1.80767e-05 0
41.43 -2.1779e-05 0 -1.82959e-05 0
41.44 -2.14868e-05 0 -1.85123e-05 0
41.45 -2.11939e-05 0 -1.87257e-05 0
41.46 -2.09003e-05 0 -1.89362e-05 0
41.47 -2.06062e-05 0 -1.91437e-05 0
41.48 -2.03114e-05 0 -1.93483e-05 0
41.49 -2.00161e-05 0 -1.95499e-05 0
41.5 -1.97203e-05 0 -1.97486e-05 0
41.51 -1.94239e-05 0 -1.99443e-05 0
41.52 -1.91272e-05 0 -2.01371e-05 0
41.53 -1.88299e-05 0 -2.03269e-05 0
41.54 -1.85323e-05 0 -2.05137e-05 0
41.55 -1.82344e-05 0 -2.06975e-05 0
41.56 -1.79361e-05 0 -2.08784e-05 0
41.57 -1.76374e-05 0 -2.10562e-05 0
41.58 -1.73386e-05 0 -2.12311e-05 0
41.59 -1.70394e-05 0 -2.1403e-05 0
41.6 -1.67401e-05 0 -2.15719e-05 0
41.61 -1.64406e-05 0 -2.17378e-05 0
41.62 -1.6141e-05 0 -2.19007e-05 0
41.63 -1.58412e-05 0 -2.20606e-05 0
41.64 -1.55414e-05 0 -2.22175e-05 0
41.65 -1.52414e-05 0 -2.23714e-05 0
41.66 -1.49415e-05 0 -2.25224e-05 0
41.67 -1.46416e-05 0 -2.26703e-05 0
41.68 -1.43417e-05 0 -2.28152e-05 0
41.69 -1.40419e-05 0 -2.29571e-05 0
41.7 -1.37422e-05 0 -2.3096e-05 0
41.71 -1.34426e-05 0 -2.32319e-05 0
41.72 -1.31431e-05 0 -2.33649e-05 0
41.73 -1.28438e-05 0 -2.34948e-05 0
41.74 -1.25448e-05 0 -2.36218e-05 0
41.75 -1.2246e-05 0 -2.37457e-05 0
41.76 -1.19474e-05 0 -2.38667e-05 0
41.77 -1.16492e-05 0 -2.39847e-05 0
41.78 -1.13512e-05 0 -2.40997e-05 0
41.79 -1.10537e-05 0 -2.42117e-05 0
41.8 -1.07565e-05 0 -2.43207e-05 0
41.81 -1.04597e-05 0 -2.44268e-05 0
41.82 -1.01634e-05 0 -2.45299e-05 0
41.83 -9.86747e-06 0 -2.46301e-05 0
41.84 -9.57209e-06 0 -2.47273e-05 0
41.85 -9.27722e-06 0 -2.48215e-05 0
41.86 -8.98289e-06 0 -2.49128e-05 0
41.87 -8.68914e-06 0 -2.50012e-05 0
41.88 -8.39598e-06 0 -2.50866e-05 0
41.89 -8.10346e-06 0 -2.51691e-05 0
41.9 -7.81158e-06 0 -2.52487e-05 0
41.91 -7.52037e-06 0 -2.53253e-05 0
41.92 -7.22987e-06 0 -2.53991e-05 0
41.93 -6.9401e-06 0 -2.54699e-05 0
41.94 -6.65108e-06 0 -2.55379e-05 0
41.95 -6.36284e-06 0 -2.5603e-05 0
41.96 -6.0754e-06 0 -2.56652e-05 0
41.97 -5.78879e-06 0 -2.57245e-05 0
41.98 -5.50303e-06 0 -2.57809e-05 0
41.99 -5.21815e-06 0 -2.58345e-05 0
42 -4.93417e-06 0 -2.58853e-05 0
42.01 -4.65111e-06 0 -2.59332e-05 0
42.02 -4.369e-06 0 -2.59783e-05 0
42.03 -4.08786e-06 0 -2.60206e-05 0
42.04 -3.80772e-06 0 -2.60601e-05 0
42.05 -3.52859e-06 0 -2.60968e-05 0
42.06 -3.25051e-06 0 -2.61307e-05 0
42.07 -2.97348e-06 0 -2.61618e-05 0
42.08 -2.69754e-06 0 -2.61901e-05 0
42.09 -2.42271e-06 0 -2.62157e-05 0
42.1 -2.14901e-06 0 -2.62386e-05 0
42.11 -1.87646e-06 0 -2.62587e-05 0
42.12 -1.60508e-06 0 -2.62761e-05 0
42.13 -1.33489e-06 0 -2.62908e-05 0
42.14 -1.06592e-06 0 -2.63028e-05 0
42.15 -7.98181e-07 0 -2.63121e-05 0
42.16 -5.317e-07 0 -2.63188e-05 0
42.17 -2.66495e-07 0 -2.63228e-05 0
42.18 -2.58592e-09 0 -2.63241e-05 0
42.19 2.60007e-07 0 -2.63228e-05 0
42.2 5.21264e-07 0 -2.63189e-05 0
42.21 7.81167e-07 0 -2.63124e-05 0
42.22 1.03969e-06 0 -2.63033e-05 0
42.23 1.29683e-06 0 -2.62916e-05 0
42.24 1.55255e-06 0 -2.62774e-05 0
42.25 1.80685e-06 0 -2.62606e-05 0
42.26 2.05969e-06 0 -2.62413e-05 0
42.27 2.31107e-06 0 -2.62194e-05 0
42.28 2.56096e-06 0 -2.6195e-05 0
42.29 2.80935e-06 0 -2.61682e-05 0
42.3 3.05623e-06 0 -2.61389e-05 0
42.31 3.30156e-06 0 -2.61071e-05 0
42.32 3.54535e-06 0 -2.60728e-05 0
42.33 3.78756e-06 0 -2.60362e-05 0
42.34 4.02819e-06 0 -2.59971e-05 0
42.35 4.26721e-06 0 -2.59556e-05 0
42.36 4.50462e-06 0 -2.59117e-05 0
42.37 4.7404e-06 0 -2.58655e-05 0
42.38 4.97452e-06 0 -2.58169e-05 0
42.39 5.20699e-06 0 -2.5766e-05 0
42.4 5.43777e-06 0 -2.57128e-05 0
42.41 5.66686e-06 0 -2.56573e-05 0
42.42 5.89424e-06 0 -2.55995e-05 0
42.43 6.1199e-06 0 -2.55394e-05 0
42.44 6.34383e-06 0 -2.54771e-05 0
42.45 6.566e-06 0 -2.54125e-05 0
42.46 6.78641e-06 0 -2.53458e-05 0
42.47 7.00505e-06 0 -2.52768e-05 0
42.48 7.22189e-06 0 -2.52057e-05 0
42.49 7.43694e-06 0 -2.51324e-05 0
42.5 7.65017e-06 0 -2.50569e-05 0
42.51 7.86157e-06 0 -2.49794e-05 0
42.52 8.07114e-06 0 -2.48997e-05 0
42.53 8.27885e-06 0 -2.4818e-05 0
42.54 8.4847e-06 0 -2.47341e-05 0
42.55 8.68868e-06 0 -2.46483e-05 0
42.56 8.89078e-06 0 -2.45604e-05 0
42.57 9.09098e-06 0 -2.44705e-05 0
42.58 9.28927e-06 0 -2.43786e-05 0
42.59 9.48565e-06 0 -2.42847e-05 0
42.6 9.68011e-06 0 -2.41889e-05 0
42.61 9.87263e-06 0 -2.40911e-05 0
42.62 1.00632e-05 0 -2.39914e-05 0
42.63 1.02518e-05 0 -2.38898e-05 0
42.64 1.04385e-05 0 -2.37864e-05 0
42.65 1.06232e-05 0 -2.36811e-05 0
42.66 1.08059e-05 0 -2.35739e-05 0
42.67 1.09866e-05 0 -2.3465e-05 0
42.68 1.11653e-05 0 -2.33542e-05 0
42.69 1.1342e-05 0 -2.32417e-05 0
42.7 1.15167e-05 0 -2.31274e-05 0
42.71 1.16894e-05 0 -2.30113e-05 0
42.72 1.186e-05 0 -2.28936e-05 0
42.73 1.20287e-05 0 -2.27741e-05 0
42.74 1.21952e-05 0 -2.2653e-05 0
42.75 1.23598e-05 0 -2.25302e-05 0
42.76 1.25222e-05 0 -2.24058e-05 0
42.77 1.26827e-05 0 -2.22798e-05 0
42.78 1.2841e-05 0 -2.21522e-05 0
42.79 1.29973e-05 0 -2.2023e-05 0
42.8 1.31515e-05 0 -2.18922e-05 0
42.81 1.33036e-05 0 -2.176e-05 0
42.82 1.34536e-05 0 -2.16262e-05 0
42.83 1.36016e-05 0 -2.14909e-05 0
42.84 1.37474e-05 0 -2.13542e-05 0
42.85 1.38912e-05 0 -2.1216e-05 0
42.86 1.40329e-05 0 -2.10763e-05 0
42.87 1.41724e-05 0 -2.09353e-05 0
42.88 1.43098e-05 0 -2.07929e-05 0
42.89 1.44452e-05 0 -2.06491e-05 0
42.9 1.45784e-05 0 -2.0504e-05 0
42.91 1.47095e-05 0 -2.03576e-05 0
42.92 1.48384e-05 0 -2.02098e-05 0
42.93 1.49653e-05 0 -2.00608e-05 0
42.94 1.509e-05 0 -1.99105e-05 0
42.95 1.52126e-05 0 -1.9759e-05 0
42.96 1.5333e-05 0 -1.96063e-05 0
42.97 1.54514e-05 0 -1.94524e-05 0
42.98 1.55676e-05 0 -1.92973e-05 0
42.99 1.56816e-05 0 -1.9141e-05 0
43 1.57936e-05 0 -1.89836e-05 0
43.01 1.59034e-05 0 -1.88251e-05 0
43.02 1.6011e-05 0 -1.86656e-05 0
43.03 1.61166e-05 0 -1.85049e-05 0
43.04 1.622e-05 0 -1.83432e-05 0
43.05 1.63212e-05 0 -1.81805e-05 0
43.06 1.64204e-05 0 -1.80168e-05 0
43.07 1.65174e-05 0 -1.78521e-05 0
43.08 1.66122e-05 0 -1.76865e-05 0
43.09 1.6705e-05 0 -1.75199e-05 0
43.1 1.67956e-05 0 -1.73524e-05 0
43.11 1.68841e-05 0 -1.7184e-05 0
43.12 1.69704e-05 0 -1.70147e-05 0
43.13 1.70547e-05 0 -1.68446e-05 0
43.14 1.71368e-05 0 -1.66736e-05 0
43.15 1.72168e-05 0 -1.65019e-05 0
43.16 1.72946e-05 0 -1.63293e-05 0
43.17 1.73704e-05 0 -1.6156e-05 0
43.18 1.74441e-05 0 -1.59819e-05 0
43.19 1.75156e-05 0 -1.58071e-05 0
43.2 1.75851e-05 0 -1.56316e-05 0
43.21 1.76524e-05 0 -1.54554e-05 0
43.22 1.77176e-05 0 -1.52786e-05 0
43.23 1.77808e-05 0 -1.51011e-05 0
43.24 1.78419e-05 0 -1.49229e-05 0
43.25 1.79008e-05 0 -1.47442e-05 0
43.26 1.79577e-05 0 -1.45649e-05 0
43.27 1.80126e-05 0 -1.43851e-05 0
43.28 1.80653e-05 0 -1.42047e-05 0
43.29 1.8116e-05 0 -1.40238e-05 0
43.3 1.81646e-05 0 -1.38424e-05 0
43.31 1.82112e-05 0 -1.36605e-05 0
43.32 1.82557e-05 0 -1.34782e-05 0
43.33 1.82982e-05 0 -1.32954e-05 0
43.34 1.83387e-05 0 -1.31122e-05 0
43.35 1.83771e-05 0 -1.29286e-05 0
43.36 1.84135e-05 0 -1.27447e-05 0
43.37 1.84478e-05 0 -1.25604e-05 0
43.38 1.84802e-05 0 -1.23757e-05 0
43.39 1.85105e-05 0 -1.21908e-05 0
43.4 1.85389e-05 0 -1.20055e-05 0
43.41 1.85653e-05 0 -1.182e-05 0
43.42 1.85897e-05 0 -1.16342e-05 0
43.43 1.86121e-05 0 -1.14482e-05 0
43.44 1.86325e-05 0 -1.1262e-05 0
43.45 1.8651e-05 0 -1.10756e-05 0
43.46 1.86675e-05 0 -1.0889e-05 0
43.47 1.86821e-05 0 -1.07022e-05 0
43.48 1.86947e-05 0 -1.05153e-05 0
43.49 1.87054e-05 0 -1.03283e-05 0
43.5 1.87142e-05 0 -1.01412e-05 0
43.51 1.87211e-05 0 -9.95406e-06 0
43.52 1.87261e-05 0 -9.76682e-06 0
43.53 1.87292e-05 0 -9.57954e-06 0
43.54 1.87304e-05 0 -9.39224e-06 0
43.55 1.87298e-05 0 -9.20494e-06 0
43.56 1.87272e-05 0 -9.01765e-06 0
43.57 1.87228e-05 0 -8.8304e-06 0
43.58 1.87166e-05 0 -8.6432e-06 0
43.59 1.87085e-05 0 -8.45607e-06 0
43.6 1.86986e-05 0 -8.26904e-06 0
43.61 1.86869e-05 0 -8.08211e-06 0
43.62 1.86734e-05 0 -7.8953e-06 0
43.63 1.86581e-05 0 -7.70864e-06 0
43.64 1.8641e-05 0 -7.52215e-06 0
43.65 1.86221e-05 0 -7.33583e-06 0
43.66 1.86015e-05 0 -7.14971e-06 0
43.67 1.85791e-05 0 -6.96381e-06 0
43.68 1.8555e-05 0 -6.77813e-06 0
43.69 1.85291e-05 0 -6.59271e-06 0
43.7 1.85016e-05 0 -6.40756e-06 0
43.71 1.84723e-05 0 -6.22269e-06 0
43.72 1.84413e-05 0 -6.03812e-06 0
43.73 1.84086e-05 0 -5.85387e-06 0
43.74 1.83743e-05 0 -5.66995e-06 0
43.75 1.83383e-05 0 -5.48638e-06 0
43.76 1.83006e-05 0 -5.30319e-06 0
43.77 1.82614e-05 0 -5.12038e-06 0
43.78 1.82204e-05 0 -4.93797e-06 0
43.79 1.81779e-05 0 -4.75597e-06 0
43.8 1.81338e-05 0 -4.57441e-06 0
43.81 1.80881e-05 0 -4.3933e-06 0
43.82 1.80408e-05 0 -4.21266e-06 0
43.83 1.79919e-05 0 -4.03249e-06 0
43.84 1.79415e-05 0 -3.85282e-06 0
43.85 1.78896e-05 0 -3.67367e-06 0
43.86 1.78361e-05 0 -3.49504e-06 0
43.87 1.77811e-05 0 -3.31695e-06 0
43.88 1.77246e-05 0 -3.13942e-06 0
43.89 1.76667e-05 0 -2.96246e-06 0
43.9 1.76072e-05 0 -2.78609e-06 0
43.91 1.75463e-05 0 -2.61032e-06 0
43.92 1.7484e-05 0 -2.43517e-06 0
43.93 1.74202e-05 0 -2.26065e-06 0
43.94 1.7355e-05 0 -2.08677e-06 0
43.95 1.72884e-05 0 -1.91355e-06 0
43.96 1.72204e-05 0 -1.74101e-06 0
43.97 1.7151e-05 0 -1.56915e-06 0
43.98 1.70802e-05 0 -1.39799e-06 0
43.99 1.70082e-05 0 -1.22755e-06 0
44 1.69347e-05 0 -1.05784e-06 0
44.01 1.686e-05 0 -8.88861e-07 0
44.02 1.67839e-05 0 -7.2064e-07 0
44.03 1.67065e-05 0 -5.53187e-07 0
44.04 1.66279e-05 0 -3.86514e-07 0
44.05 1.6548e-05 0 -2.20633e-07 0
44.06 1.64668e-05 0 -5.55577e-08 0
44.07 1.63845e-05 0 1.087e-07 0
44.08 1.63008e-05 0 2.72127e-07 0
44.09 1.6216e-05 0 4.34712e-07 0
44.1 1.613e-05 0 5.96443e-07 0
44.11 1.60428e-05 0 7.57308e-07 0
44.12 1.59544e-05 0 9.17295e-07 0
44.13 1.58649e-05 0 1.07639e-06 0
44.14 1.57742e-05 0 1.23459e-06 0
44.15 1.56825e-05 0 1.39187e-06 0
44.16 1.55896e-05 0 1.54823e-06 0
44.17 1.54956e-05 0 1.70366e-06 0
44.18 1.54006e-05 0 1.85814e-06 0
44.19 1.53044e-05 0 2.01167e-06 0
44.2 1.52073e-05 0 2.16423e-06 0
44.21 1.51091e-05 0 2.31581e-06 0
44.22 1.50099e-05 0 2.46641e-06 0
44.23 1.49097e-05 0 2.61601e-06 0
44.24 1.48085e-05 0 2.7646e-06 0
44.25 1.47063e-05 0 2.91217e-06 0
44.26 1.46032e-05 0 3.05872e-06 0
44.27 1.44991e-05 0 3.20423e-06 0
44.28 1.43941e-05 0 3.3487e-06 0
44.29 1.42882e-05 0 3.49211e-06 0
44.3 1.41814e-05 0 3.63446e-06 0
44.31 1.40737e-05 0 3.77574e-06 0
44.32 1.39651e-05 0 3.91593e-06 0
44.33 1.38557e-05 0 4.05504e-06 0
44.34 1.37455e-05 0 4.19304e-06 0
44.35 1.36344e-05 0 4.32994e-06 0
44.36 1.35225e-05 0 4.46573e-06 0
44.37 1.34099e-05 0 4.60039e-06 0
44.38 1.32964e-05 0 4.73392e-06 0
44.39 1.31822e-05 0 4.86632e-06 0
44.4 1.30673e-05 0 4.99757e-06 0
44.41 1.29516e-05 0 5.12766e-06 0
44.42 1.28352e-05 0 5.2566e-06 0
44.43 1.27181e-05 0 5.38436e-06 0
44.44 1.26004e-05 0 5.51096e-06 0
44.45 1.24819e-05 0 5.63637e-06 0
44.46 1.23628e-05 0 5.76059e-06 0
44.47 1.22431e-05 0 5.88362e-06 0
44.48 1.21227e-05 0 6.00545e-06 0
44.49 1.20018e-05 0 6.12608e-06 0
44.5 1.18802e-05 0 6.24549e-06 0
44.51 1.17581e-05 0 6.36368e-06 0
44.52 1.16353e-05 0 6.48065e-06 0
44.53 1.15121e-05 0 6.59638e-06 0
44.54 1.13883e-05 0 6.71089e-06 0
44.55 1.1264e-05 0 6.82415e-06 0
44.56 1.11392e-05 0 6.93616e-06 0
44.57 1.10139e-05 0 7.04693e-06 0
44.58 1.08881e-05 0 7.15644e-06 0
44.59 1.07619e-05 0 7.26469e-06 0
44.6 1.06352e-05 0 7.37168e-06 0
44.61 1.05081e-05 0 7.47739e-06 0
44.62 1.03806e-05 0 7.58184e-06 0
44.63 1.02527e-05 0 7.685e-06 0
44.64 1.01244e-05 0 7.78689e-06 0
44.65 9.99569e-06 0 7.88749e-06 0
44.66 9.86666e-06 0 7.9868e-06 0
44.67 9.73729e-06 0 8.08482e-06 0
44.68 9.60759e-06 0 8.18155e-06 0
44.69 9.47759e-06 0 8.27697e-06 0
44.7 9.34728e-06 0 8.3711e-06 0
44.71 9.2167e-06 0 8.46392e-06 0
44.72 9.08584e-06 0 8.55543e-06 0
44.73 8.95474e-06 0 8.64563e-06 0
44.74 8.82339e-06 0 8.73452e-06 0
44.75 8.69182e-06 0 8.8221e-06 0
44.76 8.56003e-06 0 8.90836e-06 0
44.77 8.42805e-06 0 8.9933e-06 0
44.78 8.29589e-06 0 9.07692e-06 0
44.79 8.16356e-06 0 9.15922e-06 0
44.8 8.03108e-06 0 9.24019e-06 0
44.81 7.89845e-06 0 9.31984e-06 0
44.82 7.7657e-06 0 9.39816e-06 0
44.83 7.63284e-06 0 9.47515e-06 0
44.84 7.49987e-06 0 9.55082e-06 0
44.85 7.36682e-06 0 9.62515e-06 0
44.86 7.23371e-06 0 9.69815e-06 0
44.87 7.10053e-06 0 9.76982e-06 0
44.88 6.96731e-06 0 9.84016e-06 0
44.89 6.83406e-06 0 9.90917e-06 0
44.9 6.70079e-06 0 9.97684e-06 0
44.91 6.56752e-06 0 1.00432e-05 0
44.92 6.43425e-06 0 1.01082e-05 0
44.93 6.30102e-06 0 1.01719e-05 0
44.94 6.16781e-06 0 1.02342e-05 0
44.95 6.03466e-06 0 1.02952e-05 0
44.96 5.90156e-06 0 1.03549e-05 0
44.97 5.76855e-06 0 1.04133e-05 0
44.98 5.63562e-06 0 1.04703e-05 0
44.99 5.50279e-06 0 1.0526e-05 0
45 5.37008e-06 0 1.05803e-05 0
45.01 5.23749e-06 0 1.06334e-05 0
45.02 5.10504e-06 0 1.06851e-05 0
45.03 4.97274e-06 0 1.07355e-05 0
45.04 4.8406e-06 0 1.07845e-05 0
45.05 4.70865e-06 0 1.08323e-05 0
45.06 4.57688e-06 0 1.08787e-05 0
45.07 4.44531e-06 0 1.09238e-05 0
45.08 4.31395e-06 0 1.09676e-05 0
45.09 4.18282e-06 0 1.10101e-05 0
45.1 4.05192e-06 0 1.10513e-05 0
45.11 3.92128e-06 0 1.10911e-05 0
45.12 3.79089e-06 0 1.11297e-05 0
45.13 3.66078e-06 0 1.1167e-05 0
45.14 3.53095e-06 0 1.12029e-05 0
45.15 3.40142e-06 0 1.12376e-05 0
45.16 3.27219e-06 0 1.1271e-05 0
45.17 3.14328e-06 0 1.1303e-05 0
45.18 3.0147e-06 0 1.13338e-05 0
45.19 2.88646e-06 0 1.13633e-05 0
45.2 2.75857e-06 0 1.13915e-05 0
45.21 2.63105e-06 0 1.14185e-05 0
45.22 2.50389e-06 0 1.14442e-05 0
45.23 2.37713e-06 0 1.14686e-05 0
45.24 2.25075e-06 0 1.14917e-05 0
45.25 2.12479e-06 0 1.15136e-05 0
45.26 1.99924e-06 0 1.15342e-05 0
45.27 1.87412e-06 0 1.15536e-05 0
45.28 1.74943e-06 0 1.15717e-05 0
45.29 1.62519e-06 0 1.15886e-05 0
45.3 1.50141e-06 0 1.16042e-05 0
45.31 1.3781e-06 0 1.16186e-05 0
45.32 1.25526e-06 0 1.16318e-05 0
45.33 1.13291e-06 0 1.16437e-05 0
45.34 1.01106e-06 0 1.16544e-05 0
45.35 8.89715e-07 0 1.16639e-05 0
45.36 7.68887e-07 0 1.16722e-05 0
45.37 6.48585e-07 0 1.16793e-05 0
45.38 5.28818e-07 0 1.16852e-05 0
45.39 4.09596e-07 0 1.16899e-05 0
45.4 2.90928e-07 0 1.16934e-05 0
45.41 1.72822e-07 0 1.16957e-05 0
45.42 5.52885e-08 0 1.16968e-05 0
45.43 -6.16646e-08 0 1.16968e-05 0
45.44 -1.78028e-07 0 1.16956e-05 0
45.45 -2.93794e-07 0 1.16933e-05 0
45.46 -4.08953e-07 0 1.16897e-05 0
45.47 -5.23496e-07 0 1.16851e-05 0
45.48 -6.37416e-07 0 1.16793e-05 0
45.49 -7.50705e-07 0 1.16723e-05 0
45.5 -8.63353e-07 0 1.16643e-05 0
45.51 -9.75354e-07 0 1.16551e-05 0
45.52 -1.0867e-06 0 1.16448e-05 0
45.53 -1.19738e-06 0 1.16333e-05 0
45.54 -1.30739e-06 0 1.16208e-05 0
45.55 -1.41672e-06 0 1.16072e-05 0
45.56 -1.52536e-06 0 1.15925e-05 0
45.57 -1.63331e-06 0 1.15767e-05 0
45.58 -1.74056e-06 0 1.15598e-05 0
45.59 -1.8471e-06 0 1.15419e-05 0
45.6 -1.95293e-06 0 1.15229e-05 0
45.61 -2.05803e-06 0 1.15028e-05 0
45.62 -2.1624e-06 0 1.14817e-05 0
45.63 -2.26603e-06 0 1.14596e-05 0
45.64 -2.36893e-06 0 1.14364e-05 0
45.65 -2.47107e-06 0 1.14122e-05 0
45.66 -2.57246e-06 0 1.1387e-05 0
45.67 -2.67308e-06 0 1.13608e-05 0
45.68 -2.77294e-06 0 1.13335e-05 0
45.69 -2.87202e-06 0 1.13053e-05 0
45.7 -2.97032e-06 0 1.12761e-05 0
45.71 -3.06784e-06 0 1.12459e-05 0
45.72 -3.16456e-06 0 1.12147e-05 0
45.73 -3.26049e-06 0 1.11826e-05 0
45.74 -3.35561e-06 0 1.11495e-05 0
45.75 -3.44992e-06 0 1.11155e-05 0
45.76 -3.54342e-06 0 1.10805e-05 0
45.77 -3.63609e-06 0 1.10446e-05 0
45.78 -3.72795e-06 0 1.10078e-05 0
45.79 -3.81897e-06 0 1.09701e-05 0
45.8 -3.90916e-06 0 1.09314e-05 0
45.81 -3.9985e-06 0 1.08919e-05 0
45.82 -4.08701e-06 0 1.08515e-05 0
45.83 -4.17466e-06 0 1.08102e-05 0
45.84 -4.26146e-06 0 1.0768e-05 0
45.85 -4.34741e-06 0 1.07249e-05 0
45.86 -4.43249e-06 0 1.0681e-05 0
45.87 -4.5167e-06 0 1.06363e-05 0
45.88 -4.60004e-06 0 1.05907e-05 0
45.89 -4.68251e-06 0 1.05443e-05 0
45.9 -4.7641e-06 0 1.0497e-05 0
45.91 -4.84481e-06 0 1.0449e-05 0
45.92 -4.92463e-06 0 1.04002e-05 0
45.93 -5.00357e-06 0 1.03505e-05 0
45.94 -5.08161e-06 0 1.03001e-05 0
45.95 -5.15875e-06 0 1.02489e-05 0
45.96 -5.235e-06 0 1.01969e-05 0
45.97 -5.31034e-06 0 1.01442e-05 0
45.98 -5.38477e-06 0 1.00907e-05 0
45.99 -5.4583e-06 0 1.00365e-05 0
46 -5.53092e-06 0 9.98155e-06 0
46.01 -5.60262e-06 0 9.92588e-06 0
46.02 -5.67341e-06 0 9.8695e-06 0
46.03 -5.74328e-06 0 9.81241e-06 0
46.04 -5.81223e-06 0 9.75464e-06 0
46.05 -5.88025e-06 0 9.69617e-06 0
46.06 -5.94735e-06 0 9.63703e-06 0
46.07 -6.01352e-06 0 9.57723e-06 0
46.08 -6.07875e-06 0 9.51677e-06 0
46.09 -6.14306e-06 0 9.45566e-06 0
46.1 -6.20644e-06 0 9.39391e-06 0
46.11 -6.26888e-06 0 9.33153e-06 0
46.12 -6.33038e-06 0 9.26853e-06 0
46.13 -6.39094e-06 0 9.20493e-06 0
46.14 -6.45057e-06 0 9.14072e-06 0
46.15 -6.50925e-06 0 9.07592e-06 0
46.16 -6.56699e-06 0 9.01054e-06 0
46.17 -6.62379e-06 0 8.94458e-06 0
46.18 -6.67965e-06 0 8.87806e-06 0
46.19 -6.73456e-06 0 8.81099e-06 0
46.2 -6.78852e-06 0 8.74338e-06 0
46.21 -6.84154e-06 0 8.67522e-06 0
46.22 -6.89361e-06 0 8.60655e-06 0
46.23 -6.94473e-06 0 8.53736e-06 0
46.24 -6.99491e-06 0 8.46766e-06 0
46.25 -7.04414e-06 0 8.39746e-06 0
46.26 -7.09242e-06 0 8.32678e-06 0
46.27 -7.13975e-06 0 8.25562e-06 0
46.28 -7.18613e-06 0 8.18399e-06 0
46.29 -7.23157e-06 0 8.1119e-06 0
46.3 -7.27605e-06 0 8.03936e-06 0
46.31 -7.31959e-06 0 7.96638e-06 0
46.32 -7.36219e-06 0 7.89297e-06 0
46.33 -7.40383e-06 0 7.81914e-06 0
46.34 -7.44453e-06 0 7.74489e-06 0
46.35 -7.48428e-06 0 7.67025e-06 0
46.36 -7.52309e-06 0 7.59521e-06 0
46.37 -7.56096e-06 0 7.51979e-06 0
46.38 -7.59788e-06 0 7.444e-06 0
46.39 -7.63386e-06 0 7.36784e-06 0
46.4 -7.6689e-06 0 7.29132e-06 0
46.41 -7.703e-06 0 7.21446e-06 0
46.42 -7.73616e-06 0 7.13727e-06 0
46.43 -7.76838e-06 0 7.05974e-06 0
46.44 -7.79967e-06 0 6.9819e-06 0
46.45 -7.83002e-06 0 6.90375e-06 0
46.46 -7.85944e-06 0 6.8253e-06 0
46.47 -7.88793e-06 0 6.74657e-06 0
46.48 -7.9155e-06 0 6.66755e-06 0
46.49 -7.94213e-06 0 6.58826e-06 0
46.5 -7.96784e-06 0 6.50871e-06 0
46.51 -7.99263e-06 0 6.42891e-06 0
46.52 -8.01649e-06 0 6.34886e-06 0
46.53 -8.03944e-06 0 6.26858e-06 0
46.54 -8.06147e-06 0 6.18807e-06 0
46.55 -8.08259e-06 0 6.10735e-06 0
46.56 -8.10279e-06 0 6.02642e-06 0
46.57 -8.12209e-06 0 5.9453e-06 0
46.58 -8.14048e-06 0 5.86399e-06 0
46.59 -8.15797e-06 0 5.78249e-06 0
46.6 -8.17455e-06 0 5.70083e-06 0
46.61 -8.19024e-06 0 5.619e-06 0
46.62 -8.20503e-06 0 5.53703e-06 0
46.63 -8.21893e-06 0 5.45491e-06 0
46.64 -8.23194e-06 0 5.37265e-06 0
46.65 -8.24406e-06 0 5.29027e-06 0
46.66 -8.25531e-06 0 5.20777e-06 0
46.67 -8.26567e-06 0 5.12517e-06 0
46.68 -8.27515e-06 0 5.04246e-06 0
46.69 -8.28377e-06 0 4.95967e-06 0
46.7 -8.29151e-06 0 4.87679e-06 0
46.71 -8.29839e-06 0 4.79384e-06 0
46.72 -8.3044e-06 0 4.71083e-06 0
46.73 -8.30956e-06 0 4.62776e-06 0
46.74 -8.31386e-06 0 4.54464e-06 0
46.75 -8.31732e-06 0 4.46148e-06 0
46.76 -8.31992e-06 0 4.37829e-06 0
46.77 -8.32169e-06 0 4.29509e-06 0
46.78 -8.32261e-06 0 4.21186e-06 0
46.79 -8.3227e-06 0 4.12864e-06 0
46.8 -8.32196e-06 0 4.04541e-06 0
46.81 -8.32039e-06 0 3.9622e-06 0
46.82 -8.318e-06 0 3.87901e-06 0
46.83 -8.31479e-06 0 3.79584e-06 0
46.84 -8.31077e-06 0 3.71271e-06 0
46.85 -8.30594e-06 0 3.62963e-06 0
46.86 -8.3003e-06 0 3.5466e-06 0
46.87 -8.29387e-06 0 3.46363e-06 0
46.88 -8.28664e-06 0 3.38072e-06 0
46.89 -8.27862e-06 0 3.2979e-06 0
46.9 -8.26981e-06 0 3.21515e-06 0
46.91 -8.26022e-06 0 3.1325e-06 0
46.92 -8.24986e-06 0 3.04995e-06 0
46.93 -8.23873e-06 0 2.96751e-06 0
46.94 -8.22683e-06 0 2.88518e-06 0
46.95 -8.21416e-06 0 2.80297e-06 0
46.96 -8.20074e-06 0 2.7209e-06 0
46.97 -8.18658e-06 0 2.63896e-06 0
46.98 -8.17166e-06 0 2.55717e-06 0
46.99 -8.156e-06 0 2.47553e-06 0
47 -8.13961e-06 0 2.39405e-06 0
47.01 -8.12249e-06 0 2.31274e-06 0
47.02 -8.10464e-06 0 2.2316e-06 0
47.03 -8.08608e-06 0 2.15065e-06 0
47.04 -8.0668e-06 0 2.06989e-06 0
47.05 -8.04681e-06 0 1.98932e-06 0
47.06 -8.02612e-06 0 1.90895e-06 0
47.07 -8.00473e-06 0 1.8288e-06 0
47.08 -7.98265e-06 0 1.74886e-06 0
47.09 -7.95988e-06 0 1.66915e-06 0
47.1 -7.93643e-06 0 1.58966e-06 0
47.11 -7.91231e-06 0 1.51042e-06 0
47.12 -7.88752e-06 0 1.43142e-06 0
47.13 -7.86207e-06 0 1.35267e-06 0
47.14 -7.83596e-06 0 1.27418e-06 0
47.15 -7.80919e-06 0 1.19595e-06 0
47.16 -7.78179e-06 0 1.118e-06 0
47.17 -7.75374e-06 0 1.04032e-06 0
47.18 -7.72506e-06 0 9.62927e-07 0
47.19 -7.69575e-06 0 8.85822e-07 0
47.2 -7.66582e-06 0 8.09014e-07 0
47.21 -7.63527e-06 0 7.32508e-07 0
47.22 -7.60412e-06 0 6.5631e-07 0
47.23 -7.57236e-06 0 5.80427e-07 0
47.24 -7.54e-06 0 5.04865e-07 0
47.25 -7.50706e-06 0 4.29629e-07 0
47.26 -7.47353e-06 0 3.54726e-07 0
47.27 -7.43942e-06 0 2.80161e-07 0
47.28 -7.40474e-06 0 2.05939e-07 0
47.29 -7.36949e-06 0 1.32068e-07 0
47.3 -7.33369e-06 0 5.85513e-08 0
47.31 -7.29733e-06 0 -1.46043e-08 0
47.32 -7.26042e-06 0 -8.73935e-08 0
47.33 -7.22298e-06 0 -1.59811e-07 0
47.34 -7.185e-06 0 -2.31851e-07 0
47.35 -7.14649e-06 0 -3.03509e-07 0
47.36 -7.10747e-06 0 -3.74779e-07 0
47.37 -7.06793e-06 0 -4.45657e-07 0
47.38 -7.02788e-06 0 -5.16136e-07 0
47.39 -6.98733e-06 0 -5.86213e-07 0
47.4 -6.94628e-06 0 -6.55881e-07 0
47.41 -6.90475e-06 0 -7.25137e-07 0
47.42 -6.86273e-06 0 -7.93975e-07 0
47.43 -6.82024e-06 0 -8.6239e-07 0
47.44 -6.77729e-06 0 -9.30378e-07 0
47.45 -6.73387e-06 0 -9.97934e-07 0
47.46 -6.68999e-06 0 -1.06505e-06 0
47.47 -6.64567e-06 0 -1.13173e-06 0
47.48 -6.6009e-06 0 -1.19797e-06 0
47.49 -6.5557e-06 0 -1.26375e-06 0
47.5 -6.51007e-06 0 -1.32908e-06 0
47.51 -6.46402e-06 0 -1.39395e-06 0
47.52 -6.41756e-06 0 -1.45836e-06 0
47.53 -6.37068e-06 0 -1.5223e-06 0
47.54 -6.3234e-06 0 -1.58577e-06 0
47.55 -6.27573e-06 0 -1.64877e-06 0
47.56 -6.22767e-06 0 -1.71128e-06 0
47.57 -6.17923e-06 0 -1.77332e-06 0
47.58 -6.13042e-06 0 -1.83487e-06 0
47.59 -6.08123e-06 0 -1.89592e-06 0
47.6 -6.03169e-06 0 -1.95649e-06 0
47.61 -5.98179e-06 0 -2.01656e-06 0
47.62 -5.93154e-06 0 -2.07612e-06 0
47.63 -5.88095e-06 0 -2.13519e-06 0
47.64 -5.83003e-06 0 -2.19374e-06 0
47.65 -5.77878e-06 0 -2.25179e-06 0
47.66 -5.72721e-06 0 -2.30932e-06 0
47.67 -5.67533e-06 0 -2.36633e-06 0
47.68 -5.62313e-06 0 -2.42282e-06 0
47.69 -5.57064e-06 0 -2.47879e-06 0
47.7 -5.51785e-06 0 -2.53423e-06 0
47.71 -5.46478e-06 0 -2.58915e-06 0
47.72 -5.41142e-06 0 -2.64353e-06 0
47.73 -5.3578e-06 0 -2.69738e-06 0
47.74 -5.3039e-06 0 -2.75068e-06 0
47.75 -5.24975e-06 0 -2.80345e-06 0
47.76 -5.19534e-06 0 -2.85568e-06 0
47.77 -5.14068e-06 0 -2.90736e-06 0
47.78 -5.08578e-06 0 -2.95849e-06 0
47.79 -5.03066e-06 0 -3.00907e-06 0
47.8 -4.9753e-06 0 -3.0591e-06 0
47.81 -4.91972e-06 0 -3.10858e-06 0
47.82 -4.86393e-06 0 -3.1575e-06 0
47.83 -4.80794e-06 0 -3.20586e-06 0
47.84 -4.75174e-06 0 -3.25365e-06 0
47.85 -4.69535e-06 0 -3.30089e-06 0
47.86 -4.63877e-06 0 -3.34756e-06 0
47.87 -4.58201e-06 0 -3.39367e-06 0
47.88 -4.52508e-06 0 -3.4392e-06 0
47.89 -4.46798e-06 0 -3.48417e-06 0
47.9 -4.41072e-06 0 -3.52856e-06 0
47.91 -4.3533e-06 0 -3.57238e-06 0
47.92 -4.29574e-06 0 -3.61563e-06 0
47.93 -4.23803e-06 0 -3.65829e-06 0
47.94 -4.18019e-06 0 -3.70039e-06 0
47.95 -4.12223e-06 0 -3.7419e-06 0
47.96 -4.06414e-06 0 -3.78283e-06 0
47.97 -4.00593e-06 0 -3.82318e-06 0
47.98 -3.94762e-06 0 -3.86295e-06 0
47.99 -3.8892e-06 0 -3.90213e-06 0
48 -3.83068e-06 0 -3.94073e-06 0
48.01 -3.77208e-06 0 -3.97875e-06 0
48.02 -3.71339e-06 0 -4.01617e-06 0
48.03 -3.65462e-06 0 -4.05301e-06 0
48.04 -3.59579e-06 0 -4.08927e-06 0
48.05 -3.53688e-06 0 -4.12493e-06 0
48.06 -3.47792e-06 0 -4.16e-06 0
48.07 -3.4189e-06 0 -4.19449e-06 0
48.08 -3.35984e-06 0 -4.22838e-06 0
48.09 -3.30074e-06 0 -4.26168e-06 0
48.1 -3.2416e-06 0 -4.2944e-06 0
48.11 -3.18244e-06 0 -4.32652e-06 0
48.12 -3.12325e-06 0 -4.35804e-06 0
48.13 -3.06405e-06 0 -4.38898e-06 0
48.14 -3.00483e-06 0 -4.41932e-06 0
48.15 -2.94561e-06 0 -4.44908e-06 0
48.16 -2.8864e-06 0 -4.47824e-06 0
48.17 -2.82719e-06 0 -4.50681e-06 0
48.18 -2.76799e-06 0 -4.53478e-06 0
48.19 -2.70881e-06 0 -4.56216e-06 0
48.2 -2.64966e-06 0 -4.58896e-06 0
48.21 -2.59054e-06 0 -4.61516e-06 0
48.22 -2.53146e-06 0 -4.64077e-06 0
48.23 -2.47241e-06 0 -4.66579e-06 0
48.24 -2.41342e-06 0 -4.69022e-06 0
48.25 -2.35448e-06 0 -4.71406e-06 0
48.26 -2.29559e-06 0 -4.73731e-06 0
48.27 -2.23678e-06 0 -4.75997e-06 0
48.28 -2.17803e-06 0 -4.78204e-06 0
48.29 -2.11936e-06 0 -4.80353e-06 0
48.3 -2.06077e-06 0 -4.82443e-06 0
48.31 -2.00226e-06 0 -4.84474e-06 0
48.32 -1.94385e-06 0 -4.86448e-06 0
48.33 -1.88554e-06 0 -4.88362e-06 0
48.34 -1.82732e-06 0 -4.90219e-06 0
48.35 -1.76922e-06 0 -4.92017e-06 0
48.36 -1.71123e-06 0 -4.93757e-06 0
48.37 -1.65336e-06 0 -4.95439e-06 0
48.38 -1.59561e-06 0 -4.97064e-06 0
48.39 -1.53799e-06 0 -4.98631e-06 0
48.4 -1.48051e-06 0 -5.0014e-06 0
48.41 -1.42316e-06 0 -5.01592e-06 0
48.42 -1.36596e-06 0 -5.02986e-06 0
48.43 -1.3089e-06 0 -5.04324e-06 0
48.44 -1.25201e-06 0 -5.05604e-06 0
48.45 -1.19527e-06 0 -5.06828e-06 0
48.46 -1.13869e-06 0 -5.07995e-06 0
48.47 -1.08228e-06 0 -5.09105e-06 0
48.48 -1.02605e-06 0 -5.10159e-06 0
48.49 -9.6999e-07 0 -5.11157e-06 0
48.5 -9.14117e-07 0 -5.12099e-06 0
48.51 -8.58431e-07 0 -5.12986e-06 0
48.52 -8.02937e-07 0 -5.13816e-06 0
48.53 -7.4764e-07 0 -5.14592e-06 0
48.54 -6.92544e-07 0 -5.15312e-06 0
48.55 -6.37654e-07 0 -5.15977e-06 0
48.56 -5.82973e-07 0 -5.16587e-06 0
48.57 -5.28508e-07 0 -5.17143e-06 0
48.58 -4.74261e-07 0 -5.17644e-06 0
48.59 -4.20238e-07 0 -5.18091e-06 0
48.6 -3.66442e-07 0 -5.18485e-06 0
48.61 -3.12878e-07 0 -5.18824e-06 0
48.62 -2.5955e-07 0 -5.1911e-06 0
48.63 -2.06462e-07 0 -5.19343e-06 0
48.64 -1.53618e-07 0 -5.19523e-06 0
48.65 -1.01022e-07 0 -5.19651e-06 0
48.66 -4.86788e-08 0 -5.19726e-06 0
48.67 3.4084e-09 0 -5.19748e-06 0
48.68 5.52355e-08 0 -5.19719e-06 0
48.69 1.06799e-07 0 -5.19638e-06 0
48.7 1.58094e-07 0 -5.19505e-06 0
48.71 2.09117e-07 0 -5.19322e-06 0
48.72 2.59866e-07 0 -5.19087e-06 0
48.73 3.10335e-07 0 -5.18802e-06 0
48.74 3.60522e-07 0 -5.18467e-06 0
48.75 4.10422e-07 0 -5.18081e-06 0
48.76 4.60032e-07 0 -5.17646e-06 0
48.77 5.0935e-07 0 -5.17161e-06 0
48.78 5.5837e-07 0 -5.16627e-06 0
48.79 6.0709e-07 0 -5.16045e-06 0
48.8 6.55507e-07 0 -5.15413e-06 0
48.81 7.03617e-07 0 -5.14734e-06 0
48.82 7.51416e-07 0 -5.14006e-06 0
48.83 7.98903e-07 0 -5.13231e-06 0
48.84 8.46072e-07 0 -5.12408e-06 0
48.85 8.92923e-07 0 -5.11539e-06 0
48.86 9.3945e-07 0 -5.10623e-06 0
48.87 9.85652e-07 0 -5.0966e-06 0
48.88 1.03152e-06 0 -5.08651e-06 0
48.89 1.07707e-06 0 -5.07597e-06 0
48.9 1.12227e-06 0 -5.06497e-06 0
48.91 1.16714e-06 0 -5.05353e-06 0
48.92 1.21167e-06 0 -5.04163e-06 0
48.93 1.25586e-06 0 -5.02929e-06 0
48.94 1.2997e-06 0 -5.01652e-06 0
48.95 1.34319e-06 0 -5.0033e-06 0
48.96 1.38633e-06 0 -4.98965e-06 0
48.97 1.42912e-06 0 -4.97558e-06 0
48.98 1.47155e-06 0 -4.96107e-06 0
48.99 1.51362e-06 0 -4.94615e-06 0
49 1.55534e-06 0 -4.9308e-06 0
49.01 1.59669e-06 0 -4.91504e-06 0
49.02 1.63767e-06 0 -4.89887e-06 0
49.03 1.67829e-06 0 -4.88229e-06 0
49.04 1.71853e-06 0 -4.8653e-06 0
49.05 1.75841e-06 0 -4.84792e-06 0
49.06 1.7979e-06 0 -4.83014e-06 0
49.07 1.83703e-06 0 -4.81196e-06 0
49.08 1.87577e-06 0 -4.7934e-06 0
49.09 1.91414e-06 0 -4.77445e-06 0
49.1 1.95212e-06 0 -4.75512e-06 0
49.11 1.98972e-06 0 -4.73541e-06 0
49.12 2.02693e-06 0 -4.71532e-06 0
49.13 2.06375e-06 0 -4.69487e-06 0
49.14 2.10019e-06 0 -4.67405e-06 0
49.15 2.13623e-06 0 -4.65287e-06 0
49.16 2.17188e-06 0 -4.63133e-06 0
49.17 2.20714e-06 0 -4.60943e-06 0
49.18 2.242e-06 0 -4.58719e-06 0
49.19 2.27646e-06 0 -4.56459e-06 0
49.2 2.31053e-06 0 -4.54166e-06 0
49.21 2.34419e-06 0 -4.51838e-06 0
49.22 2.37745e-06 0 -4.49477e-06 0
49.23 2.41031e-06 0 -4.47084e-06 0
49.24 2.44277e-06 0 -4.44657e-06 0
49.25 2.47482e-06 0 -4.42198e-06 0
49.26 2.50646e-06 0 -4.39708e-06 0
49.27 2.53769e-06 0 -4.37185e-06 0
49.28 2.56852e-06 0 -4.34632e-06 0
49.29 2.59893e-06 0 -4.32049e-06 0
49.3 2.62894e-06 0 -4.29435e-06 0
49.31 2.65853e-06 0 -4.26791e-06 0
49.32 2.68771e-06 0 -4.24118e-06 0
49.33 2.71648e-06 0 -4.21415e-06 0
49.34 2.74483e-06 0 -4.18685e-06 0
49.35 2.77276e-06 0 -4.15926e-06 0
49.36 2.80029e-06 0 -4.13139e-06 0
49.37 2.82739e-06 0 -4.10326e-06 0
49.38 2.85408e-06 0 -4.07485e-06 0
49.39 2.88035e-06 0 -4.04618e-06 0
49.4 2.9062e-06 0 -4.01724e-06 0
49.41 2.93163e-06 0 -3.98805e-06 0
49.42 2.95664e-06 0 -3.95861e-06 0
49.43 2.98123e-06 0 -3.92892e-06 0
49.44 3.00541e-06 0 -3.89899e-06 0
49.45 3.02916e-06 0 -3.86881e-06 0
49.46 3.05249e-06 0 -3.83841e-06 0
49.47 3.0754e-06 0 -3.80777e-06 0
49.48 3.09789e-06 0 -3.7769e-06 0
49.49 3.11996e-06 0 -3.74581e-06 0
49.5 3.14161e-06 0 -3.7145e-06 0
49.51 3.16284e-06 0 -3.68298e-06 0
49.52 3.18364e-06 0 -3.65125e-06 0
49.53 3.20402e-06 0 -3.61931e-06 0
49.54 3.22399e-06 0 -3.58717e-06 0
49.55 3.24353e-06 0 -3.55483e-06 0
49.56 3.26265e-06 0 -3.5223e-06 0
49.57 3.28135e-06 0 -3.48958e-06 0
49.58 3.29963e-06 0 -3.45667e-06 0
49.59 3.31748e-06 0 -3.42359e-06 0
49.6 3.33492e-06 0 -3.39032e-06 0
49.61 3.35194e-06 0 -3.35689e-06 0
49.62 3.36854e-06 0 -3.32329e-06 0
49.63 3.38472e-06 0 -3.28952e-06 0
49.64 3.40048e-06 0 -3.25559e-06 0
49.65 3.41583e-06 0 -3.22151e-06 0
49.66 3.43076e-06 0 -3.18728e-06 0
49.67 3.44527e-06 0 -3.1529e-06 0
49.68 3.45936e-06 0 -3.11837e-06 0
49.69 3.47304e-06 0 -3.08371e-06 0
49.7 3.48631e-06 0 -3.04892e-06 0
49.71 3.49916e-06 0 -3.01399e-06 0
49.72 3.51159e-06 0 -2.97893e-06 0
49.73 3.52362e-06 0 -2.94376e-06 0
49.74 3.53523e-06 0 -2.90846e-06 0
49.75 3.54644e-06 0 -2.87305e-06 0
49.76 3.55723e-06 0 -2.83753e-06 0
49.77 3.56762e-06 0 -2.80191e-06 0
49.78 3.57759e-06 0 -2.76618e-06 0
49.79 3.58716e-06 0 -2.73036e-06 0
49.8 3.59633e-06 0 -2.69444e-06 0
49.81 3.60509e-06 0 -2.65843e-06 0
49.82 3.61345e-06 0 -2.62234e-06 0
49.83 3.6214e-06 0 -2.58617e-06 0
49.84 3.62896e-06 0 -2.54991e-06 0
49.85 3.63611e-06 0 -2.51359e-06 0
49.86 3.64287e-06 0 -2.47719e-06 0
49.87 3.64923e-06 0 -2.44073e-06 0
49.88 3.65519e-06 0 -2.40421e-06 0
49.89 3.66076e-06 0 -2.36763e-06 0
49.9 3.66594e-06 0 -2.331e-06 0
49.91 3.67072e-06 0 -2.29431e-06 0
49.92 3.67512e-06 0 -2.25758e-06 0
49.93 3.67912e-06 0 -2.22081e-06 0
49.94 3.68274e-06 0 -2.184e-06 0
49.95 3.68598e-06 0 -2.14716e-06 0
49.96 3.68883e-06 0 -2.11028e-06 0
49.97 3.69129e-06 0 -2.07338e-06 0
49.98 3.69338e-06 0 -2.03646e-06 0
49.99 3.69509e-06 0 -1.99952e-06 0
50 3.69642e-06 0 -1.96256e-06 0
