0 0 0 1 0
0.01 -0.01 0 1 0
0.02 -0.01995 0 0.9999 0
0.03 -0.0298493 0 0.9997 0
0.04 -0.039697 0 0.999402 0
0.05 -0.0494925 0 0.999005 0
0.06 -0.0592351 0 0.99851 0
0.07 -0.0689241 0 0.997918 0
0.08 -0.0785586 0 0.997229 0
0.09 -0.0881381 0 0.996443 0
0.1 -0.0976618 0 0.995562 0
0.11 -0.107129 0 0.994585 0
0.12 -0.116539 0 0.993514 0
0.13 -0.125892 0 0.992348 0
0.14 -0.135186 0 0.991089 0
0.15 -0.144421 0 0.989737 0
0.16 -0.153596 0 0.988293 0
0.17 -0.162711 0 0.986757 0
0.18 -0.171765 0 0.98513 0
0.19 -0.180758 0 0.983413 0
0.2 -0.189688 0 0.981605 0
0.21 -0.198555 0 0.979708 0
0.22 -0.20736 0 0.977723 0
0.23 -0.2161 0 0.975649 0
0.24 -0.224776 0 0.973488 0
0.25 -0.233387 0 0.97124 0
0.26 -0.241933 0 0.968906 0
0.27 -0.250412 0 0.966487 0
0.28 -0.258825 0 0.963983 0
0.29 -0.267171 0 0.961395 0
0.3 -0.275449 0 0.958723 0
0.31 -0.283659 0 0.955968 0
0.32 -0.2918 0 0.953132 0
0.33 -0.299872 0 0.950214 0
0.34 -0.307875 0 0.947215 0
0.35 -0.315808 0 0.944136 0
0.36 -0.32367 0 0.940978 0
0.37 -0.331462 0 0.937742 0
0.38 -0.339182 0 0.934427 0
0.39 -0.34683 0 0.931035 0
0.4 -0.354406 0 0.927567 0
0.41 -0.36191 0 0.924023 0
0.42 -0.369341 0 0.920404 0
0.43 -0.376698 0 0.91671 0
0.44 -0.383982 0 0.912943 0
0.45 -0.391191 0 0.909103 0
0.46 -0.398326 0 0.905192 0
0.47 -0.405386 0 0.901208 0
0.48 -0.412372 0 0.897154 0
0.49 -0.419281 0 0.893031 0
0.5 -0.426115 0 0.888838 0
0.51 -0.432873 0 0.884577 0
0.52 -0.439554 0 0.880248 0
0.53 -0.446159 0 0.875852 0
0.54 -0.452687 0 0.871391 0
0.55 -0.459137 0 0.866864 0
0.56 -0.46551 0 0.862273 0
0.57 -0.471805 0 0.857618 0
0.58 -0.478023 0 0.852899 0
0.59 -0.484161 0 0.848119 0
0.6 -0.490222 0 0.843278 0
0.61 -0.496204 0 0.838375 0
0.62 -0.502106 0 0.833413 0
0.63 -0.50793 0 0.828392 0
0.64 -0.513674 0 0.823313 0
0.65 -0.519339 0 0.818176 0
0.66 -0.524924 0 0.812983 0
0.67 -0.530429 0 0.807734 0
0.68 -0.535854 0 0.802429 0
0.69 -0.541199 0 0.797071 0
0.7 -0.546464 0 0.791659 0
0.71 -0.551648 0 0.786194 0
0.72 -0.556752 0 0.780678 0
0.73 -0.561775 0 0.77511 0
0.74 -0.566717 0 0.769492 0
0.75 -0.571579 0 0.763825 0
0.76 -0.576359 0 0.758109 0
0.77 -0.581058 0 0.752346 0
0.78 -0.585676 0 0.746535 0
0.79 -0.590213 0 0.740679 0
0.8 -0.594669 0 0.734776 0
0.81 -0.599044 0 0.72883 0
0.82 -0.603337 0 0.722839 0
0.83 -0.607548 0 0.716806 0
0.84 -0.611679 0 0.71073 0
0.85 -0.615728 0 0.704614 0
0.86 -0.619695 0 0.698456 0
0.87 -0.623581 0 0.692259 0
0.88 -0.627386 0 0.686024 0
0.89 -0.631109 0 0.67975 0
0.9 -0.634751 0 0.673439 0
0.91 -0.638312 0 0.667091 0
0.92 -0.641791 0 0.660708 0
0.93 -0.645189 0 0.65429 0
0.94 -0.648506 0 0.647838 0
0.95 -0.651742 0 0.641353 0
0.96 -0.654897 0 0.634836 0
0.97 -0.657971 0 0.628287 0
0.98 -0.660964 0 0.621707 0
0.99 -0.663876 0 0.615097 0
1 -0.666708 0 0.608459 0
1.01 -0.669459 0 0.601792 0
1.02 -0.672129 0 0.595097 0
1.03 -0.67472 0 0.588376 0
1.04 -0.67723 0 0.581629 0
1.05 -0.67966 0 0.574856 0
1.06 -0.68201 0 0.56806 0
1.07 -0.684281 0 0.56124 0
1.08 -0.686472 0 0.554397 0
1.09 -0.688583 0 0.547532 0
1.1 -0.690616 0 0.540646 0
1.11 -0.692569 0 0.53374 0
1.12 -0.694444 0 0.526814 0
1.13 -0.69624 0 0.51987 0
1.14 -0.697957 0 0.512907 0
1.15 -0.699596 0 0.505928 0
1.16 -0.701158 0 0.498932 0
1.17 -0.702641 0 0.49192 0
1.18 -0.704047 0 0.484894 0
1.19 -0.705376 0 0.477853 0
1.2 -0.706628 0 0.4708 0
1.21 -0.707802 0 0.463733 0
1.22 -0.708901 0 0.456655 0
1.23 -0.709923 0 0.449566 0
1.24 -0.710869 0 0.442467 0
1.25 -0.711739 0 0.435359 0
1.26 -0.712534 0 0.428241 0
1.27 -0.713254 0 0.421116 0
1.28 -0.713899 0 0.413983 0
1.29 -0.714469 0 0.406844 0
1.3 -0.714965 0 0.3997 0
1.31 -0.715387 0 0.39255 0
1.32 -0.715736 0 0.385396 0
1.33 -0.716011 0 0.378239 0
1.34 -0.716213 0 0.371079 0
1.35 -0.716343 0 0.363916 0
1.36 -0.716401 0 0.356753 0
1.37 -0.716386 0 0.349589 0
1.38 -0.7163 0 0.342425 0
1.39 -0.716143 0 0.335262 0
1.4 -0.715915 0 0.328101 0
1.41 -0.715616 0 0.320942 0
1.42 -0.715248 0 0.313785 0
1.43 -0.714809 0 0.306633 0
1.44 -0.714301 0 0.299485 0
1.45 -0.713725 0 0.292342 0
1.46 -0.71308 0 0.285205 0
1.47 -0.712366 0 0.278074 0
1.48 -0.711585 0 0.27095 0
1.49 -0.710737 0 0.263834 0
1.5 -0.709821 0 0.256727 0
1.51 -0.70884 0 0.249629 0
1.52 -0.707792 0 0.24254 0
1.53 -0.706678 0 0.235462 0
1.54 -0.705499 0 0.228396 0
1.55 -0.704256 0 0.221341 0
1.56 -0.702948 0 0.214298 0
1.57 -0.701576 0 0.207269 0
1.58 -0.700141 0 0.200253 0
1.59 -0.698643 0 0.193251 0
1.6 -0.697082 0 0.186265 0
1.61 -0.695459 0 0.179294 0
1.62 -0.693775 0 0.17234 0
1.63 -0.692029 0 0.165402 0
1.64 -0.690223 0 0.158481 0
1.65 -0.688357 0 0.151579 0
1.66 -0.686431 0 0.144696 0
1.67 -0.684446 0 0.137831 0
1.68 -0.682402 0 0.130987 0
1.69 -0.6803 0 0.124163 0
1.7 -0.67814 0 0.11736 0
1.71 -0.675923 0 0.110579 0
1.72 -0.673649 0 0.103819 0
1.73 -0.671319 0 0.0970828 0
1.74 -0.668933 0 0.0903696 0
1.75 -0.666492 0 0.0836803 0
1.76 -0.663997 0 0.0770153 0
1.77 -0.661447 0 0.0703754 0
1.78 -0.658843 0 0.0637609 0
1.79 -0.656187 0 0.0571725 0
1.8 -0.653477 0 0.0506106 0
1.81 -0.650716 0 0.0440758 0
1.82 -0.647903 0 0.0375687 0
1.83 -0.645039 0 0.0310896 0
1.84 -0.642125 0 0.0246393 0
1.85 -0.639161 0 0.018218 0
1.86 -0.636147 0 0.0118264 0
1.87 -0.633085 0 0.00546492 0
1.88 -0.629974 0 -0.000865929 0
1.89 -0.626816 0 -0.00716567 0
1.9 -0.62361 0 -0.0134338 0
1.91 -0.620357 0 -0.0196699 0
1.92 -0.617059 0 -0.0258735 0
1.93 -0.613715 0 -0.0320441 0
1.94 -0.610326 0 -0.0381812 0
1.95 -0.606892 0 -0.0442845 0
1.96 -0.603415 0 -0.0503534 0
1.97 -0.599895 0 -0.0563876 0
1.98 -0.596331 0 -0.0623865 0
1.99 -0.592726 0 -0.0683498 0
2 -0.589079 0 -0.0742771 0
2.01 -0.58539 0 -0.0801679 0
2.02 -0.581662 0 -0.0860218 0
2.03 -0.577893 0 -0.0918384 0
2.04 -0.574085 0 -0.0976173 0
2.05 -0.570239 0 -0.103358 0
2.06 -0.566354 0 -0.109061 0
2.07 -0.562432 0 -0.114724 0
2.08 -0.558472 0 -0.120348 0
2.09 -0.554476 0 -0.125933 0
2.1 -0.550445 0 -0.131478 0
2.11 -0.546378 0 -0.136982 0
2.12 -0.542276 0 -0.142446 0
2.13 -0.53814 0 -0.147869 0
2.14 -0.533971 0 -0.15325 0
2.15 -0.529768 0 -0.15859 0
2.16 -0.525534 0 -0.163888 0
2.17 -0.521267 0 -0.169143 0
2.18 -0.516969 0 -0.174356 0
2.19 -0.512641 0 -0.179525 0
2.2 -0.508282 0 -0.184652 0
2.21 -0.503895 0 -0.189735 0
2.22 -0.499478 0 -0.194774 0
2.23 -0.495033 0 -0.199768 0
2.24 -0.49056 0 -0.204719 0
2.25 -0.48606 0 -0.209624 0
2.26 -0.481533 0 -0.214485 0
2.27 -0.476981 0 -0.2193 0
2.28 -0.472403 0 -0.22407 0
2.29 -0.4678 0 -0.228794 0
2.3 -0.463173 0 -0.233472 0
2.31 -0.458523 0 -0.238104 0
2.32 -0.453849 0 -0.242689 0
2.33 -0.449153 0 -0.247227 0
2.34 -0.444435 0 -0.251719 0
2.35 -0.439695 0 -0.256163 0
2.36 -0.434935 0 -0.26056 0
2.37 -0.430155 0 -0.26491 0
2.38 -0.425355 0 -0.269211 0
2.39 -0.420536 0 -0.273465 0
2.4 -0.415699 0 -0.27767 0
2.41 -0.410844 0 -0.281827 0
2.42 -0.405971 0 -0.285936 0
2.43 -0.401082 0 -0.289995 0
2.44 -0.396177 0 -0.294006 0
2.45 -0.391256 0 -0.297968 0
2.46 -0.38632 0 -0.30188 0
2.47 -0.381369 0 -0.305744 0
2.48 -0.376405 0 -0.309557 0
2.49 -0.371427 0 -0.313321 0
2.5 -0.366437 0 -0.317036 0
2.51 -0.361435 0 -0.3207 0
2.52 -0.35642 0 -0.324314 0
2.53 -0.351395 0 -0.327879 0
2.54 -0.346359 0 -0.331392 0
2.55 -0.341314 0 -0.334856 0
2.56 -0.336259 0 -0.338269 0
2.57 -0.331195 0 -0.341632 0
2.58 -0.326122 0 -0.344944 0
2.59 -0.321042 0 -0.348205 0
2.6 -0.315955 0 -0.351415 0
2.61 -0.310861 0 -0.354575 0
2.62 -0.305761 0 -0.357684 0
2.63 -0.300655 0 -0.360741 0
2.64 -0.295545 0 -0.363748 0
2.65 -0.290429 0 -0.366703 0
2.66 -0.28531 0 -0.369607 0
2.67 -0.280188 0 -0.372461 0
2.68 -0.275062 0 -0.375262 0
2.69 -0.269934 0 -0.378013 0
2.7 -0.264804 0 -0.380712 0
2.71 -0.259673 0 -0.38336 0
2.72 -0.254541 0 -0.385957 0
2.73 -0.249409 0 -0.388503 0
2.74 -0.244277 0 -0.390997 0
2.75 -0.239146 0 -0.393439 0
2.76 -0.234015 0 -0.395831 0
2.77 -0.228887 0 -0.398171 0
2.78 -0.223761 0 -0.40046 0
2.79 -0.218637 0 -0.402698 0
2.8 -0.213517 0 -0.404884 0
2.81 -0.208401 0 -0.407019 0
2.82 -0.203289 0 -0.409103 0
2.83 -0.198181 0 -0.411136 0
2.84 -0.193079 0 -0.413118 0
2.85 -0.187982 0 -0.415049 0
2.86 -0.182892 0 -0.416928 0
2.87 -0.177808 0 -0.418757 0
2.88 -0.172732 0 -0.420535 0
2.89 -0.167663 0 -0.422263 0
2.9 -0.162602 0 -0.423939 0
2.91 -0.157549 0 -0.425565 0
2.92 -0.152506 0 -0.427141 0
2.93 -0.147472 0 -0.428666 0
2.94 -0.142448 0 -0.430141 0
2.95 -0.137434 0 -0.431565 0
2.96 -0.132431 0 -0.432939 0
2.97 -0.12744 0 -0.434264 0
2.98 -0.12246 0 -0.435538 0
2.99 -0.117492 0 -0.436763 0
3 -0.112537 0 -0.437938 0
3.01 -0.107595 0 -0.439063 0
3.02 -0.102667 0 -0.440139 0
3.03 -0.0977519 0 -0.441166 0
3.04 -0.0928515 0 -0.442143 0
3.05 -0.0879658 0 -0.443072 0
3.06 -0.0830952 0 -0.443951 0
3.07 -0.0782402 0 -0.444782 0
3.08 -0.0734012 0 -0.445565 0
3.09 -0.0685786 0 -0.446299 0
3.1 -0.0637727 0 -0.446985 0
3.11 -0.058984 0 -0.447622 0
3.12 -0.0542128 0 -0.448212 0
3.13 -0.0494596 0 -0.448754 0
3.14 -0.0447248 0 -0.449249 0
3.15 -0.0400087 0 -0.449696 0
3.16 -0.0353117 0 -0.450096 0
3.17 -0.0306342 0 -0.450449 0
3.18 -0.0259765 0 -0.450756 0
3.19 -0.0213391 0 -0.451015 0
3.2 -0.0167222 0 -0.451229 0
3.21 -0.0121263 0 -0.451396 0
3.22 -0.00755173 0 -0.451517 0
3.23 -0.0029988 0 -0.451593 0
3.24 0.00153212 0 -0.451623 0
3.25 0.00604069 0 -0.451607 0
3.26 0.0105266 0 -0.451547 0
3.27 0.0149894 0 -0.451442 0
3.28 0.0194289 0 -0.451292 0
3.29 0.0238446 0 -0.451098 0
3.3 0.0282364 0 -0.450859 0
3.31 0.0326038 0 -0.450577 0
3.32 0.0369466 0 -0.450251 0
3.33 0.0412643 0 -0.449881 0
3.34 0.0455568 0 -0.449469 0
3.35 0.0498237 0 -0.449013 0
3.36 0.0540647 0 -0.448515 0
3.37 0.0582796 0 -0.447974 0
3.38 0.0624679 0 -0.447391 0
3.39 0.0666295 0 -0.446767 0
3.4 0.070764 0 -0.4461 0
3.41 0.0748712 0 -0.445393 0
3.42 0.0789507 0 -0.444644 0
3.43 0.0830024 0 -0.443855 0
3.44 0.087026 0 -0.443024 0
3.45 0.0910211 0 -0.442154 0
3.46 0.0949875 0 -0.441244 0
3.47 0.098925 0 -0.440294 0
3.48 0.102833 0 -0.439305 0
3.49 0.106712 0 -0.438277 0
3.5 0.110561 0 -0.437209 0
3.51 0.114381 0 -0.436104 0
3.52 0.11817 0 -0.43496 0
3.53 0.121929 0 -0.433778 0
3.54 0.125657 0 -0.432559 0
3.55 0.129354 0 -0.431302 0
3.56 0.13302 0 -0.430009 0
3.57 0.136655 0 -0.428679 0
3.58 0.140259 0 -0.427312 0
3.59 0.143831 0 -0.42591 0
3.6 0.147371 0 -0.424471 0
3.61 0.150878 0 -0.422998 0
3.62 0.154354 0 -0.421489 0
3.63 0.157797 0 -0.419945 0
3.64 0.161208 0 -0.418367 0
3.65 0.164585 0 -0.416755 0
3.66 0.16793 0 -0.415109 0
3.67 0.171241 0 -0.41343 0
3.68 0.174519 0 -0.411718 0
3.69 0.177764 0 -0.409972 0
3.7 0.180975 0 -0.408195 0
3.71 0.184152 0 -0.406385 0
3.72 0.187295 0 -0.404544 0
3.73 0.190404 0 -0.402671 0
3.74 0.193479 0 -0.400767 0
3.75 0.196519 0 -0.398832 0
3.76 0.199525 0 -0.396867 0
3.77 0.202496 0 -0.394871 0
3.78 0.205432 0 -0.392846 0
3.79 0.208333 0 -0.390792 0
3.8 0.2112 0 -0.388709 0
3.81 0.214031 0 -0.386597 0
3.82 0.216826 0 -0.384456 0
3.83 0.219587 0 -0.382288 0
3.84 0.222312 0 -0.380092 0
3.85 0.225001 0 -0.377869 0
3.86 0.227655 0 -0.375619 0
3.87 0.230273 0 -0.373343 0
3.88 0.232855 0 -0.37104 0
3.89 0.235401 0 -0.368711 0
3.9 0.237911 0 -0.366357 0
3.91 0.240385 0 -0.363978 0
3.92 0.242823 0 -0.361574 0
3.93 0.245225 0 -0.359146 0
3.94 0.24759 0 -0.356694 0
3.95 0.249919 0 -0.354218 0
3.96 0.252211 0 -0.351719 0
3.97 0.254468 0 -0.349197 0
3.98 0.256687 0 -0.346652 0
3.99 0.25887 0 -0.344085 0
4 0.261017 0 -0.341496 0
4.01 0.263127 0 -0.338886 0
4.02 0.2652 0 -0.336255 0
4.03 0.267236 0 -0.333603 0
4.04 0.269236 0 -0.330931 0
4.05 0.271199 0 -0.328238 0
4.06 0.273126 0 -0.325526 0
4.07 0.275015 0 -0.322795 0
4.08 0.276868 0 -0.320045 0
4.09 0.278684 0 -0.317276 0
4.1 0.280464 0 -0.314489 0
4.11 0.282206 0 -0.311685 0
4.12 0.283912 0 -0.308863 0
4.13 0.285581 0 -0.306024 0
4.14 0.287214 0 -0.303168 0
4.15 0.288809 0 -0.300296 0
4.16 0.290368 0 -0.297407 0
4.17 0.29189 0 -0.294504 0
4.18 0.293376 0 -0.291585 0
4.19 0.294825 0 -0.288651 0
4.2 0.296237 0 -0.285703 0
4.21 0.297613 0 -0.28274 0
4.22 0.298952 0 -0.279764 0
4.23 0.300255 0 -0.276775 0
4.24 0.301522 0 -0.273772 0
4.25 0.302752 0 -0.270757 0
4.26 0.303946 0 -0.26773 0
4.27 0.305103 0 -0.26469 0
4.28 0.306225 0 -0.261639 0
4.29 0.30731 0 -0.258577 0
4.3 0.308359 0 -0.255504 0
4.31 0.309372 0 -0.25242 0
4.32 0.31035 0 -0.249326 0
4.33 0.311291 0 -0.246223 0
4.34 0.312197 0 -0.24311 0
4.35 0.313067 0 -0.239988 0
4.36 0.313902 0 -0.236857 0
4.37 0.314701 0 -0.233718 0
4.38 0.315464 0 -0.230571 0
4.39 0.316193 0 -0.227417 0
4.4 0.316886 0 -0.224255 0
4.41 0.317544 0 -0.221086 0
4.42 0.318167 0 -0.21791 0
4.43 0.318756 0 -0.214729 0
4.44 0.319309 0 -0.211541 0
4.45 0.319828 0 -0.208348 0
4.46 0.320312 0 -0.20515 0
4.47 0.320762 0 -0.201947 0
4.48 0.321178 0 -0.198739 0
4.49 0.321559 0 -0.195527 0
4.5 0.321907 0 -0.192312 0
4.51 0.32222 0 -0.189093 0
4.52 0.3225 0 -0.18587 0
4.53 0.322746 0 -0.182645 0
4.54 0.322959 0 -0.179418 0
4.55 0.323139 0 -0.176188 0
4.56 0.323285 0 -0.172957 0
4.57 0.323398 0 -0.169724 0
4.58 0.323478 0 -0.16649 0
4.59 0.323526 0 -0.163255 0
4.6 0.323541 0 -0.16002 0
4.61 0.323523 0 -0.156785 0
4.62 0.323473 0 -0.15355 0
4.63 0.323391 0 -0.150315 0
4.64 0.323278 0 -0.147081 0
4.65 0.323132 0 -0.143848 0
4.66 0.322955 0 -0.140617 0
4.67 0.322746 0 -0.137387 0
4.68 0.322506 0 -0.13416 0
4.69 0.322235 0 -0.130935 0
4.7 0.321934 0 -0.127712 0
4.71 0.321601 0 -0.124493 0
4.72 0.321238 0 -0.121277 0
4.73 0.320845 0 -0.118065 0
4.74 0.320421 0 -0.114856 0
4.75 0.319967 0 -0.111652 0
4.76 0.319484 0 -0.108452 0
4.77 0.318971 0 -0.105257 0
4.78 0.318429 0 -0.102068 0
4.79 0.317858 0 -0.0988834 0
4.8 0.317257 0 -0.0957049 0
4.81 0.316628 0 -0.0925323 0
4.82 0.31597 0 -0.089366 0
4.83 0.315284 0 -0.0862063 0
4.84 0.314569 0 -0.0830535 0
4.85 0.313827 0 -0.0799078 0
4.86 0.313057 0 -0.0767695 0
4.87 0.31226 0 -0.0736389 0
4.88 0.311435 0 -0.0705163 0
4.89 0.310583 0 -0.067402 0
4.9 0.309704 0 -0.0642962 0
4.91 0.308798 0 -0.0611991 0
4.92 0.307866 0 -0.0581111 0
4.93 0.306908 0 -0.0550325 0
4.94 0.305924 0 -0.0519634 0
4.95 0.304914 0 -0.0489042 0
4.96 0.303878 0 -0.045855 0
4.97 0.302817 0 -0.0428163 0
4.98 0.301731 0 -0.0397881 0
4.99 0.300621 0 -0.0367708 0
5 0.299485 0 -0.0337646 0
5.01 0.298325 0 -0.0307697 0
5.02 0.297142 0 -0.0277864 0
5.03 0.295934 0 -0.024815 0
5.04 0.294702 0 -0.0218557 0
5.05 0.293447 0 -0.0189087 0
5.06 0.292169 0 -0.0159742 0
5.07 0.290868 0 -0.0130525 0
5.08 0.289544 0 -0.0101438 0
5.09 0.288198 0 -0.00724839 0
5.1 0.286829 0 -0.00436641 0
5.11 0.285439 0 -0.00149812 0
5.12 0.284027 0 0.00135627 0
5.13 0.282593 0 0.00419654 0
5.14 0.281138 0 0.00702247 0
5.15 0.279662 0 0.00983385 0
5.16 0.278165 0 0.0126305 0
5.17 0.276648 0 0.0154121 0
5.18 0.275111 0 0.0181786 0
5.19 0.273554 0 0.0209297 0
5.2 0.271977 0 0.0236653 0
5.21 0.27038 0 0.026385 0
5.22 0.268764 0 0.0290888 0
5.23 0.26713 0 0.0317765 0
5.24 0.265476 0 0.0344478 0
5.25 0.263804 0 0.0371025 0
5.26 0.262114 0 0.0397406 0
5.27 0.260406 0 0.0423617 0
5.28 0.258681 0 0.0449658 0
5.29 0.256938 0 0.0475526 0
5.3 0.255177 0 0.050122 0
5.31 0.2534 0 0.0526737 0
5.32 0.251607 0 0.0552077 0
5.33 0.249796 0 0.0577238 0
5.34 0.24797 0 0.0602218 0
5.35 0.246128 0 0.0627015 0
5.36 0.24427 0 0.0651627 0
5.37 0.242397 0 0.0676054 0
5.38 0.240509 0 0.0700294 0
5.39 0.238607 0 0.0724345 0
5.4 0.236689 0 0.0748206 0
5.41 0.234758 0 0.0771875 0
5.42 0.232812 0 0.0795351 0
5.43 0.230853 0 0.0818632 0
5.44 0.22888 0 0.0841717 0
5.45 0.226894 0 0.0864605 0
5.46 0.224894 0 0.0887294 0
5.47 0.222883 0 0.0909784 0
5.48 0.220858 0 0.0932072 0
5.49 0.218822 0 0.0954158 0
5.5 0.216774 0 0.097604 0
5.51 0.214714 0 0.0997717 0
5.52 0.212643 0 0.101919 0
5.53 0.21056 0 0.104045 0
5.54 0.208467 0 0.106151 0
5.55 0.206363 0 0.108236 0
5.56 0.204249 0 0.110299 0
5.57 0.202125 0 0.112342 0
5.58 0.199991 0 0.114363 0
5.59 0.197847 0 0.116363 0
5.6 0.195694 0 0.118341 0
5.61 0.193532 0 0.120298 0
5.62 0.191362 0 0.122234 0
5.63 0.189183 0 0.124147 0
5.64 0.186995 0 0.126039 0
5.65 0.1848 0 0.127909 0
5.66 0.182597 0 0.129757 0
5.67 0.180386 0 0.131583 0
5.68 0.178168 0 0.133387 0
5.69 0.175944 0 0.135168 0
5.7 0.173712 0 0.136928 0
5.71 0.171474 0 0.138665 0
5.72 0.16923 0 0.14038 0
5.73 0.16698 0 0.142072 0
5.74 0.164725 0 0.143742 0
5.75 0.162464 0 0.145389 0
5.76 0.160198 0 0.147014 0
5.77 0.157926 0 0.148616 0
5.78 0.155651 0 0.150195 0
5.79 0.15337 0 0.151752 0
5.8 0.151086 0 0.153285 0
5.81 0.148798 0 0.154796 0
5.82 0.146506 0 0.156284 0
5.83 0.144211 0 0.157749 0
5.84 0.141912 0 0.159191 0
5.85 0.13961 0 0.16061 0
5.86 0.137306 0 0.162006 0
5.87 0.135 0 0.16338 0
5.88 0.132691 0 0.16473 0
5.89 0.13038 0 0.166056 0
5.9 0.128068 0 0.16736 0
5.91 0.125754 0 0.168641 0
5.92 0.123439 0 0.169898 0
5.93 0.121122 0 0.171133 0
5.94 0.118805 0 0.172344 0
5.95 0.116488 0 0.173532 0
5.96 0.11417 0 0.174697 0
5.97 0.111852 0 0.175839 0
5.98 0.109535 0 0.176957 0
5.99 0.107218 0 0.178053 0
6 0.104901 0 0.179125 0
6.01 0.102585 0 0.180174 0
6.02 0.100271 0 0.1812 0
6.03 0.0979572 0 0.182202 0
6.04 0.0956454 0 0.183182 0
6.05 0.0933353 0 0.184138 0
6.06 0.0910273 0 0.185072 0
6.07 0.0887214 0 0.185982 0
6.08 0.086418 0 0.186869 0
6.09 0.0841172 0 0.187733 0
6.1 0.0818193 0 0.188575 0
6.11 0.0795244 0 0.189393 0
6.12 0.0772329 0 0.190188 0
6.13 0.0749448 0 0.19096 0
6.14 0.0726605 0 0.19171 0
6.15 0.0703801 0 0.192436 0
6.16 0.0681038 0 0.19314 0
6.17 0.0658319 0 0.193821 0
6.18 0.0635646 0 0.19448 0
6.19 0.0613019 0 0.195115 0
6.2 0.0590443 0 0.195728 0
6.21 0.0567918 0 0.196319 0
6.22 0.0545446 0 0.196887 0
6.23 0.052303 0 0.197432 0
6.24 0.0500672 0 0.197955 0
6.25 0.0478373 0 0.198456 0
6.26 0.0456136 0 0.198934 0
6.27 0.0433962 0 0.19939 0
6.28 0.0411853 0 0.199824 0
6.29 0.0389811 0 0.200236 0
6.3 0.0367838 0 0.200626 0
6.31 0.0345937 0 0.200994 0
6.32 0.0324108 0 0.20134 0
6.33 0.0302353 0 0.201664 0
6.34 0.0280675 0 0.201966 0
6.35 0.0259075 0 0.202247 0
6.36 0.0237555 0 0.202506 0
6.37 0.0216117 0 0.202743 0
6.38 0.0194762 0 0.202959 0
6.39 0.0173492 0 0.203154 0
6.4 0.0152309 0 0.203328 0
6.41 0.0131215 0 0.20348 0
6.42 0.0110211 0 0.203611 0
6.43 0.00892985 0 0.203721 0
6.44 0.00684799 0 0.203811 0
6.45 0.00477564 0 0.203879 0
6.46 0.00271297 0 0.203927 0
6.47 0.000660132 0 0.203954 0
6.48 -0.00138271 0 0.203961 0
6.49 -0.0034154 0 0.203947 0
6.5 -0.0054378 0 0.203913 0
6.51 -0.00744973 0 0.203858 0
6.52 -0.00945107 0 0.203784 0
6.53 -0.0114417 0 0.203689 0
6.54 -0.0134213 0 0.203575 0
6.55 -0.01539 0 0.203441 0
6.56 -0.0173474 0 0.203287 0
6.57 -0.0192936 0 0.203113 0
6.58 -0.0212282 0 0.20292 0
6.59 -0.0231513 0 0.202708 0
6.6 -0.0250626 0 0.202477 0
6.61 -0.0269621 0 0.202226 0
6.62 -0.0288495 0 0.201956 0
6.63 -0.0307248 0 0.201668 0
6.64 -0.0325879 0 0.201361 0
6.65 -0.0344386 0 0.201035 0
6.66 -0.0362767 0 0.20069 0
6.67 -0.0381022 0 0.200328 0
6.68 -0.039915 0 0.199947 0
6.69 -0.0417149 0 0.199547 0
6.7 -0.0435018 0 0.19913 0
6.71 -0.0452756 0 0.198695 0
6.72 -0.0470362 0 0.198243 0
6.73 -0.0487834 0 0.197772 0
6.74 -0.0505172 0 0.197284 0
6.75 -0.0522375 0 0.196779 0
6.76 -0.0539441 0 0.196257 0
6.77 -0.0556369 0 0.195717 0
6.78 -0.0573159 0 0.195161 0
6.79 -0.0589809 0 0.194588 0
6.8 -0.0606319 0 0.193998 0
6.81 -0.0622687 0 0.193392 0
6.82 -0.0638913 0 0.192769 0
6.83 -0.0654995 0 0.19213 0
6.84 -0.0670933 0 0.191475 0
6.85 -0.0686726 0 0.190804 0
6.86 -0.0702373 0 0.190117 0
6.87 -0.0717873 0 0.189415 0
6.88 -0.0733225 0 0.188697 0
6.89 -0.0748429 0 0.187964 0
6.9 -0.0763483 0 0.187216 0
6.91 -0.0778387 0 0.186452 0
6.92 -0.079314 0 0.185674 0
6.93 -0.0807742 0 0.184881 0
6.94 -0.0822191 0 0.184073 0
6.95 -0.0836488 0 0.183251 0
6.96 -0.085063 0 0.182414 0
6.97 -0.0864619 0 0.181563 0
6.98 -0.0878452 0 0.180699 0
6.99 -0.0892129 0 0.17982 0
7 -0.0905651 0 0.178928 0
7.01 -0.0919015 0 0.178023 0
7.02 -0.0932223 0 0.177104 0
7.03 -0.0945272 0 0.176171 0
7.04 -0.0958163 0 0.175226 0
7.05 -0.0970894 0 0.174268 0
7.06 -0.0983467 0 0.173297 0
7.07 -0.0995879 0 0.172314 0
7.08 -0.100813 0 0.171318 0
7.09 -0.102022 0 0.17031 0
7.1 -0.103215 0 0.169289 0
7.11 -0.104392 0 0.168257 0
7.12 -0.105553 0 0.167213 0
7.13 -0.106697 0 0.166158 0
7.14 -0.107825 0 0.165091 0
7.15 -0.108937 0 0.164013 0
7.16 -0.110032 0 0.162923 0
7.17 -0.111111 0 0.161823 0
7.18 -0.112174 0 0.160712 0
7.19 -0.11322 0 0.15959 0
7.2 -0.11425 0 0.158458 0
7.21 -0.115263 0 0.157315 0
7.22 -0.11626 0 0.156163 0
7.23 -0.117241 0 0.155 0
7.24 -0.118204 0 0.153828 0
7.25 -0.119152 0 0.152646 0
7.26 -0.120082 0 0.151454 0
7.27 -0.120996 0 0.150253 0
7.28 -0.121894 0 0.149043 0
7.29 -0.122775 0 0.147824 0
7.3 -0.123639 0 0.146597 0
7.31 -0.124487 0 0.14536 0
7.32 -0.125318 0 0.144115 0
7.33 -0.126133 0 0.142862 0
7.34 -0.126931 0 0.141601 0
7.35 -0.127712 0 0.140332 0
7.36 -0.128477 0 0.139054 0
7.37 -0.129225 0 0.13777 0
7.38 -0.129957 0 0.136477 0
7.39 -0.130672 0 0.135178 0
7.4 -0.13137 0 0.133871 0
7.41 -0.132052 0 0.132557 0
7.42 -0.132717 0 0.131237 0
7.43 -0.133366 0 0.12991 0
7.44 -0.133998 0 0.128576 0
7.45 -0.134614 0 0.127236 0
7.46 -0.135213 0 0.12589 0
7.47 -0.135796 0 0.124538 0
7.48 -0.136363 0 0.12318 0
7.49 -0.136913 0 0.121816 0
7.5 -0.137446 0 0.120447 0
7.51 -0.137963 0 0.119073 0
7.52 -0.138464 0 0.117693 0
7.53 -0.138949 0 0.116308 0
7.54 -0.139417 0 0.114919 0
7.55 -0.139869 0 0.113525 0
7.56 -0.140305 0 0.112126 0
7.57 -0.140725 0 0.110723 0
7.58 -0.141129 0 0.109316 0
7.59 -0.141516 0 0.107904 0
7.6 -0.141888 0 0.106489 0
7.61 -0.142243 0 0.10507 0
7.62 -0.142583 0 0.103648 0
7.63 -0.142906 0 0.102222 0
7.64 -0.143214 0 0.100793 0
7.65 -0.143506 0 0.0993609 0
7.66 -0.143782 0 0.0979258 0
7.67 -0.144042 0 0.096488 0
7.68 -0.144287 0 0.0950476 0
7.69 -0.144516 0 0.0936047 0
7.7 -0.144729 0 0.0921596 0
7.71 -0.144927 0 0.0907123 0
7.72 -0.14511 0 0.089263 0
7.73 -0.145277 0 0.0878119 0
7.74 -0.145428 0 0.0863591 0
7.75 -0.145565 0 0.0849049 0
7.76 -0.145686 0 0.0834492 0
7.77 -0.145792 0 0.0819924 0
7.78 -0.145883 0 0.0805344 0
7.79 -0.145959 0 0.0790756 0
7.8 -0.14602 0 0.077616 0
7.81 -0.146066 0 0.0761558 0
7.82 -0.146097 0 0.0746951 0
7.83 -0.146114 0 0.0732342 0
7.84 -0.146116 0 0.071773 0
7.85 -0.146103 0 0.0703119 0
7.86 -0.146075 0 0.0688508 0
7.87 -0.146033 0 0.0673901 0
7.88 -0.145977 0 0.0659298 0
7.89 -0.145907 0 0.06447 0
7.9 -0.145822 0 0.0630109 0
7.91 -0.145723 0 0.0615527 0
7.92 -0.14561 0 0.0600955 0
7.93 -0.145483 0 0.0586394 0
7.94 -0.145342 0 0.0571846 0
7.95 -0.145187 0 0.0557311 0
7.96 -0.145018 0 0.0542793 0
7.97 -0.144836 0 0.0528291 0
7.98 -0.14464 0 0.0513807 0
7.99 -0.144431 0 0.0499343 0
8 -0.144208 0 0.04849 0
8.01 -0.143972 0 0.0470479 0
8.02 -0.143722 0 0.0456082 0
8.03 -0.14346 0 0.044171 0
8.04 -0.143184 0 0.0427364 0
8.05 -0.142896 0 0.0413046 0
8.06 -0.142594 0 0.0398756 0
8.07 -0.14228 0 0.0384497 0
8.08 -0.141953 0 0.0370269 0
8.09 -0.141613 0 0.0356073 0
8.1 -0.141262 0 0.0341912 0
8.11 -0.140897 0 0.0327786 0
8.12 -0.14052 0 0.0313696 0
8.13 -0.140132 0 0.0299644 0
8.14 -0.13973 0 0.0285631 0
8.15 -0.139317 0 0.0271658 0
8.16 -0.138893 0 0.0257726 0
8.17 -0.138456 0 0.0243837 0
8.18 -0.138007 0 0.0229991 0
8.19 -0.137547 0 0.0216191 0
8.2 -0.137076 0 0.0202436 0
8.21 -0.136593 0 0.0188728 0
8.22 -0.136099 0 0.0175069 0
8.23 -0.135593 0 0.0161459 0
8.24 -0.135077 0 0.01479 0
8.25 -0.134549 0 0.0134392 0
8.26 -0.134011 0 0.0120937 0
8.27 -0.133462 0 0.0107536 0
8.28 -0.132902 0 0.00941901 0
8.29 -0.132332 0 0.00808999 0
8.3 -0.131751 0 0.00676667 0
8.31 -0.13116 0 0.00544917 0
8.32 -0.130558 0 0.00413757 0
8.33 -0.129947 0 0.00283198 0
8.34 -0.129326 0 0.00153251 0
8.35 -0.128694 0 0.000239256 0
8.36 -0.128053 0 -0.00104769 0
8.37 -0.127403 0 -0.00232822 0
8.38 -0.126742 0 -0.00360224 0
8.39 -0.126072 0 -0.00486967 0
8.4 -0.125393 0 -0.00613039 0
8.41 -0.124705 0 -0.00738433 0
8.42 -0.124008 0 -0.00863138 0
8.43 -0.123301 0 -0.00987145 0
8.44 -0.122586 0 -0.0111045 0
8.45 -0.121862 0 -0.0123303 0
8.46 -0.12113 0 -0.013549 0
8.47 -0.120388 0 -0.0147602 0
8.48 -0.119639 0 -0.0159641 0
8.49 -0.118881 0 -0.0171605 0
8.5 -0.118115 0 -0.0183493 0
8.51 -0.117341 0 -0.0195305 0
8.52 -0.116559 0 -0.0207039 0
8.53 -0.115769 0 -0.0218695 0
8.54 -0.114972 0 -0.0230272 0
8.55 -0.114166 0 -0.0241769 0
8.56 -0.113354 0 -0.0253186 0
8.57 -0.112534 0 -0.0264521 0
8.58 -0.111707 0 -0.0275774 0
8.59 -0.110872 0 -0.0286945 0
8.6 -0.110031 0 -0.0298032 0
8.61 -0.109183 0 -0.0309035 0
8.62 -0.108328 0 -0.0319954 0
8.63 -0.107466 0 -0.0330786 0
8.64 -0.106598 0 -0.0341533 0
8.65 -0.105724 0 -0.0352193 0
8.66 -0.104843 0 -0.0362765 0
8.67 -0.103956 0 -0.037325 0
8.68 -0.103063 0 -0.0383645 0
8.69 -0.102164 0 -0.0393952 0
8.7 -0.101259 0 -0.0404168 0
8.71 -0.100349 0 -0.0414294 0
8.72 -0.0994327 0 -0.0424329 0
8.73 -0.0985112 0 -0.0434272 0
8.74 -0.0975844 0 -0.0444123 0
8.75 -0.0966523 0 -0.0453882 0
8.76 -0.0957152 0 -0.0463547 0
8.77 -0.0947731 0 -0.0473118 0
8.78 -0.0938261 0 -0.0482596 0
8.79 -0.0928744 0 -0.0491978 0
8.8 -0.091918 0 -0.0501266 0
8.81 -0.0909572 0 -0.0510457 0
8.82 -0.0899919 0 -0.0519553 0
8.83 -0.0890224 0 -0.0528552 0
8.84 -0.0880487 0 -0.0537455 0
8.85 -0.087071 0 -0.0546259 0
8.86 -0.0860894 0 -0.0554967 0
8.87 -0.085104 0 -0.0563576 0
8.88 -0.0841149 0 -0.0572086 0
8.89 -0.0831223 0 -0.0580497 0
8.9 -0.0821261 0 -0.058881 0
8.91 -0.0811267 0 -0.0597022 0
8.92 -0.0801241 0 -0.0605135 0
8.93 -0.0791183 0 -0.0613147 0
8.94 -0.0781096 0 -0.0621059 0
8.95 -0.077098 0 -0.062887 0
8.96 -0.0760836 0 -0.063658 0
8.97 -0.0750666 0 -0.0644188 0
8.98 -0.0740471 0 -0.0651695 0
8.99 -0.0730251 0 -0.06591 0
9 -0.0720009 0 -0.0666402 0
9.01 -0.0709745 0 -0.0673602 0
9.02 -0.069946 0 -0.06807 0
9.03 -0.0689156 0 -0.0687694 0
9.04 -0.0678833 0 -0.0694586 0
9.05 -0.0668493 0 -0.0701374 0
9.06 -0.0658137 0 -0.0708059 0
9.07 -0.0647766 0 -0.0714641 0
9.08 -0.0637381 0 -0.0721118 0
9.09 -0.0626983 0 -0.0727492 0
9.1 -0.0616573 0 -0.0733762 0
9.11 -0.0606152 0 -0.0739928 0
9.12 -0.0595722 0 -0.0745989 0
9.13 -0.0585284 0 -0.0751946 0
9.14 -0.0574838 0 -0.0757799 0
9.15 -0.0564386 0 -0.0763547 0
9.16 -0.0553928 0 -0.0769191 0
9.17 -0.0543467 0 -0.0774731 0
9.18 -0.0533002 0 -0.0780165 0
9.19 -0.0522535 0 -0.0785495 0
9.2 -0.0512068 0 -0.0790721 0
9.21 -0.05016 0 -0.0795841 0
9.22 -0.0491134 0 -0.0800857 0
9.23 -0.0480669 0 -0.0805769 0
9.24 -0.0470208 0 -0.0810575 0
9.25 -0.0459752 0 -0.0815277 0
9.26 -0.04493 0 -0.0819875 0
9.27 -0.0438855 0 -0.0824368 0
9.28 -0.0428417 0 -0.0828757 0
9.29 -0.0417987 0 -0.0833041 0
9.3 -0.0407567 0 -0.0837221 0
9.31 -0.0397157 0 -0.0841296 0
9.32 -0.0386758 0 -0.0845268 0
9.33 -0.0376372 0 -0.0849135 0
9.34 -0.0365998 0 -0.0852899 0
9.35 -0.0355639 0 -0.0856559 0
9.36 -0.0345296 0 -0.0860115 0
9.37 -0.0334968 0 -0.0863568 0
9.38 -0.0324658 0 -0.0866918 0
9.39 -0.0314365 0 -0.0870165 0
9.4 -0.0304092 0 -0.0873308 0
9.41 -0.0293838 0 -0.0876349 0
9.42 -0.0283605 0 -0.0879288 0
9.43 -0.0273394 0 -0.0882124 0
9.44 -0.0263206 0 -0.0884858 0
9.45 -0.0253042 0 -0.088749 0
9.46 -0.0242902 0 -0.089002 0
9.47 -0.0232787 0 -0.0892449 0
9.48 -0.0222698 0 -0.0894777 0
9.49 -0.0212637 0 -0.0897004 0
9.5 -0.0202604 0 -0.089913 0
9.51 -0.01926 0 -0.0901156 0
9.52 -0.0182625 0 -0.0903082 0
9.53 -0.0172681 0 -0.0904909 0
9.54 -0.0162769 0 -0.0906635 0
9.55 -0.0152888 0 -0.0908263 0
9.56 -0.0143041 0 -0.0909792 0
9.57 -0.0133228 0 -0.0911222 0
9.58 -0.012345 0 -0.0912555 0
9.59 -0.0113707 0 -0.0913789 0
9.6 -0.0104001 0 -0.0914926 0
9.61 -0.00943314 0 -0.0915966 0
9.62 -0.00847 0 -0.091691 0
9.63 -0.00751074 0 -0.0917757 0
9.64 -0.00655543 0 -0.0918508 0
9.65 -0.00560415 0 -0.0919163 0
9.66 -0.00465696 0 -0.0919724 0
9.67 -0.00371396 0 -0.0920189 0
9.68 -0.0027752 0 -0.0920561 0
9.69 -0.00184076 0 -0.0920838 0
9.7 -0.000910718 0 -0.0921022 0
9.71 1.48579e-05 0 -0.0921113 0
9.72 0.000935897 0 -0.0921112 0
9.73 0.00185233 0 -0.0921018 0
9.74 0.00276409 0 -0.0920833 0
9.75 0.0036711 0 -0.0920557 0
9.76 0.0045733 0 -0.092019 0
9.77 0.00547062 0 -0.0919732 0
9.78 0.006363 0 -0.0919185 0
9.79 0.00725037 0 -0.0918549 0
9.8 0.00813267 0 -0.0917824 0
9.81 0.00900983 0 -0.0917011 0
9.82 0.00988179 0 -0.091611 0
9.83 0.0107485 0 -0.0915121 0
9.84 0.0116099 0 -0.0914047 0
9.85 0.0124659 0 -0.0912886 0
9.86 0.0133164 0 -0.0911639 0
9.87 0.0141615 0 -0.0910307 0
9.88 0.015001 0 -0.0908891 0
9.89 0.0158349 0 -0.0907391 0
9.9 0.0166631 0 -0.0905808 0
9.91 0.0174856 0 -0.0904141 0
9.92 0.0183023 0 -0.0902393 0
9.93 0.0191132 0 -0.0900563 0
9.94 0.0199182 0 -0.0898651 0
9.95 0.0207172 0 -0.0896659 0
9.96 0.0215103 0 -0.0894588 0
9.97 0.0222973 0 -0.0892437 0
9.98 0.0230783 0 -0.0890207 0
9.99 0.0238531 0 -0.0887899 0
10 0.0246217 0 -0.0885514 0
10.01 0.0253841 0 -0.0883052 0
10.02 0.0261403 0 -0.0880513 0
10.03 0.0268901 0 -0.0877899 0
10.04 0.0276335 0 -0.087521 0
10.05 0.0283706 0 -0.0872447 0
10.06 0.0291012 0 -0.086961 0
10.07 0.0298253 0 -0.08667 0
10.08 0.0305428 0 -0.0863717 0
10.09 0.0312538 0 -0.0860663 0
10.1 0.0319582 0 -0.0857537 0
10.11 0.032656 0 -0.0854342 0
10.12 0.0333471 0 -0.0851076 0
10.13 0.0340314 0 -0.0847741 0
10.14 0.034709 0 -0.0844338 0
10.15 0.0353798 0 -0.0840867 0
10.16 0.0360437 0 -0.0837329 0
10.17 0.0367008 0 -0.0833725 0
10.18 0.0373511 0 -0.0830055 0
10.19 0.0379944 0 -0.082632 0
10.2 0.0386307 0 -0.082252 0
10.21 0.0392601 0 -0.0818657 0
10.22 0.0398824 0 -0.0814731 0
10.23 0.0404978 0 -0.0810743 0
10.24 0.041106 0 -0.0806693 0
10.25 0.0417072 0 -0.0802583 0
10.26 0.0423012 0 -0.0798412 0
10.27 0.0428881 0 -0.0794182 0
10.28 0.0434679 0 -0.0789893 0
10.29 0.0440404 0 -0.0785546 0
10.3 0.0446058 0 -0.0781142 0
10.31 0.0451639 0 -0.0776682 0
10.32 0.0457147 0 -0.0772165 0
10.33 0.0462583 0 -0.0767594 0
10.34 0.0467946 0 -0.0762968 0
10.35 0.0473236 0 -0.0758288 0
10.36 0.0478453 0 -0.0753556 0
10.37 0.0483596 0 -0.0748771 0
10.38 0.0488666 0 -0.0743935 0
10.39 0.0493662 0 -0.0739049 0
10.4 0.0498584 0 -0.0734112 0
10.41 0.0503432 0 -0.0729126 0
10.42 0.0508207 0 -0.0724092 0
10.43 0.0512906 0 -0.071901 0
10.44 0.0517532 0 -0.0713881 0
10.45 0.0522083 0 -0.0708706 0
10.46 0.052656 0 -0.0703485 0
10.47 0.0530962 0 -0.0698219 0
10.48 0.0535289 0 -0.069291 0
10.49 0.0539542 0 -0.0687557 0
10.5 0.054372 0 -0.0682161 0
10.51 0.0547823 0 -0.0676724 0
10.52 0.0551851 0 -0.0671246 0
10.53 0.0555804 0 -0.0665727 0
10.54 0.0559682 0 -0.0660169 0
10.55 0.0563486 0 -0.0654572 0
10.56 0.0567214 0 -0.0648938 0
10.57 0.0570867 0 -0.0643265 0
10.58 0.0574446 0 -0.0637557 0
10.59 0.0577949 0 -0.0631812 0
10.6 0.0581377 0 -0.0626033 0
10.61 0.0584731 0 -0.0620219 0
10.62 0.0588009 0 -0.0614372 0
10.63 0.0591213 0 -0.0608492 0
10.64 0.0594342 0 -0.060258 0
10.65 0.0597396 0 -0.0596636 0
10.66 0.0600375 0 -0.0590662 0
10.67 0.060328 0 -0.0584658 0
10.68 0.060611 0 -0.0578626 0
10.69 0.0608866 0 -0.0572564 0
10.7 0.0611547 0 -0.0566476 0
10.71 0.0614154 0 -0.056036 0
10.72 0.0616687 0 -0.0554219 0
10.73 0.0619146 0 -0.0548052 0
10.74 0.0621531 0 -0.054186 0
10.75 0.0623842 0 -0.0535645 0
10.76 0.0626079 0 -0.0529407 0
10.77 0.0628242 0 -0.0523146 0
10.78 0.0630333 0 -0.0516864 0
10.79 0.063235 0 -0.051056 0
10.8 0.0634294 0 -0.0504237 0
10.81 0.0636164 0 -0.0497894 0
10.82 0.0637963 0 -0.0491532 0
10.83 0.0639688 0 -0.0485153 0
10.84 0.0641341 0 -0.0478756 0
10.85 0.0642922 0 -0.0472342 0
10.86 0.0644431 0 -0.0465913 0
10.87 0.0645868 0 -0.0459469 0
10.88 0.0647233 0 -0.045301 0
10.89 0.0648527 0 -0.0446538 0
10.9 0.064975 0 -0.0440052 0
10.91 0.0650902 0 -0.0433555 0
10.92 0.0651983 0 -0.0427046 0
10.93 0.0652993 0 -0.0420526 0
10.94 0.0653933 0 -0.0413996 0
10.95 0.0654804 0 -0.0407457 0
10.96 0.0655604 0 -0.0400909 0
10.97 0.0656335 0 -0.0394353 0
10.98 0.0656997 0 -0.0387789 0
10.99 0.065759 0 -0.0381219 0
11 0.0658114 0 -0.0374644 0
11.01 0.065857 0 -0.0368062 0
11.02 0.0658958 0 -0.0361477 0
11.03 0.0659278 0 -0.0354887 0
11.04 0.065953 0 -0.0348294 0
11.05 0.0659716 0 -0.0341699 0
11.06 0.0659834 0 -0.0335102 0
11.07 0.0659886 0 -0.0328504 0
11.08 0.0659872 0 -0.0321905 0
11.09 0.0659791 0 -0.0315306 0
11.1 0.0659645 0 -0.0308708 0
11.11 0.0659434 0 -0.0302112 0
11.12 0.0659158 0 -0.0295517 0
11.13 0.0658818 0 -0.0288926 0
11.14 0.0658413 0 -0.0282337 0
11.15 0.0657944 0 -0.0275753 0
11.16 0.0657412 0 -0.0269174 0
11.17 0.0656817 0 -0.02626 0
11.18 0.0656158 0 -0.0256032 0
11.19 0.0655438 0 -0.024947 0
11.2 0.0654655 0 -0.0242916 0
11.21 0.0653811 0 -0.0236369 0
11.22 0.0652906 0 -0.0229831 0
11.23 0.065194 0 -0.0223302 0
11.24 0.0650913 0 -0.0216783 0
11.25 0.0649826 0 -0.0210273 0
11.26 0.064868 0 -0.0203775 0
11.27 0.0647474 0 -0.0197288 0
11.28 0.064621 0 -0.0190814 0
11.29 0.0644887 0 -0.0184351 0
11.3 0.0643506 0 -0.0177903 0
11.31 0.0642067 0 -0.0171468 0
11.32 0.0640572 0 -0.0165047 0
11.33 0.0639019 0 -0.0158641 0
11.34 0.0637411 0 -0.0152251 0
11.35 0.0635746 0 -0.0145877 0
11.36 0.0634026 0 -0.0139519 0
11.37 0.0632251 0 -0.0133179 0
11.38 0.0630422 0 -0.0126857 0
11.39 0.0628538 0 -0.0120552 0
11.4 0.0626601 0 -0.0114267 0
11.41 0.0624611 0 -0.0108001 0
11.42 0.0622568 0 -0.0101755 0
11.43 0.0620472 0 -0.00955292 0
11.44 0.0618325 0 -0.00893245 0
11.45 0.0616127 0 -0.00831413 0
11.46 0.0613878 0 -0.007698 0
11.47 0.0611578 0 -0.00708412 0
11.48 0.0609229 0 -0.00647254 0
11.49 0.060683 0 -0.00586331 0
11.5 0.0604382 0 -0.00525648 0
11.51 0.0601886 0 -0.0046521 0
11.52 0.0599342 0 -0.00405022 0
11.53 0.059675 0 -0.00345088 0
11.54 0.0594111 0 -0.00285413 0
11.55 0.0591426 0 -0.00226001 0
11.56 0.0588695 0 -0.00166859 0
11.57 0.0585918 0 -0.00107989 0
11.58 0.0583097 0 -0.000493975 0
11.59 0.0580231 0 8.9122e-05 0
11.6 0.0577321 0 0.000669353 0
11.61 0.0574367 0 0.00124667 0
11.62 0.0571371 0 0.00182104 0
11.63 0.0568332 0 0.00239241 0
11.64 0.0565251 0 0.00296074 0
11.65 0.0562128 0 0.00352599 0
11.66 0.0558965 0 0.00408812 0
11.67 0.0555761 0 0.00464709 0
11.68 0.0552518 0 0.00520285 0
11.69 0.0549235 0 0.00575537 0
11.7 0.0545913 0 0.0063046 0
11.71 0.0542553 0 0.00685051 0
11.72 0.0539156 0 0.00739307 0
11.73 0.053572 0 0.00793222 0
11.74 0.0532249 0 0.00846794 0
11.75 0.0528741 0 0.00900019 0
11.76 0.0525197 0 0.00952893 0
11.77 0.0521618 0 0.0100541 0
11.78 0.0518004 0 0.0105757 0
11.79 0.0514357 0 0.0110938 0
11.8 0.0510676 0 0.0116081 0
11.81 0.0506962 0 0.0121188 0
11.82 0.0503215 0 0.0126257 0
11.83 0.0499436 0 0.013129 0
11.84 0.0495626 0 0.0136284 0
11.85 0.0491785 0 0.014124 0
11.86 0.0487914 0 0.0146158 0
11.87 0.0484013 0 0.0151037 0
11.88 0.0480082 0 0.0155877 0
11.89 0.0476123 0 0.0160678 0
11.9 0.0472136 0 0.0165439 0
11.91 0.0468121 0 0.0170161 0
11.92 0.0464078 0 0.0174842 0
11.93 0.046001 0 0.0179483 0
11.94 0.0455915 0 0.0184083 0
11.95 0.0451794 0 0.0188642 0
11.96 0.0447649 0 0.019316 0
11.97 0.0443479 0 0.0197636 0
11.98 0.0439285 0 0.0202071 0
11.99 0.0435068 0 0.0206464 0
12 0.0430828 0 0.0210815 0
12.01 0.0426566 0 0.0215123 0
12.02 0.0422282 0 0.0219389 0
12.03 0.0417977 0 0.0223611 0
12.04 0.0413651 0 0.0227791 0
12.05 0.0409304 0 0.0231928 0
12.06 0.0404939 0 0.0236021 0
12.07 0.0400554 0 0.024007 0
12.08 0.039615 0 0.0244076 0
12.09 0.0391729 0 0.0248037 0
12.1 0.038729 0 0.0251955 0
12.11 0.0382834 0 0.0255827 0
12.12 0.0378361 0 0.0259656 0
12.13 0.0373873 0 0.0263439 0
12.14 0.0369369 0 0.0267178 0
12.15 0.036485 0 0.0270872 0
12.16 0.0360317 0 0.027452 0
12.17 0.0355771 0 0.0278123 0
12.18 0.0351211 0 0.0281681 0
12.19 0.0346638 0 0.0285193 0
12.2 0.0342053 0 0.028866 0
12.21 0.0337456 0 0.029208 0
12.22 0.0332848 0 0.0295455 0
12.23 0.0328229 0 0.0298783 0
12.24 0.03236 0 0.0302066 0
12.25 0.0318961 0 0.0305302 0
12.26 0.0314313 0 0.0308491 0
12.27 0.0309657 0 0.0311634 0
12.28 0.0304992 0 0.0314731 0
12.29 0.030032 0 0.0317781 0
12.3 0.0295641 0 0.0320784 0
12.31 0.0290955 0 0.032374 0
12.32 0.0286262 0 0.032665 0
12.33 0.0281565 0 0.0329513 0
12.34 0.0276862 0 0.0332328 0
12.35 0.0272154 0 0.0335097 0
12.36 0.0267442 0 0.0337818 0
12.37 0.0262727 0 0.0340493 0
12.38 0.0258008 0 0.034312 0
12.39 0.0253287 0 0.03457 0
12.4 0.0248564 0 0.0348233 0
12.41 0.0243839 0 0.0350719 0
12.42 0.0239112 0 0.0353157 0
12.43 0.0234385 0 0.0355548 0
12.44 0.0229658 0 0.0357892 0
12.45 0.022493 0 0.0360189 0
12.46 0.0220204 0 0.0362438 0
12.47 0.0215479 0 0.036464 0
12.48 0.0210755 0 0.0366795 0
12.49 0.0206033 0 0.0368902 0
12.5 0.0201314 0 0.0370963 0
12.51 0.0196598 0 0.0372976 0
12.52 0.0191885 0 0.0374942 0
12.53 0.0187176 0 0.0376861 0
12.54 0.0182472 0 0.0378732 0
12.55 0.0177772 0 0.0380557 0
12.56 0.0173077 0 0.0382335 0
12.57 0.0168389 0 0.0384065 0
12.58 0.0163706 0 0.0385749 0
12.59 0.015903 0 0.0387386 0
12.6 0.0154361 0 0.0388977 0
12.61 0.0149699 0 0.039052 0
12.62 0.0145046 0 0.0392017 0
12.63 0.01404 0 0.0393468 0
12.64 0.0135764 0 0.0394872 0
12.65 0.0131136 0 0.0396229 0
12.66 0.0126518 0 0.0397541 0
12.67 0.012191 0 0.0398806 0
12.68 0.0117313 0 0.0400025 0
12.69 0.0112726 0 0.0401198 0
12.7 0.010815 0 0.0402325 0
12.71 0.0103586 0 0.0403407 0
12.72 0.00990342 0 0.0404443 0
12.73 0.00944946 0 0.0405433 0
12.74 0.00899678 0 0.0406378 0
12.75 0.00854541 0 0.0407278 0
12.76 0.00809541 0 0.0408132 0
12.77 0.0076468 0 0.0408942 0
12.78 0.00719962 0 0.0409707 0
12.79 0.00675392 0 0.0410427 0
12.8 0.00630972 0 0.0411102 0
12.81 0.00586707 0 0.0411733 0
12.82 0.005426 0 0.041232 0
12.83 0.00498655 0 0.0412862 0
12.84 0.00454876 0 0.0413361 0
12.85 0.00411265 0 0.0413816 0
12.86 0.00367828 0 0.0414227 0
12.87 0.00324566 0 0.0414595 0
12.88 0.00281483 0 0.0414919 0
12.89 0.00238584 0 0.0415201 0
12.9 0.00195871 0 0.0415439 0
12.91 0.00153348 0 0.0415635 0
12.92 0.00111017 0 0.0415789 0
12.93 0.000688835 0 0.04159 0
12.94 0.000269491 0 0.0415969 0
12.95 -0.000147825 0 0.0415996 0
12.96 -0.000563081 0 0.0415981 0
12.97 -0.000976246 0 0.0415924 0
12.98 -0.00138729 0 0.0415827 0
12.99 -0.00179618 0 0.0415688 0
13 -0.00220289 0 0.0415508 0
13.01 -0.00260738 0 0.0415288 0
13.02 -0.00300963 0 0.0415027 0
13.03 -0.00340961 0 0.0414726 0
13.04 -0.00380729 0 0.0414386 0
13.05 -0.00420264 0 0.0414005 0
13.06 -0.00459563 0 0.0413585 0
13.07 -0.00498624 0 0.0413125 0
13.08 -0.00537443 0 0.0412626 0
13.09 -0.00576019 0 0.0412089 0
13.1 -0.00614347 0 0.0411513 0
13.11 -0.00652427 0 0.0410899 0
13.12 -0.00690255 0 0.0410246 0
13.13 -0.00727828 0 0.0409556 0
13.14 -0.00765144 0 0.0408828 0
13.15 -0.00802201 0 0.0408063 0
13.16 -0.00838997 0 0.0407261 0
13.17 -0.00875528 0 0.0406422 0
13.18 -0.00911792 0 0.0405546 0
13.19 -0.00947788 0 0.0404634 0
13.2 -0.00983512 0 0.0403687 0
13.21 -0.0101896 0 0.0402703 0
13.22 -0.0105414 0 0.0401684 0
13.23 -0.0108904 0 0.040063 0
13.24 -0.0112365 0 0.0399541 0
13.25 -0.0115799 0 0.0398417 0
13.26 -0.0119204 0 0.0397259 0
13.27 -0.0122581 0 0.0396067 0
13.28 -0.0125929 0 0.0394841 0
13.29 -0.0129247 0 0.0393582 0
13.3 -0.0132537 0 0.039229 0
13.31 -0.0135797 0 0.0390964 0
13.32 -0.0139028 0 0.0389606 0
13.33 -0.0142229 0 0.0388216 0
13.34 -0.01454 0 0.0386794 0
13.35 -0.0148541 0 0.038534 0
13.36 -0.0151651 0 0.0383854 0
13.37 -0.0154732 0 0.0382338 0
13.38 -0.0157781 0 0.0380791 0
13.39 -0.01608 0 0.0379213 0
13.4 -0.0163788 0 0.0377605 0
13.41 -0.0166746 0 0.0375967 0
13.42 -0.0169672 0 0.0374299 0
13.43 -0.0172566 0 0.0372603 0
13.44 -0.0175429 0 0.0370877 0
13.45 -0.0178261 0 0.0369123 0
13.46 -0.0181061 0 0.036734 0
13.47 -0.0183829 0 0.0365529 0
13.48 -0.0186565 0 0.0363691 0
13.49 -0.0189269 0 0.0361826 0
13.5 -0.0191941 0 0.0359933 0
13.51 -0.0194581 0 0.0358013 0
13.52 -0.0197188 0 0.0356068 0
13.53 -0.0199763 0 0.0354096 0
13.54 -0.0202305 0 0.0352098 0
13.55 -0.0204814 0 0.0350075 0
13.56 -0.0207291 0 0.0348027 0
13.57 -0.0209735 0 0.0345954 0
13.58 -0.0212146 0 0.0343857 0
13.59 -0.0214524 0 0.0341735 0
13.6 -0.0216868 0 0.033959 0
13.61 -0.021918 0 0.0337421 0
13.62 -0.0221458 0 0.0335229 0
13.63 -0.0223703 0 0.0333015 0
13.64 -0.0225915 0 0.0330778 0
13.65 -0.0228093 0 0.0328519 0
13.66 -0.0230238 0 0.0326238 0
13.67 -0.0232349 0 0.0323935 0
13.68 -0.0234427 0 0.0321612 0
13.69 -0.023647 0 0.0319268 0
13.7 -0.0238481 0 0.0316903 0
13.71 -0.0240457 0 0.0314518 0
13.72 -0.02424 0 0.0312114 0
13.73 -0.0244309 0 0.030969 0
13.74 -0.0246185 0 0.0307246 0
13.75 -0.0248026 0 0.0304785 0
13.76 -0.0249834 0 0.0302304 0
13.77 -0.0251608 0 0.0299806 0
13.78 -0.0253348 0 0.029729 0
13.79 -0.0255054 0 0.0294756 0
13.8 -0.0256726 0 0.0292206 0
13.81 -0.0258365 0 0.0289639 0
13.82 -0.0259969 0 0.0287055 0
13.83 -0.026154 0 0.0284455 0
13.84 -0.0263077 0 0.028184 0
13.85 -0.026458 0 0.0279209 0
13.86 -0.0266049 0 0.0276563 0
13.87 -0.0267485 0 0.0273903 0
13.88 -0.0268886 0 0.0271228 0
13.89 -0.0270254 0 0.0268539 0
13.9 -0.0271588 0 0.0265837 0
13.91 -0.0272889 0 0.0263121 0
13.92 -0.0274155 0 0.0260392 0
13.93 -0.0275388 0 0.025765 0
13.94 -0.0276588 0 0.0254896 0
13.95 -0.0277754 0 0.0252131 0
13.96 -0.0278887 0 0.0249353 0
13.97 -0.0279986 0 0.0246564 0
13.98 -0.0281051 0 0.0243764 0
13.99 -0.0282084 0 0.0240954 0
14 -0.0283083 0 0.0238133 0
14.01 -0.0284049 0 0.0235302 0
14.02 -0.0284982 0 0.0232462 0
14.03 -0.0285881 0 0.0229612 0
14.04 -0.0286748 0 0.0226753 0
14.05 -0.0287582 0 0.0223885 0
14.06 -0.0288383 0 0.022101 0
14.07 -0.0289151 0 0.0218126 0
14.08 -0.0289886 0 0.0215234 0
14.09 -0.0290589 0 0.0212335 0
14.1 -0.029126 0 0.020943 0
14.11 -0.0291898 0 0.0206517 0
14.12 -0.0292503 0 0.0203598 0
14.13 -0.0293077 0 0.0200673 0
14.14 -0.0293618 0 0.0197742 0
14.15 -0.0294128 0 0.0194806 0
14.16 -0.0294605 0 0.0191865 0
14.17 -0.0295051 0 0.0188919 0
14.18 -0.0295465 0 0.0185968 0
14.19 -0.0295847 0 0.0183014 0
14.2 -0.0296198 0 0.0180055 0
14.21 -0.0296517 0 0.0177093 0
14.22 -0.0296806 0 0.0174128 0
14.23 -0.0297063 0 0.017116 0
14.24 -0.0297289 0 0.0168189 0
14.25 -0.0297485 0 0.0165216 0
14.26 -0.0297649 0 0.0162241 0
14.27 -0.0297784 0 0.0159265 0
14.28 -0.0297887 0 0.0156287 0
14.29 -0.0297961 0 0.0153308 0
14.3 -0.0298004 0 0.0150329 0
14.31 -0.0298017 0 0.0147349 0
14.32 -0.0298001 0 0.0144368 0
14.33 -0.0297954 0 0.0141388 0
14.34 -0.0297879 0 0.0138409 0
14.35 -0.0297773 0 0.013543 0
14.36 -0.0297639 0 0.0132452 0
14.37 -0.0297475 0 0.0129476 0
14.38 -0.0297282 0 0.0126501 0
14.39 -0.0297061 0 0.0123528 0
14.4 -0.0296811 0 0.0120558 0
14.41 -0.0296532 0 0.011759 0
14.42 -0.0296226 0 0.0114624 0
14.43 -0.0295891 0 0.0111662 0
14.44 -0.0295528 0 0.0108703 0
14.45 -0.0295137 0 0.0105748 0
14.46 -0.0294719 0 0.0102797 0
14.47 -0.0294274 0 0.00998494 0
14.48 -0.0293801 0 0.00969066 0
14.49 -0.0293301 0 0.00939686 0
14.5 -0.0292774 0 0.00910356 0
14.51 -0.029222 0 0.00881079 0
14.52 -0.029164 0 0.00851857 0
14.53 -0.0291034 0 0.00822693 0
14.54 -0.0290402 0 0.00793589 0
14.55 -0.0289743 0 0.00764549 0
14.56 -0.0289059 0 0.00735575 0
14.57 -0.0288349 0 0.00706669 0
14.58 -0.0287614 0 0.00677834 0
14.59 -0.0286854 0 0.00649073 0
14.6 -0.0286069 0 0.00620387 0
14.61 -0.0285259 0 0.0059178 0
14.62 -0.0284424 0 0.00563255 0
14.63 -0.0283565 0 0.00534812 0
14.64 -0.0282682 0 0.00506456 0
14.65 -0.0281775 0 0.00478187 0
14.66 -0.0280845 0 0.0045001 0
14.67 -0.0279891 0 0.00421925 0
14.68 -0.0278913 0 0.00393936 0
14.69 -0.0277912 0 0.00366045 0
14.7 -0.0276889 0 0.00338254 0
14.71 -0.0275843 0 0.00310565 0
14.72 -0.0274774 0 0.00282981 0
14.73 -0.0273683 0 0.00255503 0
14.74 -0.027257 0 0.00228135 0
14.75 -0.0271435 0 0.00200878 0
14.76 -0.0270279 0 0.00173734 0
14.77 -0.0269102 0 0.00146706 0
14.78 -0.0267903 0 0.00119796 0
14.79 -0.0266683 0 0.00093006 0
14.8 -0.0265443 0 0.000663377 0
14.81 -0.0264182 0 0.000397934 0
14.82 -0.0262901 0 0.000133753 0
14.83 -0.0261599 0 -0.000129148 0
14.84 -0.0260279 0 -0.000390747 0
14.85 -0.0258938 0 -0.000651026 0
14.86 -0.0257578 0 -0.000909964 0
14.87 -0.0256199 0 -0.00116754 0
14.88 -0.0254802 0 -0.00142374 0
14.89 -0.0253385 0 -0.00167854 0
14.9 -0.0251951 0 -0.00193193 0
14.91 -0.0250498 0 -0.00218388 0
14.92 -0.0249027 0 -0.00243438 0
14.93 -0.0247538 0 -0.0026834 0
14.94 -0.0246032 0 -0.00293094 0
14.95 -0.0244509 0 -0.00317697 0
14.96 -0.0242969 0 -0.00342148 0
14.97 -0.0241412 0 -0.00366445 0
14.98 -0.0239838 0 -0.00390586 0
14.99 -0.0238248 0 -0.0041457 0
15 -0.0236643 0 -0.00438395 0
15.01 -0.0235021 0 -0.00462059 0
15.02 -0.0233384 0 -0.00485561 0
15.03 -0.0231731 0 -0.005089 0
15.04 -0.0230064 0 -0.00532073 0
15.05 -0.0228381 0 -0.00555079 0
15.06 -0.0226684 0 -0.00577917 0
15.07 -0.0224973 0 -0.00600586 0
15.08 -0.0223248 0 -0.00623083 0
15.09 -0.0221508 0 -0.00645408 0
15.1 -0.0219755 0 -0.00667559 0
15.11 -0.0217989 0 -0.00689534 0
15.12 -0.0216209 0 -0.00711333 0
15.13 -0.0214417 0 -0.00732954 0
15.14 -0.0212612 0 -0.00754396 0
15.15 -0.0210795 0 -0.00775657 0
15.16 -0.0208965 0 -0.00796736 0
15.17 -0.0207123 0 -0.00817633 0
15.18 -0.020527 0 -0.00838345 0
15.19 -0.0203405 0 -0.00858872 0
15.2 -0.020153 0 -0.00879213 0
15.21 -0.0199643 0 -0.00899366 0
15.22 -0.0197745 0 -0.0091933 0
15.23 -0.0195837 0 -0.00939104 0
15.24 -0.0193919 0 -0.00958688 0
15.25 -0.019199 0 -0.0097808 0
15.26 -0.0190052 0 -0.00997279 0
15.27 -0.0188105 0 -0.0101628 0
15.28 -0.0186148 0 -0.0103509 0
15.29 -0.0184182 0 -0.0105371 0
15.3 -0.0182208 0 -0.0107213 0
15.31 -0.0180224 0 -0.0109035 0
15.32 -0.0178233 0 -0.0110837 0
15.33 -0.0176233 0 -0.0112619 0
15.34 -0.0174226 0 -0.0114382 0
15.35 -0.0172211 0 -0.0116124 0
15.36 -0.0170189 0 -0.0117846 0
15.37 -0.0168159 0 -0.0119548 0
15.38 -0.0166123 0 -0.012123 0
15.39 -0.016408 0 -0.0122891 0
15.4 -0.0162031 0 -0.0124532 0
15.41 -0.0159975 0 -0.0126152 0
15.42 -0.0157914 0 -0.0127752 0
15.43 -0.0155847 0 -0.0129331 0
15.44 -0.0153774 0 -0.0130889 0
15.45 -0.0151697 0 -0.0132427 0
15.46 -0.0149614 0 -0.0133944 0
15.47 -0.0147526 0 -0.013544 0
15.48 -0.0145434 0 -0.0136915 0
15.49 -0.0143338 0 -0.013837 0
15.5 -0.0141238 0 -0.0139803 0
15.51 -0.0139133 0 -0.0141216 0
15.52 -0.0137026 0 -0.0142607 0
15.53 -0.0134914 0 -0.0143977 0
15.54 -0.01328 0 -0.0145326 0
15.55 -0.0130683 0 -0.0146654 0
15.56 -0.0128563 0 -0.0147961 0
15.57 -0.012644 0 -0.0149247 0
15.58 -0.0124316 0 -0.0150511 0
15.59 -0.0122189 0 -0.0151754 0
15.6 -0.0120061 0 -0.0152976 0
15.61 -0.0117931 0 -0.0154177 0
15.62 -0.0115799 0 -0.0155356 0
15.63 -0.0113667 0 -0.0156514 0
15.64 -0.0111533 0 -0.0157651 0
15.65 -0.0109399 0 -0.0158766 0
15.66 -0.0107264 0 -0.015986 0
15.67 -0.0105129 0 -0.0160933 0
15.68 -0.0102994 0 -0.0161984 0
15.69 -0.010086 0 -0.0163014 0
15.7 -0.00987251 0 -0.0164023 0
15.71 -0.00965913 0 -0.016501 0
15.72 -0.00944582 0 -0.0165976 0
15.73 -0.00923261 0 -0.016692 0
15.74 -0.00901953 0 -0.0167844 0
15.75 -0.00880659 0 -0.0168746 0
15.76 -0.00859381 0 -0.0169626 0
15.77 -0.00838122 0 -0.0170486 0
15.78 -0.00816883 0 -0.0171324 0
15.79 -0.00795666 0 -0.0172141 0
15.8 -0.00774473 0 -0.0172936 0
15.81 -0.00753307 0 -0.0173711 0
15.82 -0.0073217 0 -0.0174464 0
15.83 -0.00711062 0 -0.0175196 0
15.84 -0.00689988 0 -0.0175907 0
15.85 -0.00668947 0 -0.0176597 0
15.86 -0.00647942 0 -0.0177266 0
15.87 -0.00626976 0 -0.0177914 0
15.88 -0.0060605 0 -0.0178541 0
15.89 -0.00585165 0 -0.0179147 0
15.9 -0.00564325 0 -0.0179732 0
15.91 -0.0054353 0 -0.0180297 0
15.92 -0.00522783 0 -0.018084 0
15.93 -0.00502085 0 -0.0181363 0
15.94 -0.00481438 0 -0.0181865 0
15.95 -0.00460844 0 -0.0182346 0
15.96 -0.00440306 0 -0.0182807 0
15.97 -0.00419823 0 -0.0183248 0
15.98 -0.00399399 0 -0.0183667 0
15.99 -0.00379036 0 -0.0184067 0
16 -0.00358734 0 -0.0184446 0
16.01 -0.00338496 0 -0.0184805 0
16.02 -0.00318323 0 -0.0185143 0
16.03 -0.00298217 0 -0.0185461 0
16.04 -0.00278179 0 -0.018576 0
16.05 -0.00258213 0 -0.0186038 0
16.06 -0.00238318 0 -0.0186296 0
16.07 -0.00218497 0 -0.0186534 0
16.08 -0.00198751 0 -0.0186753 0
16.09 -0.00179082 0 -0.0186952 0
16.1 -0.00159491 0 -0.0187131 0
16.11 -0.00139981 0 -0.018729 0
16.12 -0.00120552 0 -0.018743 0
16.13 -0.00101206 0 -0.0187551 0
16.14 -0.000819447 0 -0.0187652 0
16.15 -0.000627698 0 -0.0187734 0
16.16 -0.000436826 0 -0.0187797 0
16.17 -0.000246845 0 -0.018784 0
16.18 -5.77704e-05 0 -0.0187865 0
16.19 0.000130383 0 -0.0187871 0
16.2 0.000317602 0 -0.0187858 0
16.21 0.000503872 0 -0.0187826 0
16.22 0.000689179 0 -0.0187776 0
16.23 0.000873508 0 -0.0187707 0
16.24 0.00105685 0 -0.0187619 0
16.25 0.00123918 0 -0.0187514 0
16.26 0.0014205 0 -0.018739 0
16.27 0.00160079 0 -0.0187248 0
16.28 0.00178003 0 -0.0187088 0
16.29 0.00195822 0 -0.018691 0
16.3 0.00213534 0 -0.0186714 0
16.31 0.00231137 0 -0.01865 0
16.32 0.00248632 0 -0.0186269 0
16.33 0.00266015 0 -0.018602 0
16.34 0.00283287 0 -0.0185754 0
16.35 0.00300446 0 -0.0185471 0
16.36 0.00317491 0 -0.0185171 0
16.37 0.00334421 0 -0.0184853 0
16.38 0.00351234 0 -0.0184519 0
16.39 0.0036793 0 -0.0184168 0
16.4 0.00384507 0 -0.01838 0
16.41 0.00400964 0 -0.0183415 0
16.42 0.00417301 0 -0.0183014 0
16.43 0.00433516 0 -0.0182597 0
16.44 0.00449608 0 -0.0182163 0
16.45 0.00465576 0 -0.0181714 0
16.46 0.0048142 0 -0.0181248 0
16.47 0.00497138 0 -0.0180767 0
16.48 0.00512729 0 -0.018027 0
16.49 0.00528192 0 -0.0179757 0
16.5 0.00543527 0 -0.0179229 0
16.51 0.00558732 0 -0.0178685 0
16.52 0.00573807 0 -0.0178126 0
16.53 0.0058875 0 -0.0177553 0
16.54 0.00603562 0 -0.0176964 0
16.55 0.0061824 0 -0.017636 0
16.56 0.00632785 0 -0.0175742 0
16.57 0.00647196 0 -0.0175109 0
16.58 0.00661471 0 -0.0174462 0
16.59 0.00675609 0 -0.0173801 0
16.6 0.00689611 0 -0.0173125 0
16.61 0.00703476 0 -0.0172435 0
16.62 0.00717202 0 -0.0171732 0
16.63 0.00730789 0 -0.0171015 0
16.64 0.00744237 0 -0.0170284 0
16.65 0.00757544 0 -0.016954 0
16.66 0.0077071 0 -0.0168782 0
16.67 0.00783735 0 -0.0168011 0
16.68 0.00796617 0 -0.0167228 0
16.69 0.00809357 0 -0.0166431 0
16.7 0.00821953 0 -0.0165622 0
16.71 0.00834406 0 -0.01648 0
16.72 0.00846714 0 -0.0163965 0
16.73 0.00858877 0 -0.0163119 0
16.74 0.00870894 0 -0.016226 0
16.75 0.00882766 0 -0.0161389 0
16.76 0.00894491 0 -0.0160506 0
16.77 0.00906069 0 -0.0159612 0
16.78 0.009175 0 -0.0158706 0
16.79 0.00928783 0 -0.0157788 0
16.8 0.00939918 0 -0.0156859 0
16.81 0.00950904 0 -0.0155919 0
16.82 0.00961741 0 -0.0154968 0
16.83 0.00972429 0 -0.0154007 0
16.84 0.00982968 0 -0.0153034 0
16.85 0.00993357 0 -0.0152051 0
16.86 0.0100359 0 -0.0151058 0
16.87 0.0101368 0 -0.0150054 0
16.88 0.0102362 0 -0.0149041 0
16.89 0.0103341 0 -0.0148017 0
16.9 0.0104304 0 -0.0146984 0
16.91 0.0105252 0 -0.0145941 0
16.92 0.0106186 0 -0.0144888 0
16.93 0.0107103 0 -0.0143826 0
16.94 0.0108006 0 -0.0142755 0
16.95 0.0108894 0 -0.0141675 0
16.96 0.0109766 0 -0.0140586 0
16.97 0.0110623 0 -0.0139489 0
16.98 0.0111465 0 -0.0138382 0
16.99 0.0112291 0 -0.0137268 0
17 0.0113103 0 -0.0136145 0
17.01 0.0113898 0 -0.0135014 0
17.02 0.0114679 0 -0.0133875 0
17.03 0.0115444 0 -0.0132728 0
17.04 0.0116195 0 -0.0131574 0
17.05 0.0116929 0 -0.0130412 0
17.06 0.0117649 0 -0.0129242 0
17.07 0.0118353 0 -0.0128066 0
17.08 0.0119042 0 -0.0126882 0
17.09 0.0119715 0 -0.0125692 0
17.1 0.0120374 0 -0.0124495 0
17.11 0.0121017 0 -0.0123291 0
17.12 0.0121645 0 -0.0122081 0
17.13 0.0122257 0 -0.0120864 0
17.14 0.0122855 0 -0.0119642 0
17.15 0.0123437 0 -0.0118413 0
17.16 0.0124004 0 -0.0117179 0
17.17 0.0124555 0 -0.0115939 0
17.18 0.0125092 0 -0.0114693 0
17.19 0.0125614 0 -0.0113442 0
17.2 0.012612 0 -0.0112186 0
17.21 0.0126611 0 -0.0110925 0
17.22 0.0127087 0 -0.0109659 0
17.23 0.0127549 0 -0.0108388 0
17.24 0.0127995 0 -0.0107113 0
17.25 0.0128426 0 -0.0105833 0
17.26 0.0128842 0 -0.0104548 0
17.27 0.0129243 0 -0.010326 0
17.28 0.012963 0 -0.0101967 0
17.29 0.0130001 0 -0.0100671 0
17.3 0.0130358 0 -0.00993711 0
17.31 0.01307 0 -0.00980676 0
17.32 0.0131027 0 -0.00967606 0
17.33 0.0131339 0 -0.00954503 0
17.34 0.0131637 0 -0.00941369 0
17.35 0.013192 0 -0.00928205 0
17.36 0.0132189 0 -0.00915013 0
17.37 0.0132443 0 -0.00901794 0
17.38 0.0132683 0 -0.0088855 0
17.39 0.0132908 0 -0.00875282 0
17.4 0.0133119 0 -0.00861991 0
17.41 0.0133315 0 -0.00848679 0
17.42 0.0133497 0 -0.00835348 0
17.43 0.0133665 0 -0.00821998 0
17.44 0.0133819 0 -0.00808631 0
17.45 0.0133958 0 -0.0079525 0
17.46 0.0134084 0 -0.00781854 0
17.47 0.0134195 0 -0.00768445 0
17.48 0.0134293 0 -0.00755026 0
17.49 0.0134376 0 -0.00741597 0
17.5 0.0134446 0 -0.00728159 0
17.51 0.0134502 0 -0.00714714 0
17.52 0.0134544 0 -0.00701264 0
17.53 0.0134572 0 -0.0068781 0
17.54 0.0134587 0 -0.00674353 0
17.55 0.0134589 0 -0.00660894 0
17.56 0.0134577 0 -0.00647435 0
17.57 0.0134551 0 -0.00633977 0
17.58 0.0134513 0 -0.00620522 0
17.59 0.0134461 0 -0.00607071 0
17.6 0.0134395 0 -0.00593625 0
17.61 0.0134317 0 -0.00580185 0
17.62 0.0134226 0 -0.00566754 0
17.63 0.0134121 0 -0.00553331 0
17.64 0.0134004 0 -0.00539919 0
17.65 0.0133874 0 -0.00526519 0
17.66 0.0133731 0 -0.00513131 0
17.67 0.0133575 0 -0.00499758 0
17.68 0.0133407 0 -0.00486401 0
17.69 0.0133227 0 -0.0047306 0
17.7 0.0133034 0 -0.00459737 0
17.71 0.0132828 0 -0.00446434 0
17.72 0.013261 0 -0.00433151 0
17.73 0.0132381 0 -0.0041989 0
17.74 0.0132139 0 -0.00406652 0
17.75 0.0131885 0 -0.00393438 0
17.76 0.0131619 0 -0.0038025 0
17.77 0.0131341 0 -0.00367088 0
17.78 0.0131051 0 -0.00353954 0
17.79 0.013075 0 -0.00340849 0
17.8 0.0130437 0 -0.00327774 0
17.81 0.0130112 0 -0.0031473 0
17.82 0.0129777 0 -0.00301719 0
17.83 0.0129429 0 -0.00288741 0
17.84 0.0129071 0 -0.00275798 0
17.85 0.0128701 0 -0.00262891 0
17.86 0.0128321 0 -0.00250021 0
17.87 0.0127929 0 -0.00237189 0
17.88 0.0127527 0 -0.00224396 0
17.89 0.0127114 0 -0.00211643 0
17.9 0.012669 0 -0.00198932 0
17.91 0.0126255 0 -0.00186263 0
17.92 0.012581 0 -0.00173637 0
17.93 0.0125355 0 -0.00161056 0
17.94 0.0124889 0 -0.00148521 0
17.95 0.0124413 0 -0.00136032 0
17.96 0.0123927 0 -0.00123591 0
17.97 0.0123431 0 -0.00111198 0
17.98 0.0122925 0 -0.000988548 0
17.99 0.0122409 0 -0.000865623 0
18 0.0121884 0 -0.000743214 0
18.01 0.0121349 0 -0.00062133 0
18.02 0.0120804 0 -0.000499981 0
18.03 0.012025 0 -0.000379177 0
18.04 0.0119687 0 -0.000258927 0
18.05 0.0119114 0 -0.00013924 0
18.06 0.0118533 0 -2.01261e-05 0
18.07 0.0117942 0 9.84064e-05 0
18.08 0.0117342 0 0.000216348 0
18.09 0.0116734 0 0.000333691 0
18.1 0.0116117 0 0.000450425 0
18.11 0.0115491 0 0.000566542 0
18.12 0.0114857 0 0.000682033 0
18.13 0.0114215 0 0.00079689 0
18.14 0.0113564 0 0.000911105 0
18.15 0.0112905 0 0.00102467 0
18.16 0.0112238 0 0.00113757 0
18.17 0.0111563 0 0.00124981 0
18.18 0.011088 0 0.00136138 0
18.19 0.011019 0 0.00147226 0
18.2 0.0109492 0 0.00158245 0
18.21 0.0108786 0 0.00169194 0
18.22 0.0108073 0 0.00180072 0
18.23 0.0107352 0 0.0019088 0
18.24 0.0106625 0 0.00201615 0
18.25 0.010589 0 0.00212277 0
18.26 0.0105148 0 0.00222866 0
18.27 0.01044 0 0.00233381 0
18.28 0.0103644 0 0.00243821 0
18.29 0.0102882 0 0.00254185 0
18.3 0.0102114 0 0.00264474 0
18.31 0.0101339 0 0.00274685 0
18.32 0.0100557 0 0.00284819 0
18.33 0.00997696 0 0.00294875 0
18.34 0.00989758 0 0.00304852 0
18.35 0.00981761 0 0.00314749 0
18.36 0.00973705 0 0.00324567 0
18.37 0.00965591 0 0.00334304 0
18.38 0.0095742 0 0.0034396 0
18.39 0.00949193 0 0.00353534 0
18.4 0.00940912 0 0.00363026 0
18.41 0.00932577 0 0.00372435 0
18.42 0.0092419 0 0.00381761 0
18.43 0.00915751 0 0.00391003 0
18.44 0.00907262 0 0.0040016 0
18.45 0.00898724 0 0.00409233 0
18.46 0.00890138 0 0.0041822 0
18.47 0.00881506 0 0.00427121 0
18.48 0.00872827 0 0.00435936 0
18.49 0.00864103 0 0.00444665 0
18.5 0.00855336 0 0.00453306 0
18.51 0.00846526 0 0.00461859 0
18.52 0.00837675 0 0.00470324 0
18.53 0.00828784 0 0.00478701 0
18.54 0.00819853 0 0.00486989 0
18.55 0.00810883 0 0.00495187 0
18.56 0.00801877 0 0.00503296 0
18.57 0.00792835 0 0.00511315 0
18.58 0.00783758 0 0.00519243 0
18.59 0.00774646 0 0.00527081 0
18.6 0.00765502 0 0.00534827 0
18.61 0.00756326 0 0.00542482 0
18.62 0.0074712 0 0.00550046 0
18.63 0.00737884 0 0.00557517 0
18.64 0.00728619 0 0.00564896 0
18.65 0.00719327 0 0.00572182 0
18.66 0.00710009 0 0.00579375 0
18.67 0.00700665 0 0.00586475 0
18.68 0.00691297 0 0.00593482 0
18.69 0.00681906 0 0.00600395 0
18.7 0.00672492 0 0.00607214 0
18.71 0.00663058 0 0.00613939 0
18.72 0.00653603 0 0.0062057 0
18.73 0.00644129 0 0.00627106 0
18.74 0.00634637 0 0.00633547 0
18.75 0.00625129 0 0.00639893 0
18.76 0.00615604 0 0.00646144 0
18.77 0.00606065 0 0.00652301 0
18.78 0.00596511 0 0.00658361 0
18.79 0.00586945 0 0.00664326 0
18.8 0.00577367 0 0.00670196 0
18.81 0.00567779 0 0.00675969 0
18.82 0.0055818 0 0.00681647 0
18.83 0.00548573 0 0.00687229 0
18.84 0.00538957 0 0.00692715 0
18.85 0.00529335 0 0.00698104 0
18.86 0.00519708 0 0.00703398 0
18.87 0.00510075 0 0.00708595 0
18.88 0.00500439 0 0.00713695 0
18.89 0.004908 0 0.007187 0
18.9 0.00481159 0 0.00723608 0
18.91 0.00471517 0 0.00728419 0
18.92 0.00461875 0 0.00733135 0
18.93 0.00452234 0 0.00737753 0
18.94 0.00442596 0 0.00742276 0
18.95 0.0043296 0 0.00746702 0
18.96 0.00423328 0 0.00751031 0
18.97 0.00413701 0 0.00755265 0
18.98 0.0040408 0 0.00759402 0
18.99 0.00394466 0 0.00763442 0
19 0.00384859 0 0.00767387 0
19.01 0.00375261 0 0.00771236 0
19.02 0.00365672 0 0.00774988 0
19.03 0.00356094 0 0.00778645 0
19.04 0.00346527 0 0.00782206 0
19.05 0.00336972 0 0.00785671 0
19.06 0.00327431 0 0.00789041 0
19.07 0.00317903 0 0.00792315 0
19.08 0.0030839 0 0.00795494 0
19.09 0.00298893 0 0.00798578 0
19.1 0.00289413 0 0.00801567 0
19.11 0.00279951 0 0.00804461 0
19.12 0.00270506 0 0.00807261 0
19.13 0.00261081 0 0.00809966 0
19.14 0.00251676 0 0.00812577 0
19.15 0.00242292 0 0.00815093 0
19.16 0.00232929 0 0.00817516 0
19.17 0.0022359 0 0.00819846 0
19.18 0.00214273 0 0.00822081 0
19.19 0.00204981 0 0.00824224 0
19.2 0.00195714 0 0.00826274 0
19.21 0.00186473 0 0.00828231 0
19.22 0.00177258 0 0.00830096 0
19.23 0.00168071 0 0.00831868 0
19.24 0.00158912 0 0.00833549 0
19.25 0.00149782 0 0.00835138 0
19.26 0.00140681 0 0.00836636 0
19.27 0.00131611 0 0.00838043 0
19.28 0.00122573 0 0.00839359 0
19.29 0.00113567 0 0.00840585 0
19.3 0.00104593 0 0.0084172 0
19.31 0.000956527 0 0.00842766 0
19.32 0.000867468 0 0.00843723 0
19.33 0.000778758 0 0.0084459 0
19.34 0.000690405 0 0.00845369 0
19.35 0.000602416 0 0.00846059 0
19.36 0.000514798 0 0.00846662 0
19.37 0.000427558 0 0.00847177 0
19.38 0.000340703 0 0.00847604 0
19.39 0.000254239 0 0.00847945 0
19.4 0.000168173 0 0.00848199 0
19.41 8.25123e-05 0 0.00848367 0
19.42 -2.73705e-06 0 0.0084845 0
19.43 -8.75683e-05 0 0.00848447 0
19.44 -0.000171975 0 0.0084836 0
19.45 -0.000255951 0 0.00848188 0
19.46 -0.00033949 0 0.00847932 0
19.47 -0.000422586 0 0.00847592 0
19.48 -0.000505232 0 0.0084717 0
19.49 -0.000587423 0 0.00846664 0
19.5 -0.000669152 0 0.00846077 0
19.51 -0.000750414 0 0.00845408 0
19.52 -0.000831203 0 0.00844657 0
19.53 -0.000911513 0 0.00843826 0
19.54 -0.000991338 0 0.00842915 0
19.55 -0.00107067 0 0.00841923 0
19.56 -0.00114951 0 0.00840853 0
19.57 -0.00122785 0 0.00839703 0
19.58 -0.00130568 0 0.00838475 0
19.59 -0.001383 0 0.0083717 0
19.6 -0.0014598 0 0.00835787 0
19.61 -0.00153608 0 0.00834327 0
19.62 -0.00161183 0 0.00832791 0
19.63 -0.00168705 0 0.00831179 0
19.64 -0.00176174 0 0.00829492 0
19.65 -0.00183588 0 0.0082773 0
19.66 -0.00190947 0 0.00825894 0
19.67 -0.00198251 0 0.00823985 0
19.68 -0.002055 0 0.00822002 0
19.69 -0.00212692 0 0.00819947 0
19.7 -0.00219828 0 0.0081782 0
19.71 -0.00226907 0 0.00815622 0
19.72 -0.00233929 0 0.00813353 0
19.73 -0.00240893 0 0.00811014 0
19.74 -0.00247799 0 0.00808605 0
19.75 -0.00254646 0 0.00806127 0
19.76 -0.00261434 0 0.0080358 0
19.77 -0.00268162 0 0.00800966 0
19.78 -0.00274831 0 0.00798284 0
19.79 -0.0028144 0 0.00795536 0
19.8 -0.00287988 0 0.00792722 0
19.81 -0.00294475 0 0.00789842 0
19.82 -0.00300901 0 0.00786897 0
19.83 -0.00307266 0 0.00783888 0
19.84 -0.00313568 0 0.00780815 0
19.85 -0.00319809 0 0.0077768 0
19.86 -0.00325986 0 0.00774482 0
19.87 -0.00332101 0 0.00771222 0
19.88 -0.00338153 0 0.00767901 0
19.89 -0.00344141 0 0.00764519 0
19.9 -0.00350066 0 0.00761078 0
19.91 -0.00355926 0 0.00757577 0
19.92 -0.00361722 0 0.00754018 0
19.93 -0.00367454 0 0.00750401 0
19.94 -0.00373121 0 0.00746726 0
19.95 -0.00378722 0 0.00742995 0
19.96 -0.00384259 0 0.00739208 0
19.97 -0.00389729 0 0.00735365 0
19.98 -0.00395134 0 0.00731468 0
19.99 -0.00400473 0 0.00727516 0
20 -0.00405746 0 0.00723512 0
20.01 -0.00410953 0 0.00719454 0
20.02 -0.00416092 0 0.00715345 0
20.03 -0.00421165 0 0.00711184 0
20.04 -0.00426171 0 0.00706972 0
20.05 -0.0043111 0 0.0070271 0
20.06 -0.00435982 0 0.00698399 0
20.07 -0.00440786 0 0.00694039 0
20.08 -0.00445522 0 0.00689632 0
20.09 -0.00450191 0 0.00685176 0
20.1 -0.00454792 0 0.00680674 0
20.11 -0.00459325 0 0.00676127 0
20.12 -0.00463789 0 0.00671533 0
20.13 -0.00468186 0 0.00666895 0
20.14 -0.00472514 0 0.00662214 0
20.15 -0.00476773 0 0.00657488 0
20.16 -0.00480964 0 0.00652721 0
20.17 -0.00485087 0 0.00647911 0
20.18 -0.0048914 0 0.0064306 0
20.19 -0.00493125 0 0.00638169 0
20.2 -0.00497041 0 0.00633237 0
20.21 -0.00500888 0 0.00628267 0
20.22 -0.00504667 0 0.00623258 0
20.23 -0.00508376 0 0.00618212 0
20.24 -0.00512016 0 0.00613128 0
20.25 -0.00515587 0 0.00608008 0
20.26 -0.0051909 0 0.00602852 0
20.27 -0.00522523 0 0.00597661 0
20.28 -0.00525887 0 0.00592436 0
20.29 -0.00529182 0 0.00587177 0
20.3 -0.00532407 0 0.00581885 0
20.31 -0.00535564 0 0.00576561 0
20.32 -0.00538652 0 0.00571205 0
20.33 -0.00541671 0 0.00565819 0
20.34 -0.00544621 0 0.00560402 0
20.35 -0.00547502 0 0.00554956 0
20.36 -0.00550314 0 0.00549481 0
20.37 -0.00553057 0 0.00543978 0
20.38 -0.00555731 0 0.00538447 0
20.39 -0.00558337 0 0.0053289 0
20.4 -0.00560874 0 0.00527306 0
20.41 -0.00563343 0 0.00521698 0
20.42 -0.00565743 0 0.00516064 0
20.43 -0.00568075 0 0.00510407 0
20.44 -0.00570339 0 0.00504726 0
20.45 -0.00572534 0 0.00499023 0
20.46 -0.00574662 0 0.00493297 0
20.47 -0.00576722 0 0.00487551 0
20.48 -0.00578714 0 0.00481783 0
20.49 -0.00580638 0 0.00475996 0
20.5 -0.00582495 0 0.0047019 0
20.51 -0.00584284 0 0.00464365 0
20.52 -0.00586006 0 0.00458522 0
20.53 -0.00587661 0 0.00452662 0
20.54 -0.0058925 0 0.00446785 0
20.55 -0.00590771 0 0.00440893 0
20.56 -0.00592226 0 0.00434985 0
20.57 -0.00593615 0 0.00429063 0
20.58 -0.00594938 0 0.00423127 0
20.59 -0.00596194 0 0.00417177 0
20.6 -0.00597385 0 0.00411216 0
20.61 -0.0059851 0 0.00405242 0
20.62 -0.0059957 0 0.00399257 0
20.63 -0.00600565 0 0.00393261 0
20.64 -0.00601495 0 0.00387255 0
20.65 -0.0060236 0 0.0038124 0
20.66 -0.0060316 0 0.00375217 0
20.67 -0.00603897 0 0.00369185 0
20.68 -0.00604569 0 0.00363146 0
20.69 -0.00605178 0 0.003571 0
20.7 -0.00605723 0 0.00351049 0
20.71 -0.00606205 0 0.00344991 0
20.72 -0.00606624 0 0.00338929 0
20.73 -0.0060698 0 0.00332863 0
20.74 -0.00607274 0 0.00326793 0
20.75 -0.00607505 0 0.00320721 0
20.76 -0.00607675 0 0.00314646 0
20.77 -0.00607783 0 0.00308569 0
20.78 -0.0060783 0 0.00302491 0
20.79 -0.00607815 0 0.00296413 0
20.8 -0.0060774 0 0.00290334 0
20.81 -0.00607605 0 0.00284257 0
20.82 -0.0060741 0 0.00278181 0
20.83 -0.00607154 0 0.00272107 0
20.84 -0.0060684 0 0.00266035 0
20.85 -0.00606466 0 0.00259967 0
20.86 -0.00606033 0 0.00253902 0
20.87 -0.00605542 0 0.00247842 0
20.88 -0.00604993 0 0.00241787 0
20.89 -0.00604386 0 0.00235737 0
20.9 -0.00603721 0 0.00229693 0
20.91 -0.00602999 0 0.00223656 0
20.92 -0.00602221 0 0.00217626 0
20.93 -0.00601386 0 0.00211603 0
20.94 -0.00600495 0 0.0020559 0
20.95 -0.00599549 0 0.00199585 0
20.96 -0.00598547 0 0.00193589 0
20.97 -0.0059749 0 0.00187604 0
20.98 -0.00596378 0 0.00181629 0
20.99 -0.00595213 0 0.00175665 0
21 -0.00593993 0 0.00169713 0
21.01 -0.00592721 0 0.00163773 0
21.02 -0.00591395 0 0.00157846 0
21.03 -0.00590016 0 0.00151932 0
21.04 -0.00588585 0 0.00146032 0
21.05 -0.00587103 0 0.00140146 0
21.06 -0.00585569 0 0.00134275 0
21.07 -0.00583984 0 0.00128419 0
21.08 -0.00582348 0 0.00122579 0
21.09 -0.00580662 0 0.00116756 0
21.1 -0.00578926 0 0.00110949 0
21.11 -0.00577141 0 0.0010516 0
21.12 -0.00575307 0 0.000993884 0
21.13 -0.00573424 0 0.000936353 0
21.14 -0.00571494 0 0.000879011 0
21.15 -0.00569515 0 0.000821861 0
21.16 -0.00567489 0 0.00076491 0
21.17 -0.00565417 0 0.000708161 0
21.18 -0.00563298 0 0.000651619 0
21.19 -0.00561133 0 0.000595289 0
21.2 -0.00558923 0 0.000539176 0
21.21 -0.00556667 0 0.000483284 0
21.22 -0.00554367 0 0.000427617 0
21.23 -0.00552023 0 0.00037218 0
21.24 -0.00549635 0 0.000316978 0
21.25 -0.00547204 0 0.000262015 0
21.26 -0.0054473 0 0.000207294 0
21.27 -0.00542214 0 0.000152821 0
21.28 -0.00539655 0 9.85998e-05 0
21.29 -0.00537056 0 4.46343e-05 0
21.3 -0.00534415 0 -9.07124e-06 0
21.31 -0.00531734 0 -6.25127e-05 0
21.32 -0.00529013 0 -0.000115686 0
21.33 -0.00526252 0 -0.000168587 0
21.34 -0.00523452 0 -0.000221213 0
21.35 -0.00520614 0 -0.000273558 0
21.36 -0.00517737 0 -0.000325619 0
21.37 -0.00514823 0 -0.000377393 0
21.38 -0.00511871 0 -0.000428875 0
21.39 -0.00508883 0 -0.000480062 0
21.4 -0.00505858 0 -0.00053095 0
21.41 -0.00502798 0 -0.000581536 0
21.42 -0.00499703 0 -0.000631816 0
21.43 -0.00496572 0 -0.000681786 0
21.44 -0.00493408 0 -0.000731444 0
21.45 -0.00490209 0 -0.000780784 0
21.46 -0.00486977 0 -0.000829805 0
21.47 -0.00483713 0 -0.000878503 0
21.48 -0.00480416 0 -0.000926874 0
21.49 -0.00477087 0 -0.000974916 0
21.5 -0.00473726 0 -0.00102262 0
21.51 -0.00470335 0 -0.00107 0
21.52 -0.00466913 0 -0.00111703 0
21.53 -0.00463462 0 -0.00116372 0
21.54 -0.00459981 0 -0.00121007 0
21.55 -0.00456471 0 -0.00125607 0
21.56 -0.00452932 0 -0.00130171 0
21.57 -0.00449366 0 -0.00134701 0
21.58 -0.00445772 0 -0.00139194 0
21.59 -0.00442151 0 -0.00143652 0
21.6 -0.00438504 0 -0.00148074 0
21.61 -0.00434831 0 -0.00152459 0
21.62 -0.00431132 0 -0.00156807 0
21.63 -0.00427408 0 -0.00161118 0
21.64 -0.0042366 0 -0.00165392 0
21.65 -0.00419888 0 -0.00169629 0
21.66 -0.00416092 0 -0.00173828 0
21.67 -0.00412273 0 -0.00177989 0
21.68 -0.00408432 0 -0.00182111 0
21.69 -0.00404569 0 -0.00186196 0
21.7 -0.00400684 0 -0.00190241 0
21.71 -0.00396778 0 -0.00194248 0
21.72 -0.00392852 0 -0.00198216 0
21.73 -0.00388905 0 -0.00202145 0
21.74 -0.00384939 0 -0.00206034 0
21.75 -0.00380954 0 -0.00209883 0
21.76 -0.00376951 0 -0.00213693 0
21.77 -0.00372929 0 -0.00217462 0
21.78 -0.0036889 0 -0.00221191 0
21.79 -0.00364834 0 -0.0022488 0
21.8 -0.00360761 0 -0.00228529 0
21.81 -0.00356671 0 -0.00232136 0
21.82 -0.00352567 0 -0.00235703 0
21.83 -0.00348447 0 -0.00239229 0
21.84 -0.00344312 0 -0.00242713 0
21.85 -0.00340164 0 -0.00246156 0
21.86 -0.00336001 0 -0.00249558 0
21.87 -0.00331826 0 -0.00252918 0
21.88 -0.00327637 0 -0.00256236 0
21.89 -0.00323437 0 -0.00259512 0
21.9 -0.00319225 0 -0.00262747 0
21.91 -0.00315001 0 -0.00265939 0
21.92 -0.00310767 0 -0.00269089 0
21.93 -0.00306522 0 -0.00272197 0
21.94 -0.00302267 0 -0.00275262 0
21.95 -0.00298003 0 -0.00278285 0
21.96 -0.0029373 0 -0.00281265 0
21.97 -0.00289449 0 -0.00284202 0
21.98 -0.0028516 0 -0.00287096 0
21.99 -0.00280863 0 -0.00289948 0
22 -0.00276559 0 -0.00292757 0
22.01 -0.00272249 0 -0.00295522 0
22.02 -0.00267932 0 -0.00298245 0
22.03 -0.0026361 0 -0.00300924 0
22.04 -0.00259283 0 -0.0030356 0
22.05 -0.00254951 0 -0.00306153 0
22.06 -0.00250615 0 -0.00308703 0
22.07 -0.00246275 0 -0.00311209 0
22.08 -0.00241931 0 -0.00313671 0
22.09 -0.00237585 0 -0.00316091 0
22.1 -0.00233236 0 -0.00318467 0
22.11 -0.00228885 0 -0.00320799 0
22.12 -0.00224533 0 -0.00323088 0
22.13 -0.00220179 0 -0.00325333 0
22.14 -0.00215825 0 -0.00327535 0
22.15 -0.00211471 0 -0.00329693 0
22.16 -0.00207116 0 -0.00331808 0
22.17 -0.00202763 0 -0.00333879 0
22.18 -0.0019841 0 -0.00335907 0
22.19 -0.00194059 0 -0.00337891 0
22.2 -0.0018971 0 -0.00339831 0
22.21 -0.00185363 0 -0.00341728 0
22.22 -0.00181019 0 -0.00343582 0
22.23 -0.00176678 0 -0.00345392 0
22.24 -0.0017234 0 -0.00347159 0
22.25 -0.00168007 0 -0.00348882 0
22.26 -0.00163678 0 -0.00350563 0
22.27 -0.00159354 0 -0.00352199 0
22.28 -0.00155036 0 -0.00353793 0
22.29 -0.00150722 0 -0.00355343 0
22.3 -0.00146415 0 -0.0035685 0
22.31 -0.00142115 0 -0.00358315 0
22.32 -0.00137821 0 -0.00359736 0
22.33 -0.00133535 0 -0.00361114 0
22.34 -0.00129256 0 -0.00362449 0
22.35 -0.00124985 0 -0.00363742 0
22.36 -0.00120723 0 -0.00364992 0
22.37 -0.00116469 0 -0.00366199 0
22.38 -0.00112225 0 -0.00367364 0
22.39 -0.0010799 0 -0.00368486 0
22.4 -0.00103765 0 -0.00369566 0
22.41 -0.000995508 0 -0.00370603 0
22.42 -0.00095347 0 -0.00371599 0
22.43 -0.000911542 0 -0.00372552 0
22.44 -0.000869729 0 -0.00373464 0
22.45 -0.000828034 0 -0.00374334 0
22.46 -0.000786461 0 -0.00375162 0
22.47 -0.000745012 0 -0.00375948 0
22.48 -0.000703693 0 -0.00376693 0
22.49 -0.000662505 0 -0.00377397 0
22.5 -0.000621453 0 -0.00378059 0
22.51 -0.000580539 0 -0.00378681 0
22.52 -0.000539769 0 -0.00379261 0
22.53 -0.000499144 0 -0.00379801 0
22.54 -0.000458668 0 -0.003803 0
22.55 -0.000418344 0 -0.00380759 0
22.56 -0.000378177 0 -0.00381177 0
22.57 -0.000338168 0 -0.00381555 0
22.58 -0.000298322 0 -0.00381894 0
22.59 -0.000258641 0 -0.00382192 0
22.6 -0.000219128 0 -0.00382451 0
22.61 -0.000179788 0 -0.0038267 0
22.62 -0.000140622 0 -0.0038285 0
22.63 -0.000101634 0 -0.0038299 0
22.64 -6.28265e-05 0 -0.00383092 0
22.65 -2.42032e-05 0 -0.00383155 0
22.66 1.42333e-05 0 -0.00383179 0
22.67 5.248e-05 0 -0.00383165 0
22.68 9.05341e-05 0 -0.00383112 0
22.69 0.000128393 0 -0.00383022 0
22.7 0.000166053 0 -0.00382893 0
22.71 0.000203512 0 -0.00382727 0
22.72 0.000240767 0 -0.00382524 0
22.73 0.000277816 0 -0.00382283 0
22.74 0.000314655 0 -0.00382005 0
22.75 0.000351282 0 -0.0038169 0
22.76 0.000387695 0 -0.00381339 0
22.77 0.00042389 0 -0.00380951 0
22.78 0.000459866 0 -0.00380528 0
22.79 0.000495619 0 -0.00380068 0
22.8 0.000531148 0 -0.00379572 0
22.81 0.000566449 0 -0.00379041 0
22.82 0.000601521 0 -0.00378474 0
22.83 0.000636361 0 -0.00377873 0
22.84 0.000670966 0 -0.00377237 0
22.85 0.000705335 0 -0.00376566 0
22.86 0.000739465 0 -0.0037586 0
22.87 0.000773354 0 -0.00375121 0
22.88 0.000806999 0 -0.00374347 0
22.89 0.000840399 0 -0.0037354 0
22.9 0.000873551 0 -0.003727 0
22.91 0.000906453 0 -0.00371826 0
22.92 0.000939104 0 -0.0037092 0
22.93 0.0009715 0 -0.00369981 0
22.94 0.00100364 0 -0.00369009 0
22.95 0.00103552 0 -0.00368006 0
22.96 0.00106715 0 -0.0036697 0
22.97 0.00109851 0 -0.00365903 0
22.98 0.00112961 0 -0.00364805 0
22.99 0.00116044 0 -0.00363675 0
23 0.001191 0 -0.00362515 0
23.01 0.0012213 0 -0.00361324 0
23.02 0.00125133 0 -0.00360102 0
23.03 0.00128108 0 -0.00358851 0
23.04 0.00131056 0 -0.0035757 0
23.05 0.00133976 0 -0.00356259 0
23.06 0.00136869 0 -0.0035492 0
23.07 0.00139734 0 -0.00353551 0
23.08 0.00142571 0 -0.00352154 0
23.09 0.00145379 0 -0.00350728 0
23.1 0.0014816 0 -0.00349274 0
23.11 0.00150912 0 -0.00347792 0
23.12 0.00153635 0 -0.00346283 0
23.13 0.0015633 0 -0.00344747 0
23.14 0.00158996 0 -0.00343184 0
23.15 0.00161632 0 -0.00341594 0
23.16 0.0016424 0 -0.00339977 0
23.17 0.00166819 0 -0.00338335 0
23.18 0.00169368 0 -0.00336667 0
23.19 0.00171888 0 -0.00334973 0
23.2 0.00174378 0 -0.00333254 0
23.21 0.00176839 0 -0.0033151 0
23.22 0.0017927 0 -0.00329742 0
23.23 0.00181671 0 -0.00327949 0
23.24 0.00184042 0 -0.00326133 0
23.25 0.00186383 0 -0.00324292 0
23.26 0.00188694 0 -0.00322428 0
23.27 0.00190975 0 -0.00320541 0
23.28 0.00193225 0 -0.00318632 0
23.29 0.00195446 0 -0.00316699 0
23.3 0.00197635 0 -0.00314745 0
23.31 0.00199795 0 -0.00312769 0
23.32 0.00201923 0 -0.00310771 0
23.33 0.00204021 0 -0.00308751 0
23.34 0.00206089 0 -0.00306711 0
23.35 0.00208125 0 -0.0030465 0
23.36 0.00210131 0 -0.00302569 0
23.37 0.00212106 0 -0.00300468 0
23.38 0.00214051 0 -0.00298347 0
23.39 0.00215964 0 -0.00296206 0
23.4 0.00217846 0 -0.00294047 0
23.41 0.00219697 0 -0.00291868 0
23.42 0.00221517 0 -0.00289671 0
23.43 0.00223307 0 -0.00287456 0
23.44 0.00225065 0 -0.00285223 0
23.45 0.00226791 0 -0.00282972 0
23.46 0.00228487 0 -0.00280704 0
23.47 0.00230152 0 -0.00278419 0
23.48 0.00231785 0 -0.00276118 0
23.49 0.00233388 0 -0.002738 0
23.5 0.00234959 0 -0.00271466 0
23.51 0.00236498 0 -0.00269117 0
23.52 0.00238007 0 -0.00266752 0
23.53 0.00239485 0 -0.00264372 0
23.54 0.00240931 0 -0.00261977 0
23.55 0.00242346 0 -0.00259567 0
23.56 0.0024373 0 -0.00257144 0
23.57 0.00245083 0 -0.00254707 0
23.58 0.00246404 0 -0.00252256 0
23.59 0.00247695 0 -0.00249792 0
23.6 0.00248954 0 -0.00247315 0
23.61 0.00250183 0 -0.00244825 0
23.62 0.0025138 0 -0.00242323 0
23.63 0.00252546 0 -0.0023981 0
23.64 0.00253682 0 -0.00237284 0
23.65 0.00254786 0 -0.00234747 0
23.66 0.0025586 0 -0.002322 0
23.67 0.00256902 0 -0.00229641 0
23.68 0.00257914 0 -0.00227072 0
23.69 0.00258896 0 -0.00224493 0
23.7 0.00259846 0 -0.00221904 0
23.71 0.00260766 0 -0.00219305 0
23.72 0.00261655 0 -0.00216698 0
23.73 0.00262514 0 -0.00214081 0
23.74 0.00263342 0 -0.00211456 0
23.75 0.0026414 0 -0.00208823 0
23.76 0.00264907 0 -0.00206181 0
23.77 0.00265645 0 -0.00203532 0
23.78 0.00266352 0 -0.00200876 0
23.79 0.00267029 0 -0.00198212 0
23.8 0.00267676 0 -0.00195542 0
23.81 0.00268293 0 -0.00192865 0
23.82 0.0026888 0 -0.00190182 0
23.83 0.00269437 0 -0.00187493 0
23.84 0.00269965 0 -0.00184799 0
23.85 0.00270463 0 -0.00182099 0
23.86 0.00270932 0 -0.00179395 0
23.87 0.00271371 0 -0.00176685 0
23.88 0.00271781 0 -0.00173972 0
23.89 0.00272162 0 -0.00171254 0
23.9 0.00272514 0 -0.00168532 0
23.91 0.00272837 0 -0.00165807 0
23.92 0.0027313 0 -0.00163079 0
23.93 0.00273396 0 -0.00160347 0
23.94 0.00273632 0 -0.00157613 0
23.95 0.0027384 0 -0.00154877 0
23.96 0.0027402 0 -0.00152139 0
23.97 0.00274171 0 -0.00149399 0
23.98 0.00274294 0 -0.00146657 0
23.99 0.00274389 0 -0.00143914 0
24 0.00274456 0 -0.0014117 0
24.01 0.00274496 0 -0.00138425 0
24.02 0.00274507 0 -0.00135681 0
24.03 0.00274492 0 -0.00132935 0
24.04 0.00274449 0 -0.00130191 0
24.05 0.00274378 0 -0.00127446 0
24.06 0.00274281 0 -0.00124702 0
24.07 0.00274157 0 -0.00121959 0
24.08 0.00274005 0 -0.00119218 0
24.09 0.00273827 0 -0.00116478 0
24.1 0.00273623 0 -0.0011374 0
24.11 0.00273392 0 -0.00111003 0
24.12 0.00273135 0 -0.00108269 0
24.13 0.00272852 0 -0.00105538 0
24.14 0.00272544 0 -0.0010281 0
24.15 0.00272209 0 -0.00100084 0
24.16 0.00271849 0 -0.00097362 0
24.17 0.00271463 0 -0.000946435 0
24.18 0.00271052 0 -0.000919289 0
24.19 0.00270616 0 -0.000892184 0
24.2 0.00270155 0 -0.000865122 0
24.21 0.0026967 0 -0.000838106 0
24.22 0.00269159 0 -0.000811139 0
24.23 0.00268625 0 -0.000784223 0
24.24 0.00268066 0 -0.000757361 0
24.25 0.00267483 0 -0.000730554 0
24.26 0.00266876 0 -0.000703806 0
24.27 0.00266246 0 -0.000677118 0
24.28 0.00265591 0 -0.000650494 0
24.29 0.00264914 0 -0.000623935 0
24.3 0.00264213 0 -0.000597443 0
24.31 0.0026349 0 -0.000571022 0
24.32 0.00262743 0 -0.000544673 0
24.33 0.00261974 0 -0.000518399 0
24.34 0.00261183 0 -0.000492201 0
24.35 0.00260369 0 -0.000466083 0
24.36 0.00259533 0 -0.000440046 0
24.37 0.00258676 0 -0.000414093 0
24.38 0.00257796 0 -0.000388225 0
24.39 0.00256896 0 -0.000362446 0
24.4 0.00255974 0 -0.000336756 0
24.41 0.0025503 0 -0.000311159 0
24.42 0.00254066 0 -0.000285656 0
24.43 0.00253082 0 -0.000260249 0
24.44 0.00252077 0 -0.000234941 0
24.45 0.00251051 0 -0.000209733 0
24.46 0.00250006 0 -0.000184628 0
24.47 0.0024894 0 -0.000159627 0
24.48 0.00247855 0 -0.000134733 0
24.49 0.00246751 0 -0.000109948 0
24.5 0.00245627 0 -8.52728e-05 0
24.51 0.00244484 0 -6.07101e-05 0
24.52 0.00243322 0 -3.62617e-05 0
24.53 0.00242142 0 -1.19295e-05 0
24.54 0.00240943 0 1.22847e-05 0
24.55 0.00239726 0 3.6379e-05 0
24.56 0.00238491 0 6.03516e-05 0
24.57 0.00237238 0 8.42007e-05 0
24.58 0.00235968 0 0.000107925 0
24.59 0.0023468 0 0.000131521 0
24.6 0.00233375 0 0.000154989 0
24.61 0.00232053 0 0.000178327 0
24.62 0.00230715 0 0.000201532 0
24.63 0.0022936 0 0.000224604 0
24.64 0.00227988 0 0.00024754 0
24.65 0.00226601 0 0.000270339 0
24.66 0.00225197 0 0.000292999 0
24.67 0.00223778 0 0.000315518 0
24.68 0.00222344 0 0.000337896 0
24.69 0.00220894 0 0.000360131 0
24.7 0.0021943 0 0.00038222 0
24.71 0.0021795 0 0.000404163 0
24.72 0.00216457 0 0.000425958 0
24.73 0.00214948 0 0.000447604 0
24.74 0.00213426 0 0.000469099 0
24.75 0.0021189 0 0.000490441 0
24.76 0.0021034 0 0.00051163 0
24.77 0.00208777 0 0.000532664 0
24.78 0.002072 0 0.000553542 0
24.79 0.0020561 0 0.000574262 0
24.8 0.00204008 0 0.000594823 0
24.81 0.00202393 0 0.000615224 0
24.82 0.00200766 0 0.000635463 0
24.83 0.00199127 0 0.00065554 0
24.84 0.00197476 0 0.000675452 0
24.85 0.00195813 0 0.0006952 0
24.86 0.00194139 0 0.000714781 0
24.87 0.00192453 0 0.000734195 0
24.88 0.00190757 0 0.00075344 0
24.89 0.00189049 0 0.000772516 0
24.9 0.00187332 0 0.000791421 0
24.91 0.00185604 0 0.000810154 0
24.92 0.00183865 0 0.000828714 0
24.93 0.00182117 0 0.000847101 0
24.94 0.0018036 0 0.000865313 0
24.95 0.00178593 0 0.000883349 0
24.96 0.00176816 0 0.000901208 0
24.97 0.00175031 0 0.000918889 0
24.98 0.00173237 0 0.000936393 0
24.99 0.00171434 0 0.000953716 0
25 0.00169623 0 0.00097086 0
25.01 0.00167804 0 0.000987822 0
25.02 0.00165978 0 0.0010046 0
25.03 0.00164143 0 0.0010212 0
25.04 0.00162301 0 0.00103761 0
25.05 0.00160452 0 0.00105384 0
25.06 0.00158596 0 0.00106989 0
25.07 0.00156733 0 0.00108575 0
25.08 0.00154864 0 0.00110142 0
25.09 0.00152988 0 0.00111691 0
25.1 0.00151106 0 0.00113221 0
25.11 0.00149218 0 0.00114732 0
25.12 0.00147325 0 0.00116224 0
25.13 0.00145426 0 0.00117697 0
25.14 0.00143522 0 0.00119152 0
25.15 0.00141613 0 0.00120587 0
25.16 0.00139699 0 0.00122003 0
25.17 0.0013778 0 0.001234 0
25.18 0.00135857 0 0.00124778 0
25.19 0.0013393 0 0.00126136 0
25.2 0.00131999 0 0.00127476 0
25.21 0.00130065 0 0.00128796 0
25.22 0.00128126 0 0.00130096 0
25.23 0.00126185 0 0.00131377 0
25.24 0.0012424 0 0.00132639 0
25.25 0.00122292 0 0.00133882 0
25.26 0.00120342 0 0.00135105 0
25.27 0.00118389 0 0.00136308 0
25.28 0.00116434 0 0.00137492 0
25.29 0.00114477 0 0.00138656 0
25.3 0.00112518 0 0.00139801 0
25.31 0.00110558 0 0.00140926 0
25.32 0.00108596 0 0.00142032 0
25.33 0.00106632 0 0.00143118 0
25.34 0.00104668 0 0.00144184 0
25.35 0.00102703 0 0.00145231 0
25.36 0.00100737 0 0.00146258 0
25.37 0.000987708 0 0.00147265 0
25.38 0.000968043 0 0.00148253 0
25.39 0.000948378 0 0.00149221 0
25.4 0.000928714 0 0.00150169 0
25.41 0.000909053 0 0.00151098 0
25.42 0.000889398 0 0.00152007 0
25.43 0.00086975 0 0.00152896 0
25.44 0.000850112 0 0.00153766 0
25.45 0.000830485 0 0.00154616 0
25.46 0.000810871 0 0.00155447 0
25.47 0.000791272 0 0.00156258 0
25.48 0.00077169 0 0.00157049 0
25.49 0.000752126 0 0.00157821 0
25.5 0.000732583 0 0.00158573 0
25.51 0.000713063 0 0.00159305 0
25.52 0.000693567 0 0.00160018 0
25.53 0.000674098 0 0.00160712 0
25.54 0.000654656 0 0.00161386 0
25.55 0.000635244 0 0.00162041 0
25.56 0.000615864 0 0.00162676 0
25.57 0.000596517 0 0.00163292 0
25.58 0.000577205 0 0.00163888 0
25.59 0.00055793 0 0.00164466 0
25.6 0.000538694 0 0.00165024 0
25.61 0.000519498 0 0.00165562 0
25.62 0.000500345 0 0.00166082 0
25.63 0.000481235 0 0.00166582 0
25.64 0.00046217 0 0.00167063 0
25.65 0.000443153 0 0.00167525 0
25.66 0.000424185 0 0.00167969 0
25.67 0.000405267 0 0.00168393 0
25.68 0.000386401 0 0.00168798 0
25.69 0.00036759 0 0.00169184 0
25.7 0.000348833 0 0.00169552 0
25.71 0.000330134 0 0.00169901 0
25.72 0.000311493 0 0.00170231 0
25.73 0.000292912 0 0.00170543 0
25.74 0.000274394 0 0.00170835 0
25.75 0.000255938 0 0.0017111 0
25.76 0.000237547 0 0.00171366 0
25.77 0.000219223 0 0.00171603 0
25.78 0.000200967 0 0.00171823 0
25.79 0.00018278 0 0.00172024 0
25.8 0.000164663 0 0.00172206 0
25.81 0.000146619 0 0.00172371 0
25.82 0.000128649 0 0.00172518 0
25.83 0.000110754 0 0.00172646 0
25.84 9.29359e-05 0 0.00172757 0
25.85 7.51955e-05 0 0.0017285 0
25.86 5.75345e-05 0 0.00172925 0
25.87 3.99543e-05 0 0.00172983 0
25.88 2.24563e-05 0 0.00173023 0
25.89 5.04176e-06 0 0.00173045 0
25.9 -1.2288e-05 0 0.0017305 0
25.91 -2.95315e-05 0 0.00173038 0
25.92 -4.66876e-05 0 0.00173008 0
25.93 -6.3755e-05 0 0.00172962 0
25.94 -8.07324e-05 0 0.00172898 0
25.95 -9.76185e-05 0 0.00172817 0
25.96 -0.000114412 0 0.00172719 0
25.97 -0.000131112 0 0.00172605 0
25.98 -0.000147717 0 0.00172474 0
25.99 -0.000164226 0 0.00172326 0
26 -0.000180637 0 0.00172162 0
26.01 -0.00019695 0 0.00171981 0
26.02 -0.000213164 0 0.00171784 0
26.03 -0.000229276 0 0.00171571 0
26.04 -0.000245287 0 0.00171342 0
26.05 -0.000261195 0 0.00171097 0
26.06 -0.000276999 0 0.00170835 0
26.07 -0.000292697 0 0.00170558 0
26.08 -0.000308289 0 0.00170266 0
26.09 -0.000323775 0 0.00169958 0
26.1 -0.000339151 0 0.00169634 0
26.11 -0.000354419 0 0.00169295 0
26.12 -0.000369576 0 0.0016894 0
26.13 -0.000384623 0 0.00168571 0
26.14 -0.000399557 0 0.00168186 0
26.15 -0.000414377 0 0.00167786 0
26.16 -0.000429084 0 0.00167372 0
26.17 -0.000443676 0 0.00166943 0
26.18 -0.000458152 0 0.00166499 0
26.19 -0.000472511 0 0.00166041 0
26.2 -0.000486753 0 0.00165569 0
26.21 -0.000500876 0 0.00165082 0
26.22 -0.000514879 0 0.00164581 0
26.23 -0.000528763 0 0.00164066 0
26.24 -0.000542526 0 0.00163537 0
26.25 -0.000556167 0 0.00162995 0
26.26 -0.000569686 0 0.00162439 0
26.27 -0.000583081 0 0.00161869 0
26.28 -0.000596353 0 0.00161286 0
26.29 -0.000609499 0 0.0016069 0
26.3 -0.000622521 0 0.0016008 0
26.31 -0.000635416 0 0.00159458 0
26.32 -0.000648185 0 0.00158822 0
26.33 -0.000660826 0 0.00158174 0
26.34 -0.000673339 0 0.00157513 0
26.35 -0.000685724 0 0.0015684 0
26.36 -0.000697979 0 0.00156154 0
26.37 -0.000710105 0 0.00155456 0
26.38 -0.0007221 0 0.00154746 0
26.39 -0.000733964 0 0.00154024 0
26.4 -0.000745697 0 0.0015329 0
26.41 -0.000757297 0 0.00152544 0
26.42 -0.000768765 0 0.00151787 0
26.43 -0.0007801 0 0.00151018 0
26.44 -0.000791301 0 0.00150238 0
26.45 -0.000802369 0 0.00149447 0
26.46 -0.000813301 0 0.00148644 0
26.47 -0.000824099 0 0.00147831 0
26.48 -0.000834762 0 0.00147007 0
26.49 -0.000845289 0 0.00146172 0
26.5 -0.00085568 0 0.00145327 0
26.51 -0.000865934 0 0.00144471 0
26.52 -0.000876051 0 0.00143605 0
26.53 -0.000886032 0 0.00142729 0
26.54 -0.000895874 0 0.00141843 0
26.55 -0.000905579 0 0.00140947 0
26.56 -0.000915146 0 0.00140042 0
26.57 -0.000924575 0 0.00139127 0
26.58 -0.000933864 0 0.00138202 0
26.59 -0.000943015 0 0.00137268 0
26.6 -0.000952027 0 0.00136325 0
26.61 -0.000960899 0 0.00135373 0
26.62 -0.000969632 0 0.00134412 0
26.63 -0.000978225 0 0.00133443 0
26.64 -0.000986678 0 0.00132464 0
26.65 -0.000994991 0 0.00131478 0
26.66 -0.00100316 0 0.00130483 0
26.67 -0.0010112 0 0.0012948 0
26.68 -0.00101909 0 0.00128468 0
26.69 -0.00102684 0 0.00127449 0
26.7 -0.00103445 0 0.00126422 0
26.71 -0.00104192 0 0.00125388 0
26.72 -0.00104925 0 0.00124346 0
26.73 -0.00105644 0 0.00123297 0
26.74 -0.00106349 0 0.0012224 0
26.75 -0.00107039 0 0.00121177 0
26.76 -0.00107716 0 0.00120106 0
26.77 -0.00108378 0 0.00119029 0
26.78 -0.00109027 0 0.00117946 0
26.79 -0.00109661 0 0.00116855 0
26.8 -0.00110281 0 0.00115759 0
26.81 -0.00110887 0 0.00114656 0
26.82 -0.0011148 0 0.00113547 0
26.83 -0.00112058 0 0.00112432 0
26.84 -0.00112622 0 0.00111312 0
26.85 -0.00113172 0 0.00110185 0
26.86 -0.00113708 0 0.00109054 0
26.87 -0.0011423 0 0.00107917 0
26.88 -0.00114738 0 0.00106774 0
26.89 -0.00115232 0 0.00105627 0
26.9 -0.00115712 0 0.00104475 0
26.91 -0.00116178 0 0.00103317 0
26.92 -0.0011663 0 0.00102156 0
26.93 -0.00117069 0 0.00100989 0
26.94 -0.00117493 0 0.000998187 0
26.95 -0.00117904 0 0.000986438 0
26.96 -0.00118301 0 0.000974647 0
26.97 -0.00118684 0 0.000962817 0
26.98 -0.00119053 0 0.000950949 0
26.99 -0.00119409 0 0.000939043 0
27 -0.00119751 0 0.000927102 0
27.01 -0.00120079 0 0.000915127 0
27.02 -0.00120394 0 0.000903119 0
27.03 -0.00120695 0 0.00089108 0
27.04 -0.00120983 0 0.00087901 0
27.05 -0.00121257 0 0.000866912 0
27.06 -0.00121518 0 0.000854786 0
27.07 -0.00121765 0 0.000842635 0
27.08 -0.00121999 0 0.000830458 0
27.09 -0.00122219 0 0.000818258 0
27.1 -0.00122426 0 0.000806036 0
27.11 -0.0012262 0 0.000793794 0
27.12 -0.00122801 0 0.000781532 0
27.13 -0.00122968 0 0.000769252 0
27.14 -0.00123123 0 0.000756955 0
27.15 -0.00123264 0 0.000744642 0
27.16 -0.00123393 0 0.000732316 0
27.17 -0.00123508 0 0.000719977 0
27.18 -0.0012361 0 0.000707626 0
27.19 -0.001237 0 0.000695265 0
27.2 -0.00123777 0 0.000682895 0
27.21 -0.00123841 0 0.000670517 0
27.22 -0.00123892 0 0.000658133 0
27.23 -0.00123931 0 0.000645744 0
27.24 -0.00123957 0 0.000633351 0
27.25 -0.0012397 0 0.000620955 0
27.26 -0.00123971 0 0.000608558 0
27.27 -0.0012396 0 0.000596161 0
27.28 -0.00123936 0 0.000583765 0
27.29 -0.00123901 0 0.000571371 0
27.3 -0.00123852 0 0.000558981 0
27.31 -0.00123792 0 0.000546596 0
27.32 -0.0012372 0 0.000534217 0
27.33 -0.00123635 0 0.000521845 0
27.34 -0.00123539 0 0.000509481 0
27.35 -0.00123431 0 0.000497128 0
27.36 -0.00123311 0 0.000484784 0
27.37 -0.00123179 0 0.000472453 0
27.38 -0.00123036 0 0.000460135 0
27.39 -0.00122881 0 0.000447832 0
27.4 -0.00122714 0 0.000435544 0
27.41 -0.00122536 0 0.000423272 0
27.42 -0.00122347 0 0.000411019 0
27.43 -0.00122146 0 0.000398784 0
27.44 -0.00121934 0 0.00038657 0
27.45 -0.00121711 0 0.000374376 0
27.46 -0.00121477 0 0.000362205 0
27.47 -0.00121231 0 0.000350057 0
27.48 -0.00120975 0 0.000337934 0
27.49 -0.00120708 0 0.000325837 0
27.5 -0.00120431 0 0.000313766 0
27.51 -0.00120142 0 0.000301723 0
27.52 -0.00119843 0 0.000289709 0
27.53 -0.00119534 0 0.000277724 0
27.54 -0.00119214 0 0.000265771 0
27.55 -0.00118884 0 0.00025385 0
27.56 -0.00118543 0 0.000241961 0
27.57 -0.00118192 0 0.000230107 0
27.58 -0.00117831 0 0.000218288 0
27.59 -0.00117461 0 0.000206505 0
27.6 -0.0011708 0 0.000194758 0
27.61 -0.00116689 0 0.00018305 0
27.62 -0.00116289 0 0.000171382 0
27.63 -0.00115879 0 0.000159753 0
27.64 -0.00115459 0 0.000148165 0
27.65 -0.0011503 0 0.000136619 0
27.66 -0.00114591 0 0.000125116 0
27.67 -0.00114143 0 0.000113657 0
27.68 -0.00113686 0 0.000102242 0
27.69 -0.0011322 0 9.08738e-05 0
27.7 -0.00112745 0 7.95518e-05 0
27.71 -0.00112261 0 6.82773e-05 0
27.72 -0.00111768 0 5.70512e-05 0
27.73 -0.00111266 0 4.58744e-05 0
27.74 -0.00110756 0 3.47478e-05 0
27.75 -0.00110237 0 2.36723e-05 0
27.76 -0.00109709 0 1.26486e-05 0
27.77 -0.00109173 0 1.67773e-06 0
27.78 -0.00108629 0 -9.23959e-06 0
27.79 -0.00108077 0 -2.01025e-05 0
27.8 -0.00107516 0 -3.09101e-05 0
27.81 -0.00106948 0 -4.16617e-05 0
27.82 -0.00106371 0 -5.23565e-05 0
27.83 -0.00105787 0 -6.29936e-05 0
27.84 -0.00105195 0 -7.35723e-05 0
27.85 -0.00104595 0 -8.40918e-05 0
27.86 -0.00103988 0 -9.45514e-05 0
27.87 -0.00103374 0 -0.00010495 0
27.88 -0.00102752 0 -0.000115288 0
27.89 -0.00102123 0 -0.000125563 0
27.9 -0.00101487 0 -0.000135775 0
27.91 -0.00100844 0 -0.000145924 0
27.92 -0.00100194 0 -0.000156008 0
27.93 -0.000995366 0 -0.000166028 0
27.94 -0.000988729 0 -0.000175981 0
27.95 -0.000982025 0 -0.000185868 0
27.96 -0.000975256 0 -0.000195689 0
27.97 -0.000968423 0 -0.000205441 0
27.98 -0.000961527 0 -0.000215126 0
27.99 -0.000954568 0 -0.000224741 0
28 -0.000947547 0 -0.000234286 0
28.01 -0.000940467 0 -0.000243762 0
28.02 -0.000933327 0 -0.000253167 0
28.03 -0.000926129 0 -0.0002625 0
28.04 -0.000918873 0 -0.000271761 0
28.05 -0.000911561 0 -0.00028095 0
28.06 -0.000904194 0 -0.000290066 0
28.07 -0.000896772 0 -0.000299107 0
28.08 -0.000889297 0 -0.000308075 0
28.09 -0.00088177 0 -0.000316968 0
28.1 -0.000874191 0 -0.000325786 0
28.11 -0.000866563 0 -0.000334528 0
28.12 -0.000858884 0 -0.000343193 0
28.13 -0.000851158 0 -0.000351782 0
28.14 -0.000843384 0 -0.000360294 0
28.15 -0.000835565 0 -0.000368728 0
28.16 -0.000827699 0 -0.000377083 0
28.17 -0.00081979 0 -0.00038536 0
28.18 -0.000811838 0 -0.000393558 0
28.19 -0.000803843 0 -0.000401677 0
28.2 -0.000795807 0 -0.000409715 0
28.21 -0.000787731 0 -0.000417673 0
28.22 -0.000779615 0 -0.00042555 0
28.23 -0.000771462 0 -0.000433347 0
28.24 -0.000763271 0 -0.000441061 0
28.25 -0.000755044 0 -0.000448694 0
28.26 -0.000746782 0 -0.000456244 0
28.27 -0.000738485 0 -0.000463712 0
28.28 -0.000730156 0 -0.000471097 0
28.29 -0.000721794 0 -0.000478399 0
28.3 -0.000713401 0 -0.000485616 0
28.31 -0.000704978 0 -0.00049275 0
28.32 -0.000696526 0 -0.0004998 0
28.33 -0.000688045 0 -0.000506766 0
28.34 -0.000679537 0 -0.000513646 0
28.35 -0.000671003 0 -0.000520441 0
28.36 -0.000662444 0 -0.000527151 0
28.37 -0.00065386 0 -0.000533776 0
28.38 -0.000645253 0 -0.000540314 0
28.39 -0.000636623 0 -0.000546767 0
28.4 -0.000627973 0 -0.000553133 0
28.41 -0.000619301 0 -0.000559413 0
28.42 -0.000610611 0 -0.000565606 0
28.43 -0.000601902 0 -0.000571712 0
28.44 -0.000593175 0 -0.000577731 0
28.45 -0.000584432 0 -0.000583663 0
28.46 -0.000575673 0 -0.000589507 0
28.47 -0.0005669 0 -0.000595264 0
28.48 -0.000558112 0 -0.000600933 0
28.49 -0.000549313 0 -0.000606514 0
28.5 -0.000540501 0 -0.000612007 0
28.51 -0.000531678 0 -0.000617412 0
28.52 -0.000522846 0 -0.000622729 0
28.53 -0.000514004 0 -0.000627957 0
28.54 -0.000505155 0 -0.000633097 0
28.55 -0.000496298 0 -0.000638149 0
28.56 -0.000487435 0 -0.000643112 0
28.57 -0.000478567 0 -0.000647986 0
28.58 -0.000469694 0 -0.000652772 0
28.59 -0.000460818 0 -0.000657469 0
28.6 -0.000451939 0 -0.000662077 0
28.61 -0.000443059 0 -0.000666596 0
28.62 -0.000434177 0 -0.000671027 0
28.63 -0.000425296 0 -0.000675369 0
28.64 -0.000416416 0 -0.000679622 0
28.65 -0.000407538 0 -0.000683786 0
28.66 -0.000398662 0 -0.000687861 0
28.67 -0.00038979 0 -0.000691848 0
28.68 -0.000380923 0 -0.000695746 0
28.69 -0.000372061 0 -0.000699555 0
28.7 -0.000363205 0 -0.000703276 0
28.71 -0.000354356 0 -0.000706908 0
28.72 -0.000345515 0 -0.000710451 0
28.73 -0.000336683 0 -0.000713906 0
28.74 -0.000327861 0 -0.000717273 0
28.75 -0.000319049 0 -0.000720552 0
28.76 -0.000310248 0 -0.000723742 0
28.77 -0.000301459 0 -0.000726845 0
28.78 -0.000292683 0 -0.000729859 0
28.79 -0.000283921 0 -0.000732786 0
28.8 -0.000275174 0 -0.000735625 0
28.81 -0.000266442 0 -0.000738377 0
28.82 -0.000257726 0 -0.000741042 0
28.83 -0.000249027 0 -0.000743619 0
28.84 -0.000240345 0 -0.000746109 0
28.85 -0.000231683 0 -0.000748513 0
28.86 -0.000223039 0 -0.000750829 0
28.87 -0.000214416 0 -0.00075306 0
28.88 -0.000205813 0 -0.000755204 0
28.89 -0.000197232 0 -0.000757262 0
28.9 -0.000188673 0 -0.000759234 0
28.91 -0.000180137 0 -0.000761121 0
28.92 -0.000171625 0 -0.000762922 0
28.93 -0.000163138 0 -0.000764639 0
28.94 -0.000154676 0 -0.00076627 0
28.95 -0.00014624 0 -0.000767817 0
28.96 -0.000137831 0 -0.000769279 0
28.97 -0.000129449 0 -0.000770658 0
28.98 -0.000121095 0 -0.000771952 0
28.99 -0.00011277 0 -0.000773163 0
29 -0.000104474 0 -0.000774291 0
29.01 -9.62091e-05 0 -0.000775335 0
29.02 -8.79747e-05 0 -0.000776298 0
29.03 -7.97718e-05 0 -0.000777177 0
29.04 -7.16012e-05 0 -0.000777975 0
29.05 -6.34634e-05 0 -0.000778691 0
29.06 -5.53592e-05 0 -0.000779326 0
29.07 -4.72891e-05 0 -0.000779879 0
29.08 -3.92539e-05 0 -0.000780352 0
29.09 -3.12541e-05 0 -0.000780745 0
29.1 -2.32904e-05 0 -0.000781057 0
29.11 -1.53634e-05 0 -0.00078129 0
29.12 -7.47365e-06 0 -0.000781444 0
29.13 3.78154e-07 0 -0.000781518 0
29.14 8.19145e-06 0 -0.000781515 0
29.15 1.59656e-05 0 -0.000781433 0
29.16 2.37001e-05 0 -0.000781273 0
29.17 3.13944e-05 0 -0.000781036 0
29.18 3.90478e-05 0 -0.000780722 0
29.19 4.66597e-05 0 -0.000780332 0
29.2 5.42298e-05 0 -0.000779865 0
29.21 6.17573e-05 0 -0.000779323 0
29.22 6.92417e-05 0 -0.000778705 0
29.23 7.66825e-05 0 -0.000778013 0
29.24 8.40793e-05 0 -0.000777246 0
29.25 9.14313e-05 0 -0.000776405 0
29.26 9.87382e-05 0 -0.000775491 0
29.27 0.000105999 0 -0.000774504 0
29.28 0.000113214 0 -0.000773444 0
29.29 0.000120383 0 -0.000772311 0
29.3 0.000127504 0 -0.000771108 0
29.31 0.000134578 0 -0.000769833 0
29.32 0.000141603 0 -0.000768487 0
29.33 0.00014858 0 -0.000767071 0
29.34 0.000155508 0 -0.000765585 0
29.35 0.000162386 0 -0.00076403 0
29.36 0.000169214 0 -0.000762406 0
29.37 0.000175992 0 -0.000760714 0
29.38 0.00018272 0 -0.000758954 0
29.39 0.000189395 0 -0.000757127 0
29.4 0.00019602 0 -0.000755233 0
29.41 0.000202592 0 -0.000753273 0
29.42 0.000209112 0 -0.000751247 0
29.43 0.000215579 0 -0.000749156 0
29.44 0.000221992 0 -0.000747 0
29.45 0.000228352 0 -0.00074478 0
29.46 0.000234658 0 -0.000742496 0
29.47 0.00024091 0 -0.00074015 0
29.48 0.000247107 0 -0.000737741 0
29.49 0.000253249 0 -0.00073527 0
29.5 0.000259335 0 -0.000732737 0
29.51 0.000265366 0 -0.000730144 0
29.52 0.000271341 0 -0.00072749 0
29.53 0.000277259 0 -0.000724777 0
29.54 0.00028312 0 -0.000722004 0
29.55 0.000288925 0 -0.000719173 0
29.56 0.000294672 0 -0.000716284 0
29.57 0.000300361 0 -0.000713337 0
29.58 0.000305993 0 -0.000710333 0
29.59 0.000311566 0 -0.000707273 0
29.6 0.000317081 0 -0.000704158 0
29.61 0.000322537 0 -0.000700987 0
29.62 0.000327935 0 -0.000697761 0
29.63 0.000333272 0 -0.000694482 0
29.64 0.000338551 0 -0.000691149 0
29.65 0.00034377 0 -0.000687764 0
29.66 0.000348928 0 -0.000684326 0
29.67 0.000354027 0 -0.000680837 0
29.68 0.000359065 0 -0.000677297 0
29.69 0.000364043 0 -0.000673706 0
29.7 0.00036896 0 -0.000670066 0
29.71 0.000373816 0 -0.000666376 0
29.72 0.00037861 0 -0.000662638 0
29.73 0.000383344 0 -0.000658852 0
29.74 0.000388015 0 -0.000655018 0
29.75 0.000392626 0 -0.000651138 0
29.76 0.000397174 0 -0.000647212 0
29.77 0.00040166 0 -0.00064324 0
29.78 0.000406084 0 -0.000639224 0
29.79 0.000410446 0 -0.000635163 0
29.8 0.000414745 0 -0.000631058 0
29.81 0.000418982 0 -0.000626911 0
29.82 0.000423156 0 -0.000622721 0
29.83 0.000427268 0 -0.000618489 0
29.84 0.000431316 0 -0.000614217 0
29.85 0.000435302 0 -0.000609904 0
29.86 0.000439225 0 -0.000605551 0
29.87 0.000443084 0 -0.000601158 0
29.88 0.00044688 0 -0.000596727 0
29.89 0.000450613 0 -0.000592259 0
29.9 0.000454282 0 -0.000587752 0
29.91 0.000457889 0 -0.00058321 0
29.92 0.000461431 0 -0.000578631 0
29.93 0.00046491 0 -0.000574016 0
29.94 0.000468326 0 -0.000569367 0
29.95 0.000471678 0 -0.000564684 0
29.96 0.000474966 0 -0.000559967 0
29.97 0.000478191 0 -0.000555218 0
29.98 0.000481353 0 -0.000550436 0
29.99 0.00048445 0 -0.000545622 0
30 0.000487484 0 -0.000540778 0
30.01 0.000490454 0 -0.000535903 0
30.02 0.000493361 0 -0.000530998 0
30.03 0.000496204 0 -0.000526065 0
30.04 0.000498984 0 -0.000521103 0
30.05 0.0005017 0 -0.000516113 0
30.06 0.000504353 0 -0.000511096 0
30.07 0.000506942 0 -0.000506052 0
30.08 0.000509468 0 -0.000500983 0
30.09 0.00051193 0 -0.000495888 0
30.1 0.000514329 0 -0.000490769 0
30.11 0.000516666 0 -0.000485626 0
30.12 0.000518938 0 -0.000480459 0
30.13 0.000521148 0 -0.00047527 0
30.14 0.000523295 0 -0.000470058 0
30.15 0.000525379 0 -0.000464825 0
30.16 0.000527401 0 -0.000459571 0
30.17 0.000529359 0 -0.000454297 0
30.18 0.000531256 0 -0.000449004 0
30.19 0.000533089 0 -0.000443691 0
30.2 0.000534861 0 -0.00043836 0
30.21 0.00053657 0 -0.000433012 0
30.22 0.000538217 0 -0.000427646 0
30.23 0.000539803 0 -0.000422264 0
30.24 0.000541326 0 -0.000416866 0
30.25 0.000542788 0 -0.000411453 0
30.26 0.000544189 0 -0.000406025 0
30.27 0.000545528 0 -0.000400583 0
30.28 0.000546807 0 -0.000395127 0
30.29 0.000548024 0 -0.000389659 0
30.3 0.00054918 0 -0.000384179 0
30.31 0.000550276 0 -0.000378687 0
30.32 0.000551312 0 -0.000373185 0
30.33 0.000552287 0 -0.000367671 0
30.34 0.000553202 0 -0.000362149 0
30.35 0.000554058 0 -0.000356617 0
30.36 0.000554854 0 -0.000351076 0
30.37 0.00055559 0 -0.000345527 0
30.38 0.000556267 0 -0.000339972 0
30.39 0.000556886 0 -0.000334409 0
30.4 0.000557445 0 -0.00032884 0
30.41 0.000557947 0 -0.000323266 0
30.42 0.00055839 0 -0.000317686 0
30.43 0.000558774 0 -0.000312102 0
30.44 0.000559102 0 -0.000306514 0
30.45 0.000559371 0 -0.000300923 0
30.46 0.000559584 0 -0.00029533 0
30.47 0.000559739 0 -0.000289734 0
30.48 0.000559838 0 -0.000284137 0
30.49 0.00055988 0 -0.000278538 0
30.5 0.000559866 0 -0.000272939 0
30.51 0.000559796 0 -0.000267341 0
30.52 0.00055967 0 -0.000261743 0
30.53 0.000559489 0 -0.000256146 0
30.54 0.000559253 0 -0.000250551 0
30.55 0.000558963 0 -0.000244959 0
30.56 0.000558617 0 -0.000239369 0
30.57 0.000558218 0 -0.000233783 0
30.58 0.000557765 0 -0.000228201 0
30.59 0.000557258 0 -0.000222623 0
30.6 0.000556698 0 -0.00021705 0
30.61 0.000556085 0 -0.000211483 0
30.62 0.000555419 0 -0.000205923 0
30.63 0.000554701 0 -0.000200368 0
30.64 0.000553932 0 -0.000194821 0
30.65 0.00055311 0 -0.000189282 0
30.66 0.000552237 0 -0.000183751 0
30.67 0.000551314 0 -0.000178229 0
30.68 0.000550339 0 -0.000172715 0
30.69 0.000549315 0 -0.000167212 0
30.7 0.00054824 0 -0.000161719 0
30.71 0.000547116 0 -0.000156236 0
30.72 0.000545943 0 -0.000150765 0
30.73 0.000544721 0 -0.000145306 0
30.74 0.000543451 0 -0.000139859 0
30.75 0.000542132 0 -0.000134424 0
30.76 0.000540766 0 -0.000129003 0
30.77 0.000539352 0 -0.000123595 0
30.78 0.000537891 0 -0.000118202 0
30.79 0.000536383 0 -0.000112823 0
30.8 0.00053483 0 -0.000107459 0
30.81 0.00053323 0 -0.000102111 0
30.82 0.000531585 0 -9.67783e-05 0
30.83 0.000529895 0 -9.14625e-05 0
30.84 0.00052816 0 -8.61635e-05 0
30.85 0.000526381 0 -8.08819e-05 0
30.86 0.000524558 0 -7.56181e-05 0
30.87 0.000522691 0 -7.03726e-05 0
30.88 0.000520782 0 -6.51456e-05 0
30.89 0.000518829 0 -5.99378e-05 0
30.9 0.000516834 0 -5.47495e-05 0
30.91 0.000514798 0 -4.95812e-05 0
30.92 0.00051272 0 -4.44332e-05 0
30.93 0.0005106 0 -3.9306e-05 0
30.94 0.00050844 0 -3.42e-05 0
30.95 0.00050624 0 -2.91156e-05 0
30.96 0.000504 0 -2.40532e-05 0
30.97 0.000501721 0 -1.90132e-05 0
30.98 0.000499402 0 -1.3996e-05 0
30.99 0.000497045 0 -9.00198e-06 0
31 0.00049465 0 -4.03153e-06 0
31.01 0.000492217 0 9.14967e-07 0
31.02 0.000489747 0 5.83714e-06 0
31.03 0.00048724 0 1.07346e-05 0
31.04 0.000484696 0 1.5607e-05 0
31.05 0.000482117 0 2.0454e-05 0
31.06 0.000479501 0 2.52751e-05 0
31.07 0.000476851 0 3.00701e-05 0
31.08 0.000474166 0 3.48386e-05 0
31.09 0.000471447 0 3.95803e-05 0
31.1 0.000468694 0 4.42948e-05 0
31.11 0.000465907 0 4.89817e-05 0
31.12 0.000463088 0 5.36408e-05 0
31.13 0.000460236 0 5.82717e-05 0
31.14 0.000457352 0 6.2874e-05 0
31.15 0.000454437 0 6.74476e-05 0
31.16 0.00045149 0 7.19919e-05 0
31.17 0.000448513 0 7.65068e-05 0
31.18 0.000445505 0 8.0992e-05 0
31.19 0.000442468 0 8.5447e-05 0
31.2 0.000439401 0 8.98717e-05 0
31.21 0.000436305 0 9.42657e-05 0
31.22 0.000433181 0 9.86288e-05 0
31.23 0.000430029 0 0.000102961 0
31.24 0.000426849 0 0.000107261 0
31.25 0.000423642 0 0.000111529 0
31.26 0.000420409 0 0.000115766 0
31.27 0.000417149 0 0.00011997 0
31.28 0.000413864 0 0.000124141 0
31.29 0.000410553 0 0.00012828 0
31.3 0.000407217 0 0.000132386 0
31.31 0.000403857 0 0.000136458 0
31.32 0.000400474 0 0.000140496 0
31.33 0.000397066 0 0.000144501 0
31.34 0.000393636 0 0.000148472 0
31.35 0.000390183 0 0.000152408 0
31.36 0.000386708 0 0.00015631 0
31.37 0.000383211 0 0.000160177 0
31.38 0.000379693 0 0.000164009 0
31.39 0.000376155 0 0.000167806 0
31.4 0.000372596 0 0.000171568 0
31.41 0.000369017 0 0.000175293 0
31.42 0.000365419 0 0.000178984 0
31.43 0.000361802 0 0.000182638 0
31.44 0.000358167 0 0.000186256 0
31.45 0.000354514 0 0.000189838 0
31.46 0.000350843 0 0.000193383 0
31.47 0.000347155 0 0.000196891 0
31.48 0.00034345 0 0.000200363 0
31.49 0.000339729 0 0.000203797 0
31.5 0.000335993 0 0.000207194 0
31.51 0.000332241 0 0.000210554 0
31.52 0.000328474 0 0.000213877 0
31.53 0.000324693 0 0.000217162 0
31.54 0.000320898 0 0.000220408 0
31.55 0.000317089 0 0.000223617 0
31.56 0.000313267 0 0.000226788 0
31.57 0.000309433 0 0.000229921 0
31.58 0.000305587 0 0.000233015 0
31.59 0.000301729 0 0.000236071 0
31.6 0.000297859 0 0.000239088 0
31.61 0.000293979 0 0.000242067 0
31.62 0.000290089 0 0.000245007 0
31.63 0.000286188 0 0.000247908 0
31.64 0.000282278 0 0.00025077 0
31.65 0.000278359 0 0.000253592 0
31.66 0.000274431 0 0.000256376 0
31.67 0.000270495 0 0.00025912 0
31.68 0.000266552 0 0.000261825 0
31.69 0.000262601 0 0.000264491 0
31.7 0.000258643 0 0.000267117 0
31.71 0.000254678 0 0.000269703 0
31.72 0.000250708 0 0.00027225 0
31.73 0.000246732 0 0.000274757 0
31.74 0.000242751 0 0.000277224 0
31.75 0.000238765 0 0.000279652 0
31.76 0.000234774 0 0.00028204 0
31.77 0.00023078 0 0.000284387 0
31.78 0.000226782 0 0.000286695 0
31.79 0.000222782 0 0.000288963 0
31.8 0.000218778 0 0.000291191 0
31.81 0.000214772 0 0.000293379 0
31.82 0.000210765 0 0.000295526 0
31.83 0.000206755 0 0.000297634 0
31.84 0.000202745 0 0.000299701 0
31.85 0.000198735 0 0.000301729 0
31.86 0.000194724 0 0.000303716 0
31.87 0.000190713 0 0.000305663 0
31.88 0.000186703 0 0.000307571 0
31.89 0.000182693 0 0.000309438 0
31.9 0.000178686 0 0.000311265 0
31.91 0.00017468 0 0.000313051 0
31.92 0.000170676 0 0.000314798 0
31.93 0.000166674 0 0.000316505 0
31.94 0.000162676 0 0.000318172 0
31.95 0.000158681 0 0.000319798 0
31.96 0.000154689 0 0.000321385 0
31.97 0.000150702 0 0.000322932 0
31.98 0.000146719 0 0.000324439 0
31.99 0.000142741 0 0.000325906 0
32 0.000138768 0 0.000327334 0
32.01 0.000134801 0 0.000328721 0
32.02 0.00013084 0 0.00033007 0
32.03 0.000126885 0 0.000331378 0
32.04 0.000122937 0 0.000332647 0
32.05 0.000118996 0 0.000333876 0
32.06 0.000115062 0 0.000335066 0
32.07 0.000111136 0 0.000336217 0
32.08 0.000107218 0 0.000337328 0
32.09 0.000103309 0 0.0003384 0
32.1 9.94083e-05 0 0.000339433 0
32.11 9.55169e-05 0 0.000340427 0
32.12 9.16351e-05 0 0.000341383 0
32.13 8.77631e-05 0 0.000342299 0
32.14 8.39013e-05 0 0.000343177 0
32.15 8.005e-05 0 0.000344016 0
32.16 7.62096e-05 0 0.000344816 0
32.17 7.23804e-05 0 0.000345578 0
32.18 6.85627e-05 0 0.000346302 0
32.19 6.47569e-05 0 0.000346988 0
32.2 6.09632e-05 0 0.000347635 0
32.21 5.7182e-05 0 0.000348245 0
32.22 5.34137e-05 0 0.000348817 0
32.23 4.96584e-05 0 0.000349351 0
32.24 4.59166e-05 0 0.000349847 0
32.25 4.21886e-05 0 0.000350307 0
32.26 3.84746e-05 0 0.000350728 0
32.27 3.47749e-05 0 0.000351113 0
32.28 3.10899e-05 0 0.000351461 0
32.29 2.74199e-05 0 0.000351772 0
32.3 2.3765e-05 0 0.000352046 0
32.31 2.01258e-05 0 0.000352284 0
32.32 1.65023e-05 0 0.000352485 0
32.33 1.28949e-05 0 0.00035265 0
32.34 9.30395e-06 0 0.000352779 0
32.35 5.72964e-06 0 0.000352872 0
32.36 2.17228e-06 0 0.000352929 0
32.37 -1.36788e-06 0 0.000352951 0
32.38 -4.89055e-06 0 0.000352937 0
32.39 -8.39547e-06 0 0.000352888 0
32.4 -1.18824e-05 0 0.000352804 0
32.41 -1.5351e-05 0 0.000352686 0
32.42 -1.88011e-05 0 0.000352532 0
32.43 -2.22324e-05 0 0.000352344 0
32.44 -2.56447e-05 0 0.000352122 0
32.45 -2.90377e-05 0 0.000351865 0
32.46 -3.24112e-05 0 0.000351575 0
32.47 -3.57649e-05 0 0.000351251 0
32.48 -3.90985e-05 0 0.000350893 0
32.49 -4.2412e-05 0 0.000350502 0
32.5 -4.57049e-05 0 0.000350078 0
32.51 -4.89772e-05 0 0.000349621 0
32.52 -5.22285e-05 0 0.000349131 0
32.53 -5.54587e-05 0 0.000348609 0
32.54 -5.86675e-05 0 0.000348054 0
32.55 -6.18547e-05 0 0.000347468 0
32.56 -6.50201e-05 0 0.000346849 0
32.57 -6.81635e-05 0 0.000346199 0
32.58 -7.12847e-05 0 0.000345517 0
32.59 -7.43834e-05 0 0.000344804 0
32.6 -7.74595e-05 0 0.000344061 0
32.61 -8.05128e-05 0 0.000343286 0
32.62 -8.35431e-05 0 0.000342481 0
32.63 -8.65502e-05 0 0.000341645 0
32.64 -8.95339e-05 0 0.00034078 0
32.65 -9.24941e-05 0 0.000339885 0
32.66 -9.54304e-05 0 0.00033896 0
32.67 -9.83429e-05 0 0.000338005 0
32.68 -0.000101231 0 0.000337022 0
32.69 -0.000104095 0 0.00033601 0
32.7 -0.000106935 0 0.000334969 0
32.71 -0.00010975 0 0.000333899 0
32.72 -0.00011254 0 0.000332802 0
32.73 -0.000115305 0 0.000331676 0
32.74 -0.000118046 0 0.000330523 0
32.75 -0.000120761 0 0.000329343 0
32.76 -0.00012345 0 0.000328135 0
32.77 -0.000126114 0 0.000326901 0
32.78 -0.000128753 0 0.00032564 0
32.79 -0.000131366 0 0.000324352 0
32.8 -0.000133952 0 0.000323038 0
32.81 -0.000136513 0 0.000321699 0
32.82 -0.000139047 0 0.000320334 0
32.83 -0.000141555 0 0.000318943 0
32.84 -0.000144037 0 0.000317528 0
32.85 -0.000146492 0 0.000316087 0
32.86 -0.000148921 0 0.000314623 0
32.87 -0.000151322 0 0.000313133 0
32.88 -0.000153697 0 0.00031162 0
32.89 -0.000156045 0 0.000310083 0
32.9 -0.000158365 0 0.000308523 0
32.91 -0.000160659 0 0.000306939 0
32.92 -0.000162925 0 0.000305332 0
32.93 -0.000165163 0 0.000303703 0
32.94 -0.000167375 0 0.000302052 0
32.95 -0.000169558 0 0.000300378 0
32.96 -0.000171714 0 0.000298682 0
32.97 -0.000173842 0 0.000296965 0
32.98 -0.000175943 0 0.000295227 0
32.99 -0.000178015 0 0.000293467 0
33 -0.00018006 0 0.000291687 0
33.01 -0.000182077 0 0.000289886 0
33.02 -0.000184065 0 0.000288066 0
33.03 -0.000186025 0 0.000286225 0
33.04 -0.000187958 0 0.000284365 0
33.05 -0.000189861 0 0.000282485 0
33.06 -0.000191737 0 0.000280587 0
33.07 -0.000193584 0 0.000278669 0
33.08 -0.000195403 0 0.000276733 0
33.09 -0.000197193 0 0.000274779 0
33.1 -0.000198955 0 0.000272807 0
33.11 -0.000200688 0 0.000270818 0
33.12 -0.000202393 0 0.000268811 0
33.13 -0.000204069 0 0.000266787 0
33.14 -0.000205717 0 0.000264746 0
33.15 -0.000207336 0 0.000262689 0
33.16 -0.000208926 0 0.000260616 0
33.17 -0.000210487 0 0.000258527 0
33.18 -0.00021202 0 0.000256422 0
33.19 -0.000213524 0 0.000254302 0
33.2 -0.000215 0 0.000252166 0
33.21 -0.000216446 0 0.000250016 0
33.22 -0.000217864 0 0.000247852 0
33.23 -0.000219254 0 0.000245673 0
33.24 -0.000220614 0 0.000243481 0
33.25 -0.000221946 0 0.000241274 0
33.26 -0.000223249 0 0.000239055 0
33.27 -0.000224523 0 0.000236823 0
33.28 -0.000225769 0 0.000234577 0
33.29 -0.000226986 0 0.00023232 0
33.3 -0.000228174 0 0.00023005 0
33.31 -0.000229333 0 0.000227768 0
33.32 -0.000230465 0 0.000225475 0
33.33 -0.000231567 0 0.00022317 0
33.34 -0.000232641 0 0.000220854 0
33.35 -0.000233686 0 0.000218528 0
33.36 -0.000234703 0 0.000216191 0
33.37 -0.000235691 0 0.000213844 0
33.38 -0.000236651 0 0.000211487 0
33.39 -0.000237583 0 0.000209121 0
33.4 -0.000238486 0 0.000206745 0
33.41 -0.000239361 0 0.00020436 0
33.42 -0.000240208 0 0.000201966 0
33.43 -0.000241027 0 0.000199564 0
33.44 -0.000241817 0 0.000197154 0
33.45 -0.00024258 0 0.000194736 0
33.46 -0.000243314 0 0.00019231 0
33.47 -0.000244021 0 0.000189877 0
33.48 -0.000244699 0 0.000187437 0
33.49 -0.00024535 0 0.00018499 0
33.5 -0.000245973 0 0.000182536 0
33.51 -0.000246569 0 0.000180076 0
33.52 -0.000247137 0 0.000177611 0
33.53 -0.000247677 0 0.000175139 0
33.54 -0.00024819 0 0.000172663 0
33.55 -0.000248676 0 0.000170181 0
33.56 -0.000249134 0 0.000167694 0
33.57 -0.000249566 0 0.000165203 0
33.58 -0.00024997 0 0.000162707 0
33.59 -0.000250347 0 0.000160207 0
33.6 -0.000250697 0 0.000157704 0
33.61 -0.000251021 0 0.000155197 0
33.62 -0.000251318 0 0.000152687 0
33.63 -0.000251588 0 0.000150173 0
33.64 -0.000251832 0 0.000147658 0
33.65 -0.000252049 0 0.000145139 0
33.66 -0.00025224 0 0.000142619 0
33.67 -0.000252405 0 0.000140096 0
33.68 -0.000252544 0 0.000137572 0
33.69 -0.000252657 0 0.000135047 0
33.7 -0.000252744 0 0.00013252 0
33.71 -0.000252806 0 0.000129993 0
33.72 -0.000252842 0 0.000127465 0
33.73 -0.000252852 0 0.000124936 0
33.74 -0.000252837 0 0.000122408 0
33.75 -0.000252797 0 0.000119879 0
33.76 -0.000252732 0 0.000117351 0
33.77 -0.000252642 0 0.000114824 0
33.78 -0.000252527 0 0.000112298 0
33.79 -0.000252387 0 0.000109772 0
33.8 -0.000252223 0 0.000107249 0
33.81 -0.000252034 0 0.000104726 0
33.82 -0.000251822 0 0.000102206 0
33.83 -0.000251585 0 9.96878e-05 0
33.84 -0.000251323 0 9.7172e-05 0
33.85 -0.000251039 0 9.46587e-05 0
33.86 -0.00025073 0 9.21483e-05 0
33.87 -0.000250398 0 8.9641e-05 0
33.88 -0.000250042 0 8.71371e-05 0
33.89 -0.000249663 0 8.46366e-05 0
33.9 -0.000249261 0 8.214e-05 0
33.91 -0.000248837 0 7.96474e-05 0
33.92 -0.000248389 0 7.7159e-05 0
33.93 -0.000247918 0 7.46751e-05 0
33.94 -0.000247426 0 7.2196e-05 0
33.95 -0.00024691 0 6.97217e-05 0
33.96 -0.000246373 0 6.72526e-05 0
33.97 -0.000245814 0 6.47889e-05 0
33.98 -0.000245233 0 6.23307e-05 0
33.99 -0.00024463 0 5.98784e-05 0
34 -0.000244005 0 5.74321e-05 0
34.01 -0.00024336 0 5.49921e-05 0
34.02 -0.000242693 0 5.25585e-05 0
34.03 -0.000242005 0 5.01315e-05 0
34.04 -0.000241296 0 4.77115e-05 0
34.05 -0.000240567 0 4.52985e-05 0
34.06 -0.000239817 0 4.28928e-05 0
34.07 -0.000239047 0 4.04947e-05 0
34.08 -0.000238257 0 3.81042e-05 0
34.09 -0.000237446 0 3.57216e-05 0
34.1 -0.000236616 0 3.33472e-05 0
34.11 -0.000235767 0 3.0981e-05 0
34.12 -0.000234898 0 2.86234e-05 0
34.13 -0.000234009 0 2.62744e-05 0
34.14 -0.000233102 0 2.39343e-05 0
34.15 -0.000232176 0 2.16033e-05 0
34.16 -0.000231231 0 1.92815e-05 0
34.17 -0.000230268 0 1.69692e-05 0
34.18 -0.000229286 0 1.46665e-05 0
34.19 -0.000228286 0 1.23736e-05 0
34.2 -0.000227269 0 1.00908e-05 0
34.21 -0.000226233 0 7.8181e-06 0
34.22 -0.00022518 0 5.55577e-06 0
34.23 -0.00022411 0 3.30397e-06 0
34.24 -0.000223022 0 1.06287e-06 0
34.25 -0.000221918 0 -1.16736e-06 0
34.26 -0.000220797 0 -3.38654e-06 0
34.27 -0.000219659 0 -5.5945e-06 0
34.28 -0.000218505 0 -7.79109e-06 0
34.29 -0.000217334 0 -9.97614e-06 0
34.3 -0.000216148 0 -1.21495e-05 0
34.31 -0.000214945 0 -1.4311e-05 0
34.32 -0.000213728 0 -1.64604e-05 0
34.33 -0.000212494 0 -1.85977e-05 0
34.34 -0.000211246 0 -2.07226e-05 0
34.35 -0.000209982 0 -2.28351e-05 0
34.36 -0.000208704 0 -2.49349e-05 0
34.37 -0.000207411 0 -2.7022e-05 0
34.38 -0.000206104 0 -2.90961e-05 0
34.39 -0.000204783 0 -3.11571e-05 0
34.4 -0.000203447 0 -3.32049e-05 0
34.41 -0.000202098 0 -3.52394e-05 0
34.42 -0.000200735 0 -3.72604e-05 0
34.43 -0.000199359 0 -3.92677e-05 0
34.44 -0.000197969 0 -4.12613e-05 0
34.45 -0.000196567 0 -4.3241e-05 0
34.46 -0.000195151 0 -4.52067e-05 0
34.47 -0.000193724 0 -4.71582e-05 0
34.48 -0.000192283 0 -4.90954e-05 0
34.49 -0.000190831 0 -5.10183e-05 0
34.5 -0.000189367 0 -5.29266e-05 0
34.51 -0.000187891 0 -5.48202e-05 0
34.52 -0.000186403 0 -5.66991e-05 0
34.53 -0.000184904 0 -5.85632e-05 0
34.54 -0.000183394 0 -6.04122e-05 0
34.55 -0.000181873 0 -6.22462e-05 0
34.56 -0.000180341 0 -6.40649e-05 0
34.57 -0.000178799 0 -6.58683e-05 0
34.58 -0.000177246 0 -6.76563e-05 0
34.59 -0.000175683 0 -6.94287e-05 0
34.6 -0.00017411 0 -7.11856e-05 0
34.61 -0.000172528 0 -7.29267e-05 0
34.62 -0.000170936 0 -7.46519e-05 0
34.63 -0.000169335 0 -7.63613e-05 0
34.64 -0.000167725 0 -7.80547e-05 0
34.65 -0.000166105 0 -7.97319e-05 0
34.66 -0.000164478 0 -8.1393e-05 0
34.67 -0.000162841 0 -8.30377e-05 0
34.68 -0.000161197 0 -8.46661e-05 0
34.69 -0.000159544 0 -8.62781e-05 0
34.7 -0.000157884 0 -8.78736e-05 0
34.71 -0.000156215 0 -8.94524e-05 0
34.72 -0.00015454 0 -9.10145e-05 0
34.73 -0.000152857 0 -9.25599e-05 0
34.74 -0.000151167 0 -9.40885e-05 0
34.75 -0.00014947 0 -9.56002e-05 0
34.76 -0.000147767 0 -9.70949e-05 0
34.77 -0.000146057 0 -9.85725e-05 0
34.78 -0.000144341 0 -0.000100033 0
34.79 -0.000142619 0 -0.000101477 0
34.8 -0.000140891 0 -0.000102903 0
34.81 -0.000139158 0 -0.000104312 0
34.82 -0.000137419 0 -0.000105703 0
34.83 -0.000135675 0 -0.000107077 0
34.84 -0.000133926 0 -0.000108434 0
34.85 -0.000132172 0 -0.000109773 0
34.86 -0.000130413 0 -0.000111095 0
34.87 -0.00012865 0 -0.000112399 0
34.88 -0.000126883 0 -0.000113686 0
34.89 -0.000125112 0 -0.000114955 0
34.9 -0.000123336 0 -0.000116206 0
34.91 -0.000121558 0 -0.000117439 0
34.92 -0.000119775 0 -0.000118655 0
34.93 -0.00011799 0 -0.000119852 0
34.94 -0.000116202 0 -0.000121032 0
34.95 -0.00011441 0 -0.000122194 0
34.96 -0.000112616 0 -0.000123338 0
34.97 -0.00011082 0 -0.000124465 0
34.98 -0.000109021 0 -0.000125573 0
34.99 -0.00010722 0 -0.000126663 0
35 -0.000105417 0 -0.000127735 0
35.01 -0.000103613 0 -0.000128789 0
35.02 -0.000101807 0 -0.000129825 0
35.03 -9.99998e-05 0 -0.000130844 0
35.04 -9.81914e-05 0 -0.000131844 0
35.05 -9.6382e-05 0 -0.000132825 0
35.06 -9.45718e-05 0 -0.000133789 0
35.07 -9.27611e-05 0 -0.000134735 0
35.08 -9.09499e-05 0 -0.000135663 0
35.09 -8.91385e-05 0 -0.000136572 0
35.1 -8.73271e-05 0 -0.000137464 0
35.11 -8.55158e-05 0 -0.000138337 0
35.12 -8.37049e-05 0 -0.000139192 0
35.13 -8.18945e-05 0 -0.000140029 0
35.14 -8.00847e-05 0 -0.000140848 0
35.15 -7.82758e-05 0 -0.000141649 0
35.16 -7.64679e-05 0 -0.000142432 0
35.17 -7.46613e-05 0 -0.000143196 0
35.18 -7.2856e-05 0 -0.000143943 0
35.19 -7.10523e-05 0 -0.000144671 0
35.2 -6.92503e-05 0 -0.000145382 0
35.21 -6.74502e-05 0 -0.000146074 0
35.22 -6.56522e-05 0 -0.000146749 0
35.23 -6.38565e-05 0 -0.000147405 0
35.24 -6.20632e-05 0 -0.000148044 0
35.25 -6.02724e-05 0 -0.000148665 0
35.26 -5.84844e-05 0 -0.000149267 0
35.27 -5.66993e-05 0 -0.000149852 0
35.28 -5.49173e-05 0 -0.000150419 0
35.29 -5.31385e-05 0 -0.000150968 0
35.3 -5.13631e-05 0 -0.0001515 0
35.31 -4.95913e-05 0 -0.000152013 0
35.32 -4.78232e-05 0 -0.000152509 0
35.33 -4.6059e-05 0 -0.000152988 0
35.34 -4.42988e-05 0 -0.000153448 0
35.35 -4.25429e-05 0 -0.000153891 0
35.36 -4.07912e-05 0 -0.000154317 0
35.37 -3.90441e-05 0 -0.000154724 0
35.38 -3.73017e-05 0 -0.000155115 0
35.39 -3.5564e-05 0 -0.000155488 0
35.4 -3.38313e-05 0 -0.000155844 0
35.41 -3.21037e-05 0 -0.000156182 0
35.42 -3.03814e-05 0 -0.000156503 0
35.43 -2.86644e-05 0 -0.000156807 0
35.44 -2.6953e-05 0 -0.000157093 0
35.45 -2.52473e-05 0 -0.000157363 0
35.46 -2.35475e-05 0 -0.000157615 0
35.47 -2.18536e-05 0 -0.000157851 0
35.48 -2.01658e-05 0 -0.000158069 0
35.49 -1.84843e-05 0 -0.000158271 0
35.5 -1.68092e-05 0 -0.000158456 0
35.51 -1.51406e-05 0 -0.000158624 0
35.52 -1.34786e-05 0 -0.000158775 0
35.53 -1.18235e-05 0 -0.00015891 0
35.54 -1.01752e-05 0 -0.000159028 0
35.55 -8.53409e-06 0 -0.00015913 0
35.56 -6.90012e-06 0 -0.000159215 0
35.57 -5.27346e-06 0 -0.000159284 0
35.58 -3.65425e-06 0 -0.000159337 0
35.59 -2.04261e-06 0 -0.000159374 0
35.6 -4.38655e-07 0 -0.000159394 0
35.61 1.15748e-06 0 -0.000159399 0
35.62 2.74568e-06 0 -0.000159387 0
35.63 4.32582e-06 0 -0.00015936 0
35.64 5.89779e-06 0 -0.000159316 0
35.65 7.46146e-06 0 -0.000159257 0
35.66 9.01673e-06 0 -0.000159183 0
35.67 1.05635e-05 0 -0.000159093 0
35.68 1.21016e-05 0 -0.000158987 0
35.69 1.36309e-05 0 -0.000158866 0
35.7 1.51514e-05 0 -0.00015873 0
35.71 1.6663e-05 0 -0.000158578 0
35.72 1.81654e-05 0 -0.000158411 0
35.73 1.96587e-05 0 -0.00015823 0
35.74 2.11427e-05 0 -0.000158033 0
35.75 2.26174e-05 0 -0.000157822 0
35.76 2.40825e-05 0 -0.000157596 0
35.77 2.5538e-05 0 -0.000157355 0
35.78 2.69839e-05 0 -0.000157099 0
35.79 2.842e-05 0 -0.00015683 0
35.8 2.98462e-05 0 -0.000156545 0
35.81 3.12624e-05 0 -0.000156247 0
35.82 3.26685e-05 0 -0.000155934 0
35.83 3.40645e-05 0 -0.000155608 0
35.84 3.54503e-05 0 -0.000155267 0
35.85 3.68257e-05 0 -0.000154912 0
35.86 3.81907e-05 0 -0.000154544 0
35.87 3.95452e-05 0 -0.000154162 0
35.88 4.08891e-05 0 -0.000153767 0
35.89 4.22223e-05 0 -0.000153358 0
35.9 4.35448e-05 0 -0.000152936 0
35.91 4.48564e-05 0 -0.0001525 0
35.92 4.61571e-05 0 -0.000152052 0
35.93 4.74469e-05 0 -0.00015159 0
35.94 4.87255e-05 0 -0.000151116 0
35.95 4.99931e-05 0 -0.000150628 0
35.96 5.12494e-05 0 -0.000150128 0
35.97 5.24944e-05 0 -0.000149616 0
35.98 5.37281e-05 0 -0.000149091 0
35.99 5.49504e-05 0 -0.000148554 0
36 5.61612e-05 0 -0.000148004 0
36.01 5.73604e-05 0 -0.000147443 0
36.02 5.8548e-05 0 -0.000146869 0
36.03 5.9724e-05 0 -0.000146284 0
36.04 6.08882e-05 0 -0.000145686 0
36.05 6.20406e-05 0 -0.000145077 0
36.06 6.31812e-05 0 -0.000144457 0
36.07 6.43098e-05 0 -0.000143825 0
36.08 6.54265e-05 0 -0.000143182 0
36.09 6.65312e-05 0 -0.000142528 0
36.1 6.76239e-05 0 -0.000141863 0
36.11 6.87044e-05 0 -0.000141186 0
36.12 6.97727e-05 0 -0.000140499 0
36.13 7.08288e-05 0 -0.000139802 0
36.14 7.18727e-05 0 -0.000139093 0
36.15 7.29043e-05 0 -0.000138374 0
36.16 7.39235e-05 0 -0.000137645 0
36.17 7.49303e-05 0 -0.000136906 0
36.18 7.59247e-05 0 -0.000136157 0
36.19 7.69067e-05 0 -0.000135398 0
36.2 7.78761e-05 0 -0.000134629 0
36.21 7.8833e-05 0 -0.00013385 0
36.22 7.97774e-05 0 -0.000133062 0
36.23 8.07091e-05 0 -0.000132264 0
36.24 8.16282e-05 0 -0.000131457 0
36.25 8.25346e-05 0 -0.00013064 0
36.26 8.34283e-05 0 -0.000129815 0
36.27 8.43093e-05 0 -0.000128981 0
36.28 8.51776e-05 0 -0.000128138 0
36.29 8.60331e-05 0 -0.000127286 0
36.3 8.68758e-05 0 -0.000126426 0
36.31 8.77057e-05 0 -0.000125557 0
36.32 8.85227e-05 0 -0.00012468 0
36.33 8.93269e-05 0 -0.000123794 0
36.34 9.01182e-05 0 -0.000122901 0
36.35 9.08966e-05 0 -0.000122 0
36.36 9.16621e-05 0 -0.000121091 0
36.37 9.24147e-05 0 -0.000120174 0
36.38 9.31544e-05 0 -0.00011925 0
36.39 9.38811e-05 0 -0.000118319 0
36.4 9.45949e-05 0 -0.00011738 0
36.41 9.52957e-05 0 -0.000116434 0
36.42 9.59836e-05 0 -0.000115481 0
36.43 9.66585e-05 0 -0.000114521 0
36.44 9.73204e-05 0 -0.000113555 0
36.45 9.79694e-05 0 -0.000112581 0
36.46 9.86053e-05 0 -0.000111602 0
36.47 9.92283e-05 0 -0.000110616 0
36.48 9.98383e-05 0 -0.000109623 0
36.49 0.000100435 0 -0.000108625 0
36.5 0.000101019 0 -0.000107621 0
36.51 0.000101591 0 -0.00010661 0
36.52 0.000102149 0 -0.000105595 0
36.53 0.000102694 0 -0.000104573 0
36.54 0.000103226 0 -0.000103546 0
36.55 0.000103746 0 -0.000102514 0
36.56 0.000104252 0 -0.000101476 0
36.57 0.000104745 0 -0.000100434 0
36.58 0.000105226 0 -9.93864e-05 0
36.59 0.000105694 0 -9.83342e-05 0
36.6 0.000106149 0 -9.72772e-05 0
36.61 0.000106591 0 -9.62157e-05 0
36.62 0.00010702 0 -9.51498e-05 0
36.63 0.000107436 0 -9.40796e-05 0
36.64 0.00010784 0 -9.30053e-05 0
36.65 0.000108231 0 -9.19269e-05 0
36.66 0.000108609 0 -9.08446e-05 0
36.67 0.000108974 0 -8.97585e-05 0
36.68 0.000109327 0 -8.86687e-05 0
36.69 0.000109667 0 -8.75755e-05 0
36.7 0.000109994 0 -8.64788e-05 0
36.71 0.000110309 0 -8.53789e-05 0
36.72 0.000110611 0 -8.42758e-05 0
36.73 0.000110901 0 -8.31696e-05 0
36.74 0.000111178 0 -8.20606e-05 0
36.75 0.000111443 0 -8.09488e-05 0
36.76 0.000111695 0 -7.98344e-05 0
36.77 0.000111935 0 -7.87175e-05 0
36.78 0.000112163 0 -7.75981e-05 0
36.79 0.000112378 0 -7.64765e-05 0
36.8 0.000112581 0 -7.53527e-05 0
36.81 0.000112771 0 -7.42269e-05 0
36.82 0.00011295 0 -7.30992e-05 0
36.83 0.000113116 0 -7.19697e-05 0
36.84 0.00011327 0 -7.08385e-05 0
36.85 0.000113412 0 -6.97058e-05 0
36.86 0.000113542 0 -6.85717e-05 0
36.87 0.00011366 0 -6.74363e-05 0
36.88 0.000113766 0 -6.62997e-05 0
36.89 0.00011386 0 -6.5162e-05 0
36.9 0.000113943 0 -6.40234e-05 0
36.91 0.000114013 0 -6.2884e-05 0
36.92 0.000114072 0 -6.17438e-05 0
36.93 0.000114119 0 -6.06031e-05 0
36.94 0.000114155 0 -5.94619e-05 0
36.95 0.000114178 0 -5.83204e-05 0
36.96 0.000114191 0 -5.71786e-05 0
36.97 0.000114192 0 -5.60367e-05 0
36.98 0.000114181 0 -5.48948e-05 0
36.99 0.000114159 0 -5.3753e-05 0
37 0.000114126 0 -5.26114e-05 0
37.01 0.000114081 0 -5.14701e-05 0
37.02 0.000114026 0 -5.03293e-05 0
37.03 0.000113959 0 -4.91891e-05 0
37.04 0.000113881 0 -4.80495e-05 0
37.05 0.000113792 0 -4.69107e-05 0
37.06 0.000113692 0 -4.57727e-05 0
37.07 0.000113581 0 -4.46358e-05 0
37.08 0.00011346 0 -4.35e-05 0
37.09 0.000113327 0 -4.23654e-05 0
37.1 0.000113184 0 -4.12321e-05 0
37.11 0.000113031 0 -4.01003e-05 0
37.12 0.000112867 0 -3.897e-05 0
37.13 0.000112692 0 -3.78413e-05 0
37.14 0.000112507 0 -3.67144e-05 0
37.15 0.000112312 0 -3.55893e-05 0
37.16 0.000112106 0 -3.44662e-05 0
37.17 0.00011189 0 -3.33452e-05 0
37.18 0.000111664 0 -3.22263e-05 0
37.19 0.000111428 0 -3.11096e-05 0
37.2 0.000111182 0 -2.99953e-05 0
37.21 0.000110926 0 -2.88835e-05 0
37.22 0.00011066 0 -2.77742e-05 0
37.23 0.000110385 0 -2.66676e-05 0
37.24 0.000110099 0 -2.55638e-05 0
37.25 0.000109805 0 -2.44628e-05 0
37.26 0.0001095 0 -2.33648e-05 0
37.27 0.000109186 0 -2.22698e-05 0
37.28 0.000108863 0 -2.11779e-05 0
37.29 0.000108531 0 -2.00893e-05 0
37.3 0.000108189 0 -1.9004e-05 0
37.31 0.000107838 0 -1.79221e-05 0
37.32 0.000107478 0 -1.68437e-05 0
37.33 0.000107109 0 -1.57689e-05 0
37.34 0.000106731 0 -1.46978e-05 0
37.35 0.000106344 0 -1.36305e-05 0
37.36 0.000105949 0 -1.25671e-05 0
37.37 0.000105545 0 -1.15076e-05 0
37.38 0.000105132 0 -1.04521e-05 0
37.39 0.000104711 0 -9.4008e-06 0
37.4 0.000104282 0 -8.35369e-06 0
37.41 0.000103844 0 -7.31087e-06 0
37.42 0.000103398 0 -6.27244e-06 0
37.43 0.000102943 0 -5.23846e-06 0
37.44 0.000102481 0 -4.20902e-06 0
37.45 0.000102011 0 -3.18421e-06 0
37.46 0.000101533 0 -2.16411e-06 0
37.47 0.000101046 0 -1.14878e-06 0
37.48 0.000100553 0 -1.38317e-07 0
37.49 0.000100051 0 8.67211e-07 0
37.5 9.95424e-05 0 1.86772e-06 0
37.51 9.90261e-05 0 2.86315e-06 0
37.52 9.85023e-05 0 3.85341e-06 0
37.53 9.79712e-05 0 4.83843e-06 0
37.54 9.7433e-05 0 5.81814e-06 0
37.55 9.68877e-05 0 6.79247e-06 0
37.56 9.63353e-05 0 7.76135e-06 0
37.57 9.5776e-05 0 8.7247e-06 0
37.58 9.52099e-05 0 9.68246e-06 0
37.59 9.4637e-05 0 1.06346e-05 0
37.6 9.40575e-05 0 1.15809e-05 0
37.61 9.34714e-05 0 1.25215e-05 0
37.62 9.28788e-05 0 1.34562e-05 0
37.63 9.22798e-05 0 1.4385e-05 0
37.64 9.16746e-05 0 1.53078e-05 0
37.65 9.10631e-05 0 1.62246e-05 0
37.66 9.04456e-05 0 1.71352e-05 0
37.67 8.9822e-05 0 1.80396e-05 0
37.68 8.91925e-05 0 1.89379e-05 0
37.69 8.85572e-05 0 1.98298e-05 0
37.7 8.79161e-05 0 2.07154e-05 0
37.71 8.72693e-05 0 2.15945e-05 0
37.72 8.66171e-05 0 2.24672e-05 0
37.73 8.59593e-05 0 2.33334e-05 0
37.74 8.52962e-05 0 2.4193e-05 0
37.75 8.46278e-05 0 2.50459e-05 0
37.76 8.39542e-05 0 2.58922e-05 0
37.77 8.32755e-05 0 2.67318e-05 0
37.78 8.25918e-05 0 2.75645e-05 0
37.79 8.19032e-05 0 2.83904e-05 0
37.8 8.12097e-05 0 2.92095e-05 0
37.81 8.05116e-05 0 3.00216e-05 0
37.82 7.98088e-05 0 3.08267e-05 0
37.83 7.91015e-05 0 3.16248e-05 0
37.84 7.83898e-05 0 3.24158e-05 0
37.85 7.76737e-05 0 3.31997e-05 0
37.86 7.69533e-05 0 3.39764e-05 0
37.87 7.62288e-05 0 3.47459e-05 0
37.88 7.55002e-05 0 3.55082e-05 0
37.89 7.47676e-05 0 3.62632e-05 0
37.9 7.40311e-05 0 3.70109e-05 0
37.91 7.32908e-05 0 3.77512e-05 0
37.92 7.25469e-05 0 3.84841e-05 0
37.93 7.17993e-05 0 3.92096e-05 0
37.94 7.10482e-05 0 3.99276e-05 0
37.95 7.02937e-05 0 4.06381e-05 0
37.96 6.95358e-05 0 4.1341e-05 0
37.97 6.87747e-05 0 4.20364e-05 0
37.98 6.80105e-05 0 4.27241e-05 0
37.99 6.72432e-05 0 4.34042e-05 0
38 6.6473e-05 0 4.40767e-05 0
38.01 6.56998e-05 0 4.47414e-05 0
38.02 6.49239e-05 0 4.53984e-05 0
38.03 6.41453e-05 0 4.60476e-05 0
38.04 6.33641e-05 0 4.66891e-05 0
38.05 6.25804e-05 0 4.73227e-05 0
38.06 6.17943e-05 0 4.79485e-05 0
38.07 6.10058e-05 0 4.85665e-05 0
38.08 6.02151e-05 0 4.91765e-05 0
38.09 5.94223e-05 0 4.97787e-05 0
38.1 5.86274e-05 0 5.03729e-05 0
38.11 5.78305e-05 0 5.09592e-05 0
38.12 5.70318e-05 0 5.15375e-05 0
38.13 5.62312e-05 0 5.21078e-05 0
38.14 5.5429e-05 0 5.26701e-05 0
38.15 5.46252e-05 0 5.32244e-05 0
38.16 5.38198e-05 0 5.37706e-05 0
38.17 5.3013e-05 0 5.43088e-05 0
38.18 5.22048e-05 0 5.4839e-05 0
38.19 5.13954e-05 0 5.5361e-05 0
38.2 5.05848e-05 0 5.5875e-05 0
38.21 4.97732e-05 0 5.63808e-05 0
38.22 4.89605e-05 0 5.68786e-05 0
38.23 4.81469e-05 0 5.73682e-05 0
38.24 4.73325e-05 0 5.78496e-05 0
38.25 4.65173e-05 0 5.8323e-05 0
38.26 4.57015e-05 0 5.87881e-05 0
38.27 4.48851e-05 0 5.92451e-05 0
38.28 4.40682e-05 0 5.9694e-05 0
38.29 4.3251e-05 0 6.01347e-05 0
38.3 4.24333e-05 0 6.05672e-05 0
38.31 4.16155e-05 0 6.09915e-05 0
38.32 4.07975e-05 0 6.14077e-05 0
38.33 3.99795e-05 0 6.18156e-05 0
38.34 3.91614e-05 0 6.22154e-05 0
38.35 3.83434e-05 0 6.26071e-05 0
38.36 3.75257e-05 0 6.29905e-05 0
38.37 3.67081e-05 0 6.33657e-05 0
38.38 3.58909e-05 0 6.37328e-05 0
38.39 3.50741e-05 0 6.40917e-05 0
38.4 3.42578e-05 0 6.44425e-05 0
38.41 3.34421e-05 0 6.47851e-05 0
38.42 3.26271e-05 0 6.51195e-05 0
38.43 3.18127e-05 0 6.54457e-05 0
38.44 3.09992e-05 0 6.57639e-05 0
38.45 3.01866e-05 0 6.60739e-05 0
38.46 2.93749e-05 0 6.63757e-05 0
38.47 2.85643e-05 0 6.66695e-05 0
38.48 2.77548e-05 0 6.69551e-05 0
38.49 2.69464e-05 0 6.72327e-05 0
38.5 2.61394e-05 0 6.75021e-05 0
38.51 2.53337e-05 0 6.77635e-05 0
38.52 2.45294e-05 0 6.80169e-05 0
38.53 2.37265e-05 0 6.82622e-05 0
38.54 2.29253e-05 0 6.84994e-05 0
38.55 2.21257e-05 0 6.87287e-05 0
38.56 2.13278e-05 0 6.89499e-05 0
38.57 2.05316e-05 0 6.91632e-05 0
38.58 1.97373e-05 0 6.93685e-05 0
38.59 1.8945e-05 0 6.95659e-05 0
38.6 1.81546e-05 0 6.97554e-05 0
38.61 1.73662e-05 0 6.99369e-05 0
38.62 1.658e-05 0 7.01106e-05 0
38.63 1.5796e-05 0 7.02764e-05 0
38.64 1.50143e-05 0 7.04343e-05 0
38.65 1.42349e-05 0 7.05845e-05 0
38.66 1.34579e-05 0 7.07268e-05 0
38.67 1.26833e-05 0 7.08614e-05 0
38.68 1.19113e-05 0 7.09882e-05 0
38.69 1.11418e-05 0 7.11073e-05 0
38.7 1.03751e-05 0 7.12188e-05 0
38.71 9.61099e-06 0 7.13225e-05 0
38.72 8.84971e-06 0 7.14186e-05 0
38.73 8.09128e-06 0 7.15071e-05 0
38.74 7.33575e-06 0 7.1588e-05 0
38.75 6.58319e-06 0 7.16614e-05 0
38.76 5.83366e-06 0 7.17272e-05 0
38.77 5.08722e-06 0 7.17856e-05 0
38.78 4.34393e-06 0 7.18364e-05 0
38.79 3.60384e-06 0 7.18799e-05 0
38.8 2.86703e-06 0 7.19159e-05 0
38.81 2.13353e-06 0 7.19446e-05 0
38.82 1.40342e-06 0 7.19659e-05 0
38.83 6.76742e-07 0 7.19799e-05 0
38.84 -4.64412e-08 0 7.19867e-05 0
38.85 -7.66076e-07 0 7.19862e-05 0
38.86 -1.48211e-06 0 7.19786e-05 0
38.87 -2.19448e-06 0 7.19638e-05 0
38.88 -2.90315e-06 0 7.19418e-05 0
38.89 -3.60805e-06 0 7.19128e-05 0
38.9 -4.30914e-06 0 7.18767e-05 0
38.91 -5.00636e-06 0 7.18336e-05 0
38.92 -5.69966e-06 0 7.17836e-05 0
38.93 -6.389e-06 0 7.17266e-05 0
38.94 -7.07432e-06 0 7.16627e-05 0
38.95 -7.75558e-06 0 7.15919e-05 0
38.96 -8.43272e-06 0 7.15144e-05 0
38.97 -9.1057e-06 0 7.143e-05 0
38.98 -9.77447e-06 0 7.1339e-05 0
38.99 -1.0439e-05 0 7.12412e-05 0
39 -1.10992e-05 0 7.11368e-05 0
39.01 -1.17551e-05 0 7.10259e-05 0
39.02 -1.24066e-05 0 7.09083e-05 0
39.03 -1.30536e-05 0 7.07842e-05 0
39.04 -1.36962e-05 0 7.06537e-05 0
39.05 -1.43342e-05 0 7.05167e-05 0
39.06 -1.49677e-05 0 7.03734e-05 0
39.07 -1.55966e-05 0 7.02237e-05 0
39.08 -1.62209e-05 0 7.00678e-05 0
39.09 -1.68405e-05 0 6.99055e-05 0
39.1 -1.74553e-05 0 6.97371e-05 0
39.11 -1.80654e-05 0 6.95626e-05 0
39.12 -1.86707e-05 0 6.93819e-05 0
39.13 -1.92712e-05 0 6.91952e-05 0
39.14 -1.98668e-05 0 6.90025e-05 0
39.15 -2.04575e-05 0 6.88038e-05 0
39.16 -2.10432e-05 0 6.85993e-05 0
39.17 -2.1624e-05 0 6.83888e-05 0
39.18 -2.21998e-05 0 6.81726e-05 0
39.19 -2.27705e-05 0 6.79506e-05 0
39.2 -2.33361e-05 0 6.77229e-05 0
39.21 -2.38967e-05 0 6.74895e-05 0
39.22 -2.44521e-05 0 6.72506e-05 0
39.23 -2.50023e-05 0 6.7006e-05 0
39.24 -2.55474e-05 0 6.6756e-05 0
39.25 -2.60872e-05 0 6.65006e-05 0
39.26 -2.66218e-05 0 6.62397e-05 0
39.27 -2.71511e-05 0 6.59735e-05 0
39.28 -2.76751e-05 0 6.5702e-05 0
39.29 -2.81937e-05 0 6.54252e-05 0
39.3 -2.8707e-05 0 6.51433e-05 0
39.31 -2.92149e-05 0 6.48562e-05 0
39.32 -2.97174e-05 0 6.4564e-05 0
39.33 -3.02144e-05 0 6.42669e-05 0
39.34 -3.0706e-05 0 6.39647e-05 0
39.35 -3.11921e-05 0 6.36577e-05 0
39.36 -3.16727e-05 0 6.33457e-05 0
39.37 -3.21478e-05 0 6.3029e-05 0
39.38 -3.26174e-05 0 6.27075e-05 0
39.39 -3.30814e-05 0 6.23814e-05 0
39.4 -3.35398e-05 0 6.20506e-05 0
39.41 -3.39926e-05 0 6.17152e-05 0
39.42 -3.44398e-05 0 6.13752e-05 0
39.43 -3.48813e-05 0 6.10308e-05 0
39.44 -3.53172e-05 0 6.0682e-05 0
39.45 -3.57475e-05 0 6.03288e-05 0
39.46 -3.6172e-05 0 5.99714e-05 0
39.47 -3.65909e-05 0 5.96096e-05 0
39.48 -3.7004e-05 0 5.92437e-05 0
39.49 -3.74114e-05 0 5.88737e-05 0
39.5 -3.78131e-05 0 5.84996e-05 0
39.51 -3.8209e-05 0 5.81215e-05 0
39.52 -3.85992e-05 0 5.77394e-05 0
39.53 -3.89836e-05 0 5.73534e-05 0
39.54 -3.93622e-05 0 5.69635e-05 0
39.55 -3.97351e-05 0 5.65699e-05 0
39.56 -4.01021e-05 0 5.61726e-05 0
39.57 -4.04633e-05 0 5.57715e-05 0
39.58 -4.08187e-05 0 5.53669e-05 0
39.59 -4.11683e-05 0 5.49587e-05 0
39.6 -4.1512e-05 0 5.4547e-05 0
39.61 -4.18499e-05 0 5.41319e-05 0
39.62 -4.2182e-05 0 5.37134e-05 0
39.63 -4.25082e-05 0 5.32916e-05 0
39.64 -4.28286e-05 0 5.28665e-05 0
39.65 -4.31431e-05 0 5.24382e-05 0
39.66 -4.34518e-05 0 5.20068e-05 0
39.67 -4.37546e-05 0 5.15723e-05 0
39.68 -4.40515e-05 0 5.11347e-05 0
39.69 -4.43426e-05 0 5.06942e-05 0
39.7 -4.46279e-05 0 5.02508e-05 0
39.71 -4.49072e-05 0 4.98045e-05 0
39.72 -4.51807e-05 0 4.93554e-05 0
39.73 -4.54484e-05 0 4.89036e-05 0
39.74 -4.57102e-05 0 4.84492e-05 0
39.75 -4.59661e-05 0 4.79921e-05 0
39.76 -4.62162e-05 0 4.75324e-05 0
39.77 -4.64605e-05 0 4.70702e-05 0
39.78 -4.66989e-05 0 4.66056e-05 0
39.79 -4.69314e-05 0 4.61386e-05 0
39.8 -4.71581e-05 0 4.56693e-05 0
39.81 -4.7379e-05 0 4.51977e-05 0
39.82 -4.75941e-05 0 4.47239e-05 0
39.83 -4.78034e-05 0 4.4248e-05 0
39.84 -4.80069e-05 0 4.377e-05 0
39.85 -4.82045e-05 0 4.32899e-05 0
39.86 -4.83964e-05 0 4.28079e-05 0
39.87 -4.85825e-05 0 4.23239e-05 0
39.88 -4.87628e-05 0 4.18381e-05 0
39.89 -4.89374e-05 0 4.13504e-05 0
39.9 -4.91062e-05 0 4.08611e-05 0
39.91 -4.92693e-05 0 4.037e-05 0
39.92 -4.94266e-05 0 3.98773e-05 0
39.93 -4.95783e-05 0 3.9383e-05 0
39.94 -4.97242e-05 0 3.88873e-05 0
39.95 -4.98645e-05 0 3.839e-05 0
39.96 -4.99991e-05 0 3.78914e-05 0
39.97 -5.0128e-05 0 3.73914e-05 0
39.98 -5.02512e-05 0 3.68901e-05 0
39.99 -5.03689e-05 0 3.63876e-05 0
40 -5.04809e-05 0 3.58839e-05 0
40.01 -5.05874e-05 0 3.53791e-05 0
40.02 -5.06882e-05 0 3.48732e-05 0
40.03 -5.07835e-05 0 3.43663e-05 0
40.04 -5.08732e-05 0 3.38585e-05 0
40.05 -5.09575e-05 0 3.33498e-05 0
40.06 -5.10362e-05 0 3.28402e-05 0
40.07 -5.11094e-05 0 3.23298e-05 0
40.08 -5.11771e-05 0 3.18187e-05 0
40.09 -5.12395e-05 0 3.1307e-05 0
40.1 -5.12963e-05 0 3.07946e-05 0
40.11 -5.13478e-05 0 3.02816e-05 0
40.12 -5.13939e-05 0 2.97681e-05 0
40.13 -5.14346e-05 0 2.92542e-05 0
40.14 -5.14699e-05 0 2.87399e-05 0
40.15 -5.15e-05 0 2.82252e-05 0
40.16 -5.15247e-05 0 2.77102e-05 0
40.17 -5.15442e-05 0 2.71949e-05 0
40.18 -5.15585e-05 0 2.66795e-05 0
40.19 -5.15675e-05 0 2.61639e-05 0
40.2 -5.15713e-05 0 2.56482e-05 0
40.21 -5.15699e-05 0 2.51325e-05 0
40.22 -5.15634e-05 0 2.46168e-05 0
40.23 -5.15517e-05 0 2.41012e-05 0
40.24 -5.1535e-05 0 2.35856e-05 0
40.25 -5.15131e-05 0 2.30703e-05 0
40.26 -5.14863e-05 0 2.25552e-05 0
40.27 -5.14544e-05 0 2.20403e-05 0
40.28 -5.14175e-05 0 2.15258e-05 0
40.29 -5.13757e-05 0 2.10116e-05 0
40.3 -5.13289e-05 0 2.04978e-05 0
40.31 -5.12773e-05 0 1.99845e-05 0
40.32 -5.12207e-05 0 1.94718e-05 0
40.33 -5.11593e-05 0 1.89596e-05 0
40.34 -5.10931e-05 0 1.8448e-05 0
40.35 -5.10222e-05 0 1.7937e-05 0
40.36 -5.09464e-05 0 1.74268e-05 0
40.37 -5.0866e-05 0 1.69173e-05 0
40.38 -5.07808e-05 0 1.64087e-05 0
40.39 -5.0691e-05 0 1.59009e-05 0
40.4 -5.05965e-05 0 1.5394e-05 0
40.41 -5.04975e-05 0 1.4888e-05 0
40.42 -5.03939e-05 0 1.4383e-05 0
40.43 -5.02857e-05 0 1.38791e-05 0
40.44 -5.01731e-05 0 1.33762e-05 0
40.45 -5.0056e-05 0 1.28745e-05 0
40.46 -4.99345e-05 0 1.23739e-05 0
40.47 -4.98085e-05 0 1.18746e-05 0
40.48 -4.96782e-05 0 1.13765e-05 0
40.49 -4.95436e-05 0 1.08797e-05 0
40.5 -4.94047e-05 0 1.03843e-05 0
40.51 -4.92615e-05 0 9.89024e-06 0
40.52 -4.91141e-05 0 9.39763e-06 0
40.53 -4.89625e-05 0 8.90648e-06 0
40.54 -4.88068e-05 0 8.41686e-06 0
40.55 -4.86469e-05 0 7.92879e-06 0
40.56 -4.8483e-05 0 7.44232e-06 0
40.57 -4.8315e-05 0 6.95749e-06 0
40.58 -4.8143e-05 0 6.47434e-06 0
40.59 -4.7967e-05 0 5.99291e-06 0
40.6 -4.77871e-05 0 5.51324e-06 0
40.61 -4.76033e-05 0 5.03537e-06 0
40.62 -4.74156e-05 0 4.55934e-06 0
40.63 -4.72241e-05 0 4.08518e-06 0
40.64 -4.70289e-05 0 3.61294e-06 0
40.65 -4.68298e-05 0 3.14265e-06 0
40.66 -4.66271e-05 0 2.67436e-06 0
40.67 -4.64207e-05 0 2.20809e-06 0
40.68 -4.62107e-05 0 1.74388e-06 0
40.69 -4.59971e-05 0 1.28177e-06 0
40.7 -4.57799e-05 0 8.218e-07 0
40.71 -4.55592e-05 0 3.64e-07 0
40.72 -4.53351e-05 0 -9.15921e-08 0
40.73 -4.51075e-05 0 -5.44943e-07 0
40.74 -4.48765e-05 0 -9.96018e-07 0
40.75 -4.46422e-05 0 -1.44478e-06 0
40.76 -4.44045e-05 0 -1.8912e-06 0
40.77 -4.41636e-05 0 -2.33525e-06 0
40.78 -4.39194e-05 0 -2.77689e-06 0
40.79 -4.3672e-05 0 -3.21608e-06 0
40.8 -4.34215e-05 0 -3.6528e-06 0
40.81 -4.31679e-05 0 -4.08702e-06 0
40.82 -4.29112e-05 0 -4.51869e-06 0
40.83 -4.26514e-05 0 -4.94781e-06 0
40.84 -4.23887e-05 0 -5.37432e-06 0
40.85 -4.2123e-05 0 -5.79821e-06 0
40.86 -4.18544e-05 0 -6.21944e-06 0
40.87 -4.15829e-05 0 -6.63798e-06 0
40.88 -4.13087e-05 0 -7.05381e-06 0
40.89 -4.10316e-05 0 -7.4669e-06 0
40.9 -4.07517e-05 0 -7.87721e-06 0
40.91 -4.04692e-05 0 -8.28473e-06 0
40.92 -4.0184e-05 0 -8.68942e-06 0
40.93 -3.98962e-05 0 -9.09126e-06 0
40.94 -3.96058e-05 0 -9.49022e-06 0
40.95 -3.93129e-05 0 -9.88628e-06 0
40.96 -3.90175e-05 0 -1.02794e-05 0
40.97 -3.87196e-05 0 -1.06696e-05 0
40.98 -3.84193e-05 0 -1.10568e-05 0
40.99 -3.81166e-05 0 -1.1441e-05 0
41 -3.78116e-05 0 -1.18221e-05 0
41.01 -3.75043e-05 0 -1.22003e-05 0
41.02 -3.71948e-05 0 -1.25753e-05 0
41.03 -3.68831e-05 0 -1.29472e-05 0
41.04 -3.65692e-05 0 -1.33161e-05 0
41.05 -3.62532e-05 0 -1.36818e-05 0
41.06 -3.59351e-05 0 -1.40443e-05 0
41.07 -3.5615e-05 0 -1.44037e-05 0
41.08 -3.52929e-05 0 -1.47598e-05 0
41.09 -3.49688e-05 0 -1.51127e-05 0
41.1 -3.46428e-05 0 -1.54624e-05 0
41.11 -3.4315e-05 0 -1.58089e-05 0
41.12 -3.39853e-05 0 -1.6152e-05 0
41.13 -3.36539e-05 0 -1.64919e-05 0
41.14 -3.33207e-05 0 -1.68284e-05 0
41.15 -3.29858e-05 0 -1.71616e-05 0
41.16 -3.26493e-05 0 -1.74915e-05 0
41.17 -3.23111e-05 0 -1.7818e-05 0
41.18 -3.19714e-05 0 -1.81411e-05 0
41.19 -3.16301e-05 0 -1.84608e-05 0
41.2 -3.12874e-05 0 -1.87771e-05 0
41.21 -3.09431e-05 0 -1.909e-05 0
41.22 -3.05975e-05 0 -1.93994e-05 0
41.23 -3.02506e-05 0 -1.97054e-05 0
41.24 -2.99022e-05 0 -2.00079e-05 0
41.25 -2.95527e-05 0 -2.03069e-05 0
41.26 -2.92018e-05 0 -2.06024e-05 0
41.27 -2.88498e-05 0 -2.08944e-05 0
41.28 -2.84966e-05 0 -2.11829e-05 0
41.29 -2.81423e-05 0 -2.14679e-05 0
41.3 -2.77869e-05 0 -2.17493e-05 0
41.31 -2.74305e-05 0 -2.20272e-05 0
41.32 -2.7073e-05 0 -2.23015e-05 0
41.33 -2.67147e-05 0 -2.25722e-05 0
41.34 -2.63554e-05 0 -2.28394e-05 0
41.35 -2.59952e-05 0 -2.31029e-05 0
41.36 -2.56342e-05 0 -2.33629e-05 0
41.37 -2.52724e-05 0 -2.36192e-05 0
41.38 -2.49098e-05 0 -2.38719e-05 0
41.39 -2.45466e-05 0 -2.4121e-05 0
41.4 -2.41826e-05 0 -2.43665e-05 0
41.41 -2.3818e-05 0 -2.46083e-05 0
41.42 -2.34529e-05 0 -2.48465e-05 0
41.43 -2.30871e-05 0 -2.5081e-05 0
41.44 -2.27209e-05 0 -2.53119e-05 0
41.45 -2.23542e-05 0 -2.55391e-05 0
41.46 -2.1987e-05 0 -2.57627e-05 0
41.47 -2.16195e-05 0 -2.59825e-05 0
41.48 -2.12515e-05 0 -2.61987e-05 0
41.49 -2.08833e-05 0 -2.64112e-05 0
41.5 -2.05148e-05 0 -2.66201e-05 0
41.51 -2.0146e-05 0 -2.68252e-05 0
41.52 -1.9777e-05 0 -2.70267e-05 0
41.53 -1.94078e-05 0 -2.72245e-05 0
41.54 -1.90386e-05 0 -2.74185e-05 0
41.55 -1.86692e-05 0 -2.76089e-05 0
41.56 -1.82997e-05 0 -2.77956e-05 0
41.57 -1.79303e-05 0 -2.79786e-05 0
41.58 -1.75609e-05 0 -2.81579e-05 0
41.59 -1.71915e-05 0 -2.83335e-05 0
41.6 -1.68222e-05 0 -2.85054e-05 0
41.61 -1.6453e-05 0 -2.86737e-05 0
41.62 -1.6084e-05 0 -2.88382e-05 0
41.63 -1.57152e-05 0 -2.8999e-05 0
41.64 -1.53466e-05 0 -2.91562e-05 0
41.65 -1.49784e-05 0 -2.93096e-05 0
41.66 -1.46104e-05 0 -2.94594e-05 0
41.67 -1.42427e-05 0 -2.96055e-05 0
41.68 -1.38754e-05 0 -2.9748e-05 0
41.69 -1.35086e-05 0 -2.98867e-05 0
41.7 -1.31422e-05 0 -3.00218e-05 0
41.71 -1.27763e-05 0 -3.01532e-05 0
41.72 -1.24108e-05 0 -3.0281e-05 0
41.73 -1.2046e-05 0 -3.04051e-05 0
41.74 -1.16817e-05 0 -3.05255e-05 0
41.75 -1.1318e-05 0 -3.06424e-05 0
41.76 -1.0955e-05 0 -3.07555e-05 0
41.77 -1.05927e-05 0 -3.08651e-05 0
41.78 -1.02311e-05 0 -3.0971e-05 0
41.79 -9.87021e-06 0 -3.10733e-05 0
41.8 -9.51012e-06 0 -3.1172e-05 0
41.81 -9.15085e-06 0 -3.12671e-05 0
41.82 -8.79242e-06 0 -3.13586e-05 0
41.83 -8.43488e-06 0 -3.14466e-05 0
41.84 -8.07824e-06 0 -3.15309e-05 0
41.85 -7.72254e-06 0 -3.16117e-05 0
41.86 -7.36781e-06 0 -3.16889e-05 0
41.87 -7.01408e-06 0 -3.17626e-05 0
41.88 -6.66138e-06 0 -3.18327e-05 0
41.89 -6.30975e-06 0 -3.18994e-05 0
41.9 -5.9592e-06 0 -3.19625e-05 0
41.91 -5.60978e-06 0 -3.2022e-05 0
41.92 -5.26151e-06 0 -3.20781e-05 0
41.93 -4.91443e-06 0 -3.21308e-05 0
41.94 -4.56855e-06 0 -3.21799e-05 0
41.95 -4.2239e-06 0 -3.22256e-05 0
41.96 -3.88053e-06 0 -3.22678e-05 0
41.97 -3.53845e-06 0 -3.23066e-05 0
41.98 -3.19769e-06 0 -3.2342e-05 0
41.99 -2.85828e-06 0 -3.2374e-05 0
42 -2.52025e-06 0 -3.24026e-05 0
42.01 -2.18362e-06 0 -3.24278e-05 0
42.02 -1.84843e-06 0 -3.24496e-05 0
42.03 -1.51469e-06 0 -3.24681e-05 0
42.04 -1.18243e-06 0 -3.24832e-05 0
42.05 -8.51689e-07 0 -3.24951e-05 0
42.06 -5.2248e-07 0 -3.25036e-05 0
42.07 -1.94831e-07 0 -3.25088e-05 0
42.08 1.31231e-07 0 -3.25108e-05 0
42.09 4.55682e-07 0 -3.25095e-05 0
42.1 7.78498e-07 0 -3.25049e-05 0
42.11 1.09965e-06 0 -3.24971e-05 0
42.12 1.41913e-06 0 -3.24861e-05 0
42.13 1.73689e-06 0 -3.24719e-05 0
42.14 2.05293e-06 0 -3.24546e-05 0
42.15 2.36721e-06 0 -3.2434e-05 0
42.16 2.67971e-06 0 -3.24104e-05 0
42.17 2.99042e-06 0 -3.23836e-05 0
42.18 3.2993e-06 0 -3.23536e-05 0
42.19 3.60634e-06 0 -3.23207e-05 0
42.2 3.91152e-06 0 -3.22846e-05 0
42.21 4.2148e-06 0 -3.22455e-05 0
42.22 4.51619e-06 0 -3.22033e-05 0
42.23 4.81564e-06 0 -3.21582e-05 0
42.24 5.11314e-06 0 -3.211e-05 0
42.25 5.40868e-06 0 -3.20589e-05 0
42.26 5.70222e-06 0 -3.20048e-05 0
42.27 5.99376e-06 0 -3.19478e-05 0
42.28 6.28327e-06 0 -3.18878e-05 0
42.29 6.57073e-06 0 -3.1825e-05 0
42.3 6.85613e-06 0 -3.17593e-05 0
42.31 7.13944e-06 0 -3.16907e-05 0
42.32 7.42065e-06 0 -3.16193e-05 0
42.33 7.69974e-06 0 -3.15451e-05 0
42.34 7.97669e-06 0 -3.14681e-05 0
42.35 8.25149e-06 0 -3.13884e-05 0
42.36 8.52411e-06 0 -3.13059e-05 0
42.37 8.79455e-06 0 -3.12206e-05 0
42.38 9.06279e-06 0 -3.11327e-05 0
42.39 9.3288e-06 0 -3.1042e-05 0
42.4 9.59257e-06 0 -3.09488e-05 0
42.41 9.8541e-06 0 -3.08528e-05 0
42.42 1.01134e-05 0 -3.07543e-05 0
42.43 1.03703e-05 0 -3.06531e-05 0
42.44 1.0625e-05 0 -3.05494e-05 0
42.45 1.08774e-05 0 -3.04432e-05 0
42.46 1.11274e-05 0 -3.03344e-05 0
42.47 1.13751e-05 0 -3.02231e-05 0
42.48 1.16205e-05 0 -3.01094e-05 0
42.49 1.18635e-05 0 -2.99932e-05 0
42.5 1.21041e-05 0 -2.98746e-05 0
42.51 1.23423e-05 0 -2.97535e-05 0
42.52 1.25781e-05 0 -2.96301e-05 0
42.53 1.28116e-05 0 -2.95043e-05 0
42.54 1.30425e-05 0 -2.93762e-05 0
42.55 1.32711e-05 0 -2.92458e-05 0
42.56 1.34972e-05 0 -2.91131e-05 0
42.57 1.37208e-05 0 -2.89781e-05 0
42.58 1.3942e-05 0 -2.88409e-05 0
42.59 1.41607e-05 0 -2.87015e-05 0
42.6 1.43769e-05 0 -2.85599e-05 0
42.61 1.45906e-05 0 -2.84161e-05 0
42.62 1.48018e-05 0 -2.82702e-05 0
42.63 1.50105e-05 0 -2.81222e-05 0
42.64 1.52167e-05 0 -2.79721e-05 0
42.65 1.54203e-05 0 -2.78199e-05 0
42.66 1.56214e-05 0 -2.76657e-05 0
42.67 1.582e-05 0 -2.75095e-05 0
42.68 1.6016e-05 0 -2.73513e-05 0
42.69 1.62094e-05 0 -2.71911e-05 0
42.7 1.64003e-05 0 -2.7029e-05 0
42.71 1.65886e-05 0 -2.6865e-05 0
42.72 1.67743e-05 0 -2.66991e-05 0
42.73 1.69574e-05 0 -2.65314e-05 0
42.74 1.71379e-05 0 -2.63618e-05 0
42.75 1.73159e-05 0 -2.61904e-05 0
42.76 1.74912e-05 0 -2.60173e-05 0
42.77 1.76639e-05 0 -2.58424e-05 0
42.78 1.7834e-05 0 -2.56657e-05 0
42.79 1.80015e-05 0 -2.54874e-05 0
42.8 1.81664e-05 0 -2.53074e-05 0
42.81 1.83286e-05 0 -2.51257e-05 0
42.82 1.84882e-05 0 -2.49424e-05 0
42.83 1.86452e-05 0 -2.47575e-05 0
42.84 1.87995e-05 0 -2.45711e-05 0
42.85 1.89513e-05 0 -2.43831e-05 0
42.86 1.91003e-05 0 -2.41936e-05 0
42.87 1.92468e-05 0 -2.40026e-05 0
42.88 1.93906e-05 0 -2.38101e-05 0
42.89 1.95317e-05 0 -2.36162e-05 0
42.9 1.96702e-05 0 -2.34209e-05 0
42.91 1.98061e-05 0 -2.32242e-05 0
42.92 1.99393e-05 0 -2.30261e-05 0
42.93 2.00698e-05 0 -2.28267e-05 0
42.94 2.01978e-05 0 -2.2626e-05 0
42.95 2.0323e-05 0 -2.2424e-05 0
42.96 2.04457e-05 0 -2.22208e-05 0
42.97 2.05656e-05 0 -2.20164e-05 0
42.98 2.0683e-05 0 -2.18107e-05 0
42.99 2.07977e-05 0 -2.16039e-05 0
43 2.09097e-05 0 -2.13959e-05 0
43.01 2.10191e-05 0 -2.11868e-05 0
43.02 2.11259e-05 0 -2.09766e-05 0
43.03 2.123e-05 0 -2.07654e-05 0
43.04 2.13315e-05 0 -2.05531e-05 0
43.05 2.14304e-05 0 -2.03397e-05 0
43.06 2.15267e-05 0 -2.01254e-05 0
43.07 2.16203e-05 0 -1.99102e-05 0
43.08 2.17113e-05 0 -1.9694e-05 0
43.09 2.17997e-05 0 -1.94769e-05 0
43.1 2.18854e-05 0 -1.92589e-05 0
43.11 2.19686e-05 0 -1.904e-05 0
43.12 2.20491e-05 0 -1.88203e-05 0
43.13 2.21271e-05 0 -1.85998e-05 0
43.14 2.22025e-05 0 -1.83786e-05 0
43.15 2.22752e-05 0 -1.81565e-05 0
43.16 2.23454e-05 0 -1.79338e-05 0
43.17 2.2413e-05 0 -1.77103e-05 0
43.18 2.24781e-05 0 -1.74862e-05 0
43.19 2.25405e-05 0 -1.72614e-05 0
43.2 2.26005e-05 0 -1.7036e-05 0
43.21 2.26578e-05 0 -1.681e-05 0
43.22 2.27126e-05 0 -1.65834e-05 0
43.23 2.27649e-05 0 -1.63563e-05 0
43.24 2.28146e-05 0 -1.61286e-05 0
43.25 2.28619e-05 0 -1.59005e-05 0
43.26 2.29065e-05 0 -1.56719e-05 0
43.27 2.29487e-05 0 -1.54428e-05 0
43.28 2.29884e-05 0 -1.52133e-05 0
43.29 2.30256e-05 0 -1.49834e-05 0
43.3 2.30603e-05 0 -1.47532e-05 0
43.31 2.30925e-05 0 -1.45226e-05 0
43.32 2.31223e-05 0 -1.42917e-05 0
43.33 2.31496e-05 0 -1.40604e-05 0
43.34 2.31745e-05 0 -1.38289e-05 0
43.35 2.31969e-05 0 -1.35972e-05 0
43.36 2.32169e-05 0 -1.33652e-05 0
43.37 2.32344e-05 0 -1.31331e-05 0
43.38 2.32496e-05 0 -1.29007e-05 0
43.39 2.32624e-05 0 -1.26682e-05 0
43.4 2.32727e-05 0 -1.24356e-05 0
43.41 2.32807e-05 0 -1.22029e-05 0
43.42 2.32863e-05 0 -1.19701e-05 0
43.43 2.32896e-05 0 -1.17372e-05 0
43.44 2.32905e-05 0 -1.15043e-05 0
43.45 2.32891e-05 0 -1.12714e-05 0
43.46 2.32854e-05 0 -1.10385e-05 0
43.47 2.32794e-05 0 -1.08056e-05 0
43.48 2.3271e-05 0 -1.05729e-05 0
43.49 2.32604e-05 0 -1.03401e-05 0
43.5 2.32475e-05 0 -1.01075e-05 0
43.51 2.32323e-05 0 -9.87507e-06 0
43.52 2.32149e-05 0 -9.64274e-06 0
43.53 2.31953e-05 0 -9.41059e-06 0
43.54 2.31734e-05 0 -9.17864e-06 0
43.55 2.31493e-05 0 -8.94691e-06 0
43.56 2.3123e-05 0 -8.71541e-06 0
43.57 2.30946e-05 0 -8.48418e-06 0
43.58 2.30639e-05 0 -8.25324e-06 0
43.59 2.30312e-05 0 -8.0226e-06 0
43.6 2.29962e-05 0 -7.79229e-06 0
43.61 2.29592e-05 0 -7.56232e-06 0
43.62 2.292e-05 0 -7.33273e-06 0
43.63 2.28787e-05 0 -7.10353e-06 0
43.64 2.28354e-05 0 -6.87474e-06 0
43.65 2.27899e-05 0 -6.64639e-06 0
43.66 2.27425e-05 0 -6.41849e-06 0
43.67 2.26929e-05 0 -6.19107e-06 0
43.68 2.26414e-05 0 -5.96414e-06 0
43.69 2.25878e-05 0 -5.73772e-06 0
43.7 2.25322e-05 0 -5.51185e-06 0
43.71 2.24747e-05 0 -5.28652e-06 0
43.72 2.24152e-05 0 -5.06178e-06 0
43.73 2.23537e-05 0 -4.83762e-06 0
43.74 2.22903e-05 0 -4.61409e-06 0
43.75 2.2225e-05 0 -4.39118e-06 0
43.76 2.21578e-05 0 -4.16893e-06 0
43.77 2.20887e-05 0 -3.94735e-06 0
43.78 2.20178e-05 0 -3.72647e-06 0
43.79 2.19449e-05 0 -3.50629e-06 0
43.8 2.18703e-05 0 -3.28684e-06 0
43.81 2.17938e-05 0 -3.06814e-06 0
43.82 2.17155e-05 0 -2.8502e-06 0
43.83 2.16354e-05 0 -2.63305e-06 0
43.84 2.15536e-05 0 -2.41669e-06 0
43.85 2.147e-05 0 -2.20116e-06 0
43.86 2.13846e-05 0 -1.98646e-06 0
43.87 2.12976e-05 0 -1.77261e-06 0
43.88 2.12088e-05 0 -1.55963e-06 0
43.89 2.11184e-05 0 -1.34755e-06 0
43.9 2.10262e-05 0 -1.13636e-06 0
43.91 2.09325e-05 0 -9.26099e-07 0
43.92 2.08371e-05 0 -7.16774e-07 0
43.93 2.07401e-05 0 -5.08404e-07 0
43.94 2.06414e-05 0 -3.01003e-07 0
43.95 2.05412e-05 0 -9.45884e-08 0
43.96 2.04395e-05 0 1.10824e-07 0
43.97 2.03362e-05 0 3.15219e-07 0
43.98 2.02313e-05 0 5.18581e-07 0
43.99 2.0125e-05 0 7.20894e-07 0
44 2.00172e-05 0 9.22144e-07 0
44.01 1.99079e-05 0 1.12232e-06 0
44.02 1.97971e-05 0 1.32139e-06 0
44.03 1.96849e-05 0 1.51937e-06 0
44.04 1.95713e-05 0 1.71621e-06 0
44.05 1.94563e-05 0 1.91193e-06 0
44.06 1.93399e-05 0 2.10649e-06 0
44.07 1.92221e-05 0 2.29989e-06 0
44.08 1.9103e-05 0 2.49211e-06 0
44.09 1.89826e-05 0 2.68314e-06 0
44.1 1.88608e-05 0 2.87297e-06 0
44.11 1.87378e-05 0 3.06157e-06 0
44.12 1.86135e-05 0 3.24895e-06 0
44.13 1.84879e-05 0 3.43509e-06 0
44.14 1.83611e-05 0 3.61997e-06 0
44.15 1.82331e-05 0 3.80358e-06 0
44.16 1.81039e-05 0 3.98591e-06 0
44.17 1.79735e-05 0 4.16695e-06 0
44.18 1.7842e-05 0 4.34668e-06 0
44.19 1.77093e-05 0 4.5251e-06 0
44.2 1.75755e-05 0 4.7022e-06 0
44.21 1.74406e-05 0 4.87795e-06 0
44.22 1.73046e-05 0 5.05236e-06 0
44.23 1.71676e-05 0 5.2254e-06 0
44.24 1.70295e-05 0 5.39708e-06 0
44.25 1.68904e-05 0 5.56737e-06 0
44.26 1.67503e-05 0 5.73628e-06 0
44.27 1.66092e-05 0 5.90378e-06 0
44.28 1.64671e-05 0 6.06987e-06 0
44.29 1.6324e-05 0 6.23454e-06 0
44.3 1.61801e-05 0 6.39778e-06 0
44.31 1.60352e-05 0 6.55958e-06 0
44.32 1.58894e-05 0 6.71994e-06 0
44.33 1.57428e-05 0 6.87883e-06 0
44.34 1.55953e-05 0 7.03626e-06 0
44.35 1.54469e-05 0 7.19221e-06 0
44.36 1.52978e-05 0 7.34668e-06 0
44.37 1.51478e-05 0 7.49966e-06 0
44.38 1.49971e-05 0 7.65114e-06 0
44.39 1.48456e-05 0 7.80111e-06 0
44.4 1.46933e-05 0 7.94956e-06 0
44.41 1.45404e-05 0 8.0965e-06 0
44.42 1.43867e-05 0 8.2419e-06 0
44.43 1.42324e-05 0 8.38577e-06 0
44.44 1.40773e-05 0 8.52809e-06 0
44.45 1.39217e-05 0 8.66886e-06 0
44.46 1.37654e-05 0 8.80808e-06 0
44.47 1.36085e-05 0 8.94573e-06 0
44.48 1.3451e-05 0 9.08182e-06 0
44.49 1.32929e-05 0 9.21633e-06 0
44.5 1.31343e-05 0 9.34926e-06 0
44.51 1.29751e-05 0 9.4806e-06 0
44.52 1.28154e-05 0 9.61035e-06 0
44.53 1.26552e-05 0 9.73851e-06 0
44.54 1.24946e-05 0 9.86506e-06 0
44.55 1.23335e-05 0 9.99e-06 0
44.56 1.21719e-05 0 1.01133e-05 0
44.57 1.20099e-05 0 1.02351e-05 0
44.58 1.18475e-05 0 1.03552e-05 0
44.59 1.16847e-05 0 1.04736e-05 0
44.6 1.15216e-05 0 1.05905e-05 0
44.61 1.1358e-05 0 1.07057e-05 0
44.62 1.11942e-05 0 1.08193e-05 0
44.63 1.103e-05 0 1.09312e-05 0
44.64 1.08656e-05 0 1.10415e-05 0
44.65 1.07008e-05 0 1.11502e-05 0
44.66 1.05358e-05 0 1.12572e-05 0
44.67 1.03706e-05 0 1.13625e-05 0
44.68 1.02051e-05 0 1.14662e-05 0
44.69 1.00394e-05 0 1.15683e-05 0
44.7 9.87352e-06 0 1.16687e-05 0
44.71 9.70747e-06 0 1.17674e-05 0
44.72 9.54125e-06 0 1.18645e-05 0
44.73 9.3749e-06 0 1.19599e-05 0
44.74 9.20843e-06 0 1.20537e-05 0
44.75 9.04185e-06 0 1.21457e-05 0
44.76 8.87518e-06 0 1.22362e-05 0
44.77 8.70845e-06 0 1.23249e-05 0
44.78 8.54165e-06 0 1.2412e-05 0
44.79 8.37483e-06 0 1.24974e-05 0
44.8 8.20798e-06 0 1.25812e-05 0
44.81 8.04113e-06 0 1.26632e-05 0
44.82 7.87429e-06 0 1.27437e-05 0
44.83 7.70748e-06 0 1.28224e-05 0
44.84 7.54072e-06 0 1.28995e-05 0
44.85 7.37402e-06 0 1.29749e-05 0
44.86 7.2074e-06 0 1.30486e-05 0
44.87 7.04088e-06 0 1.31207e-05 0
44.88 6.87447e-06 0 1.31911e-05 0
44.89 6.70818e-06 0 1.32598e-05 0
44.9 6.54204e-06 0 1.33269e-05 0
44.91 6.37606e-06 0 1.33924e-05 0
44.92 6.21026e-06 0 1.34561e-05 0
44.93 6.04465e-06 0 1.35182e-05 0
44.94 5.87924e-06 0 1.35787e-05 0
44.95 5.71406e-06 0 1.36375e-05 0
44.96 5.54912e-06 0 1.36946e-05 0
44.97 5.38442e-06 0 1.37501e-05 0
44.98 5.22e-06 0 1.38039e-05 0
44.99 5.05586e-06 0 1.38561e-05 0
45 4.89202e-06 0 1.39067e-05 0
45.01 4.72849e-06 0 1.39556e-05 0
45.02 4.5653e-06 0 1.40029e-05 0
45.03 4.40244e-06 0 1.40485e-05 0
45.04 4.23994e-06 0 1.40926e-05 0
45.05 4.07782e-06 0 1.4135e-05 0
45.06 3.91608e-06 0 1.41757e-05 0
45.07 3.75474e-06 0 1.42149e-05 0
45.08 3.59382e-06 0 1.42525e-05 0
45.09 3.43332e-06 0 1.42884e-05 0
45.1 3.27327e-06 0 1.43227e-05 0
45.11 3.11368e-06 0 1.43555e-05 0
45.12 2.95456e-06 0 1.43866e-05 0
45.13 2.79592e-06 0 1.44161e-05 0
45.14 2.63778e-06 0 1.44441e-05 0
45.15 2.48015e-06 0 1.44705e-05 0
45.16 2.32304e-06 0 1.44953e-05 0
45.17 2.16647e-06 0 1.45185e-05 0
45.18 2.01046e-06 0 1.45402e-05 0
45.19 1.855e-06 0 1.45603e-05 0
45.2 1.70012e-06 0 1.45788e-05 0
45.21 1.54584e-06 0 1.45958e-05 0
45.22 1.39215e-06 0 1.46113e-05 0
45.23 1.23907e-06 0 1.46252e-05 0
45.24 1.08663e-06 0 1.46376e-05 0
45.25 9.34817e-07 0 1.46485e-05 0
45.26 7.83659e-07 0 1.46578e-05 0
45.27 6.33162e-07 0 1.46657e-05 0
45.28 4.8334e-07 0 1.4672e-05 0
45.29 3.34203e-07 0 1.46768e-05 0
45.3 1.85764e-07 0 1.46802e-05 0
45.31 3.80336e-08 0 1.4682e-05 0
45.32 -1.08977e-07 0 1.46824e-05 0
45.33 -2.55256e-07 0 1.46813e-05 0
45.34 -4.00793e-07 0 1.46788e-05 0
45.35 -5.45576e-07 0 1.46747e-05 0
45.36 -6.89596e-07 0 1.46693e-05 0
45.37 -8.32841e-07 0 1.46624e-05 0
45.38 -9.75301e-07 0 1.46541e-05 0
45.39 -1.11696e-06 0 1.46443e-05 0
45.4 -1.25782e-06 0 1.46331e-05 0
45.41 -1.39787e-06 0 1.46206e-05 0
45.42 -1.53708e-06 0 1.46066e-05 0
45.43 -1.67546e-06 0 1.45912e-05 0
45.44 -1.813e-06 0 1.45745e-05 0
45.45 -1.94968e-06 0 1.45563e-05 0
45.46 -2.08549e-06 0 1.45368e-05 0
45.47 -2.22043e-06 0 1.4516e-05 0
45.48 -2.35449e-06 0 1.44938e-05 0
45.49 -2.48766e-06 0 1.44702e-05 0
45.5 -2.61992e-06 0 1.44454e-05 0
45.51 -2.75127e-06 0 1.44192e-05 0
45.52 -2.88171e-06 0 1.43916e-05 0
45.53 -3.01122e-06 0 1.43628e-05 0
45.54 -3.13979e-06 0 1.43327e-05 0
45.55 -3.26742e-06 0 1.43013e-05 0
45.56 -3.39409e-06 0 1.42686e-05 0
45.57 -3.51981e-06 0 1.42347e-05 0
45.58 -3.64456e-06 0 1.41995e-05 0
45.59 -3.76833e-06 0 1.41631e-05 0
45.6 -3.89112e-06 0 1.41254e-05 0
45.61 -4.01292e-06 0 1.40865e-05 0
45.62 -4.13372e-06 0 1.40463e-05 0
45.63 -4.25351e-06 0 1.4005e-05 0
45.64 -4.37229e-06 0 1.39625e-05 0
45.65 -4.49006e-06 0 1.39187e-05 0
45.66 -4.60679e-06 0 1.38738e-05 0
45.67 -4.7225e-06 0 1.38278e-05 0
45.68 -4.83716e-06 0 1.37805e-05 0
45.69 -4.95078e-06 0 1.37322e-05 0
45.7 -5.06335e-06 0 1.36827e-05 0
45.71 -5.17486e-06 0 1.3632e-05 0
45.72 -5.28531e-06 0 1.35803e-05 0
45.73 -5.39468e-06 0 1.35274e-05 0
45.74 -5.50298e-06 0 1.34735e-05 0
45.75 -5.6102e-06 0 1.34185e-05 0
45.76 -5.71634e-06 0 1.33624e-05 0
45.77 -5.82138e-06 0 1.33052e-05 0
45.78 -5.92532e-06 0 1.3247e-05 0
45.79 -6.02817e-06 0 1.31877e-05 0
45.8 -6.1299e-06 0 1.31274e-05 0
45.81 -6.23053e-06 0 1.30661e-05 0
45.82 -6.33004e-06 0 1.30038e-05 0
45.83 -6.42843e-06 0 1.29405e-05 0
45.84 -6.52569e-06 0 1.28763e-05 0
45.85 -6.62182e-06 0 1.2811e-05 0
45.86 -6.71682e-06 0 1.27448e-05 0
45.87 -6.81069e-06 0 1.26776e-05 0
45.88 -6.90341e-06 0 1.26095e-05 0
45.89 -6.99499e-06 0 1.25405e-05 0
45.9 -7.08542e-06 0 1.24705e-05 0
45.91 -7.1747e-06 0 1.23997e-05 0
45.92 -7.26282e-06 0 1.23279e-05 0
45.93 -7.34978e-06 0 1.22553e-05 0
45.94 -7.43559e-06 0 1.21818e-05 0
45.95 -7.52023e-06 0 1.21074e-05 0
45.96 -7.6037e-06 0 1.20322e-05 0
45.97 -7.68601e-06 0 1.19562e-05 0
45.98 -7.76714e-06 0 1.18793e-05 0
45.99 -7.84709e-06 0 1.18017e-05 0
46 -7.92588e-06 0 1.17232e-05 0
46.01 -8.00348e-06 0 1.16439e-05 0
46.02 -8.0799e-06 0 1.15639e-05 0
46.03 -8.15514e-06 0 1.14831e-05 0
46.04 -8.2292e-06 0 1.14015e-05 0
46.05 -8.30206e-06 0 1.13193e-05 0
46.06 -8.37375e-06 0 1.12362e-05 0
46.07 -8.44424e-06 0 1.11525e-05 0
46.08 -8.51354e-06 0 1.10681e-05 0
46.09 -8.58166e-06 0 1.09829e-05 0
46.1 -8.64858e-06 0 1.08971e-05 0
46.11 -8.71431e-06 0 1.08106e-05 0
46.12 -8.77884e-06 0 1.07235e-05 0
46.13 -8.84218e-06 0 1.06357e-05 0
46.14 -8.90433e-06 0 1.05473e-05 0
46.15 -8.96528e-06 0 1.04582e-05 0
46.16 -9.02503e-06 0 1.03686e-05 0
46.17 -9.08359e-06 0 1.02783e-05 0
46.18 -9.14096e-06 0 1.01875e-05 0
46.19 -9.19713e-06 0 1.00961e-05 0
46.2 -9.25211e-06 0 1.00041e-05 0
46.21 -9.30589e-06 0 9.91158e-06 0
46.22 -9.35847e-06 0 9.81852e-06 0
46.23 -9.40986e-06 0 9.72494e-06 0
46.24 -9.46006e-06 0 9.63084e-06 0
46.25 -9.50907e-06 0 9.53624e-06 0
46.26 -9.55689e-06 0 9.44115e-06 0
46.27 -9.60352e-06 0 9.34558e-06 0
46.28 -9.64896e-06 0 9.24954e-06 0
46.29 -9.69321e-06 0 9.15305e-06 0
46.3 -9.73627e-06 0 9.05612e-06 0
46.31 -9.77815e-06 0 8.95876e-06 0
46.32 -9.81885e-06 0 8.86098e-06 0
46.33 -9.85836e-06 0 8.76279e-06 0
46.34 -9.8967e-06 0 8.6642e-06 0
46.35 -9.93386e-06 0 8.56524e-06 0
46.36 -9.96984e-06 0 8.4659e-06 0
46.37 -1.00046e-05 0 8.3662e-06 0
46.38 -1.00383e-05 0 8.26615e-06 0
46.39 -1.00708e-05 0 8.16577e-06 0
46.4 -1.01021e-05 0 8.06506e-06 0
46.41 -1.01322e-05 0 7.96404e-06 0
46.42 -1.01612e-05 0 7.86272e-06 0
46.43 -1.0189e-05 0 7.76111e-06 0
46.44 -1.02157e-05 0 7.65922e-06 0
46.45 -1.02412e-05 0 7.55706e-06 0
46.46 -1.02655e-05 0 7.45465e-06 0
46.47 -1.02888e-05 0 7.352e-06 0
46.48 -1.03108e-05 0 7.24911e-06 0
46.49 -1.03318e-05 0 7.146e-06 0
46.5 -1.03516e-05 0 7.04268e-06 0
46.51 -1.03703e-05 0 6.93917e-06 0
46.52 -1.03878e-05 0 6.83546e-06 0
46.53 -1.04042e-05 0 6.73159e-06 0
46.54 -1.04195e-05 0 6.62754e-06 0
46.55 -1.04337e-05 0 6.52335e-06 0
46.56 -1.04467e-05 0 6.41901e-06 0
46.57 -1.04587e-05 0 6.31454e-06 0
46.58 -1.04696e-05 0 6.20996e-06 0
46.59 -1.04793e-05 0 6.10526e-06 0
46.6 -1.0488e-05 0 6.00047e-06 0
46.61 -1.04955e-05 0 5.89559e-06 0
46.62 -1.0502e-05 0 5.79063e-06 0
46.63 -1.05074e-05 0 5.68561e-06 0
46.64 -1.05117e-05 0 5.58054e-06 0
46.65 -1.0515e-05 0 5.47542e-06 0
46.66 -1.05171e-05 0 5.37027e-06 0
46.67 -1.05183e-05 0 5.2651e-06 0
46.68 -1.05183e-05 0 5.15992e-06 0
46.69 -1.05173e-05 0 5.05474e-06 0
46.7 -1.05153e-05 0 4.94956e-06 0
46.71 -1.05122e-05 0 4.84441e-06 0
46.72 -1.05081e-05 0 4.73929e-06 0
46.73 -1.05029e-05 0 4.63421e-06 0
46.74 -1.04968e-05 0 4.52918e-06 0
46.75 -1.04896e-05 0 4.42421e-06 0
46.76 -1.04814e-05 0 4.31931e-06 0
46.77 -1.04722e-05 0 4.2145e-06 0
46.78 -1.04619e-05 0 4.10978e-06 0
46.79 -1.04507e-05 0 4.00516e-06 0
46.8 -1.04385e-05 0 3.90065e-06 0
46.81 -1.04253e-05 0 3.79627e-06 0
46.82 -1.04112e-05 0 3.69201e-06 0
46.83 -1.0396e-05 0 3.5879e-06 0
46.84 -1.03799e-05 0 3.48394e-06 0
46.85 -1.03629e-05 0 3.38014e-06 0
46.86 -1.03449e-05 0 3.27651e-06 0
46.87 -1.03259e-05 0 3.17306e-06 0
46.88 -1.0306e-05 0 3.0698e-06 0
46.89 -1.02852e-05 0 2.96674e-06 0
46.9 -1.02634e-05 0 2.86389e-06 0
46.91 -1.02407e-05 0 2.76126e-06 0
46.92 -1.02172e-05 0 2.65885e-06 0
46.93 -1.01927e-05 0 2.55668e-06 0
46.94 -1.01673e-05 0 2.45475e-06 0
46.95 -1.0141e-05 0 2.35308e-06 0
46.96 -1.01138e-05 0 2.25167e-06 0
46.97 -1.00857e-05 0 2.15053e-06 0
46.98 -1.00568e-05 0 2.04967e-06 0
46.99 -1.0027e-05 0 1.94911e-06 0
47 -9.99639e-06 0 1.84884e-06 0
47.01 -9.96489e-06 0 1.74887e-06 0
47.02 -9.93256e-06 0 1.64922e-06 0
47.03 -9.89939e-06 0 1.5499e-06 0
47.04 -9.86539e-06 0 1.4509e-06 0
47.05 -9.83057e-06 0 1.35225e-06 0
47.06 -9.79494e-06 0 1.25394e-06 0
47.07 -9.75851e-06 0 1.15599e-06 0
47.08 -9.72127e-06 0 1.05841e-06 0
47.09 -9.68325e-06 0 9.61197e-07 0
47.1 -9.64445e-06 0 8.64365e-07 0
47.11 -9.60487e-06 0 7.6792e-07 0
47.12 -9.56452e-06 0 6.71871e-07 0
47.13 -9.52342e-06 0 5.76226e-07 0
47.14 -9.48157e-06 0 4.80992e-07 0
47.15 -9.43897e-06 0 3.86176e-07 0
47.16 -9.39563e-06 0 2.91787e-07 0
47.17 -9.35157e-06 0 1.9783e-07 0
47.18 -9.30679e-06 0 1.04315e-07 0
47.19 -9.2613e-06 0 1.12466e-08 0
47.2 -9.21511e-06 0 -8.13665e-08 0
47.21 -9.16822e-06 0 -1.73518e-07 0
47.22 -9.12064e-06 0 -2.652e-07 0
47.23 -9.07239e-06 0 -3.56406e-07 0
47.24 -9.02346e-06 0 -4.4713e-07 0
47.25 -8.97387e-06 0 -5.37365e-07 0
47.26 -8.92363e-06 0 -6.27103e-07 0
47.27 -8.87274e-06 0 -7.1634e-07 0
47.28 -8.82122e-06 0 -8.05067e-07 0
47.29 -8.76906e-06 0 -8.93279e-07 0
47.3 -8.71628e-06 0 -9.8097e-07 0
47.31 -8.66289e-06 0 -1.06813e-06 0
47.32 -8.60889e-06 0 -1.15476e-06 0
47.33 -8.5543e-06 0 -1.24085e-06 0
47.34 -8.49912e-06 0 -1.32639e-06 0
47.35 -8.44336e-06 0 -1.41138e-06 0
47.36 -8.38703e-06 0 -1.49582e-06 0
47.37 -8.33014e-06 0 -1.57969e-06 0
47.38 -8.27269e-06 0 -1.66299e-06 0
47.39 -8.2147e-06 0 -1.74572e-06 0
47.4 -8.15617e-06 0 -1.82786e-06 0
47.41 -8.09711e-06 0 -1.90943e-06 0
47.42 -8.03753e-06 0 -1.9904e-06 0
47.43 -7.97744e-06 0 -2.07077e-06 0
47.44 -7.91684e-06 0 -2.15055e-06 0
47.45 -7.85575e-06 0 -2.22971e-06 0
47.46 -7.79417e-06 0 -2.30827e-06 0
47.47 -7.73212e-06 0 -2.38621e-06 0
47.48 -7.6696e-06 0 -2.46354e-06 0
47.49 -7.60662e-06 0 -2.54023e-06 0
47.5 -7.54318e-06 0 -2.6163e-06 0
47.51 -7.4793e-06 0 -2.69173e-06 0
47.52 -7.41499e-06 0 -2.76652e-06 0
47.53 -7.35025e-06 0 -2.84067e-06 0
47.54 -7.28509e-06 0 -2.91417e-06 0
47.55 -7.21952e-06 0 -2.98703e-06 0
47.56 -7.15355e-06 0 -3.05922e-06 0
47.57 -7.08719e-06 0 -3.13076e-06 0
47.58 -7.02045e-06 0 -3.20163e-06 0
47.59 -6.95333e-06 0 -3.27183e-06 0
47.6 -6.88585e-06 0 -3.34137e-06 0
47.61 -6.818e-06 0 -3.41022e-06 0
47.62 -6.74981e-06 0 -3.4784e-06 0
47.63 -6.68128e-06 0 -3.5459e-06 0
47.64 -6.61241e-06 0 -3.61272e-06 0
47.65 -6.54322e-06 0 -3.67884e-06 0
47.66 -6.47372e-06 0 -3.74427e-06 0
47.67 -6.40391e-06 0 -3.80901e-06 0
47.68 -6.3338e-06 0 -3.87305e-06 0
47.69 -6.2634e-06 0 -3.93639e-06 0
47.7 -6.19272e-06 0 -3.99902e-06 0
47.71 -6.12176e-06 0 -4.06095e-06 0
47.72 -6.05055e-06 0 -4.12216e-06 0
47.73 -5.97907e-06 0 -4.18267e-06 0
47.74 -5.90735e-06 0 -4.24246e-06 0
47.75 -5.83539e-06 0 -4.30153e-06 0
47.76 -5.7632e-06 0 -4.35989e-06 0
47.77 -5.69078e-06 0 -4.41752e-06 0
47.78 -5.61815e-06 0 -4.47443e-06 0
47.79 -5.54532e-06 0 -4.53061e-06 0
47.8 -5.47228e-06 0 -4.58606e-06 0
47.81 -5.39906e-06 0 -4.64079e-06 0
47.82 -5.32566e-06 0 -4.69478e-06 0
47.83 -5.25208e-06 0 -4.74803e-06 0
47.84 -5.17834e-06 0 -4.80055e-06 0
47.85 -5.10445e-06 0 -4.85234e-06 0
47.86 -5.0304e-06 0 -4.90338e-06 0
47.87 -4.95621e-06 0 -4.95369e-06 0
47.88 -4.8819e-06 0 -5.00325e-06 0
47.89 -4.80745e-06 0 -5.05207e-06 0
47.9 -4.7329e-06 0 -5.10014e-06 0
47.91 -4.65823e-06 0 -5.14747e-06 0
47.92 -4.58346e-06 0 -5.19405e-06 0
47.93 -4.50861e-06 0 -5.23989e-06 0
47.94 -4.43366e-06 0 -5.28497e-06 0
47.95 -4.35865e-06 0 -5.32931e-06 0
47.96 -4.28356e-06 0 -5.3729e-06 0
47.97 -4.20841e-06 0 -5.41573e-06 0
47.98 -4.13321e-06 0 -5.45782e-06 0
47.99 -4.05797e-06 0 -5.49915e-06 0
48 -3.98269e-06 0 -5.53973e-06 0
48.01 -3.90738e-06 0 -5.57955e-06 0
48.02 -3.83205e-06 0 -5.61863e-06 0
48.03 -3.7567e-06 0 -5.65695e-06 0
48.04 -3.68135e-06 0 -5.69452e-06 0
48.05 -3.60599e-06 0 -5.73133e-06 0
48.06 -3.53065e-06 0 -5.76739e-06 0
48.07 -3.45532e-06 0 -5.8027e-06 0
48.08 -3.38002e-06 0 -5.83725e-06 0
48.09 -3.30475e-06 0 -5.87105e-06 0
48.1 -3.22951e-06 0 -5.9041e-06 0
48.11 -3.15432e-06 0 -5.93639e-06 0
48.12 -3.07919e-06 0 -5.96794e-06 0
48.13 -3.00411e-06 0 -5.99873e-06 0
48.14 -2.92911e-06 0 -6.02877e-06 0
48.15 -2.85417e-06 0 -6.05806e-06 0
48.16 -2.77932e-06 0 -6.0866e-06 0
48.17 -2.70456e-06 0 -6.11439e-06 0
48.18 -2.62989e-06 0 -6.14144e-06 0
48.19 -2.55533e-06 0 -6.16774e-06 0
48.2 -2.48087e-06 0 -6.19329e-06 0
48.21 -2.40654e-06 0 -6.2181e-06 0
48.22 -2.33232e-06 0 -6.24217e-06 0
48.23 -2.25824e-06 0 -6.26549e-06 0
48.24 -2.18429e-06 0 -6.28807e-06 0
48.25 -2.11049e-06 0 -6.30991e-06 0
48.26 -2.03684e-06 0 -6.33102e-06 0
48.27 -1.96335e-06 0 -6.35139e-06 0
48.28 -1.89001e-06 0 -6.37102e-06 0
48.29 -1.81685e-06 0 -6.38992e-06 0
48.3 -1.74387e-06 0 -6.40809e-06 0
48.31 -1.67107e-06 0 -6.42553e-06 0
48.32 -1.59846e-06 0 -6.44224e-06 0
48.33 -1.52605e-06 0 -6.45822e-06 0
48.34 -1.45383e-06 0 -6.47348e-06 0
48.35 -1.38183e-06 0 -6.48802e-06 0
48.36 -1.31004e-06 0 -6.50184e-06 0
48.37 -1.23847e-06 0 -6.51494e-06 0
48.38 -1.16713e-06 0 -6.52733e-06 0
48.39 -1.09602e-06 0 -6.539e-06 0
48.4 -1.02515e-06 0 -6.54996e-06 0
48.41 -9.54525e-07 0 -6.56021e-06 0
48.42 -8.8415e-07 0 -6.56975e-06 0
48.43 -8.14032e-07 0 -6.5786e-06 0
48.44 -7.44176e-07 0 -6.58674e-06 0
48.45 -6.74587e-07 0 -6.59418e-06 0
48.46 -6.05273e-07 0 -6.60092e-06 0
48.47 -5.36237e-07 0 -6.60698e-06 0
48.48 -4.67486e-07 0 -6.61234e-06 0
48.49 -3.99025e-07 0 -6.61701e-06 0
48.5 -3.3086e-07 0 -6.621e-06 0
48.51 -2.62996e-07 0 -6.62431e-06 0
48.52 -1.95438e-07 0 -6.62694e-06 0
48.53 -1.28191e-07 0 -6.6289e-06 0
48.54 -6.12611e-08 0 -6.63018e-06 0
48.55 5.34698e-09 0 -6.63079e-06 0
48.56 7.16282e-08 0 -6.63074e-06 0
48.57 1.37577e-07 0 -6.63002e-06 0
48.58 2.0319e-07 0 -6.62865e-06 0
48.59 2.6846e-07 0 -6.62661e-06 0
48.6 3.33384e-07 0 -6.62393e-06 0
48.61 3.97956e-07 0 -6.6206e-06 0
48.62 4.62173e-07 0 -6.61662e-06 0
48.63 5.26028e-07 0 -6.61199e-06 0
48.64 5.89518e-07 0 -6.60673e-06 0
48.65 6.52637e-07 0 -6.60084e-06 0
48.66 7.15383e-07 0 -6.59431e-06 0
48.67 7.77749e-07 0 -6.58716e-06 0
48.68 8.39732e-07 0 -6.57938e-06 0
48.69 9.01327e-07 0 -6.57098e-06 0
48.7 9.6253e-07 0 -6.56197e-06 0
48.71 1.02334e-06 0 -6.55235e-06 0
48.72 1.08374e-06 0 -6.54211e-06 0
48.73 1.14375e-06 0 -6.53127e-06 0
48.74 1.20334e-06 0 -6.51984e-06 0
48.75 1.26252e-06 0 -6.5078e-06 0
48.76 1.32129e-06 0 -6.49518e-06 0
48.77 1.37963e-06 0 -6.48197e-06 0
48.78 1.43755e-06 0 -6.46817e-06 0
48.79 1.49505e-06 0 -6.45379e-06 0
48.8 1.55211e-06 0 -6.43884e-06 0
48.81 1.60874e-06 0 -6.42332e-06 0
48.82 1.66493e-06 0 -6.40723e-06 0
48.83 1.72068e-06 0 -6.39059e-06 0
48.84 1.77598e-06 0 -6.37338e-06 0
48.85 1.83083e-06 0 -6.35562e-06 0
48.86 1.88523e-06 0 -6.33731e-06 0
48.87 1.93918e-06 0 -6.31846e-06 0
48.88 1.99267e-06 0 -6.29907e-06 0
48.89 2.0457e-06 0 -6.27914e-06 0
48.9 2.09826e-06 0 -6.25868e-06 0
48.91 2.15036e-06 0 -6.2377e-06 0
48.92 2.20198e-06 0 -6.2162e-06 0
48.93 2.25313e-06 0 -6.19418e-06 0
48.94 2.30381e-06 0 -6.17165e-06 0
48.95 2.35401e-06 0 -6.14861e-06 0
48.96 2.40372e-06 0 -6.12507e-06 0
48.97 2.45295e-06 0 -6.10103e-06 0
48.98 2.5017e-06 0 -6.0765e-06 0
48.99 2.54996e-06 0 -6.05148e-06 0
49 2.59772e-06 0 -6.02598e-06 0
49.01 2.64499e-06 0 -6.00001e-06 0
49.02 2.69177e-06 0 -5.97356e-06 0
49.03 2.73804e-06 0 -5.94664e-06 0
49.04 2.78382e-06 0 -5.91926e-06 0
49.05 2.82909e-06 0 -5.89142e-06 0
49.06 2.87386e-06 0 -5.86313e-06 0
49.07 2.91813e-06 0 -5.83439e-06 0
49.08 2.96188e-06 0 -5.80521e-06 0
49.09 3.00512e-06 0 -5.77559e-06 0
49.1 3.04785e-06 0 -5.74554e-06 0
49.11 3.09007e-06 0 -5.71506e-06 0
49.12 3.13177e-06 0 -5.68416e-06 0
49.13 3.17295e-06 0 -5.65284e-06 0
49.14 3.21361e-06 0 -5.62111e-06 0
49.15 3.25376e-06 0 -5.58898e-06 0
49.16 3.29338e-06 0 -5.55644e-06 0
49.17 3.33248e-06 0 -5.52351e-06 0
49.18 3.37105e-06 0 -5.49018e-06 0
49.19 3.4091e-06 0 -5.45647e-06 0
49.2 3.44661e-06 0 -5.42238e-06 0
49.21 3.48361e-06 0 -5.38791e-06 0
49.22 3.52007e-06 0 -5.35308e-06 0
49.23 3.556e-06 0 -5.31788e-06 0
49.24 3.5914e-06 0 -5.28232e-06 0
49.25 3.62626e-06 0 -5.2464e-06 0
49.26 3.66059e-06 0 -5.21014e-06 0
49.27 3.69439e-06 0 -5.17353e-06 0
49.28 3.72766e-06 0 -5.13659e-06 0
49.29 3.76038e-06 0 -5.09931e-06 0
49.3 3.79257e-06 0 -5.06171e-06 0
49.31 3.82423e-06 0 -5.02378e-06 0
49.32 3.85535e-06 0 -4.98554e-06 0
49.33 3.88592e-06 0 -4.94699e-06 0
49.34 3.91596e-06 0 -4.90813e-06 0
49.35 3.94547e-06 0 -4.86897e-06 0
49.36 3.97443e-06 0 -4.82951e-06 0
49.37 4.00285e-06 0 -4.78977e-06 0
49.38 4.03074e-06 0 -4.74974e-06 0
49.39 4.05808e-06 0 -4.70943e-06 0
49.4 4.08488e-06 0 -4.66885e-06 0
49.41 4.11115e-06 0 -4.62801e-06 0
49.42 4.13687e-06 0 -4.58689e-06 0
49.43 4.16206e-06 0 -4.54552e-06 0
49.44 4.1867e-06 0 -4.5039e-06 0
49.45 4.21081e-06 0 -4.46204e-06 0
49.46 4.23437e-06 0 -4.41993e-06 0
49.47 4.2574e-06 0 -4.37759e-06 0
49.48 4.27989e-06 0 -4.33501e-06 0
49.49 4.30184e-06 0 -4.29221e-06 0
49.5 4.32325e-06 0 -4.24919e-06 0
49.51 4.34413e-06 0 -4.20596e-06 0
49.52 4.36447e-06 0 -4.16252e-06 0
49.53 4.38427e-06 0 -4.11888e-06 0
49.54 4.40354e-06 0 -4.07503e-06 0
49.55 4.42227e-06 0 -4.031e-06 0
49.56 4.44047e-06 0 -3.98677e-06 0
49.57 4.45813e-06 0 -3.94237e-06 0
49.58 4.47527e-06 0 -3.89779e-06 0
49.59 4.49187e-06 0 -3.85304e-06 0
49.6 4.50794e-06 0 -3.80812e-06 0
49.61 4.52348e-06 0 -3.76304e-06 0
49.62 4.53849e-06 0 -3.7178e-06 0
49.63 4.55298e-06 0 -3.67242e-06 0
49.64 4.56694e-06 0 -3.62689e-06 0
49.65 4.58037e-06 0 -3.58122e-06 0
49.66 4.59328e-06 0 -3.53542e-06 0
49.67 4.60567e-06 0 -3.48948e-06 0
49.68 4.61754e-06 0 -3.44343e-06 0
49.69 4.62888e-06 0 -3.39725e-06 0
49.7 4.63971e-06 0 -3.35096e-06 0
49.71 4.65002e-06 0 -3.30456e-06 0
49.72 4.65982e-06 0 -3.25806e-06 0
49.73 4.6691e-06 0 -3.21147e-06 0
49.74 4.67787e-06 0 -3.16478e-06 0
49.75 4.68613e-06 0 -3.118e-06 0
49.76 4.69388e-06 0 -3.07114e-06 0
49.77 4.70112e-06 0 -3.0242e-06 0
49.78 4.70786e-06 0 -2.97719e-06 0
49.79 4.71409e-06 0 -2.93011e-06 0
49.8 4.71982e-06 0 -2.88297e-06 0
49.81 4.72505e-06 0 -2.83577e-06 0
49.82 4.72978e-06 0 -2.78852e-06 0
49.83 4.73402e-06 0 -2.74122e-06 0
49.84 4.73776e-06 0 -2.69388e-06 0
49.85 4.74101e-06 0 -2.6465e-06 0
49.86 4.74377e-06 0 -2.59909e-06 0
49.87 4.74604e-06 0 -2.55165e-06 0
49.88 4.74783e-06 0 -2.50419e-06 0
49.89 4.74913e-06 0 -2.45672e-06 0
49.9 4.74995e-06 0 -2.40922e-06 0
49.91 4.7503e-06 0 -2.36172e-06 0
49.92 4.75016e-06 0 -2.31422e-06 0
49.93 4.74955e-06 0 -2.26672e-06 0
49.94 4.74847e-06 0 -2.21922e-06 0
49.95 4.74692e-06 0 -2.17174e-06 0
49.96 4.7449e-06 0 -2.12427e-06 0
49.97 4.74242e-06 0 -2.07682e-06 0
49.98 4.73948e-06 0 -2.0294e-06 0
49.99 4.73608e-06 0 -1.982e-06 0
50 4.73222e-06 0 -1.93464e-06 0
